v -1.133331725750199 -1.278821544268269 -0.5789802759055539
v 0.38865911960895266 -1.0802916111689738 -0.8771096748180919
v 0.45549007736292063 -0.03140483574198771 -0.5434162855849607
v -0.4294575418691828 0.35987284117227275 -0.07479227618731227
v 0.3908027923089818 0.031228954100081863 -0.23088169863872188
v -0.27202044487623217 0.24856663638376436 -0.24527361241898712
v -0.562630495880058 0.451993815162228 -0.5021813275316529
v -0.9254579105304497 -0.2991343462247576 -0.018150460500111043
v -0.3510471229741633 -1.3001190505805813 -0.8817906972163728
v 0.40065254668948097 -1.0221872827507041 0.13199925020142356
v 1.2840066196169315 -0.424063392703015 -0.677493061256033
v 1.255638884261024 -0.8195795705338835 -0.36184574136569214
v -0.30575026324119686 -0.24195583736871082 -0.5650725544294982
v -0.9895487682750828 -0.24331090415917106 -0.9312526520393138
v 0.9383953751383252 -0.9219769230765071 -0.7746070622149166
v 0.16113774008700837 -1.1986174716852185 -0.505005107003888
v -1.2801195330527975 -1.1163078402016742 -0.6163688004378892
v -0.8851934633507073 -1.485768586087225 -0.02535728717561686
v -1.1489097377925368 -1.2061538495867365 -0.0856169728164009
v 1.1496801369568295 -0.534262568472595 -0.7777338444062927
v -0.4971376544102919 -0.013926916369223441 -0.8379273376246306
v -0.4744727807642908 0.023736949563716192 -0.3715746563223262
v 0.9686410397942704 -0.523807126600004 -0.1331878035724163
v 0.07424467581389904 -0.13533268188544512 -0.6124582610163429
v -0.26655447294956813 -1.354401129259961 -0.12064562123945638
v -0.9003356109097267 -0.17457085837853822 -0.8851721145627247
v -0.3899001076579813 0.2870323228647979 -0.6907034075074343
v 0.8153094825955662 -0.03611338035734696 -0.33450133569417595
v 0.7845179043312633 -0.7580530282987481 0.1210560391299848
v -1.2149244283183993 -0.2388146681122339 -0.6587314142692065
v -0.5676021012244301 -0.14102827057625356 0.16958041038167015
v -1.161830633781149 0.44065247584590533 -0.1388346670095958
v 0.4659493544614293 -1.0741610720901436 -0.8636114282915782
v -0.9102842068120653 -0.817403924370115 -0.5624508893759661
v -0.5369870228388924 -0.5506044462365864 -0.5733296368573673
v -1.1481694597038592 -1.2467049848717418 -0.1216004136482498
v -1.1980496329965693 -0.3215318668681799 0.1254929384691993
v -0.18288554201690815 -0.21293213927940607 -0.144488684236052
v -0.5257979201327048 -1.4434477623082658 -0.3627563193824283
v -0.10287021024094062 -1.2938843841245018 -0.35123541995526114
v 0.002709644562869651 -0.9964257920581103 -0.01255148770781156
v -1.350644051825223 -0.8409933457935788 -0.5639009823339847
v -1.1099302900116168 -0.44446327730583673 0.05986958008840765
v -0.054429995371440554 -1.276078960304324 -0.4043654007432693
v -1.4559135712758837 -0.3924330525176591 -0.6318654579988416
v -1.104982570374774 -1.1192036146143243 -0.052787061399168
v -0.7214166385574943 -0.6651276703195415 -0.2628259312002288
v -0.7113795741277675 0.6179305477828005 -0.5053367248801356
v -0.9559257798299832 0.596541433224473 -0.2487848312974369
v -0.3555349334470635 -0.5029824062723323 -0.6380193263793685
v 1.3895171820229426 -0.4390046181415444 -0.5950142426560953
v -0.0773686405587326 0.07117561406284512 -0.19927661530384
v -0.2857771419120025 -0.5253770256567701 -0.647470137777872
v -0.8187239507999432 -1.5469544887229696 -0.0008808753683930415
v -0.45075035847519157 -0.05017306024062135 0.07425428046448557
v -0.9810890746375889 -1.4448141360601106 -0.606959560503738
v -0.44730892878546313 -0.5257231895712136 -0.13103057841603527
v -0.9789458788568448 -0.20927138633343698 -0.810327561547574
v -0.39747473846049247 -1.3870331589171463 -0.8503742155871157
v -1.3190404787347438 -0.5027186699076656 -0.06526778075925915
v -1.054102217854637 0.06690629223743666 -0.4147343215088863
v 1.3680939478640923 -0.7772992451508849 -0.526400421512922
v 1.0672332719489943 -0.7607390973274072 0.12068970550410846
v -0.9343694057040395 0.5820129416839339 -0.4591390838474146
v -0.8966297294764038 -1.434540420306784 -0.06603721053923917
v -0.9886691502686051 -0.7890778399651073 -0.31290760289089864
v -0.3959802920089584 -1.4005028697731008 0.010420422599617118
v -0.22455956388707182 0.13276409619013435 -0.580381107075748
v -0.4938898539503188 0.16641872028114651 0.04058592507238962
v 0.44697760465787434 -0.82743304014509 0.052135419785026615
v 0.98615337684211 -0.1290391556409281 -0.27662612724912866
v -1.4836888536498614 0.3059136964638243 -0.3799020446014755
v -1.3035207899466479 -0.6535539719531851 -0.14504658044144816
v -1.5446177365342044 -0.68173984208837 -0.48383603108072876
v 0.7731081668408009 -0.678238400055265 -0.20082292672762994
v -0.8158477300779827 -0.7368704595341475 -0.2956744623412179
v -1.1524871093501587 -0.46196100870057 -0.43717361233302965
v -0.9571070890275677 -1.468448964173844 -0.15328557967975673
v -0.3592762460089427 -1.3821477567335583 -0.5340723637212329
v -1.2250247044250404 -1.1591678013608153 -0.11452016929966741
v 0.26761847554875756 -0.28976055729079975 -0.2699325452109505
v -0.842613394197016 -0.14884813724949658 -0.8378778771204372
v 0.7028480203254224 -1.0130935447952911 -0.33683156332123126
v -1.2334483906565084 -0.45461198059155344 0.040219392730144465
v -0.0152124853807023 -0.5674058556034199 -0.4613028269006922
v -1.1905550054041356 -0.6836512948398235 -0.2320902717221053
v -0.07291212791391788 -0.1105477033007542 -0.15665215291335952
v 0.49895280488353216 -1.028804816034544 -0.8829871684728966
v 0.03136267700945827 -1.2376017284022633 -0.7271327479992257
v -0.006364579445127472 -0.4307504965875704 -0.5316755462389939
v -0.8051564118756303 0.49901875218152253 -0.5138179395003701
v 1.20682697042369 -0.8368716503585493 -0.3251072776906009
v 0.08654458315002217 0.0589977384487998 -0.5239458967971845
v -0.025108659904952424 -0.9888552548127962 -0.205834334960672
v -1.274963439431635 -0.37318230493231375 0.08364883525898265
v -1.0006033399995953 -0.8085627747910793 -0.4689182740453542
v -0.5736259097415797 -0.8544209486509853 -0.7012510935184206
v -1.1669752614678321 -1.094085030989698 -0.683231493195954
v 1.3908083416291979 -0.4487825365547237 -0.12599842419409085
v -0.9632376479780347 0.4638302960546809 -0.180243263425958
v -1.3602855315795865 -0.006063610297761535 -0.4766780091453994
v -0.4859989263035942 -1.2574746966815844 0.06977110008297838
v -1.2753156840669635 0.2578748091727456 -0.5682623098381459
v -1.5357037375343678 -0.18136695819137855 -0.4595216923438954
v 0.004077131126379641 -0.060228029015176765 -0.5948946551453536
v -1.2246450766740915 -0.18745286557377702 -0.49477596333208246
v -1.3710117245046627 -0.15912815231171396 -0.1796662705775205
v -0.4607814017989439 0.20383297858324095 -0.12608945616263653
v 0.4405833490860143 -1.1060341045767108 -0.010879587538942137
v -1.5121658035220595 -0.09776841259654628 -0.2585032341581616
v 1.2422394196414392 -0.6637941642550956 -0.8385751529869072
v 0.30364841601090503 -0.12141558099678224 -0.15952026600747315
v -0.6261822361161462 -1.4829486617125447 -0.10776750888504599
v -0.5295614293129786 -0.42262774642500783 -0.2950094977563142
v 0.8434867483119821 -0.3567346504452118 -0.18300150623976405
v 0.08433014755106466 0.015015009934321533 -0.5595125896603934
v -0.23417634319679406 -1.110050003416993 -0.013821046844778584
v -0.4167590691121644 -0.6576021820750336 -0.06261916976611809
v 1.5398434522181528 -0.6770879117664808 -0.14148015815574672
v -0.17167990610883666 0.18548207833071678 -0.5849426413214717
v -0.4093439280672493 -0.9748399880379479 -0.6981879403083332
v 0.6333825206972241 0.027252957506653963 -0.34967480095291786
v 0.001047779570624463 -1.2588429184956589 -0.23464262450620132
v 0.2740634832812083 -1.1260066893717093 -0.8732569221165916
v 1.590623552330232 -0.6447895070208679 -0.4366734631044057
v 0.06669158586576535 0.1476829262939004 -0.3938361953545811
v -0.7697532029690302 -0.15749510119294435 -0.9449271401133131
v 1.3129816123242442 -0.5380153867122275 0.0018842231601364778
v -1.2630230696215752 -1.248050632506321 -0.38801233524771456
v -0.3950315604494133 -1.3899130757635665 -0.7688314305707571
v 1.064981298827971 -0.8930059245682073 -0.023359333188826215
v 0.6909144068719015 -0.2896387839000012 -0.22065050818831777
v -0.6432984916977007 -0.7519060553762184 -0.0866595779885655
v -0.6866503950994346 -1.4592707320184188 0.08890849985156224
v -1.1393759821816978 -0.7932208775381455 -0.2141287760658748
v -1.0465781603679847 -1.1493152649511529 -0.7322477272036845
v -0.7904271373160592 0.5096076718390341 -0.22252050870524034
v -0.7925641927610074 -1.5407421977300166 -0.06200622912656528
v 0.7658179190336742 -0.45396837801629536 -0.2640517926076975
v -0.882754577613194 -0.23183908767509662 -0.9570480636160613
v -0.541353397738821 0.22188210815811066 -0.656078431515952
v -1.5100212365983707 0.11469898981921339 -0.30668903246069157
v -0.6351857369684886 0.6460537030319933 -0.2585315909839889
v 1.1196328508518538 -0.8660009860695062 -0.4301893877338497
v -0.14492994058293834 -0.7093333387281726 -0.5299711956871
v -1.0160683619146353 -0.2711834184524008 0.1809467283455506
v -0.1554099040554388 -0.2416342944123612 -0.6199179542711422
v 0.1255601774384263 -0.3135609757546516 -0.5251512904186673
v -1.46747230629967 -1.0147535418536695 -0.34856246620694253
v -1.3266335901595532 0.15568346588965326 -0.5222167265708281
v 0.36562038098669775 -1.1315534991171998 -0.1729871352193538
v -1.1988313633197778 -0.49353872879146865 -0.17484604736289755
v -0.1424794696811243 -1.0628696701972995 -0.0489568630055261
v -1.5371723309863217 -0.10204498756941577 -0.44268322237428137
v -0.6962208933668641 -1.494614822805302 -0.8312661860978401
v 0.4549162639763839 -1.099023748775034 -0.3477465169250272
v -1.450759127000582 -0.10106354729556671 -0.4952879163130129
v -0.10342361545640205 -1.284148812169513 -0.7641006297220925
v -0.25798178918477643 -0.0815664510278244 -0.5264779805116633
v 1.2902309726934706 -0.7030487547202513 -0.8358850897592351
v -1.3093156772069439 -0.18795559811519527 -0.11287135997285225
v -0.12657101218911482 -0.03239831822778583 -0.5578105442183777
v -0.4129769402081344 0.1851979139233379 -0.5937770345439684
v 0.3798486518372591 -0.029578930387301083 -0.5563382148986906
v 0.5918881582960893 -1.0540586062764996 -0.14596323917906956
v -0.5590803285933241 -0.7942873485462025 -0.045239376536265585
v 1.2082364457559267 -0.3074159899958099 -0.17017754409585073
v 0.6911350813994501 -0.01812493876150767 -0.2763007093235875
v -0.45794404999871996 0.055694476250295555 -0.7055931654064453
v 1.352799722668033 -0.41738431695975897 -0.6092205156046309
v 0.7235304001181253 -0.7406725395616047 0.07729199797936703
v 1.0971767883661843 -0.682472449725212 0.10673572285739691
v 0.4299960986460006 -1.0093636782962547 -0.8797773427110005
v 0.6685863773426475 -1.0230645956473037 -0.4457717516646641
v -0.4721800906593012 0.07628510869552513 0.10015135533550928
v -1.0965315805142333 -1.1292044530500196 -0.717241283052916
v -0.16596545923462944 0.29487925470747095 -0.5495600790455896
v 0.9201971288003106 -0.40318720483582493 -0.6020348323507649
v -0.5901330002945887 -1.4661356274381365 -0.6758666671356182
v 0.5810392580132813 -0.9965921971453404 0.12944773202607662
v 1.3695521087066844 -0.7822573179105419 -0.15803732523369238
v -0.013043535958562225 -0.9629871130450693 -0.4238608874084244
v -1.2023377732621028 -0.7628789149298817 -0.1876550461642405
v 1.1221347495499125 -0.8624514745467894 -0.639488933284803
v -1.0794391510252974 0.6882428176017146 -0.2786256709668697
v -0.03242573442186647 -1.2713127084554663 -0.11449829062746292
v 1.1993532676648908 -0.8409580935097543 -0.2679518398049714
v -1.0788467974015519 -0.4561045789808577 -0.8380080760852726
v -1.4941962797245296 -0.1561113397588299 -0.48809418504621077
v 1.3658804462320682 -0.35584744147344605 -0.4527799414579209
v -1.4705264974015244 -0.9995518986138325 -0.40345245800174445
v 1.4102897989187158 -0.7626509077683246 -0.49866182218062427
v -0.8605148377665961 -0.7862636386218482 -0.535836269568855
v -0.5491066348136066 -0.07004370353842737 -0.740797975890439
v 0.8506228915751071 -0.9615758492655135 -0.34622669439319786
v -1.356706093371729 -0.23673929422816015 -0.663436481348112
v -0.4634100815402946 -0.43524917684584374 -0.5540625945297807
v -1.208750648557719 -1.2063349994285315 -0.1292426676310625
v -0.28126924121421704 -1.211075855325457 -0.8655862119497673
v 1.58640895699279 -0.6355140628178274 -0.3130856328857034
v -0.6904331201525711 0.5335977650769022 -0.531350108441816
v -0.415826731653045 -0.22519576100658706 -0.3410309965997339
v -0.23372003079912665 0.00416821604502271 -0.20131896252741976
v -0.13430596735797104 0.003681937218940834 -0.5450022607959624
v -0.9841436234289074 -0.2818709213004723 -0.951115028736178
v -1.0028765757720797 -1.599359750913977 -0.3824581928682155
v -0.09071810813992831 -1.0758610906251977 0.09691192083466249
v 0.8100385905281495 -0.9806821300507438 -0.0362774471482753
v 1.4394725495896052 -0.7526187913761808 -0.4485109375787026
v 0.12971633029180513 -0.930597954533827 -0.09178047894081443
v -1.384327092356973 -0.19581703625279048 -0.11887941028195625
v -1.5419326014724788 -0.330496955846434 -0.49011884651296767
v -0.5437905745155626 0.32542416634318666 -0.2646294213485152
v 0.32529208623766087 -0.31420445910008843 -0.43786484722188823
v -0.6099980199191577 -1.4664498775037513 -0.6900240558574297
v -0.6322768075322241 -0.14288728207798174 0.19022056294600376
v -1.2631775318550407 -0.22986857641883676 -0.6908820336513455
v 0.1281933084264381 -1.2161585232483494 0.048946022065842754
v -1.5685282836096435 -0.45988539635685366 -0.4627067977895132
v -1.0968358748897713 -1.2389377184213193 -0.07459117522209019
v 1.089349887133486 -0.5982524385586057 -0.8387544348948355
v 0.2923194169810846 -0.8426472422594351 -0.6092798523123535
v -0.56051305374071 -1.4589027291750447 -0.1737340703063861
v -0.2445051828708248 0.2194753747290688 -0.24856425612807276
v -1.364482361673658 -1.0295032841992267 -0.5681578247714327
v -0.7117850747499337 -0.27547523497075693 -0.8340466255300407
v -0.2550833122295107 -0.9683478249111819 -0.1126655494296897
v 0.02128449816302741 -1.2524494180460004 -0.0584040577661174
v -0.5323703249291909 -0.5886805095333207 -0.14135409249138223
v -0.010487049873995291 -0.08272661680376897 -0.15538358735823643
v -0.5382095060680916 -1.4375369240467768 -0.836918414876977
v -0.2835881022649771 -0.6716262122417458 -0.6413141630038358
v -1.0116472009118296 -1.6032705486668026 -0.4080345792632754
v -0.8674475948262578 -1.561278540863291 -0.40226920138374567
v -1.0171049261091887 0.3084129721058148 -0.560717188416401
v 0.11051834190237525 -0.12298321468694412 -0.13959211419253742
v -1.4043735400262534 -0.5633038529605382 -0.5988652069102764
v -0.45312736393546155 0.45248712854776524 -0.19244136836634676
v -0.4849118881513667 0.37077241412912393 -0.6286694628962138
v -1.369703495162328 -0.48714171106208237 -0.0494628942386664
v 1.4006992501696747 -0.5688219481907376 -0.710743178306723
v -1.4082198940606785 -1.0460091427107492 -0.2089009060923027
v -0.24704654663972633 -1.1053883359930328 -0.8145649893957907
v -0.7842286769823743 -1.3815037169822888 0.017300281361905145
v -0.5958510836783448 -1.2813010476315643 -0.8406471288210745
v 1.4170419426707785 -0.761265020069064 -0.40523345345708306
v 0.06434695130197227 -0.3915894220455704 -0.5058786244178436
v -0.7196257470269897 -1.5090030802043815 -0.5058195261697636
v -1.0689876238651717 -1.3326703616487616 -0.40642052542936274
v -0.027020688933875436 -0.007191802609966769 -0.19463712462663746
v -1.488484535392938 -0.9374757069026058 -0.4638956780807489
v -0.4839038993706465 -0.3971587463556455 -0.24589040815609456
v 0.0646517623400692 -0.4679262356321984 -0.370026238505027
v -0.22988325489367759 -0.33229309348907493 -0.11704380756847232
v -1.5632116867774035 -0.19215258718236175 -0.37493461230084807
v -1.0072570595341928 -0.3708241973987163 0.18323180761361535
v 0.351374026946576 0.08388910977734448 -0.29496089173250656
v -1.2745059347357548 -0.5020366157150453 -0.7131683724864262
v -0.7584859053717211 -1.1996857311405948 -0.749932649417824
v -0.44341883727826603 0.37270288403707125 -0.6425840599586299
v -0.47957855940087435 0.19123241338112867 -0.7822662269607139
v -0.037675801013833166 -1.2607270080031292 -0.7587013867520703
v 1.432238697487943 -0.7591714238939715 -0.10423677605918047
v 1.1116408361883225 -0.2293715867804767 -0.208025580359391
v -0.7458982766052175 0.5343683672834583 -0.20985627477856564
v -0.15141071726177235 0.04716366202440936 -0.5606119283558495
v -0.4905061513657258 -0.6854125378881037 -0.6633242860862893
v -0.22575088838964374 -1.326196440684651 -0.8061277109646969
v -1.531849097027364 0.006584328886671875 -0.42695857752340866
v -0.580886807141035 -1.2047845745759074 -0.7503208219726312
v -1.3221186151590387 -0.29488974471562746 -0.7644715934393618
v -0.35295505844588915 0.4128699800677404 -0.5734197348589796
v -0.44112435872595723 -1.4163620654772857 -0.17769488496923794
v 1.4973959070108118 -0.49594888014205385 -0.45486980176527997
v -0.26531986802187235 -1.0392903236937339 -0.09493577693111271
v -0.7041394823321252 -1.4643139547421054 -0.8751306585012475
v 0.13809180793220316 -0.3863032288177565 -0.3190795743326229
v -0.4014095014073951 0.38005560827054746 -0.6300521910052105
v 0.3700995075542815 -0.8374257908245752 -0.050019379557844135
v -1.5034175141021622 -0.645336692413986 -0.165821919751474
v 0.37711497036663627 -0.864186745365668 0.08551893513408965
v -0.6088431201269863 -0.010334203907930273 0.028124242740429184
v -1.0846906086318457 -1.2573663366456798 -0.649110382429192
v 0.7172052382276957 -0.8293140495488439 -0.8789978578827594
v 1.5831538835137189 -0.6691672561509843 -0.23610853528717624
v -1.2011346251355874 -1.2683489531730507 -0.23065764593290383
v -1.4544636969058709 -0.4710146854360336 -0.6252936890947358
v 0.4082411472527186 -0.2823873056564269 -0.47845719628178196
v -1.2015693171923298 0.08847824572669388 -0.3074763268422265
v -0.7399444957364317 -0.7020191257269691 -0.49394983977208473
v -0.6904824216836694 -0.653348737687492 -0.4869407557551684
v 1.2760722724436249 -0.2882016869925018 -0.27091933095512016
v -0.9608036109199201 -1.5906085204918214 -0.1643002690290517
v -1.1936177413098485 -0.2124734025420394 -0.02409947217604569
v 0.31360885540882383 -1.148164220256536 -0.32416335506718064
v -0.7756444080532818 -1.2171046118801896 -0.03457128827742545
v -1.1060077083781215 -0.7731263802508903 -0.36816033154530164
v -0.13888449185322682 -1.0467007949039822 -0.7787579490845223
v -0.9409115062542841 0.26478779395371205 -0.278661121967063
v -1.0919133922317656 -1.2993502368213448 -0.17146753127553008
v 0.2504001194969154 -0.9353289143555865 -0.8519210635451014
v 0.27031946817671343 -1.1603415394647487 -0.4866770591337754
v 0.9703212860506292 -0.6110645373353019 -0.7864410392811227
v -1.074289595172668 -0.46808447347667104 -0.7075016771556407
v 0.15984840867134603 -0.9081706065634484 -0.7713137954497629
v -0.7728399438120938 -1.5285787091810723 0.05868920485775647
v -0.7876496190144798 -1.3429753553585368 -0.04142918888096142
v -0.23065969936147615 -0.7871643404350551 -0.14211905115306436
v -1.188166514137749 0.6759844419866696 -0.4781835240986754
v 0.4644487875457363 0.04927919648661694 -0.2787424168335376
v -1.1757626980123823 -0.6107080004264072 -0.3507785908950349
v -0.2385817658631912 -1.2641034375686242 -0.879862969594315
v 1.1873367497423082 -0.32315317384955367 -0.6123050705676376
v 0.3231699146487355 -0.8310426434977309 -0.49820839117030435
v -0.722962333960541 -0.10325664075651553 -0.912102057503842
v -1.3331146052980298 -0.4761535702196586 -0.7288335812713918
v 0.9830350798396816 -0.916444579882665 -0.27437075607819905
v -1.1939750929558552 -0.38310725358676556 0.11923893691043586
v 0.43028674120700233 -1.1033669732179978 -0.547435463245328
v -0.7294803103436138 0.6937701332714259 -0.3308145509038945
v -0.4078533764565436 0.24863123907526014 0.0066519653817602165
v 1.0853790372940098 -0.5149984472756296 -0.09053814394637244
v -0.5923715203174444 -0.7088573136667204 -0.6458503410409011
v 0.883583200673544 -0.7245479184036183 -0.8749352209525362
v -1.3560745926233306 -1.173213094178989 -0.33435917400393894
v -0.07209687413929339 0.3500968701795076 -0.25900739745743523
v 0.4814081565541261 -0.767465268850068 -0.7398506353454755
v -0.9162315293988652 -0.2077385677510883 -0.7994399910593982
v -0.46344734085944395 -0.0058045835110352995 0.11161897890420214
v -0.03735831187140698 -1.2703598237238132 -0.37321011190915826
v -1.5024103798018278 -0.403598170158133 -0.1398719068398029
v 0.45150176035462736 -1.102333489127161 -0.11424208561317362
v 0.29571899700354437 -0.8423327736058147 -0.5434821799328535
v 1.2203530571134722 -0.8253917659899017 -0.786175474725863
v 0.7694867398642167 -0.5663698478146995 -0.4071943269694563
v -1.3454142145596 -1.124108451258781 -0.18827633289128276
v -0.5030307075567735 0.13163574490483415 -0.058633575172077346
v -0.3655716998022371 -1.386490981176522 -0.3919703480097663
v 0.008367715603249226 -1.2378103011029522 -0.8494290013072983
v 0.11624322138594428 -0.9536246906874066 0.04985210909264415
v -0.11977858862909724 0.33854085756997415 -0.5199903679897426
v 0.28425045933955523 -1.150913262502467 -0.6511386804054979
v 1.182749998389384 -0.5715443823148865 0.015309401677843615
v 0.3317143608175212 -0.8431128744547991 -0.12540072510002476
v 0.6068168447317477 -0.741194408489338 -0.13832549605782854
v -0.06794040333972451 -0.4973996487357265 -0.1938189894646654
v -0.35605777608500394 -0.8633529712254715 -0.04052479094329481
v 0.8342605460251293 -0.9612745157638705 -0.6535631194629996
v -0.4922462509923661 -0.10156111321139627 -0.23850618737816418
v 0.02883454775071853 -0.4869921173796523 -0.3031222922288001
v 0.9041465294897009 -0.9396518299856595 -0.5190527248035763
v -0.4822830891801947 -0.38273094439917565 -0.4835704665254691
v -0.9277239925136576 -1.355326769977452 -0.6086463644002671
v -1.154824967685776 -1.2755142282558414 -0.18359409832315213
v -0.9722178990152279 0.20658190159935047 -0.26166218852964584
v 0.8940561494582262 -0.12079793077928902 -0.2329623186349319
v -0.6935578754369853 -1.028731807640648 -0.03144069073176853
v 0.42326744316872983 -0.9615284554115555 -0.8750987247807819
v 1.4273125981920254 -0.44325838047527605 -0.5377753438955712
v 1.2163678798238058 -0.6431126588144155 0.08259331352284627
v 1.2284284730369874 -0.5329808280222207 -0.011289519536132442
v -0.38247141415671415 -1.085845236885914 -0.6980205018959853
v -0.7797740123997895 -1.530415285604763 -0.474482531088025
v -0.6481714542366024 0.593717137089679 -0.5058084179247478
v -0.7466033421533442 0.3781285165408696 -0.2543056290702519
v 0.8880305326221205 -0.8516910229197328 0.13253457222732457
v -1.081672583909112 0.14640140443153177 -0.23765973513363858
v 0.19935594520234284 -1.1548199070831848 -0.8684158932981556
v 0.42379139861833554 -1.1011497555898773 -0.684862477664488
v -0.4050355982186461 0.2099312659954155 -0.28341026433656746
v 0.12079650890236288 -0.9284895738608963 -0.7806091907762305
v 1.2547400106384101 -0.4857268107729775 -0.7460015031088335
v -1.235542602852344 0.40984953100530735 -0.5898799879638632
v 0.13010191953381783 -1.1172197893613551 0.13107148321878648
v -1.2711233449628268 -0.7003422775205167 -0.1630853171502299
v 1.2036626109669746 -0.5080860189004959 -0.05121116110806423
v -1.3918297083474322 -1.131526732022323 -0.42539563353955046
v -1.3276617287800696 0.6337847755777657 -0.37562503245259465
v -1.040309513412841 -0.94539956185164 -0.0875772899229415
v 1.4889237141137206 -0.7287125961892186 -0.053293966984330976
v 1.4921843516511182 -0.46885956667316175 -0.3795582851550944
v -0.6055426002143715 -1.4746952356658614 0.01413258347019386
v -0.5598910317631033 0.16756513488437047 -0.6762156329508616
v -0.9141402780769246 -0.18256597301742286 0.09727269040221254
v -1.1312401763537052 -0.2814839211722411 0.14769376965078684
v -1.0785859225525958 -0.35423225495623123 -0.635951026798024
v -1.3652494068572125 -0.12248537056819825 -0.4976251188846129
v -1.219407827287912 -1.0989568211020233 -0.6569383964735557
v 0.9720248814803216 -0.915019823261668 -0.5880732587387655
v 0.7898309441405016 -0.713069663509195 0.05822895787598692
v 0.05068287596569798 -1.2333833375821777 -0.6587775164667673
v 0.21763135310636111 -1.1785156020206808 -0.5037378728484359
v 0.38787385213437947 -1.0255897044172377 -0.8787432624710573
v 1.0635825740512863 -0.8792740670785365 -0.8008892494086679
v 0.9988978524385048 -0.16936023698577765 -0.2218474563641266
v 0.6432299699678454 -0.813113896299078 0.12914641839607044
v -0.2411272828042006 -0.5754961951262318 -0.6325689139443813
v 1.4489562485471443 -0.7503578561469249 -0.351164279495232
v 1.3308310518201103 -0.342180683466193 -0.23079748264162595
v -1.2819435903452545 -0.11550661066916024 -0.2651241456202709
v -0.09842979362199844 0.390567584950061 -0.44353420535201554
v -0.9468909811495552 -0.3232239367484821 -0.9573188941550942
v -0.3771117157440825 0.23524787048154777 -0.6845086234265723
v -1.103015516783331 -0.34891182289807376 -0.6038604595025353
v 1.5052598887179278 -0.7302111759412235 -0.28419632667661576
v 0.011611521864209606 -1.252101425940964 -0.44404466796017994
v -0.23609020041631004 0.4788160339598207 -0.3104459641291582
v -0.16080515282644817 -1.3158325673148015 0.019638278798980335
v 0.14296781083154725 0.10410955349914292 -0.27178223691498204
v -1.1615133830983653 -0.447415666011957 -0.5518999444165315
v -0.2844599703330718 -1.3502478379222929 0.11121707504831124
v 0.79503763094916 -0.9841548575685577 -0.13388772236659136
v 0.6362873565762914 -0.7418277572999663 -0.04561250626195479
v 0.27472671903370344 -0.18898528672338813 -0.18595912118638366
v -0.7936275240504375 -1.5323740129803534 -0.6139430895956272
v -0.2098433648645676 0.29289572752905496 -0.2256068918588401
v -1.257913574988895 -1.035215088145729 -0.11337735146271877
v -0.40913263295230795 -0.1869023218740263 -0.4701907543129426
v 1.0856128469735358 -0.16578602501841944 -0.4110820537518648
v -0.5717218293674086 -1.4576533794927842 -0.4817225632687567
v 1.2044136594828412 -0.29733924190723443 -0.5682762795988723
v 0.031294576909871696 -0.9560993453713031 -0.5629060690903314
v 0.40857018181617183 0.07560770446593473 -0.3042019381321084
v 0.309542860171968 0.10693379001902631 -0.3601206646965328
v 0.9358683586912508 -0.9354012073705547 -0.14735131275838684
v 0.48318823791416826 0.05638006759428038 -0.42407333507830475
v -0.07733418314038326 -1.0313431394430028 -0.04559432371420985
v -1.4736491661640663 -0.8520260785891605 -0.19537320979993344
v -0.6094089451154974 -0.5292211341962277 -0.3847562483151626
v 1.0631213533593096 -0.5441374803453838 -0.7196726573116887
v 0.009578355336868183 -0.16807420426183733 -0.6156333114136996
v -1.3214391442792128 -0.9800438928174431 -0.5902672066801001
v -1.0163766107459125 -1.0056819011584668 -0.0509962493552108
v -1.3315792828894344 -0.16383850524602933 -0.5315237269332334
v -0.7205620786851219 -1.363800632092041 -0.8503580202030587
v -0.06990684091042404 -0.7185265143545313 -0.4277792165116276
v -1.2756254232710065 -0.20359342378454082 -0.0498570481561742
v -0.09682158204932839 -1.2899325514415196 -0.4734465431709413
v -0.1908494780575286 -1.2259670042390496 0.1255330394324224
v 0.3789870375337944 -1.1262736051982767 -0.26153612286528133
v -0.9684297490052234 -1.4478416991685463 -0.22659479041467498
v -0.3110821612338339 0.5060793236095942 -0.29841241621376985
v -1.5546539862268192 -0.08987887596440325 -0.36588793038156614
v -0.3684423962091451 0.4404632581195373 -0.16501109735187366
v 1.2634309703859092 -0.8190268210824392 0.08073368600037495
v -0.2746659956372937 -0.056232280014690494 -0.5267829703944922
v -0.716165021977851 -1.238895312348218 -0.7536369609918334
v -1.2622418758325624 -1.0496006628738295 -0.6288385705260597
v -1.1617331037873437 -0.5098819776984048 -0.45776265504730873
v -0.34339405882088814 -0.9483209905475019 -0.04523152723969809
v -0.446538863113103 0.07795772424332215 -0.7755881447993018
v -1.5023732993274106 -0.8686279767217222 -0.47624733115930673
v -0.3849334503511922 -0.5220074716776354 -0.10397570249385557
v -0.914027923842007 -0.22483093762511355 0.1833613905577075
v -0.787973884385082 -0.8477547099851535 -0.07771171771948604
v -0.6054990415863313 -1.4684385514361193 -0.5450458392956394
v -1.0876078841555996 -1.2976317774072663 -0.5817181502915584
v -0.4636835351353955 0.5014823979785878 -0.4719071272051486
v -1.4389557919984444 -1.0402291790497498 -0.2562029133446102
v -0.1187736998237302 -1.057836562136785 -0.8240995994870155
v 0.21519803142717425 -0.8865589296720686 -0.16301218952651278
v 0.31929335572625334 -1.1419871219324969 -0.5453121589731005
v 0.5387284495393092 -1.0588167504975106 -0.7463106064204965
v -0.8634874359274229 -1.5600375968834304 -0.0485377304404605
v -1.4977999414577434 -0.9410029224487437 -0.2957957389410944
v 0.4939645868507287 -0.767725169988817 -0.3858217257413757
v -0.6560418743540671 -0.5843841821533929 -0.36026385971188757
v 0.7547095150448548 -0.6679950282914536 -0.5049143134949848
v 0.7647231508147005 -0.9856779390488353 -0.6237180272632745
v -0.9932919686424655 -1.5949673839130096 -0.5990492977543295
v -1.240924060707359 -1.1630065843015893 -0.6276839290651677
v -1.4144540835974728 0.11275989562086025 -0.5089939406747401
v 1.1809537812601956 -0.8504282002676677 -0.12144628923261125
v 1.0821289317241587 -0.26066174441408996 -0.5859660306207737
v -1.1610797641100146 0.58711895878016 -0.1734514757583206
v 0.3188148467101914 -0.04355729553246385 -0.17149708039957012
v -0.8040851716747222 -1.5349834569772045 -0.7123366451248283
v 0.5130481543550056 -0.24442264275603995 -0.5308487669149792
v 0.7886094346215093 -0.9753024010281373 -0.7110997152156177
v -0.32582542542576826 -1.3741674067208751 0.048585371728114
v -0.18891086077846062 0.3455248039662378 -0.2272174085413882
v -0.4542919809580672 -1.4064559352629589 -0.8670949858514916
v -0.17992613862296938 -1.3237993648711326 -0.08711209490358884
v -1.053486534929195 0.503820892206585 -0.5872376166647024
v -0.3266862051204841 -1.367160945760027 -0.7040640230769195
v -0.9148532525365296 -0.2919684948644976 -0.9634067489579068
v 0.9320298340817563 -0.6138919731887228 -0.7149577140292542
v -0.646136439647031 -0.584934328420406 -0.41953294425422105
v -0.6789758298350557 -1.4946190952072311 0.08484721419264685
v -1.2010191907969536 -0.6301370363378367 -0.44707809320149544
v -0.841273787540048 -1.3651442528196587 -0.7748310155625504
v 0.2232814953636258 -0.8785906417429716 -0.26862300434058156
v -1.1274460449809998 -0.24987448594888256 -0.7442446516923037
v -0.862830598842003 -0.34513144269808915 -0.9308080042924949
v -1.161805357059038 -0.7512868154277748 -0.22757700568236233
v 0.5240309497271087 -1.0746456816987278 -0.3677367676052119
v -1.2678091732356758 -1.2358072997203942 -0.26723445384197914
v -1.1000146214115878 -0.8265306293711113 -0.20483755378315185
v -1.3901524229649687 0.3359089784950858 -0.5277821162968009
v 1.4762993426906266 -0.45453281199022494 -0.3088223917811802
v -1.0839388447370515 -0.9068338415505544 -0.1242525220494817
v -0.4834499914410415 -1.3001069686253586 -0.8726821151482107
v -0.08485396822510666 0.25509810560827834 -0.5603542329687942
v -1.0945118670850593 0.09989756134613231 -0.49008860188163683
v -0.02980615589020663 -1.270137638951862 -0.18325157091825758
v -1.2762857378928805 -0.9564815564350464 -0.6009606710192354
v -0.32837463849123727 0.19527148255001253 -0.43522732460212604
v 0.3456787562019576 -0.8213807953155656 -0.5521194266458672
v -0.526720878179217 0.2753149326921647 -0.4464824806293017
v 0.06328592512242026 -0.14756677436022297 -0.13388273458573455
v -0.659264437835203 -1.1840965711099676 -0.03537308895388247
v 0.33335261830515334 -1.1403730283553104 -0.38749851433291743
v -0.14132653718100388 0.013239300334392912 -0.20885297570414899
v -1.4208525519563513 0.1938782224734697 -0.24139264199311772
v 0.303017829357803 -1.088634996115811 0.13186014874326613
v -0.9730249259321844 -0.8860954436134878 -0.6457483796720715
v -1.4287162952038246 -0.15273604287663695 -0.5124507112681396
v 0.91608652173866 -0.937931900070452 -0.3898865088083818
v 1.2433748253578318 -0.8284470301601479 -0.10885512331474306
v -0.7578267830480601 -1.288164412935242 -0.7582684632710102
v -0.5781302534163637 -1.0867365791581507 -0.7334358126294449
v 0.591915104235698 -0.22477941047068464 -0.5556645067935599
v -1.0309132695292091 -0.8492437513514562 -0.5567710191499294
v 0.5800988725412255 -0.7375790026187283 -0.6556621405949601
v -1.5791860187456692 -0.44656194074833344 -0.42625649272081373
v -1.5793956645147496 -0.5956377087063444 -0.2975879221279963
v 0.5619402502471489 -0.8787077254274664 -0.8760327115857623
v -0.8265916286315187 0.6375167285986745 -0.3630260371097958
v -0.9338003416387171 -0.37560155749258983 -0.9219018943324996
v 1.3243871966425989 -0.40276709856055226 -0.1279002988165684
v 0.909110047077863 -0.46059278688649546 -0.1714512166616519
v -0.46845302606106465 -1.1124700110994705 -0.02905321291886298
v -0.506524141320216 -0.04749752317950845 -0.787312311200111
v 1.3825597642619132 -0.7704813660240244 -0.6662410846907582
v -0.6901028336759943 0.6840915929142819 -0.28864061826474946
v -0.21882768958732118 0.47814224636814245 -0.3621840361119313
v -0.7628159549194338 -0.9745348789252977 -0.032645031156496584
v 1.3523405090113811 -0.7696117434508971 -0.8228116590859347
v -0.6707239339044121 -1.4980602466940431 -0.15100093758770336
v -0.33325541058343255 -0.2728644397025979 -0.1976389340936774
v -0.6533906005615842 0.3783654659390226 -0.23358398292307483
v 1.252053583920287 -0.3405763667343514 -0.5947472274713435
v -1.539645197222899 -0.2608028529075723 -0.47549753455656374
v 0.24616253267560378 -0.21526218806172948 -0.551297515872888
v -0.9688403963813415 0.3000179010314535 -0.5156018163430564
v -1.179218296179206 -0.46101700659060224 -0.04933062862359544
v 0.0393445173949073 -0.998609307390083 -0.8318940503366894
v -1.014448108130016 0.17962322427130512 -0.5181084246190555
v -1.3335733420353966 0.33794284052971796 -0.19435216535378327
v -1.1326113987849484 -1.2967029373562378 -0.2236908885025411
v 0.22707656070326449 -1.1695661321490143 -0.690693392202447
v 0.8725376705438119 -0.06056149495365415 -0.4007414699404382
v 0.7800799120520203 -0.4973509234820976 -0.4796482227098007
v -0.014094844907680149 0.07745071929997471 -0.22082227861750545
v -0.8762791662763174 -0.36910230019145773 -0.7993662474149379
v 0.7776541813381215 -0.022556711218407244 -0.3912729131702013
v -0.5593054941108075 -0.9259299480577021 -0.7127695487342516
v 0.9099449539013615 -0.9430785347924602 -0.22673828350458294
v -0.30426974680711544 -1.082851197228894 -0.6525930855087194
v -1.217514318624561 -0.1682034692597395 -0.2728037185371436
v 0.7077318327780602 -0.4258812103014916 -0.3033339052899315
v -0.14707341456659864 -1.1377529729043654 -0.8592229958747133
v -0.2831884637756905 0.4572518304089465 -0.49536605158922364
v 0.6278292725413845 -1.0107895874721908 0.12107547359085313
v -0.6149291864824797 0.09107588597123867 -0.7716966622775232
v -0.253062585346856 -1.3411980957709315 -0.6925939751685273
v -1.0665078820422338 -0.7939619703639351 -0.2596360565617598
v -0.06714104687460365 0.23076991634053995 -0.563256167588877
v 0.12006094039162574 -0.04767465895065359 -0.5899334029237957
v 0.3084918294257664 0.04920928806807434 -0.22989413790071392
v -0.3734758023442129 -0.3683668707821788 -0.5825455257646794
v -0.441653759004068 0.5234309984732619 -0.4167983884315755
v -0.8379853694542929 -1.3621319312567095 -0.07777486978148956
v -1.5653297051942212 -0.383917400350712 -0.46166413300243797
v 0.7260129835851368 -1.0021742393030186 -0.48959799103871515
v -0.6627996417793666 0.6940651674641782 -0.33890328082411914
v -0.21719598973985937 -0.6625331499219869 -0.12075920751586044
v -1.4379515192138206 -0.3963405317071259 -0.04815788410150601
v -1.1205771752339062 -0.22797928054250402 0.11671376852559118
v -0.17724030805395277 0.10677288937521173 -0.17289043983429744
v -0.10978418860375105 0.3782460175297389 -0.26736594446321177
v -0.7163662223012575 0.44208251832231243 -0.5270389766924126
v -0.8804445594408454 -1.5642228219415644 -0.4943366014406734
v -0.35748873265670755 -1.3869362648157213 -0.10892765478935373
v -1.0567622947822577 -0.3408448921635061 -0.9367594601797656
v -1.0296542026165145 0.5270598773136761 -0.5700565596752832
v 1.4900952464659605 -0.5985697091130261 -0.1256386482083848
v -0.32029858667534183 0.11436687515204386 -0.5114603287576948
v -1.2444635171818148 0.6308948632979949 -0.2359905971222955
v -1.375050416112446 -0.24407757178162484 -0.027365614156858675
v 0.9118942025061603 -0.6325378877623622 -0.7874540953292473
v 1.4291868512392403 -0.6372752263795601 -0.7269867908263447
v -0.7519349818147019 -1.5031640182953019 -0.8519380935379073
v 0.23111374206664487 -0.03451725073989975 -0.16705286829798394
v 0.08970556442846811 -0.4089861657816813 -0.29344458648040483
v -0.6111749772282656 -0.5255271757450327 -0.3415242503703606
v -1.5878605049061951 -0.4427716644731828 -0.3570497019331517
v -0.4276508722589956 -1.40641529776554 -0.5286577003609921
v 1.322369271660744 -0.8007975352476184 -0.07967290917804931
v -0.029054729813239533 -0.4411773034314178 -0.19642122005732932
v 0.6341268327281884 -0.716954330059524 -0.33734852395465537
v -0.6521657128643226 0.6403404285843621 -0.47788107778536715
v -1.1816118745846336 -0.8052802188382037 -0.5266405901162494
v 0.34334765422287966 0.09595502858920985 -0.32201274716588046
v -0.7857608199290691 -0.15584452329044685 0.15807048009806057
v -1.2728215949221986 0.1973001978306929 -0.5417107824781278
v -0.26604496417997386 0.4974916566305953 -0.34831796558677536
v -1.1195189310835174 -0.30284372506617124 -0.6379735818712716
v -0.5838411631392064 -0.04593664584588564 -0.007506973327727984
v -1.201752891373824 -1.2151431620903468 -0.6216284054155581
v -0.8552242131637582 -1.5099227991740822 -0.811573850997755
v 0.3012486177831341 -0.942274766823952 -0.8609791517839522
v -0.3610863931555838 -0.22218884452886906 -0.2482237158868662
v 0.1149601694075359 -1.198447986494272 -0.8536386287355202
v 0.07482123148632519 -0.9352142550107909 -0.5098322852914188
v -0.1801511451673577 0.23941302518643298 -0.2093258809186109
v -0.9023692940996271 -0.38753729721125657 0.06653257967742804
v -0.338868591596101 0.2902456659064217 -0.06487507747124349
v -0.19238384662755392 -1.3229185545664421 -0.5274870821040488
v 1.2097542016375207 -0.8345901082418492 -0.41973088562917926
v -0.8464627687202466 -0.30509138604199154 -0.023370501048752546
v -0.7307274145309068 -1.4377080784552212 0.07315617381051615
v -0.4488828816561527 -1.2667149482157112 -0.8655232188608588
v -0.44592749233286366 -1.1017751954890271 -0.7242481215748651
v -1.4715574379228407 0.10995217243122396 -0.26518896689977234
v -0.8970241417251912 -1.5687858863033277 -0.5454992901775962
v -0.4843948480313951 0.44627857342254557 -0.5387355215179591
v -1.209233588948805 0.5287788533903133 -0.578315172219192
v -1.127808245306405 0.7071422346470275 -0.3249120189866214
v -1.5239290773042475 -0.4928622386571747 -0.1705976503711234
v 0.9413763790015521 -0.48525285236176097 -0.6092682472764157
v -1.1557374533796525 -1.258284982546989 -0.5977740553292148
v -0.5195404609091243 0.48136031885934355 -0.48850157347388046
v -1.1409518824728015 -0.8703245773352329 -0.153005329984843
v 0.21278022949639036 -1.1849588610490862 -0.07068731267053546
v -0.2627303354051745 0.13929961922857187 -0.553241260034271
v -0.7716027555716036 -1.2392766490599385 -0.7525716822819891
v 1.5254157694915043 -0.7223782734741876 -0.337473079374617
v 0.600853485733986 -0.9589002525894899 0.13335384007259876
v -1.5327258137748572 -0.7463594046038229 -0.4818389315743239
v 0.9181000749604011 -0.354613710897773 -0.1578986410799093
v 1.2393288806025875 -0.7945736193470908 -0.8586461421277338
v -0.5202271054498637 -1.4438617282477426 -0.23349609067315616
v -0.179298930148137 -1.0366728316839464 -0.5384126670335754
v -1.156980702469391 -0.26536679162135846 -0.48020520481990037
v -1.45123976228179 -0.7647019985121315 -0.5485197591116662
v 1.0637486413206894 -0.8528237658367834 -0.8812128101442757
v -0.4078788717666602 0.0225470160757259 -0.006691659938192818
v -0.6392847588658384 -0.05346147832637649 -0.8961154647356218
v 0.5098952807044066 -1.0807732797752996 -0.29735065478365325
v 0.19176811963294355 -0.9127460509549878 0.008812886662600938
v -0.04107381117697956 0.3626041579181069 -0.3669296214584343
v -0.9576451732109947 -0.41093614963704445 -0.7830029281547533
v 0.18566699057669517 -1.181351761522692 -0.7492057449407665
v -0.6560645081484731 -1.0872803068864516 -0.735969009155589
v 0.028788703884437217 0.25489432197207756 -0.43495830238204936
v 0.7843993302740022 -0.5691988733990707 -0.2998788635289405
v -0.872722997755246 0.5759341483475384 -0.32555152800468234
v -1.0249876865131555 0.19647967807229533 -0.22178728504765502
v 0.15897576560941312 -1.2027063590477598 -0.27942675626439906
v -0.08961825278191343 -0.022579821932098232 -0.20070767123372796
v -0.7827451996743978 -0.7184057146739399 -0.426587017657033
v -0.5949747246203154 -1.4668228482563455 -0.4138535112041958
v 1.1859934668325174 -0.35515423929253637 -0.12629252441990968
v -0.15428298352799386 -1.3088177205231901 -0.5622708324741995
v -0.5622554584772284 0.3569021308169494 -0.4820001700359654
v 0.3881635011135373 0.024837083124647386 -0.5042574962812018
v -0.2340228944168094 0.050709755625582886 -0.5712498315982694
v -1.069660755692833 0.5952281167430971 -0.18817860418110866
v -0.36166384305166954 -0.3024785042519601 -0.557547781563918
v -1.5635155042336566 -0.5731375908017124 -0.47079574629774357
v -0.4621862867830614 0.3068912021535712 -0.7028226419210477
v -1.3815674585285853 -1.076465864021993 -0.5330351238910258
v -0.10958537287677017 -1.2690836473317653 -0.8714582210327931
v 0.9546941115786511 -0.4846954529472868 -0.14673161576229496
v -1.363865327476908 0.37760913156774617 -0.5428281844915074
v -1.2322302990590595 0.6706499408096014 -0.2809426442121262
v 1.4800181208162841 -0.4755237386887581 -0.2503107742934252
v -0.9691211826104509 0.3959312775617055 -0.5575115356982496
v 0.569445230962397 -0.9405291428822591 -0.8826847221595883
v -0.3709251982641623 -0.16330576653292278 -0.4902186220017404
v -0.2088311235535551 -1.327043012158998 -0.6146128631166559
v -0.7757927895658623 0.5858954223542061 -0.23337684098024136
v -0.07961783165059266 -0.22928248236070836 -0.1203846271606791
v 0.7564496941580425 -0.43358043626723825 -0.5036684016059045
v 0.6511145585624054 -0.9863659149892456 -0.879613461321654
v -0.49657316082145175 -0.030052570852327543 -0.2841578353159799
v 0.9070281552968926 -0.7395826796369404 0.12246527600257895
v 0.0429700578003257 -0.9581016909898441 -0.21487845343879647
v -1.3940928095851082 0.05584617632623484 -0.4960226502150011
v 0.057014019218828205 -0.941057509835252 -0.37889775194521486
v 0.27534180581003925 -1.1453228146423888 -0.8193058254210794
v -0.7051537108068257 -1.3976178657876395 0.07493063149732138
v -0.18323866100425953 -0.5494364510357113 -0.0983531023253062
v -0.38319589429407247 -1.3552647704703875 0.12195507172569392
v 1.456349550663129 -0.7370306646706712 -0.7397008230750397
v 0.7741630328129201 -0.6828317289199961 -0.7775095929841058
v -0.9525998043505255 -1.352924666639803 -0.2369678842240367
v -0.02795739815310838 -0.3052464046812897 -0.12846570650070507
v -0.37761347457529365 -1.2374604808073228 -0.8648732573617992
v -0.18993790645894842 -1.3249313924092556 -0.3497341177890036
v 0.28908292348249603 -0.8536100070215635 -0.20909360135512467
v -1.0686646898942405 -0.2571752657235553 -0.020535871662781147
v -1.1184306211465296 -0.41951189363391556 0.1293681858636474
v -1.5742885942217688 -0.27324539885321764 -0.3256747718966099
v -0.6580439020264182 -0.6461808196769966 -0.19071076738213494
v -1.1737012342741242 -0.2619451540819621 -0.850941173258929
v 0.2445466109078243 0.040113483462425825 -0.2119964898137777
v 1.0627117790515832 -0.15805492494711781 -0.2950924817119236
v -1.2859496527252814 -0.20494596687711733 -0.5985300320110274
v -0.48584643136217975 -1.4324726175163611 -0.14307477752879114
v -0.7401033694732846 -0.907914560522254 -0.7083542498643252
v -0.691458476743924 0.2813119343711637 -0.3722943473951965
v 0.483488796421973 -1.0457270052103318 0.12681062671068888
v -0.6272687576058147 0.6280572929097652 -0.4748312187003522
v -0.8911132438487919 -0.8458347521731154 -0.12102610347079107
v 1.134293766980559 -0.8693111437260077 -0.024640517233367853
v -0.977761807501734 0.2824423125634257 -0.22033723183291007
v -0.258639023702934 -1.3497974472724157 -0.3158745177635779
v 0.4415327960244871 -0.7785689433893102 -0.6592545351100633
v 1.3768239951213341 -0.3950046410462546 -0.5384637172687192
v -0.18535814992220612 0.4530687514875958 -0.30914975712713555
v -0.9138881666198324 -1.39276189349827 -0.23685795432881848
v -0.07965266663004272 -1.2831775064304727 -0.5175355054561782
v -0.33123015296756925 0.3714384915256928 -0.11714258947540107
v 1.0389984182289012 -0.20124064184962714 -0.2042702781651485
v 0.5846178019974793 -0.9898018004922846 -0.8820107159799043
v 1.1293887514913705 -0.30813721118471993 -0.6172922751469603
v 1.1783185240070377 -0.22166602176256545 -0.2918847027286261
v -0.41571811328586084 -0.22347223432510438 -0.40204763263253757
v -1.001117041684571 -1.5364977551939816 -0.6017625114389663
v -0.1855556143778792 -0.5091417194813641 -0.6145576000944935
v 0.9530612393046132 -0.19705195912667636 -0.17550777287098987
v -1.091187858897653 0.08945096235195288 -0.28352778519707367
v -0.31664260292222385 0.07379751757601988 -0.5449658758288358
v -1.1472321543355197 -0.24028475193695353 -0.05494380963626394
v -1.1268399799278073 -0.25537602810556115 -0.3113370281984786
v 0.5949267700346303 -1.050559767427826 -0.3221463044373486
v -0.08822721832870106 -1.2906273433533797 -0.18726927807749585
v 0.7198788676116683 -0.6772203959695574 -0.4317252864199147
v -0.4465761621755261 -0.5634571427674279 -0.6297150090706366
v 0.13841742457411305 -0.2987837111920162 -0.21919294349483232
v 0.06446971827461478 -0.9869554070972804 0.07790662770805462
v 0.758306201833524 -0.6341799009893646 -0.404088390125167
v 0.2463917917502843 -0.862548646851131 -0.49967042698208775
v -1.5300171109517922 -0.42683067711160133 -0.18281139428973647
v 1.0100779135499123 -0.23467838689573475 -0.16576302021976272
v -1.0799220914163834 -0.2966590159052071 -0.7051463317795695
v -0.8295930605374577 -0.1378562804109763 -0.8747872170010565
v -0.8803351859514597 0.5304123814283681 -0.2691513712935746
v -1.1778564929038435 -1.2863532324634832 -0.5094063566265403
v -0.07242809458280336 -0.01562691503264063 -0.5654175856606396
v -1.4011002045128897 0.13665470435989052 -0.2323552997431692
v -0.777691007807154 0.6407880372050763 -0.465528152922049
v -1.1922306414407382 -0.24892388645547076 -0.8206369071458259
v 0.025283327267230038 -0.9829964206250215 -0.8079962807237642
v -1.35817597848008 0.5286341282589189 -0.24524382483530452
v 0.7326298611049593 -0.033526152850527235 -0.46369791555052264
v 1.0601288636899662 -0.6526495144006078 0.09177647384421767
v 0.5531018230823657 -0.755786827085719 -0.7955410368021527
v -0.6902063847757742 -1.31980021782074 -0.8382484036616951
v 0.378199981611902 -1.060132113757485 0.13140763182824267
v -0.9787354183506525 -0.2008103414246352 0.12315494103212404
v 1.0074793592100713 -0.12424438799314796 -0.3143852776809063
v 0.34363392502376794 -0.8321823216160527 -0.21425172188324917
v 0.5285424273195325 -0.1128104071056924 -0.17186561977714013
v 0.9700504157683225 -0.7043438886538824 -0.8757139904018496
v -0.7756281530543143 -0.33864879808538845 0.15510688378874027
v 0.9635096863610226 -0.5716688582483006 -0.12147858064254069
v 1.1739812014402273 -0.8499301971758269 0.09375221134097689
v 0.11917555961045295 -0.9199878914546755 -0.635694126276444
v 0.15035101815599677 -0.9053675929517525 -0.4409506342263816
v -0.8595626485422339 -0.9252780192665915 -0.7030355665102132
v -0.8522934249269261 -0.8078008564898398 -0.592523034898678
v 0.8865714179409583 -0.15729966364423298 -0.19314764608432328
v -0.300572390306014 0.15602654970038038 -0.24597245814477064
v -0.4779028438777241 0.40502696293753265 -0.5936637065988437
v 0.17605418559434888 0.11973595297728273 -0.31343030642738096
v -0.2538443554133383 -0.8505392827178251 -0.5986003577339445
v -0.9158029379346448 -1.5797173333657337 -0.2314322423384726
v -0.7164022297072834 -1.514075335389549 -0.11171816914145238
v -0.24501075705631684 -1.3424911630543273 -0.4743491327896519
v 0.3040573544262513 -1.07001972360624 -0.8784262899911899
v -0.9522870049144028 -1.3650146897472033 -0.4951466885897092
v -1.5426277510738025 -0.2508640338505785 -0.25302577642538115
v -0.224622278773064 -1.0816500561377036 -0.7336619518571355
v 0.14317324381360913 -1.1593125463638467 -0.8739844028711187
v -1.0479563776154097 0.48931954532202354 -0.15315762620988865
v -1.3796547141207347 0.39186230157931773 -0.22280936281892294
v -1.1233618075814886 -0.7632798053322918 -0.26440018214547156
v -0.18181845498810784 -0.8631854930698499 -0.19202927036073658
v -1.162598752033095 -0.22286304942492183 -0.41623826660284885
v -1.3597698824741966 0.04284654891230544 -0.4852062003152175
v 1.1222324782600868 -0.19758447925177722 -0.2735846341232401
v -1.009202572271258 -1.1426318770626942 -0.03373989873365468
v 1.0555614275680893 -0.8866636333267875 -0.559965245676875
v -0.47643850295606266 0.24572817177187517 -0.7485803845281639
v 1.375705877729027 -0.45395440825556893 -0.63506336077861
v -1.3825654717475921 -0.5327640085922268 -0.6226653272995751
v 0.6645467318962941 -0.30747403504713533 -0.5341003231143225
v 1.3248239156063029 -0.43093202399046604 -0.6566426071586021
v -1.401477447667413 -0.6818950594440369 -0.5680520083050485
v -1.3846513974708488 -0.0690831483549389 -0.4858185050623901
v -1.3109830863858785 -0.0013813161147202546 -0.45114414805326186
v -0.12979144940510465 -0.6284184378223001 -0.1973132578368568
v -1.0072779048812797 -1.594087924879627 -0.5237693373035088
v 0.9531545763830371 -0.5494854544922565 -0.6344797109318178
v 0.18432662879752598 -1.0660578358749968 -0.8709839844186602
v 1.0571702551615028 -0.1763902855796021 -0.25030483267399817
v -0.49333096416307864 0.2130439790678807 -0.06586377089255357
v 1.1657904306646256 -0.6305224864783913 0.08270340239115959
v -0.6791741288994776 -0.22398373025838655 0.19960701011265403
v -1.409377098962728 -0.4458786743858636 -0.038032529989122876
v -0.7852809596416994 -0.7422777107738322 -0.5169302551400978
v -1.5358809329204237 -0.5988659157323541 -0.5123120271143565
v -0.5050393723558422 0.02179211246230489 -0.8578011007694268
v -1.2473476865585271 0.5046125186049597 -0.16280051685047076
v 0.1667242732346213 -0.24529409351976011 -0.5524193890045656
v -0.8711381552275463 0.4144481258538116 -0.31129790094546256
v -0.05943540237014494 -1.153924451382114 -0.8670435381836101
v -0.6289673851262872 -0.8235668740886959 -0.6897185095687681
v 0.021650911275451323 -0.5320179478572172 -0.40687781153723723
v 0.41220619457422586 -0.12575049909553038 -0.16872184733623197
v 1.054939008157745 -0.5812266982830379 -0.05658194789407478
v 0.5859769623451367 -0.7319152284185642 -0.50527027412641
v -0.24738931250426344 -1.3480700058784676 -0.020729838710363435
v 1.3376843422038904 -0.5251835752717467 -0.7352013479512912
v -0.9691230704159544 -1.5922242037999583 -0.5241891057609546
v -0.3913653626749391 -0.43758025895328484 -0.14423577791348466
v 0.54013146658956 -1.0654895269318758 -0.5393998502104826
v -0.03044920205963214 0.1665863772815001 -0.18988118615732016
v 0.5223233998416772 -0.03690476829607908 -0.19866309838681767
v -1.321866086397572 0.4870144354439841 -0.5467081215922591
v -0.20790605911353363 -1.1847850438413 -0.8644859790306516
v 0.905798339433685 -0.2836575404290479 -0.15407533814426466
v -1.2749577362718503 -1.120703227691447 -0.13209458534111923
v 0.41685246147960436 0.07646838480246615 -0.415750159586174
v -0.3440998198763058 -0.8682927223359256 -0.6603897023668133
v -1.5757218757749873 -0.5263182656092116 -0.4513174684701262
v -0.4768384395199025 0.2534948619448281 -0.02982460999089409
v 0.8265270812290391 -0.6639612847212535 -0.14301528184797344
v -0.33124976627316943 -0.74709465516837 -0.6598577187759083
v 0.6230791763333099 -1.0306097369406857 -0.7275076264289603
v -1.4085299710825483 -0.8240060968786469 -0.15009075700370475
v 1.007284040891181 -0.5844674443119187 -0.7460376297446807
v 0.7697678042962421 -0.5392209393068053 -0.4320814457677087
v 4.446062457102995e-05 -1.035488025078271 0.10674313497795307
v -0.9795042917248 -1.4936599310383243 -0.2127556062142172
v 0.4324107012432468 -0.7903769680977513 -0.34254054549529656
v -0.2216824688130886 -1.3385235721632993 -0.07226303411690727
v 0.7029006205482426 -0.7117534855121082 -0.1296912897052575
v -0.22233737834973122 -1.1337413265943754 -0.8488833659018569
v -1.2852390032471912 -0.3718523360192325 -0.8195419998253941
v -0.20448432221595295 -0.5754107073443756 -0.6091930331308263
v -1.0225187747323172 -1.2887260847516453 -0.08065504495918918
v 0.14815820289796428 -0.04924106059932892 -0.15849769144528325
v -1.3244751130900487 -1.2017922637512959 -0.4134184614579896
v -0.410480625440039 -1.0307300795736287 -0.7035921710592121
v -0.1840189009547021 -0.9202012730914892 -0.5243903855709086
v -0.35160239612349137 0.13219841030308138 -0.44307475323572115
v 0.4961182152408346 -0.05167919121464071 -0.5520301831246407
v -0.39941673391783006 -0.3532164764938542 -0.19928857802924152
v -0.4600022150452559 -0.1570103127396284 -0.35046674529748256
v 1.016887983123479 -0.2111172229399139 -0.5569355165600192
v -1.2283282845697345 0.380119098150378 -0.15074842869787367
v 0.4575268406565372 -0.7844669048301008 -0.26798200494975466
v -1.1852053024248543 -0.9284452203673808 -0.12321172519627313
v 0.019249443830182456 -1.086945390318482 0.1271518624591863
v -0.9469991822123649 0.5397643910483059 -0.5110871791603687
v -0.7871051560356144 -0.13732558847646836 0.10235655062331783
v -1.0257742655157627 -0.4487355798767771 -0.8273983309523112
v -0.8271145110127329 -1.1791866473264698 -0.033066806649267144
v 0.5000086843091325 -0.006452379001675057 -0.507637880302436
v 0.3507603113131848 -0.22915532375631548 -0.2270215934315761
v 0.1961872139855138 -0.24038468639882132 -0.19924809950491768
v 0.4174268511436106 -0.8003271338594034 -0.7718806537633918
v -1.0971492704750003 -0.20963402383485372 0.08719321989938456
v 0.9563829026388682 -0.17944888818484406 -0.5469055860479322
v -0.35862016404572417 -1.1926820720805464 0.06920032705688423
v 0.6426537322416093 -0.8589477671470801 -0.8789124495874506
v 1.2424809196444375 -0.2879150585021497 -0.22788221415319687
v -0.3313557615842855 -0.5738103251966361 -0.6528776870921098
v -0.6397621550702352 -1.485983438225168 -0.24130794907673664
v -1.047405496097832 -0.7885036887607435 -0.33781330166963347
v -1.3718237590741127 -0.37878034375767994 0.0194805973603403
v -1.3195932083145514 0.577649944962275 -0.24475383001312612
v -0.780350488585668 -0.15446473618370832 0.057138243470936656
v -0.3027016560693054 -0.7207029752554118 -0.06115886278674326
v 1.020931304822655 -0.8350446918071079 0.12700167262764983
v -0.14721370832296898 -0.5670762646341341 -0.5751214226115315
v -1.3033231665178797 0.4389263857232652 -0.5686756200136057
v -0.055007186936246844 -0.4163527802893363 -0.567242219230566
v 1.5300547633777848 -0.6406215702868194 -0.613968882980297
v -0.31025609728874687 -0.7805467872795786 -0.6454723228925394
v -0.2720792847930328 0.00794613216203427 -0.5546001024357383
v 1.5896068399009213 -0.6714174010814145 -0.48910390265933956
v 1.1731197659814943 -0.21211805793135746 -0.40799628661900833
v 0.6658294858001492 -0.7137815649004084 -0.7451245081584239
v 0.15253336106139365 -1.206486143098638 -0.1278388557153365
v -0.7325359918182344 0.3086224986450738 -0.36326749736952046
v 0.053155185796442794 0.21448171186776027 -0.36549478991753914
v -0.3659320520654127 -1.3891716649915868 -0.23583772461978036
v -0.9199064905652032 -1.5641715332467778 -0.06496028705018342
v -0.9964265206438616 0.6638937631152524 -0.29699658195773165
v 1.5301836309429493 -0.532219923174462 -0.3222613413432449
v -1.2452817318303342 0.21651479890855413 -0.20988206816323543
v -0.20409042662972451 -0.1544827995016319 -0.1798179110385491
v -1.3076595948610308 -0.1309950413724445 -0.23022321220744094
v -0.42323974643281403 0.07038313318408468 -0.41034294808976307
v -1.0787697550653694 0.20901929696409766 -0.20447600922176354
v -0.04463081430679999 -0.6548733095405357 -0.37898941980614065
v -0.7615580206900412 -0.29037467035692843 0.008697790141793948
v 0.655363988879297 -1.0217662226368613 -0.6708602466834328
v -1.2214446104531658 0.46558337186020365 -0.14940107210252276
v -0.7818191019092586 -0.9452001102322789 -0.7174999124069047
v -0.28142487587425846 -0.8880280199149444 -0.09275337441080517
v -1.2545311044457885 0.46807893150609753 -0.16084059717666774
v 0.36875849001109523 -0.17374089959262276 -0.5618813483913584
v -0.41767171377913614 -0.6938415497182555 -0.6709260416731413
v -0.256687032812246 -1.1760817636789351 0.10866897479450749
v 0.46973033081052035 -0.960316603508087 0.13325084537865162
v -0.8527701653673057 -1.416169131754821 -0.024009572890802133
v 0.574750043913967 -0.7382823393344466 -0.3632215144017809
v 1.1451668113021758 -0.843772533312656 -0.8645672937687632
v -0.3461469561643735 0.23664355489778993 -0.6131594317236413
v -0.625951268080694 -0.16040198385061022 -0.9205160265048759
v -0.1250452480378584 -1.2979008989855274 -0.5802984410663287
v -0.11021701272662665 -1.2913822469668006 -0.6335102333833703
v 1.0063941691200735 -0.5601079373444579 -0.6911163798650671
v -0.9953143448709814 0.37492928236143036 -0.18353370841867486
v -0.9152992515546565 -1.4875991414049414 -0.7592858314643377
v 0.6074030381480604 -0.2947452183006018 -0.5192640000468809
v 0.9444788979242982 -0.6511817754290399 -0.8549410356882493
v -1.4002340197329426 -0.3184123775675387 -0.007422439384441926
v -1.4762967438320898 -0.9897260498124993 -0.29938312580370385
v 1.3514551282302083 -0.7834989375260561 0.04926369005300085
v -0.3725382783878679 -1.386194754685557 -0.5808462027369162
v -0.6233145800696808 0.6782140197729296 -0.3383887246587575
v 0.23329103757627428 -1.045728118021997 0.13248505210822037
v -1.5431828851216725 -0.7619788887523287 -0.4617385324109154
v 1.223026110219975 -0.7273331071570333 -0.8562842192398555
v -1.1091071670687878 0.7005640869474832 -0.430574221853661
v -0.7166245933239668 -1.3599023932137233 0.04704921471076956
v -1.3866471854492197 0.28537618090397415 -0.22385085517942227
v -0.5606613756383798 0.12250623800303789 -0.810137032293172
v -1.3093621172223318 -1.0738618847252837 -0.1385499263247473
v -0.6248903412593263 -1.1300804544185852 -0.03428915077700817
v -0.46211005918399106 0.030448197487080386 -0.7551346663918157
v 0.5169536066375107 -1.0463948511825831 0.1192728776662263
v 0.6468639558189375 -1.017168442525469 -0.8459324476968657
v 1.0147354874166752 -0.7488778365037654 -0.8796956702834251
v 0.2400768836244847 0.005282478339775354 -0.18625230731690604
v 0.17758056576634856 0.12551035257995574 -0.3586679089391723
v -1.4076350121723997 0.5220535959629491 -0.4089462700916769
v -1.4542959802906064 -0.20467138059871431 -0.5301096016379668
v 0.9222040448953339 -0.8281656080386584 -0.8852017233016755
v 0.21528532752798663 -1.1689855226626646 -0.7851398047549695
v -1.2804459644318196 0.521525050165224 -0.18227754276496466
v 0.1521736446905983 -0.909811268519143 -0.2545386041410289
v -0.5326109903234403 0.08416242427098714 -0.02296476196694386
v -1.2626137337734913 0.5762934076706856 -0.5400085979346538
v 0.41237738872594404 -1.1152914655901907 -0.21235141712008512
v -0.4651415171332554 -0.014529941061973306 -0.4474586747910145
v -0.44691628511235815 -1.196421516708559 -0.015235490086235204
v -0.3254118370473921 0.24953887608973807 -0.10283860768832831
v -0.6445039846773679 -0.7688895684234169 -0.6608297001506025
v 1.4514606510714498 -0.5002876732099936 -0.5813336738612109
v -1.5643867761526447 -0.6589130940883472 -0.45774876477312987
v 1.5383431237621024 -0.7180085005243526 -0.16936115763792406
v -0.6647931643911331 -0.26876617292744953 0.15412190636352663
v -0.6432918545709829 0.5471621046676776 -0.21862910567000912
v 0.8786238163858529 -0.31192196314481807 -0.16553366178689782
v -0.5475988147504525 -1.448000771621768 -0.5673447568768649
v -1.384587192212091 -0.6478517858789326 -0.12627595147475204
v -0.34963275921925424 -1.3764982106253998 -0.6523931569700734
v -0.9310686075885084 -1.3949191782695618 -0.4966839981619927
v -0.5154866072424019 -0.6407941554531192 -0.09860533301221958
v 0.29924519909620145 -1.154337423739747 -0.20022830773728018
v -1.2346620906222068 -1.0118015704519239 -0.633020556507382
v -1.033277060350954 -0.3441067418707531 -0.6941704119938268
v -0.3377687362380862 0.0024674225161303576 -0.1977256141737464
v -0.9086784593223685 0.5740796675790187 -0.28362575236689036
v 0.03742376471739406 0.09861427090808145 -0.2493659177030716
v 0.8415653597420887 -0.05916662527452404 -0.2967072707964008
v 0.5737936617742232 -0.32074105520691737 -0.4775920845702264
v 1.1960397914450303 -0.8434830234349564 -0.193478588324917
v 1.0673839386998158 -0.5706152839325784 -0.7850536015941856
v -0.34167712952284945 -0.4527692837037035 -0.11315858461231071
v -0.5316699093440937 0.588137578886611 -0.3142832169538924
v -0.8692784680901643 -1.0923706850044534 -0.739691701993712
v -0.49059948844414947 -0.5552821301998717 -0.6064476671377182
v -0.014615024746278737 -1.0103198815912664 0.036935803452151084
v 0.5408494884449324 -0.7604611129990978 -0.17475133914152916
v -0.14047819713097473 0.4326717085288479 -0.3344883992585673
v -1.4954516703844012 -0.31402521693543395 -0.5476118836375455
v 0.1641984490857596 -0.9197259037940542 -0.03760588594531683
v -0.5080689822428768 -0.14021136745576807 0.07347652446865299
v 0.38373693502550016 -0.8078894243754124 -0.45620197643005483
v -0.5804332767725309 -0.6767460401256034 -0.10687763711393838
v -0.40413747971823344 0.2252667049663633 -0.20461006328415363
v 0.12305827874036773 -0.9162331655379026 -0.558366433388449
v 0.5091652563803588 -0.7929793377918734 0.005096791207921947
v 0.686661797093109 -0.7059495964003057 -0.6996748951527636
v 0.3095427409421468 0.09786564673191428 -0.4224302487829109
v -0.11832473993170828 0.23314022505918147 -0.5752682342647985
v 0.5580572926575915 -0.7465141052969311 -0.2885474799026946
v -0.11487846156258125 0.33913722526436935 -0.23513162574653576
v 0.7304307067947624 -0.13747764624187142 -0.5737692570800558
v 0.2958566875754835 -0.01746241838794016 -0.18003590289511884
v 0.41354697365776955 0.08569514349515145 -0.3522781642288839
v 1.026926836000525 -0.14458477691515204 -0.4455691205834023
v 0.04319516370289833 -0.2764180845257857 -0.5789945636124704
v 1.408814329880402 -0.6257249765447217 -0.022265379706964628
v -0.5176279549609161 -0.10152415196680015 0.1466007501358585
v -1.1444929485498445 -0.2406588752444867 -0.4024709581129848
v 1.1503159498504307 -0.8538725908312913 -0.5684775196655525
v 0.14735858810156405 0.06900187557621706 -0.22753684510422856
v 0.5339985429143042 -0.24234393043697042 -0.23034842339141962
v 0.09898172401043626 -1.2252550432329257 -0.1328205558512435
v -1.1430789027411254 0.4810417765201627 -0.13989330859272228
v 0.7489064605418014 -0.966628610374902 -0.8732463305341347
v -0.49369735740386567 -0.3669822946109523 -0.31348107845960843
v 0.8478338874674112 -0.11855402554283895 -0.5239630857630855
v -0.8946772219231569 -1.3583761720148186 -0.11963026008145378
v -0.6925071825086107 -0.6865288072181812 -0.5541752468392513
v -1.143510931998526 0.6890443202036183 -0.26775489201185715
v -0.9793312495108519 -0.29552857809803446 -0.7467452587339651
v -0.9919663913611347 0.2306605229795174 -0.5168036131982638
v 0.5474330809729817 -0.7663741371406434 -0.09115158137684726
v -0.04740644480287576 -0.6325104847751052 -0.4578034117745489
v 0.16006361849875267 -0.3401049916359292 -0.486427968165489
v -0.6193611179124744 -1.2231482125476714 -0.7533670048048233
v 0.4079757217989172 -1.1039139002798364 -0.7605075396996985
v -1.2730558815210096 -1.218256232852276 -0.5418971188171483
v -0.3690476465252255 0.3969667686878671 -0.11521194072272178
v -0.5555881069997314 -1.2945223232832492 0.074155637659015
v -1.4347332678778875 -0.24356925531024337 -0.11579954502525303
v 0.7155246342818731 -0.14691667375970519 -0.17599313760177535
v -1.1274537551761092 0.1416532159005976 -0.5250020941689748
v -0.733296737692898 -1.1727822572198012 -0.03414239873865199
v 0.8760625809800717 -0.6967668335116719 -0.8638389187905765
v 1.2863591630922027 -0.7966447605725092 -0.8361896424660527
v 1.4799741846271435 -0.7312343863957937 -0.6702225658559648
v 0.039103752642473455 -1.2435291992238204 -0.3727407835893347
v 0.13472362509601304 0.11583896601208826 -0.44030599832600575
v 1.0787830051212737 -0.8811435708045371 -0.3803640800305642
v -0.9160940772865687 -0.18031064158976698 -0.8449977455129576
v -0.8369389489278474 -0.21005784610622288 0.19598452993931514
v -1.1278832209923522 -1.3079321608972854 -0.302613916142508
v -1.3215752451202014 -0.0669860945150294 -0.2647968597608631
v -0.9141309185359543 -0.4029117243337623 -0.8231240809609566
v 1.4927318152471525 -0.5372409294081169 -0.554911411499095
v -1.033149444698913 -1.2825368448574728 -0.6490996120020032
v -1.1539374010245464 -1.0231715050537165 -0.6691222733219386
v -1.434643726282108 -0.6227658712253362 -0.5741918671815753
v -0.9982328126929481 -0.21577847305949965 -0.8954234548529248
v 1.3360903189799525 -0.6090573032940884 0.023976435974539856
v -0.7051007727661782 0.3126464057550185 -0.2628114646485804
v 0.7347016978376686 -0.2489852500701551 -0.19317192922459023
v 0.8338260924280296 -0.16601524434982617 -0.5700999394585915
v 0.7930420814304318 -0.08165199842459125 -0.5031722267046566
v 0.0680525346607419 -1.2172654529090934 -0.8439125554229598
v 0.622390961933257 -0.7190127534373394 -0.4132578588887283
v -0.4217481813686275 -0.6125037803795842 -0.6520656525226598
v 1.2616162925060597 -0.8142470565205031 -0.5230950529209085
v -1.3815106057754727 -0.28382386602973053 -0.0047102391532860555
v -1.5070488967688234 0.1862095590852439 -0.4123243092597592
v -0.43478043801031335 0.18231783810382257 0.04531732207016054
v -0.16557943281660537 -1.0553340076747093 -0.680218953044999
v -0.4052627310281805 -0.416979114412146 -0.5861918717739109
v -0.22258760200131977 0.18771859131824759 -0.5598133270129301
v -0.929604584613037 -0.2512909163540271 0.1969368781367723
v -0.5166740369041454 -1.4415443774413854 -0.2945650089825902
v 0.8586508142864799 -0.9575941097690273 -0.4141639657871666
v -0.2623379898066227 0.21271351374657205 -0.5145030936683437
v -0.06015626586959111 -0.512303535368559 -0.5310044611899313
v -0.8011452623565622 -0.19338508571654828 -0.7787920289417709
v -1.3577065905453456 0.18045477278817107 -0.5329963940707474
v -1.3906415831783983 0.4578193643582294 -0.5000676013884013
v 0.004496343177992745 0.2956744778721208 -0.44536515810246957
v -1.497922529585654 0.23845541100520268 -0.41590076672208487
v 0.7167443752251828 -0.763961024916163 0.11172694150736923
v -0.4030183687440822 0.009132449012112465 -0.49550793507654434
v 0.08266242042594002 0.13186279822782104 -0.3086873043936723
v -0.34815063318258554 -0.21056073762073618 -0.5180131599918544
v 0.021944415352163738 -1.2509169770247524 -0.2806896981462852
v -0.9290628837916979 -1.5788150219499393 -0.5902481696519695
v -1.2041981161635018 -0.5119780379564703 -0.6864989268331642
v -0.8596967622195346 -1.5628822614460263 -0.1365664985045157
v 0.025208252223098748 0.2895057852504817 -0.3596715060881421
v -0.7334141989384937 -1.5196211118099217 -0.15503905291801706
v -1.032847753507806 -1.079591314813698 -0.7264590398940949
v -1.4380700733994445 0.40135418765125125 -0.28857993028571904
v 0.03282600447763878 -1.2422959058241587 -0.5735679375268281
v 0.9842421625502993 -0.6057676332952098 -0.07492489949184705
v -1.2417066653825901 0.12626134148091156 -0.4916225928905614
v -1.5415809331146195 0.008668863595347132 -0.345480017637445
v 0.2132938119515449 -0.3240901016567923 -0.4700038218248157
v -1.0667322129509682 -0.9597528650414482 -0.6713427101552338
v -1.228551303950435 -0.9732154618513995 -0.11510725693963975
v -0.7587173105831846 -1.5205195283848876 -0.6231107102969586
v -0.6613287630891718 -0.23003098730705415 -0.8954511161714612
v -0.1802785422313931 0.3879754888922056 -0.2443668497565318
v 0.08057152679346324 -0.35528708118507685 -0.22832431833049532
v -0.29912750371685776 -0.5941640281153495 -0.06648587235670789
v -1.5780760685961193 -0.325313161163461 -0.3446435608262699
v -0.4367885265319126 0.17607991269929485 -0.7710673672808184
v -1.2685487955603363 -1.2405401473476572 -0.328948663815806
v 0.2661292155944491 -1.1660745861910753 -0.04632530187682776
v -0.6024221769467969 -0.5317138919413217 -0.4303822220981298
v -0.4479959508873033 -1.0287888392384927 -0.7153864644665695
v -0.49448149219513665 -1.4212816468763068 -0.768540171989012
v -0.41096414210859467 -1.2604265687251457 0.10422112618337226
v -1.3176829876045844 0.6060533300347444 -0.4720314441654677
v -0.7839331261270633 -0.7780548442715967 -0.5989071956790031
v -0.7667384371947448 -1.3899979276530428 -0.8428875366494338
v 0.7146771685838667 -1.0127497058623627 -0.017239922226648663
v -0.37188968803175304 0.029275055532253402 -0.21586261612689803
v -1.2025364101443519 -0.5015268088708978 -0.7417985326789662
v -0.6019943604764149 -1.4541276543194124 0.1011264764288306
v -0.6342812198010007 -0.6514517514876869 -0.5772348506802298
v -0.5033193629540872 -1.2224705301151646 -0.0171002444910216
v -1.0711914082667617 -0.39408629321949845 -0.9111944801042747
v -1.2553512665147224 -0.5151074233322777 -0.1266408145994993
v -0.4633584152844075 -1.4181741401727042 -0.6065556496125223
v 1.4197070669941663 -0.3885977073700653 -0.35862663554937324
v 0.8052633964426958 -0.6374898003145866 -0.23181799055358038
v 0.6653622241305612 -0.7100576797640727 -0.2525725838747038
v -0.9756129284328425 -0.8492003119532373 -0.5891548719341249
v -1.0153310446998527 -1.5146048946407549 -0.4628053611084363
v 0.5942761527715537 -1.049167322088395 -0.4078997303354101
v -0.6480756133319318 0.48947517998206497 -0.5247854138404391
v -0.040893933119944936 0.2806157315730852 -0.22500587420141505
v -0.6696300400374612 -0.14755173153110507 -0.9381278012236615
v 0.6375102968531388 -0.7139283566820385 -0.5486123410678885
v 0.7783008838887329 -0.6942531708045806 -0.8288406739719467
v 1.240411944427439 -0.26440285825960036 -0.27335783913153267
v -1.5168941999026615 -0.9054488083316796 -0.3573742455066702
v -1.3545762314593313 0.4492735073032252 -0.5366347318103162
v 0.38186955756464575 -1.1243660671592886 -0.31255118521182523
v 1.5681069608386267 -0.7062242025503456 -0.26514306341858035
v 0.6314499841390413 -0.26625413969458234 -0.22673699184818577
v -0.5269411155307542 0.5555964023532394 -0.2879809991501664
v 0.8668851635617585 -0.951423628700069 -0.6000791850788911
v -0.4966106784718805 -0.09567229272357014 -0.27941171343528115
v -1.4646376967853352 -0.15641728348022904 -0.21879525242595987
v -0.653649527990126 -1.4830782446566368 -0.6955459266986361
v -1.2921944537161694 -1.194121990760483 -0.2078571284935622
v -0.3353315594613446 0.5170488645998985 -0.3883366602332273
v -1.1620915086301051 -1.1465760591654777 -0.07489443627251052
v 0.936291684171698 -0.932303258924291 -0.308841567910769
v 0.9206859511959131 -0.9245906990901982 -0.850305161648959
v 0.9534865718203853 -0.5849189875167349 -0.6699524506958597
v -0.6100787782514366 0.6581564439869967 -0.29055111717763277
v -0.9418694185100676 -1.2262255739781276 -0.7425074533246477
v -0.04279674170935582 -0.13187686513061586 -0.1425808878657843
v 0.23127557667739268 0.1164546290658936 -0.3989938787066942
v -0.7733845856356911 -0.2745076849710868 -0.9478456079352798
v -0.5462755425789997 -1.4560946482959443 -0.020842749351113576
v -0.18506810351031075 -1.3069529859900406 0.12104401678967258
v 1.3487252422422296 -0.5037575789553705 -0.038319516168938805
v 0.49456208722842593 -1.071953909510284 -0.7973167265304445
v -0.5879236120913985 0.34982615887029617 -0.26814970169338204
v 0.5979124039892503 -0.04074398841286431 -0.21362034036467206
v 0.5461684500019608 -1.0700208562895424 -0.028706353497128634
v -0.6185368622863434 -1.4672293424603555 -0.84258302368589
v -1.0959475332347035 0.7063547018058502 -0.37438182310613
v -0.3223804784563121 -1.1235236289854127 -0.7647478886785364
v -0.8554281160297801 -0.7560233989227712 -0.31956519739468775
v -0.8577172888550422 -0.23931165775059396 0.01907507686653731
v -0.1892744918617213 0.41300635911164546 -0.48546184892367417
v -0.43515497862222097 -1.4044075073184938 0.10948750738921709
v -0.6938376084693401 -0.6348022409131615 -0.4088964320263827
v -1.1609801475943369 -0.4759283252156278 -0.2069678727431979
v 0.3143958119725317 0.056313497610733565 -0.48839076922663954
v 0.08154772095517604 -0.20834367896571052 -0.5938631979614785
v 0.3601969939778668 -0.8170257273770216 -0.6267629383107064
v -0.7417024997079007 0.6744426414244515 -0.2878370291409733
v 1.0059875556862419 -0.8956421157882986 -0.8491788372706204
v -0.9265541095072789 -1.4443712767606105 -0.7367788777166191
v -0.13437055017782992 -1.289352776563919 -0.8504333734501064
v -1.1915025645371047 -0.4425393252947859 -0.8407789970034079
v -1.3292637006587593 -1.1010862657100466 -0.5744403421291184
v 0.38646240951009175 -1.1080074376054074 -0.808746911935256
v -1.1347112942689317 -0.48718308381006575 -0.7782046034839716
v -1.0593356717581723 0.32560462067769086 -0.5842414308708994
v 1.0777500575646328 -0.7703238435584794 -0.8811088218684845
v -0.5544574108612792 -1.0296351126382863 -0.03089288931790718
v -0.023142520408806044 0.3128430952168532 -0.2601604094441032
v -0.7154758537392278 0.6074281094889893 -0.22409400452828168
v -1.101465270775439 -1.0396947512475083 -0.6949096567573867
v -0.9534079043358734 0.17865631016401523 -0.31450784593717995
v -0.9849030379039001 0.5844276635110013 -0.5171132530441225
v -0.5141160803184494 0.12263115111246331 -0.8226141946302616
v -1.1975642483941469 -0.24579533568841241 -0.7026263498919505
v -1.0276424378420923 0.2738100536312689 -0.19585000985522377
v -0.8647823910163221 -0.2981842435222678 -0.7608216506638552
v -0.10804444666657453 -1.2361131838268826 0.1313893896655871
v -0.3806397261556956 -0.742195859501525 -0.044078117820292584
v -0.9256052587179124 0.3627678405910845 -0.2550056670942482
v -0.6602505479437188 0.6609394269887179 -0.45988820481450365
v -0.5887074090648425 -0.15975426784651797 -0.8602912752017263
v 0.5551574246877442 -0.7455580808466511 -0.7166067220724383
v 0.8959304025054409 -0.7100603028201409 0.10858289086354478
v 0.26918815601751805 -0.31472316843755793 -0.30354124594913373
v -0.8788432631978094 0.43248189465337344 -0.4632783458094457
v -1.2557998687172804 -0.42445385049606327 0.07260425896782069
v 0.7894323787196063 -0.7005847512337222 0.006481307764237831
v 0.8861106741682667 -0.08403548203848399 -0.2812585833668758
v -0.3863952278316961 0.18879400456290057 -0.6525545742764467
v -0.9726178951939783 -0.8761016596088849 -0.1215488864938209
v -0.9198173066588873 -1.139666273718049 -0.7440976015793943
v -0.6163611167643905 -0.21640766869802 0.16323364802195262
v -0.7804715664691758 -0.32570252601648086 -0.8790989448995661
v 1.1337358906467998 -0.8633928933439627 -0.2905417178933887
v 0.27460419052070356 -0.924484743522356 0.11666460609595097
v -0.45748791644578446 0.18471757671668293 -0.7801777974112102
v -0.35304811732139657 -0.651823231867515 -0.05684137211353857
v -1.0026022080816823 -1.3418065454205494 -0.5259965503649799
v 1.2923205746695503 -0.36351880740428744 -0.1541526189400896
v 1.4278460721556965 -0.7606615184570291 -0.20480768671292177
v 0.5787273917787028 -0.08837228794273566 -0.5641570879900897
v -0.6624179275065454 -1.4845402009818727 -0.7656118875784268
v 0.10151142312848949 0.011369140844375236 -0.18549966907008925
v 0.4576767920284311 -0.251097585198825 -0.24579554096163114
v -0.7536352785526723 -0.8032967711463352 -0.6474084363453607
v 0.736295959521249 -0.4590038905448724 -0.45327528175042
v 0.7046252799130277 -1.0143554533520596 -0.19740216354025636
v -1.5455600694266745 -0.4185640165547563 -0.5011394774816896
v 1.0647137272373866 -0.886438189606388 0.1078858534567173
v -0.12255525245029072 -1.1977176044807605 0.127308749032351
v -0.4724820401816875 -1.4284134183793182 -0.07240094327685204
v -0.16412707449198238 -0.061817759965548724 -0.20354480444594625
v 0.0027929067213953718 -0.401866933281541 -0.20033797930121897
v -0.02244198559388777 -0.9890859843886057 -0.6586138536654265
v 0.504707948870069 -1.0838046781096533 -0.16366936442975968
v 0.29269274542314255 -1.1454083819107925 0.11368823232411696
v 0.19191813061974788 -1.1904088164364253 -0.3365476373734948
v 0.028072808294210938 -1.1852444760859575 0.13085911503545378
v -0.9420778322376615 0.167026275707105 -0.37846691498602714
v -0.17707777793591412 -0.6014079750085465 -0.13875973106692266
v -0.31440670595543624 -0.7627082374407224 -0.057742312386388106
v 0.3529853384945992 -1.1278668534283767 -0.6339830789829216
v -0.554466551814244 -0.11924603542553586 -0.8228732611602616
v -0.8487375544804077 -0.18687110353248837 0.057693556363538456
v -1.1372905929926365 -0.4441783975195301 -0.09416533369765184
v -1.4922705988810703 -0.7755534423644601 -0.19023394745520772
v 0.46946619701311615 -0.27646859822673375 -0.4895702502336312
v -0.16527776149713538 -0.947304198631644 -0.2135340775889775
v -0.05977520736078695 0.3176795734304438 -0.2401291635770358
v -0.44078314284909675 0.20029735733470294 -0.35740615935549885
v 1.3279330716557667 -0.7924001988066529 -0.4586945950736906
v -1.361856225501828 -0.9163347294739944 -0.568778614707553
v 1.190086785570083 -0.5512536526134446 -0.8068758184783051
v -0.882468247197395 -1.5630628946252623 -0.5987734993060768
v -0.18227337637119365 -0.4213527424595357 -0.6279390610110653
v -0.48165427110277503 0.015540098067229391 -0.05824854233589721
v -0.9181313771143811 -1.0981964726600972 -0.03116228909908464
v -0.8440871344029214 -1.556403491802517 -0.23370056981664775
v -0.37118080712934526 -1.3920467331586084 -0.022301307626443057
v -0.9443712575932155 -1.493217787117752 -0.11209561101234444
v -0.2247025403144209 -1.3208749156864652 -0.8594284089851381
v 1.3846240100293343 -0.7762168569616872 -0.03631005650439484
v 1.2090521764498363 -0.8384445500324842 -0.49624839200995385
v 1.1402114609567713 -0.40376761560580576 -0.11154000004518944
v 1.0864102162749687 -0.8837848292920327 -0.12855137312729326
v -0.23860887077589502 -1.3387610580956482 -0.579434004990427
v 0.44257812361090415 -0.8462442867375681 0.09673883887744072
v -1.1415089241978118 -0.4273224603810989 -0.35872615270686653
v -0.9369771407401191 -0.3724151603905748 0.18467534293146382
v 1.2044176934251276 -0.4567783467008991 -0.08221421333204021
v -1.3253796103858997 -0.33269155955178564 -0.7821410952632828
v -0.3864341166250696 -1.392617923489077 -0.46662143076825674
v -0.797250898447436 -1.3647525629851238 -0.8176409001967548
v -0.3755426711677022 0.17281997066918825 -0.11349314349081646
v -0.1556949229432036 -0.9907150611799995 -0.4769832971027814
v -0.8165874120175538 0.5895499157345583 -0.48110207140718964
v -0.2827512877643382 -0.31047202915989436 -0.6021613749344146
v 0.1604648467189897 -0.06863744741136518 -0.59641545138739
v -0.23858222291083941 0.46213802745800997 -0.2751649856610049
v -0.43504971856166946 0.07280618122700477 -0.3423210632659608
v -1.5038935391636143 -0.6944800651544725 -0.5271504764469445
v -0.9212577618730196 0.239450503093588 -0.41473034718151036
v -0.7457613610271167 -0.7676465180500474 -0.12863197248647712
v 1.4948447266532918 -0.5349010839088119 -0.19604298332096204
v 1.08514238597041 -0.26389366743619624 -0.16422934715702822
v -1.0902254357802976 0.3672908238612617 -0.6018316051203969
v 0.755484031963876 -0.030050643303550173 -0.29194819260845656
v -0.5628248603603778 -0.1928696949424377 0.12058414736900375
v 0.7485973373585015 -0.6846006225484751 -0.6975696343268228
v -0.8580195563236184 -1.3353407916991966 -0.7072685033684949
v -0.15590564178067542 -1.0023427905270317 -0.22051877910744255
v -0.6203149763543345 -1.3735403572191378 -0.8753591823253635
v -1.0638751683585965 0.2404372689661209 -0.5650835831879665
v -1.0571444462310904 0.07577347366078474 -0.3156900493584241
v -0.1096629318755114 -0.49302576235705736 -0.5728730263851467
v -0.45264809979719817 -0.9315576353652928 -0.02932684535869573
v 0.9747686378708424 -0.37960791794716986 -0.1433229345301442
v 0.9015672903809067 -0.9362258803010601 -0.7251846718210029
v 1.2540609769345954 -0.4833023121005652 -0.05306987453523915
v -1.2298662896493089 -0.6445788875415804 -0.5002226796426101
v 0.49109285711870304 -1.084854377456184 0.09646786923694989
v 0.26767667957317814 -0.28974754136864356 -0.4865493639951868
v -1.1589246652187797 -0.2985634539688421 -0.888665091278519
v -1.3788755869819573 -0.5688958309366561 -0.09841190249883308
v -0.35814396013954025 0.5064340720711695 -0.2760943225029555
v 0.9185056351974779 -0.7834205041752922 -0.8824340414603515
v -1.056906741710736 0.36335717372602433 -0.16263945723356119
v 0.02932025029933094 -1.2092554345425492 -0.8726641710601085
v -1.2279851411440967 -0.48116340859338713 -0.7784748378738979
v 0.4142842312576414 -1.1061333037880139 -0.6406168076508183
v 0.2797389221322208 -0.08663616264347129 -0.5910140821522217
v 1.1207195909295282 -0.5917506178163161 0.012833534824097326
v 0.05462081837450139 -0.9556171004875078 -0.7628162463440132
v 0.9990410474538596 -0.9176248756267688 0.02889031421377658
v -1.4502216190946244 -0.5588879778131424 -0.110023814022909
v -0.249438793645483 -0.9839940165396537 -0.5919106109216841
v 0.5118413101040307 -0.0958175345175235 -0.5803799147775353
v 0.018751003562330226 0.02292855150381523 -0.553323151049852
v -1.0289408704674456 -1.320760375571491 -0.574667296093921
v 1.0309607981587308 -0.439866749107568 -0.6442255167797997
v -0.5439908408720356 0.10632575767378277 0.0526426234447428
v -1.1858922251685102 0.28173472331741506 -0.5816630064992173
v -1.0597451864509884 -0.7968678991830308 -0.4167744431091356
v -0.9350033307921373 -0.7801219515547284 -0.33523283051935276
v 0.806195912746547 -0.6515810761004996 -0.5794547112360556
v 0.6511679735223377 -0.3420419198258624 -0.5008229223061968
v -1.0045661815694087 -1.4786523343326168 -0.559737894279335
v -0.43544617758905535 -0.4756090476258824 -0.5973960967957639
v -0.14534036937105063 -1.3087500774712517 -0.3688418492037261
v -1.1626406215720004 -0.6898216964222343 -0.2834992296548776
v 0.6847034472786195 -0.2323746084173663 -0.5704958222085079
v 0.44930960086061184 0.020752925211683593 -0.23488652897726214
v -1.3652946545743874 -0.3561041234070205 -0.7475903398355459
v -0.6838319412258832 -1.4990029571476138 -0.3579776278888839
v -1.440951937666279 -0.955933755021185 -0.20002941252375175
v -0.27091741005631653 0.4950781668450141 -0.4024856432526388
v 0.34520378433726023 -0.9726681969717341 0.1323155073023632
v 1.3269749805552513 -0.4494575760595254 -0.07895254246952516
v -1.1158758241510973 -0.239218857206366 -0.8623839771531592
v 1.4451284943648388 -0.46714369057187777 -0.18006060333976026
v -0.49168257214063793 -0.028469397542125796 -0.38888485907982623
v 0.7769764392907041 -0.975901848826249 -0.7879276563077262
v -0.8343672809127044 -1.4340983757443961 -0.8188834339075655
v 1.0371901390161264 -0.3884999786598912 -0.1268287804127439
v -0.9190180495519511 -0.39930039214871293 -0.8780899227937281
v 0.020138043816529783 -0.43521599121225474 -0.23972952508774917
v -0.9871650859448213 -1.5841432436897536 -0.22418837493182314
v -0.6521084825501092 -0.03410543093720586 0.07045017353006672
v 1.338007693479196 -0.7943339475346853 -0.019285389297218514
v 1.0928642457305626 -0.8172791106188739 0.11961313970451654
v -1.561235690949365 -0.5150955997083342 -0.48226507882720804
v 0.05896752035391911 -1.2254041003811598 0.11896556280188247
v 1.3431050664133795 -0.47721008553763894 -0.6934050558994072
v -0.8114893833193535 -1.0232010541777565 -0.0317550997704783
v 0.33833314601448444 -1.1401485782167549 -0.27953767974146126
v -1.2293765730300468 -1.2517899181612386 -0.5353365972595162
v -1.3424789154611962 -1.0113469074001176 -0.1466075571332553
v -1.282196933843833 -0.8984717375217763 -0.13599477163985127
v -0.5156556155140632 0.11684798811792635 -0.6414693803595027
v -0.40386090627614246 0.4968509950575953 -0.4860777703087589
v -0.8504574049090676 -1.3102836909190756 -0.043737537835812246
v -0.8024161131499266 -0.8865936851649712 -0.6941535211024791
v -0.6989679683207438 -0.7024673106251528 -0.1652683555629176
v -0.42666754417964303 0.09315980465917068 -0.08531257908267842
v -0.759367470798613 -1.4028216513373135 0.04910276953754944
v -0.5315031465673998 -0.0274653632171446 -0.7215909260345921
v -0.5668043146186228 -0.48178801388378834 -0.2817126303979389
v 0.45775317860059633 -0.1261371216626609 -0.1713441880254181
v -1.2654908487191114 -0.7870735667977888 -0.15506403156557477
v 0.4882427278559654 -0.8614202160792831 -0.8660631908497896
v 0.7813715485775607 -0.19143426725243617 -0.17484594800471315
v 0.6924765758619216 -1.0194068631901403 -0.131727079288667
v 1.3085210061222323 -0.3630457034734567 -0.57353888519371
v -0.48905860197722767 -1.4332512677358533 0.010905350154391147
v -1.273436741313445 0.021427010877915043 -0.3985107594708762
v -1.014041435081274 -1.2466722960290748 -0.045198838397031094
v -0.5410418899590956 -1.248418337275142 -0.8285290867056738
v -0.38750342927720044 0.1896187967232273 0.02773422212339227
v -0.8819046279605776 -0.3156815178693528 0.2086884276532016
v 1.2958438158883119 -0.4842254688634462 -0.04459551562972802
v 1.372803625162754 -0.574359358651984 -0.016105629321921333
v -1.508766322857784 -0.003631778991340595 -0.4594701055745558
v -1.4657613782359686 -0.9806702865551635 -0.24766401136251398
v 0.2322995422541641 0.11784836606172161 -0.3329569915624371
v 0.5775004970461164 -1.0437300249337482 0.11067195630542864
v -1.4803564198884178 -0.6142852924974818 -0.5619163820871772
v -0.08316553485435346 -1.2855088468691933 -0.4456657166102743
v -0.25982096879289873 0.33753207392377876 -0.1994331243159041
v -0.16044428390071372 -1.311729372373707 -0.5204653994693507
v -0.4956975568856237 -0.07295257335978117 -0.32946814814711384
v 0.7550689929560077 -0.5251772163479452 -0.33722257752011214
v 0.39516509352335 0.05927214588247093 -0.26735404135272084
v -0.7549516155228542 -0.7311467127338807 -0.18704810675902536
v -0.7922269710831598 -1.5278060800675546 -0.804469124792537
v -0.6721109542869748 -0.0735907509781712 0.13414884464924282
v -0.005732244087980176 0.3132079583416005 -0.2825450930101012
v -1.138105191003244 0.4490081215926975 -0.5992439006942919
v -0.41093572566785674 -1.4057703836622477 -0.04176960989234674
v -1.4049789095721548 0.21421692230633899 -0.5210689408246595
v -0.9241913321390147 -1.4074742572948564 -0.7125823181715715
v 1.532966713302855 -0.5314478305951401 -0.39950525541015514
v -1.4667749112033783 0.2527119989383175 -0.46970974147063377
v -0.006166657941806208 -1.2569353009701232 -0.5338663544617015
v -0.08819357564746377 -0.9865963464905021 -0.27920407470152564
v 0.20953107776510943 -1.1346840966628569 0.13107812034550437
v -1.5510571802083288 -0.3474082752368488 -0.2318569985767751
v 1.0049868200529828 -0.9119284721988483 -0.11956923428459643
v -1.288862675718743 0.10824782187933008 -0.256926479386672
v 0.063487403648743 -1.0213624309754668 -0.8513733416177875
v -1.3428372805606839 0.31154168184596814 -0.5537683949457775
v 0.7862194728539937 -0.982916934077503 -0.3879183424052738
v 1.1831658521343646 -0.7019357244669853 0.10005831633163881
v -1.1248080653135895 -0.815629764757863 -0.4994358025654497
v 0.5545429340605148 0.004771737528694586 -0.24924352829152985
v 1.18058470534843 -0.6175226404764561 -0.8433753257199186
v -0.21436855388643836 -0.5032431022765563 -0.08801442619102001
v 0.5466829266807749 -1.065519195285737 -0.442306992673239
v -0.2601521296214981 -0.9232066197098936 -0.6011319049142275
v -0.9477013663731442 -0.9625073521158838 -0.05259235910102117
v -0.5663766769929728 -0.4634417834659309 -0.3479619652120764
v 0.587148892130114 -0.04584591195189319 -0.5288899203095677
v -0.17441702537263962 0.1124836798682331 -0.5887424162390508
v -1.047152391058896 0.612534841964143 -0.5323056361011739
v -1.4710446900764351 -0.342786331215011 -0.10714731509803216
v -0.55381152304778 0.5366296403305411 -0.2523301896480459
v -1.2995727527463097 -0.5755262012979201 -0.5671579436185594
v 0.5021079240290987 -0.7669798047610982 -0.2958480609609985
v -0.09648310845835734 0.38809795779029505 -0.28569142889216687
v -0.9339535519590589 -0.8024114897233467 -0.2281016963825326
v 0.8296177765278416 -0.5565363484331677 -0.23652897938027587
v -1.2804700091124441 0.49875183635495507 -0.564449280538768
v 0.40813856986314595 -1.1097758145713275 -0.5932742225160025
v 0.8532874197493885 -0.21262695068020843 -0.16769929264567895
v 0.9666107943975502 -0.2794795883900121 -0.15093387081323453
v -1.119047893802922 0.1788910140672007 -0.22024910112334883
v 0.021421811173865823 -0.12835173610635037 -0.13874109147152952
v 0.3513429278348594 -1.136753608414051 -0.10330839305580009
v -0.843687297197266 -1.5512915529585007 -0.5295714578396291
v 0.4365555272636042 -0.8186424837535499 -0.0040120293198826484
v -0.9235064760455944 0.23032960061056068 -0.3386765851905961
v -0.4388956751633569 0.46371309314036463 -0.5364201777469266
v -0.2896257016981212 0.2825919062458557 -0.21238225790052234
v -1.1512599761579299 -0.2851492445946926 -0.5477178988202984
v 0.5864126479837231 -0.10082604149158114 -0.17506552959223326
v -0.9774495247281703 -1.3267322197582 -0.6158455802388481
v 0.715094671674708 -0.6790941323542133 -0.3644030819306449
v -0.04271743400656913 -0.9799247424827129 -0.26629696962890786
v -1.48800390011173 -0.5333600185971582 -0.1305375034901405
v -0.46505660562886864 0.2223365128786377 -0.2895722602165781
v -0.25889246655969705 -1.094170200825364 -0.7395110290712023
v -0.1666689549234428 -1.2858009201880503 -0.8798101507834888
v -1.1671522183942455 -1.0650751635596614 -0.0766979860357076
v -0.6467925613535234 0.29491146663085294 -0.3979749406540533
v -1.0559476967716503 -0.24321383121301396 -0.8997167021291363
v 0.4874139812398996 -0.07334758175767486 -0.17500686852016456
v -0.2902415634682953 0.04209114850796242 -0.5592025722534341
v -0.5336264707112641 -0.04018627105220007 -0.8753669521353834
v -0.33427446786589476 -0.3720494229138049 -0.6038065477516809
v 0.5175505108661016 -0.8130957733662438 0.08746343441767407
v 0.9397362734516903 -0.40506465721657736 -0.1541699867507224
v -0.927372562615441 0.3247110726537605 -0.4627817734754601
v 0.12495196624845084 -1.1825900228315738 0.1266689021964632
v 0.0354404759986206 -0.9732312200594453 -0.10654707243444544
v -1.3361965173333317 -0.20854909207613545 -0.6179312675024623
v -1.0817505800838645 -1.3283180757393807 -0.3388435864269327
v -0.6167309875416314 -1.1454657115831903 -0.7410641167231682
v -0.03658266226908363 -1.268874001562685 -0.45937448325789093
v -0.6229809551581083 -0.5652122454799122 -0.25835296484007775
v -0.11041382141828276 -0.3604956359276019 -0.6123098993753994
v 1.3637170608682545 -0.7805319431668294 -0.3994346713559586
v -0.7686983966118215 -1.0955256650485619 -0.03235329565546646
v -0.410462303790836 -0.36124121974332635 -0.5530334821990573
v 0.3503821143200914 -0.8248235365333281 -0.7069916119802139
v 0.470524083474041 -1.089403293212489 -0.5488832510934687
v 0.6306177997297955 0.019628190564295378 -0.3094586219791559
v 0.5297137808270405 -1.0675005365840964 -0.6043027623962026
v -0.6724980537733904 -0.9056313293164192 -0.7104482434721553
v 0.10870177621702204 -1.2222849290267088 -0.034837309880333345
v -0.2112805611302514 -0.31394497526571397 -0.6227347389271957
v 0.6799397389992825 -0.08276938056633398 -0.5437976421683179
v -0.8030547676876015 -1.2617705073989534 -0.036617152780732964
v -1.3385581818899304 -0.4253203333505635 0.02336641646560833
v -0.3472121553876703 0.22080283981590326 -0.02758521561601568
v -1.2096418716001345 0.14173641844421275 -0.25495656427951857
v -0.4851980993373443 0.5298490602661039 -0.32065126183670817
v -1.1810781820329568 -0.8188060670683431 -0.17320689565160585
v -0.12728011167952824 -1.303903405107942 -0.2458619917153567
v -0.934353965442184 -0.9168952089921849 -0.6845420872630774
v -1.1177751353324175 0.5734782723604932 -0.5730379410996109
v -0.6122578820800222 -0.12072917491568541 -0.7487528703362792
v -0.48677002530107216 0.22456124198549893 -0.3480063385772287
v 1.2607258245858457 -0.5856443420061159 0.0487604408490237
v 1.3542999318942623 -0.6175288801704364 -0.7750865648128226
v -0.4358847446149893 -0.42072599103235153 -0.18260947858740234
v -1.5677790235410962 -0.28795476203263526 -0.4227582897645202
v 0.6360394579062179 -0.7183683162533323 -0.6318915693297016
v -0.7076858342645782 -0.08686023522092629 0.08405501151680272
v -0.2953628221100081 -1.3642908057589516 -0.19900866615215476
v 0.8012634147835542 -0.40178464483322235 -0.21590933434520207
v -1.5056698449126493 -0.8795572975189822 -0.2455602409093392
v -1.546118064990255 -0.7479815064506719 -0.2482584713797687
v -1.4843389939936529 -0.0942816159598216 -0.23835075143449153
v -1.5860035401830657 -0.5373769507625581 -0.3100454115445751
v -0.8434757040077714 -0.7519045451318156 -0.3964389426098039
v -0.49201659448494794 -0.4955941714237521 -0.5704412348219996
v -0.2374145655277912 0.15126852470919067 -0.19291214731566253
v 1.1695416790449447 -0.8430056868454703 -0.794547494701444
v -0.1422662072741319 0.4223202151887742 -0.43137222704747397
v -0.2523719863503775 -0.5379928920192798 -0.6410120147650809
v -0.8940921810617832 -0.19413108683664723 -0.9271473109614363
v 0.8182280497757171 -0.46693090508417046 -0.534082577742589
v -0.6579478624053787 -1.488118526378065 -0.4456982464798463
v -1.2502319950366976 -0.20642978200292078 0.007636167813135586
v -0.9869682971248022 -0.7902072643187992 -0.4020538921981547
v -0.3221012223432424 -1.3721055256782426 -0.35783876489036887
v -0.08900513329762871 -0.6776911550472363 -0.2591694705278257
v 1.3009407119032104 -0.48214794884258944 -0.7277680839735419
v 0.5453523218753136 -1.0520479543137429 -0.832218911856398
v -1.4100060362699687 -0.746248600356582 -0.5608584757546153
v 0.5577352330386831 0.033265419319145284 -0.2937547429888224
v -0.3525701845828041 0.3044768976308781 -0.6368357915584535
v -0.654518355697778 -0.11913282671023245 0.18052839064596027
v 1.1578630981791374 -0.5886140587795952 -0.8368417898451691
v -0.8028073061935392 -0.2230642298766914 -0.9630577433993895
v -0.4050734934301756 -1.4014138849658484 -0.3461463931085672
v -0.5220302975235969 0.2552637555733071 -0.7238612605480921
v -1.063565667614196 -0.2196387769830142 -0.8132432870836513
v -0.31693443778143837 0.27381289527534264 -0.576578669358827
v -1.2909832973199915 -0.7028613651844762 -0.5456021457700853
v -0.7193941033558835 -1.125463041129956 -0.7419694684994049
v -0.43810647310468165 -0.32785120636900367 -0.25728611627091996
v 0.11196924959750598 -1.2148359863274611 -0.5422280610577419
v -0.31513937320718893 -1.165731502380348 0.05803729593828266
v -0.3954545481120335 -1.3562919155090598 -0.888072340222036
v 0.9174626127209387 -0.1334176522393533 -0.5108851243565764
v 1.2914860255355154 -0.3860875420710648 -0.627400698624722
v -0.11468982011368273 -1.02621627699969 -0.2083667763646146
v -0.656740322647113 -0.6443973800103218 -0.5401242707329303
v 1.4965192896215032 -0.7300356100293919 -0.5616808435752427
v -0.649439423642619 0.03153791831028668 -0.797861010664578
v 0.7600325304158069 -0.6306063050427496 -0.35033000856411367
v 0.14143809222455178 -1.2095394598484699 -0.22049143573509616
v -1.4072551658334451 -0.011910382401950359 -0.4896839159965828
v 0.10681079125155457 -1.2153706327177083 -0.5889491408775098
v -1.4541161817201194 -0.4852286089647678 -0.08898589090315545
v -0.9243065677612796 -1.437404638560069 -0.11933437140831582
v -0.9790645125290163 -1.0486216668113166 -0.728239637916696
v 0.8388137739266373 -0.9468103487119108 -0.8593755901743121
v 0.7802150590544388 -0.714583763009603 -0.8556510294023223
v -0.14170141561073848 -0.6962753483167277 -0.20921825613327072
v 1.2540492526688365 -0.8236368023788754 -0.1721981318770473
v -0.3771733376900463 -1.1465719854799172 -0.7669018350148324
v -1.0495195401872737 -0.8594165191894342 -0.16958773404162586
v -0.3757220921770886 0.21806949616310728 -0.5248476120638724
v 0.47150041673721205 -0.7883867243060699 -0.8039035183920314
v -0.5545525960019329 -1.4073901605275818 0.1092262351075235
v -0.9702124534213337 0.6206007592452298 -0.45847082057078886
v -1.1475367865288848 0.49919209247002366 -0.5921118112450905
v 0.34479693244378634 -0.3243200562387636 -0.3380670227293129
v -1.3333302920447216 -0.28951414899349204 0.04270253260298862
v -1.0352254147320932 0.40986936289891335 -0.5968295166850514
v -0.6651545102361527 0.3822772572736924 -0.5050915883675882
v -0.34685092877247203 -0.4120404164984466 -0.13297609115310052
v 1.4213980836777138 -0.3975104942000522 -0.4207471608824783
v -0.07810748788955485 -1.0898909233098788 0.11478689538391906
v -0.689847284425722 -1.496495494391229 -0.6124925197183234
v 0.4635882860539368 -0.31982477403039666 -0.3835363285271209
v 1.144975407695751 -0.8089942078993734 -0.8760569351111187
v -0.028909845708749993 -0.9999483178979445 -0.1604922275105306
v -0.17647932371964656 0.4558848803796322 -0.353333069944277
v -1.1674550223970177 -1.2170768909467424 -0.6450280725784581
v -1.3190437376831923 -1.1502889354149821 -0.5626532025110378
v -1.1674444109429238 -0.43072235834974887 0.10940180101935515
v -1.2883549752681047 -0.4734307982776827 -0.7595685452422245
v -0.08278855003110963 -1.28294991657329 -0.5793819413018023
v -0.8623580711886418 -0.34416210425109983 0.1982607265856946
v -1.344732438569896 -1.1588105292013562 -0.24161552227235988
v -0.627244772540101 0.43128603941759297 -0.22465714684581406
v -0.9919523619854977 -0.4415906732217883 -0.7923756241486827
v -1.3072487090252702 -0.9861402129375665 -0.12980330612234808
v -0.5485415252040231 -1.449168270031721 -0.5140645266424098
v 0.07094683857226292 -1.2333194900128832 -0.3107080710196008
v 0.6766589516220891 -1.0230192287003075 -0.2818657016168229
v 0.6919640664751587 -0.7152283989099788 -0.818541900084515
v 1.2832207361216152 -0.5502149621537453 -0.7864532404661668
v 1.0690620388193914 -0.8827872333774005 -0.4787187467663919
v -0.014705798383545021 -1.2637863657305726 -0.2832080505596801
v 0.7527865764872848 -0.9260721892344868 -0.8847481929331712
v 0.5138949046740844 -0.14209492042904254 -0.5755380513503503
v 0.12206575009313986 -1.20834831419063 -0.6404044792107593
v -0.7544828436088631 -0.19774281645443426 0.021635219332290123
v 0.31096809371225026 -1.1506517915044046 -0.13549633137199898
v 0.6899769226588304 -0.9551307024316047 0.13082718131498816
v 0.6662912827695955 -0.7025690534059765 -0.3931862338555215
v -0.2546796199263006 0.4041748075332226 -0.21133311495982435
v -1.2950369920136189 0.30980623218235775 -0.17727231461099216
v -0.20679430064502785 -0.4077848657173958 -0.633436469867273
v -1.3298177815098746 -0.9303457834618243 -0.5798852501206901
v -0.35607844258735877 0.002956801317565483 -0.534010423829079
v -0.6763577019328879 -1.0328057515322557 -0.7302247945693361
v -1.3905483653297956 -1.133919893123376 -0.3161910729390707
v 0.39193120320919267 -0.8134310078804035 -0.18089237044463177
v -0.9791292344503333 -1.560076326703709 -0.19127321419237653
v -1.0631368376903332 -1.3256733198437942 -0.258019876462701
v 1.2555981474054208 -0.27685233940651666 -0.45728291398976023
v 0.7686167596016253 -0.9445879843298381 0.13067172549967865
v -1.4441665127493892 0.30724020771208854 -0.4839656338964578
v -0.24148240882687683 -1.335255522505346 -0.7564514206663719
v -1.5293990633015613 0.08796217931692946 -0.37433818499154226
v -0.18707909329089448 -1.1343361045578202 0.111260872135994
v -0.569697764049758 -1.442366367700912 -0.8770729520331383
v 0.726160570232242 -0.0719833342709763 -0.5180649454775628
v -0.3807561342045365 0.32444226902168943 -0.048394118120731244
v 1.4133633052516175 -0.7600766961836609 -0.6157806397295253
v -1.086397323908528 0.5374257577188506 -0.15814153209748927
v 0.48804528327192925 -1.0856772818110072 -0.43760675440209534
v 0.31827278819938826 0.07376900177709761 -0.26372879902185564
v -0.9017829417102192 0.5846599430744877 -0.3812575684395839
v -1.0459156399944172 0.6624681718855063 -0.47998679565895613
v 0.875180637992079 -0.8086834751134864 -0.8836852789481155
v 0.8850502441378212 -0.22081285290477456 -0.5871887721812523
v -1.0376931938296294 -0.2750178097614243 -0.9338538493068601
v -0.35234273382707965 -1.0146541240543607 -0.6718326851057753
v -0.2898370365563363 -1.3590754747882505 -0.44961003781451603
v -0.03224528008736238 -1.2313353666853608 -0.8725106030503025
v 1.2459572638001637 -0.8197152739421347 -0.6217220604401719
v 0.12592829951162177 -1.2125783696615642 -0.40601200431839085
v -0.9610800651321898 -1.355260398710274 -0.33928455792092904
v -0.806572305746579 0.6233916710300662 -0.27996207829029995
v -0.6079794193016491 0.6052271866031098 -0.24141797833013925
v 0.20105650027159255 -0.34278823889215143 -0.3100772459068563
v 1.1544650482727172 -0.2912506121105834 -0.5910404319427242
v -0.029701432363850866 -0.17557982086946558 -0.12874720810874218
v -0.5485446053077394 0.6121284471183173 -0.3975121898460369
v -0.7107474176153521 -0.15978602272225162 -0.7612285025573292
v -0.2173331636492396 -0.00935888409824015 -0.5436770809473692
v -0.2937334075007874 -1.35807213597056 -0.5847110373936393
v -1.012753534423467 -1.3465625037615037 -0.3899672075257501
v 0.1232774430235134 -0.3561566838865672 -0.26195010867639507
v 0.9415039350386827 -0.936029747245058 -0.046008408883508045
v -0.08101276094463344 -1.2150350206424478 -0.8750040960459611
v 1.3294842118873185 -0.7948042296930792 -0.2549151120449876
v 1.4990756763478856 -0.6789818973491171 -0.08205609471738884
v -1.2023547833832717 0.19115453643619723 -0.5438551904287214
v 0.6911724996916946 -0.003050891302074643 -0.3014657329636018
v -1.214399061982575 -0.5451712625107739 -0.19640939643338592
v -0.6094604523982895 -1.209003800004742 -0.03543987752543498
v -1.1398033416044313 -0.4981836642971762 -0.7306621494254204
v -1.4236857307128306 0.4710918690897901 -0.4382205296503971
v -1.1617609836938858 0.6951145886077923 -0.4468961087509516
v -0.9885873586112086 0.5291853674659603 -0.18348077037802749
v 0.02097746150159996 -1.1070002436901625 -0.8645669360792994
v -0.5078090612324909 -1.0635751133065272 -0.7269183926522049
v -0.38968690486589946 -0.5725790984472099 -0.6466468757335849
v -0.4132234081203527 -1.4056053894612361 -0.2406749380839354
v -0.4923736679280384 0.00373763741711447 0.12741410845108703
v -0.7701636317571425 0.3495913953521999 -0.4510118824381909
v -1.050192493170203 -0.40956683488294154 -0.6624574455423253
v -0.7354223669466404 -0.2861066600595541 -0.8874411971631013
v 1.033667851635935 -0.13630062931785292 -0.388208746506633
v -0.11955958331904665 -1.00994170446981 -0.4997437533221737
v 0.8919797025057608 -0.15428791835875322 -0.5459702281000071
v -0.511947349484315 -1.1450170497657215 -0.738416360210413
v 0.9208825611712004 -0.08192382254546798 -0.39495975757539337
v 1.1253094223861686 -0.20391983529192595 -0.4702687703593321
v 1.4265624836430926 -0.6908737604935535 -0.757279630748242
v -1.5532114444908147 -0.17920265873226834 -0.43019242809429226
v 1.2133038522616957 -0.572318203726617 -0.8207578061846017
v 0.21270151794271014 -1.1820950998434492 0.0816480992430289
v -1.0174163742740032 -0.4259130844070466 0.1217995165522
v 0.8481102224498596 -0.9551946692307203 -0.6986075100494101
v 0.5606060288037755 -1.0323416295812946 -0.8727398025100725
v -1.283209751432315 -1.229686994534557 -0.4631637858228345
v -0.5619790837515062 -1.4599003847045875 -0.11225575653395753
v 0.6987072083757147 -0.3580549617427695 -0.5203896289179286
v -1.391824959026218 -0.9031212435039662 -0.15572094813754225
v -0.7948423169561643 -0.7185543942610735 -0.37008948992521495
v -0.5866749579164289 -0.09105052754646425 -0.9071985920023302
v 0.17855880670665997 -1.1906491440128477 -0.5689083764963772
v 0.568270916580994 -1.0530913344797457 -0.6336688885322175
v -1.1505048936997768 -0.2728441905046175 -0.6620912311462701
v -0.043644267022272865 -1.268233161144953 -0.6187477930618471
v -0.820287789007461 -1.1093105599370643 -0.031800665433843356
v -1.0066126620934595 -0.8109329245366258 -0.24081157545911985
v -1.3833194811373535 -1.0766393434119523 -0.1998877873677105
v -1.129127900839946 0.37257793118437194 -0.149180437318248
v -1.2714742383268476 -0.3101890173074544 0.08782271361245814
v -0.5763381497160094 -0.5255171803116823 -0.4987841321056185
v -1.48557530788212 -0.41994549275062953 -0.5874357567560294
v -0.35958922428979717 -1.0223384860357214 -0.036384157838319
v -0.8109506235002724 -0.7521951479495435 -0.21572353454037735
v -0.5444305207096348 -1.4041795597718474 -0.892024530594482
v -0.07536361226921279 -0.9815474206070312 -0.4339478892616298
v -1.368789101791311 -1.120703406536179 -0.5232859398647745
v 0.8283167804613312 -0.0762669040600274 -0.2599366548128383
v -1.0207123833250464 0.6259926894528804 -0.5069912572383721
v -0.09686627336067072 0.20040349174727717 -0.5832194127145421
v -0.11676779718218772 -1.301197007394755 -0.11697574721215953
v 1.4003011616680647 -0.38648654466797133 -0.25047648387336463
v 0.35763687138375094 -0.8215997807539794 -0.7559836820774988
v -1.3558329137756004 -0.2838377563039094 -0.7213377415091085
v -1.5188456940024275 -0.8059942464945633 -0.4803222885043953
v -0.2666272230121845 -0.2855927397865726 -0.14724710589458997
v 0.6206853594682398 -0.7296729129130646 -0.7625075205934511
v -1.4939835538517328 -0.5192727767535317 -0.5701986617506096
v -0.23669328472397053 -0.08362036354406815 -0.2195240844517948
v -0.12994583215202263 -0.8065480888860359 -0.48386748788190925
v -0.5429231179508552 -0.6580507644059548 -0.6371894669516376
v 1.3161930079454538 -0.7988901164384514 -0.3092151745557433
v 1.3936354794080656 -0.3681600070422616 -0.2904214348753562
v 1.1281790854679588 -0.1869133705041314 -0.3128440732677944
v -0.7010121238632796 -0.16126791029927778 0.19368357323338348
v 0.09885788396940226 -0.26310223975419034 -0.1721949126718728
v -0.23694480003195625 -1.2838234936021564 0.12349164604741286
v 0.455325560081194 -0.21214160582105987 -0.5402823694759448
v -0.20932429783763426 -0.9824768568071662 -0.5508589488469542
v -0.8726553149600338 -0.38064114370672725 0.1412775161769011
v -0.3835189474948249 -1.189637578337489 -0.84289775067079
v -0.23169495202799528 -1.3415668139932333 -0.20996161432566465
v -0.13886561379819115 -0.9846469389126085 -0.26456181803985057
v 0.1334868740315343 -0.913978271286258 -0.35210118743083374
v -0.7935493689025899 0.4308227918186545 -0.5068634428699622
v -1.2542824307818767 -0.1423783098425832 -0.4216862745697737
v -0.1059560568603446 -1.021808728068147 -0.5992046939547284
v -1.3038882165125527 0.637602355481989 -0.29735532461832
v -0.4680192480996188 -0.8546804722286334 -0.6986691916102845
v -0.6160141778561087 -0.9760862576164921 -0.030768969790325673
v -1.188999890845208 -0.5939289069077895 -0.2511846692684816
v -0.43421524891418234 0.25096814357230696 -0.7400290627730178
v 0.2540367085324389 -0.898072059289216 0.05782313930763067
v -1.2613762872017216 -0.31038942276538567 -0.8255212163893857
v 0.023487746030421752 -0.3495365672899331 -0.5534715524340692
v 0.14754460649439444 0.020426454089387813 -0.5490533920484322
v -0.5891867924329273 0.6467116728007156 -0.41828274009157473
v 1.1665330933497287 -0.6896732950380171 -0.8611598048348252
v 0.857132243667774 -0.6741442467089507 -0.8419478069413951
v 1.2005018085332606 -0.8450746223191951 -0.01236727763393719
v -1.0134872350003377 -1.3491392589156879 -0.46095686170261746
v 0.7441771103226291 -0.04837735977399177 -0.25657149246545397
v -0.27440279580682275 -1.3518485380162224 -0.5287047961403969
v -0.7508292245805338 -1.5241768435376764 -0.24722862379848085
v -0.6553149698770095 -1.3913929761769046 0.0874137553254749
v 1.1331851283590433 -0.6129637094151636 0.054986880447435105
v 0.3966758347171255 -0.8024843987590582 -0.5238408354530018
v -1.085066838332888 0.05605343749888958 -0.3585445458174234
v -0.46511469042346787 -0.6586110452077766 -0.07508289887667713
v -0.12636460549684586 -1.3012363333641397 -0.41808434166896835
v -0.10255919925213725 0.36672619117096333 -0.48305070399124495
v -1.1918721173681557 0.34426686973684534 -0.5972667125680405
v -1.2405617212804954 -0.17590060870361376 -0.212380668169572
v 0.243477059796051 -1.1715721738920148 -0.3993024057408877
v 1.3830641064059188 -0.35583547874804455 -0.3743305145397067
v -1.3040638022960211 0.5295200257026507 -0.5395324933866543
v -0.5784821204905917 0.6178731187522184 -0.2713659459939903
v 0.24974914454437497 -1.0543033056130358 -0.8735256065188413
v -0.47499725287645544 0.2613529219041539 -0.19791757418600384
v -1.0243490319754807 0.08448784219652833 -0.3308592819585106
v 0.2645585216722079 -0.8546029132298922 -0.6971204161035215
v 0.44515392492651823 -1.0997395648787127 -0.4896873935330367
v -1.1149105792613052 -0.9391598082565193 -0.6392550639903665
v 1.1270175088057959 -0.864438697849665 -0.3583836054303351
v -1.1714218979091178 -0.21335351733943908 0.0735447636696977
v -0.7530467005399339 -0.6890464641242854 -0.3639051781969884
v -0.8811705696942433 -1.381711395459318 -0.12189664013921475
v 0.18433823383346365 0.01567840465991177 -0.5489361692624792
v -1.294725066929519 -0.4322485795486535 -0.794415089984915
v 0.9451011981048214 -0.9319035608200938 0.105810896877018
v -0.26248237712019024 -0.2489529387885888 -0.5907827564273057
v -0.8663241120919929 -0.7683481060617203 -0.26312597304547464
v 1.1298144416966065 -0.8612686352331651 -0.5017621949665872
v 1.479891856435551 -0.676919936819937 -0.7014961306727836
v -0.6088398214352642 -1.4733493694432764 -0.33588054652344496
v -0.21202064050256023 -1.079824289884475 -0.10495962672231457
v 1.2617046418036264 -0.734842777578585 0.08622821346923498
v 0.7984677735491406 -0.9773062370194443 -0.47409100022658524
v 0.3464280957570524 0.09479605511147787 -0.39886517011462475
v 1.5498270023297627 -0.5954822131477611 -0.2452819187632028
v 1.074771656885837 -0.8838580165306604 -0.31710542656681406
v -1.4106785520768867 -1.0708010366250742 -0.4984796986286223
v 0.9495955662178917 -0.11037515787772817 -0.44984138341106894
v 0.6042669957738984 -0.16341464323138638 -0.5744787341315699
v -1.1292847874131107 -1.297340240622605 -0.5450130113515143
v -0.29346033146678724 -1.3630725551884075 -0.25802571872394364
v -0.354796125859515 -1.1518136662411207 -0.018271657613440073
v 0.18533108042688157 -1.1917736600722302 -0.3974917816749615
v 0.8722708143321549 -0.8658819350929603 -0.8861109500471038
v -1.0156960866693319 0.6556145238122624 -0.461599570054216
v -0.2776246041657573 -1.1476704299517138 -0.8432292095739425
v -1.1119734519723086 -0.22093532180286385 0.014818810706558772
v 0.4696137240453105 -0.8181816008794001 -0.8441685617208805
v -0.9342657751177121 -1.5832425816198206 -0.09962900051443785
v 0.9966695464370052 -0.9132196318051036 -0.1926167156901728
v 0.79936712409104 -0.9815002850843526 -0.21013493474252898
v -1.0175941061942548 0.5624107244570984 -0.18676867180122372
v 0.5452094646777856 -0.8259335065545148 0.11623182171634905
v 0.9934637347457589 -0.9058917868610008 -0.6759258647418825
v 0.9854167551346182 -0.32770193063276376 -0.6166831498616884
v -0.7374284484329149 -0.6825122724855188 -0.4295154014258026
v -0.6294542004865649 -1.4173023913344307 0.0992403202711249
v 0.3122337182651152 -0.849399008450397 -0.7906197464423599
v 0.9349415455471839 -0.31524603094713527 -0.15223603930632112
v -0.6682873930200508 -1.3851254420334262 -0.8702772297813987
v -0.5009465504091989 -1.4323651914473898 -0.5276673973370948
v -1.3513611198420252 0.5095458909199753 -0.5124107692780115
v 0.4174806834079176 -0.00801500503934316 -0.20233205831881806
v -1.014991537783764 -0.2657945882201035 -0.003835310853111895
v -0.6774998640058196 -1.2506621431534077 -0.03652941950390931
v -1.2444685447059451 -0.12293216445180027 -0.32621631374485416
v 0.35606961525468966 0.043882616315936596 -0.23663173561458054
v -0.1722137775052453 0.44371479444724377 -0.42210453278281657
v 0.8849282521590172 -0.30204661409601785 -0.5965755571657294
v -0.9673891707400206 0.187055594025395 -0.46432518364026565
v -1.2572638320778413 0.6769305703617836 -0.32741179141953386
v -0.8038046835201658 0.3812910875502659 -0.326126017026873
v -1.2150055045968682 -0.24358847118310598 -0.7705850627821124
v -0.3127819214376085 -0.6615706274464472 -0.6547849866714555
v -0.6341131653679095 -0.09190246436276867 0.008405557849841816
v -0.23600191073365373 -1.3405742654743686 -0.41361912524720035
v -0.34779185077872343 -0.35588289247363936 -0.1586765361772001
v 0.1029610391672231 -0.4235468295023285 -0.3447760847726203
v 0.16082937202591002 -0.9129572268401078 -0.1366085667597899
v -1.2596369228256459 -0.7870730302635931 -0.5542139369162561
v -1.0917553332320251 0.6309511199020013 -0.5350086556360913
v 1.3906289007481747 -0.4963097490677883 -0.6629894490048672
v 1.1923167210458065 -0.8477900020122517 -0.06224524517495372
v -0.825551666387059 -0.867060720592661 -0.0783021636660911
v 0.733387665977365 -0.31157806459697884 -0.5575303541383746
v -1.1798230099610905 0.6070328626314532 -0.551258547592967
v 0.17277097387745627 -0.08064730833559303 -0.1509868287255188
v -1.3844860455803731 -0.2681735411007877 -0.6728956189624677
v -0.5245372038741491 0.30096834155177027 -0.5531442268313876
v -0.014953597695434195 -1.045892754533545 -0.8471511155717839
v 0.2599705780210712 -1.1681504369944342 -0.15940409641827472
v -0.25524500773880043 -0.1625937657835249 -0.5588572826910132
v 0.5741150656291147 -0.1819526945600431 -0.19095671863179434
v -1.0014959341849554 -0.35284426086346143 -0.045790258053843236
v -0.675673124042384 -0.022213428691311266 -0.7748539871747833
v 0.7193469436356739 -0.6835987343602768 -0.30526338161603483
v 0.29968835647025455 -0.33781784571762896 -0.36360287098513827
v 1.1530832740022907 -0.8228047371994507 0.11168260788549073
v 0.24029493509596506 -0.045270628064227325 -0.581980734101286
v 0.3886227743850998 -0.06634501563765505 -0.5779396380254405
v 1.0325951011906238 -0.655481043811226 -0.8669239705445053
v 0.11808393111010623 -0.9230017630053013 -0.7179226218666086
v -0.30306427369908523 -0.9852886536823628 -0.6381580900196993
v -0.7343728265732048 -1.5196026510592604 -0.0077246074948338905
v -0.09264625306636076 -0.5648360952654173 -0.5348317781962256
v -1.5026773552433061 -0.7782632182559166 -0.506117978284059
v -1.186906692102853 -0.3921766686586378 -0.8751309367041639
v -0.5381937279884091 0.11416297228602174 0.018025794824381103
v 0.10634601353657641 -0.1796577192168123 -0.1389671909559462
v -0.3937592788981937 0.4788434369470777 -0.2149107448487259
v -0.590717782824683 -0.05781344628956736 0.16112942052112955
v -1.4151039854816219 -1.078933186071881 -0.24865981882982702
v -1.0372441147077862 0.13059693521531363 -0.49020757337163534
v -1.2503375730434392 -0.8928721685803704 -0.5870068274739821
v -0.25761859527752706 -1.0936090655431565 -0.0724446410063504
v 1.1463915400263425 -0.489729455231461 -0.08255501190452624
v 0.4913616011358634 -0.7669334641038947 -0.46843622787792766
v 0.8364734316364102 -0.6581920517441691 -0.7765524755937976
v 0.0763709608316584 -0.9416523474136076 -0.6610102935865647
v 0.8554969867973106 -0.6362106630486435 -0.6295058004775677
v -0.019516562699013196 -1.0114241484526687 -0.8180784537692078
v -1.103405557272005 -1.1838338084555078 -0.052806575346583784
v -0.4097428313059714 0.34413881690879283 -0.6636339855470588
v -0.6439760350287493 -1.3455275889128115 0.07493530133198806
v 0.3487279793945924 -1.1369056264361803 -0.2299230312607369
v -0.07163768035427842 -1.1136167237772476 -0.8595060872137008
v -1.5386661415454754 -0.4864198539807922 -0.5172885208814011
v 1.194633734034337 -0.5982903735134089 0.055888257896296034
v 1.0030371144005361 -0.16720847652953857 -0.5080332463897934
v 0.05057238966464711 -0.3135238356653235 -0.1770819840729589
v 0.2253549218272854 -1.0034074333444958 -0.8651411866418475
v 0.565152222145828 -1.0517986845007246 -0.6936727268481759
v -1.2331708633758471 0.5852595101024205 -0.18993867480281298
v 0.9743564405070477 -0.6512492992511569 0.039680414323057744
v -0.2881698459654074 -0.1427306538360963 -0.22329899995163752
v -0.777643951771023 -0.1867107394228696 0.19215113221213553
v 0.2389328337460495 -0.01977036991005332 -0.5680178489612524
v 1.4380526416480068 -0.4081056932948178 -0.3094805006513604
v -1.5545119636380405 -0.2665313887723272 -0.4567605681427418
v -0.48015986439451475 -1.4286154731831104 -0.29438848923218824
v 0.299755641832729 -1.1537328689309574 -0.2572739747007865
v 0.7651143637299505 -0.9948920593804651 -0.09003982290834145
v -1.0664474722661197 -1.1572972841813338 -0.0412409647364374
v 1.338265309379704 -0.7068986657776778 0.04819145627024868
v 1.0686482119813727 -0.1530939906717501 -0.32091493858646425
v -0.008092199683807366 0.03776258933301574 -0.2135945271083654
v -0.888188854279035 0.36682721857285944 -0.33594393704509107
v 0.70427563846213 -0.10901585842861261 -0.5601860593058816
v -0.7041685147936063 -0.12067637597649616 0.04192108048269644
v -0.676478402255295 -1.177521443899229 -0.7463797994601113
v -1.1758037329425386 -0.5022855675818736 -0.5645794795036034
v -0.3225275881841322 -0.02152449891233066 -0.5420869724358964
v -0.43039075368032487 0.39513041085218187 -0.6205270596847772
v 0.5714291754451875 -0.738202038049816 -0.4298840202899201
v 0.6819633472692848 -0.04966283609209948 -0.5061414268155771
v -0.3629991971783451 -0.43806061603157664 -0.6146797907896664
v -0.5813011705132495 -1.254347656158929 -0.026644233994853606
v -0.5327598884985795 0.02512045266655122 0.12531882318685977
v 0.5653024119773644 -1.0487237474099675 -0.7716386172261976
v 1.2155979929961775 -0.4009844736309895 -0.6724692332499411
v -0.21419112004073995 -0.6884295094140829 -0.5916831204226858
v -0.9557739406525858 -1.4357211730985358 -0.6794464034180289
v -0.4710673783522252 -1.3609143165785458 -0.888561043387817
v 0.08671911573673619 -0.4015814970894017 -0.2729114824239419
v -0.6964402166231047 -0.19501789837567537 -0.9491615872159977
v -0.7048846091002015 0.3434860137656595 -0.4939961804292881
v -1.1224533359582616 -0.8803080280886584 -0.583294070454299
v 0.6247686629008178 -0.32274246685852503 -0.27059041562148817
v -1.3324541714463347 -0.7358872506846161 -0.562318305814705
v -1.0822241808056172 0.4350570600766073 -0.14242930701966633
v -1.481763788827145 0.0737845612687743 -0.47683648544951457
v -0.00858881176106674 -1.186291890194247 -0.8741973672035578
v -0.34422811116400076 -0.631757588197009 -0.6608317071859273
v -0.7326855855006644 -0.28196235070175557 0.19622507610374318
v -1.2563512271541433 0.638792487686348 -0.49060927851115743
v 0.16117019047003284 -0.3814673666249093 -0.41057206806298546
v -0.959243945756147 -1.5923075851883055 -0.25324804068388
v -1.5351886249631737 -0.8553395548090208 -0.3518179569903881
v -0.9281240880505923 -1.3938399695422647 -0.3281220633365232
v -0.45154997327159185 -0.3413074243835168 -0.48778371059160314
v -0.7464314524943354 -1.5217237495797944 -0.3067248212787118
v -0.968245876749176 -0.4272615736856996 -0.8436011668730559
v 1.5725276647937843 -0.6961032798129867 -0.5685813688398855
v -0.8391277302435933 -0.8281157699733641 -0.6338080496052856
v 0.8306881423767272 -0.8987620223933143 0.1333013789512365
v -1.424070684062463 -0.2794886697280661 -0.06488761647411456
v 0.6979304658333629 -0.3941810014408668 -0.4896708007162422
v -1.0448559253428993 -0.8982608597112095 -0.6236357984298666
v -0.2728222058094154 0.047136656469889904 -0.19186201079312057
v -1.0432626771127995 -0.2260889314694167 0.03129780276501992
v 0.8895732671512719 -0.536729055913734 -0.5775802793441088
v -0.6839529197512064 -0.7398077656678761 -0.1173670992288674
v -0.41990651780589533 0.5134947031141519 -0.2885937808166241
v -1.447273065614422 0.24414487923185219 -0.48990115273095114
v 0.8691076471736525 -0.4332543625776801 -0.18643083410263278
v -0.6730001702940653 -0.6996743918049917 -0.5920861967051526
v -0.6041788892618686 -0.06491491354633722 -0.9018500018347142
v -0.3108087076387331 0.48922815566401395 -0.46250374940387695
v 1.2558090848308983 -0.2626783181246368 -0.32193008115646116
v -0.19303090686762908 -1.3244219631262089 -0.4501156914865556
v -0.706391693912791 -1.3072837493859022 -0.028918960140104033
v 0.5846489607241065 -0.7627399128299085 -0.019602779081460298
v -1.0216180133041997 -1.3378320988147983 -0.31782644903935525
v -0.9241360691168523 0.3318233500809929 -0.270848190495091
v -0.44152437477634454 0.31452133443788727 -0.04286650437646655
v -0.7741598576769138 -0.11169288586249149 -0.8919605041804557
v -1.5262868271483814 -0.83964463792692 -0.45429698196058715
v -0.9743031093595571 -1.44410157890488 -0.2953001005740422
v 1.3074042002579591 -0.6410668936692925 -0.8100518425858689
v -0.035987447129627426 0.2296795794965904 -0.5442091638964587
v -1.5053174810474994 -0.6958345159241894 -0.17789807245633235
v 0.9828759080282756 -0.705872275861207 0.11881670437001707
v 0.19445194316663522 -0.9466475602625928 -0.8457736137032866
v -0.22056337771057422 0.34316385478856654 -0.5347236566199635
v 0.9048380028382024 -0.532520441938993 -0.1743889997146656
v -0.3837529360190828 -1.3945053911748169 -0.30285772125538446
v 0.32759977942849455 -0.17318912385138555 -0.18369600007707096
v 1.6054900802857306 -0.6896262390018861 -0.37033273863225874
v -0.35232767112632485 -0.5665486925466162 -0.07956041584167367
v -1.484849138655627 -0.45063826923636674 -0.11373909474047589
v -1.5357141502720928 -0.8420151652335672 -0.3026938597376748
v -1.3894902006659542 -1.1120664578977186 -0.24920440103851382
v -0.4312744453723629 -0.00854863797610933 -0.23557372992383419
v -1.2155139800413448 -1.2443638278444027 -0.19443294355769905
v -1.2834548680732256 -0.5828890004512943 -0.1428185725145018
v -1.062713174392059 -0.2215985972986328 -0.8609804434403494
v -1.070596451458585 -1.2865566584102204 -0.11436334234141321
v -0.8162041080137823 -1.1679904107026424 -0.7477796370484615
v -1.233536104061695 -1.2624836408316533 -0.46999636996098587
v 0.4443332263233886 -0.19150685834195752 -0.20145677232918013
v 0.8814973941801085 -0.47351511363296306 -0.5749118960722726
v -0.7984285910071085 -0.25350863077306984 0.004746493993007472
v -0.04106975736305607 -0.5823834858807129 -0.2802709828855941
v -0.5754716469898723 -1.2830612573547266 0.03682480048854142
v -0.10122440153129425 -0.8272121867728095 -0.40175561892859113
v 0.5031199666237423 -0.9355638964616886 -0.8784125586901061
v 1.3591549503450613 -0.47686519340795575 -0.07309730504802564
v 0.9391354147673605 -0.8741829338383333 0.12959696801904286
v 1.2270615031360363 -0.4182781630582425 -0.0969335719448084
v -1.170566900860734 -0.2597897769878109 -0.577639198747457
v -1.3481982308864389 -0.6671527689623097 -0.5644041520514144
v -1.0598619124460193 0.6929762017631735 -0.41875369788562244
v -0.48416266782609324 -1.4003077302989426 -0.8875846902530093
v 1.1374703077506818 -0.546505543569058 -0.046554938512609056
v -1.2577609608176594 -0.4800755358324107 -0.026997313238931286
v -1.3206663561926 -0.24684257095196996 -0.7076921070518585
v -1.1682365738754943 0.706121249815788 -0.40638696223467297
v -0.5077376823128192 -1.2646075412529874 -0.85549126144181
v -0.8817397529893871 0.5272719474224559 -0.45638284806893337
v -1.4071125470955597 -0.8432087551027434 -0.5540738816195283
v -1.141701400872628 -0.23613501762228686 -0.8127313142310841
v 1.1898259703360374 -0.502792890471411 -0.7530641411871406
v 0.9399585973250999 -0.8140035892254538 0.1321528182112296
v 0.3557173706193611 -0.8535721912965817 0.02545480627183827
v -0.8425294166595625 -0.26842501666549967 0.21046254752217985
v 0.31871594557344146 -1.1435854175583642 -0.4882864630046583
v -0.1946376876824438 -0.16333843550395294 -0.5878413766080168
v 0.9459162134198031 -0.14125492646650284 -0.2300834152419926
v -1.2482159578603464 0.5514230207906858 -0.17742926079906765
v -0.588423502988743 0.11679167189900935 -0.7872526366745614
v -0.4301763387183935 -1.2297056937448607 0.06890326595717033
v -0.1474587057340582 -0.7965748918972404 -0.22432916547911544
v 1.1884546088033359 -0.8430764696160356 -0.36875266529741024
v 0.4444716322742554 -0.9167984937354916 -0.8717192151115705
v -0.28604622374698985 -0.21621260871040937 -0.196606364098137
v 0.6638008897492902 -0.015309366275303826 -0.4680234741083005
v -0.9252605255613242 -0.36502680631217344 -0.013772957483529802
v -0.013792517824193162 -0.5961716993325743 -0.3678474327509947
v -1.0147047105770433 -1.517483321114409 -0.39763750038819995
v -0.587095481496076 -0.5769159639663722 -0.5472389128849514
v 0.40826554962280676 -0.2565590065206436 -0.25239040070779123
v -1.2096845161328782 -0.8396610121557089 -0.5621775748823233
v 1.2882469288524958 -0.8051428462124547 -0.6011770930164918
v 0.21535704426548524 -1.1069956334704063 -0.8772538236720169
v -1.0401859714463602 -0.25011070009647096 -0.7636104163119084
v -0.5993037010996365 -0.7607074418098579 -0.06512695046869305
v -0.6878763359934508 -0.20053549681495275 -0.7629924282765881
v -0.13751285211760897 -1.0518299028422624 -0.15366637985728146
v 1.1064146155606116 -0.3968631756286976 -0.6569625007690907
v 0.1791751255244824 -0.9328695807037242 0.06576903190196437
v -1.4700642235127932 0.20290485391113994 -0.278547356845927
v -0.30909944879253 0.331893655932273 -0.11592686260274093
v 1.3010417393051066 -0.8071051703543201 -0.16026147806308408
v -0.1402683923887994 0.4225941258315234 -0.2982207940193394
v 0.025792816165187415 0.16854389248724072 -0.23963533352893962
v 1.1191704577333015 -0.5768637611762893 -0.823063909644485
v 0.8485180281819038 -0.44465819819198926 -0.5645861961168688
v -0.49869702149951184 -0.7045912309181235 -0.06404591355080319
v 0.7941012198044801 -0.9816710221884226 -0.3082455579058377
v 0.08552097526271457 -1.2298084499791655 -0.18402016608948868
v -0.5680906851603901 -0.48312803784513064 -0.42682277475697317
v -1.5570660849978186 -0.5075164183009776 -0.2267146958716068
v -1.1713282031412302 -0.24130955212247399 -0.10940252729586675
v 0.5579145745615219 -0.27925325044595284 -0.5130836626460302
v -1.4081780841366835 -0.9301722047136805 -0.5523379351649959
v -1.1024349669118922 -0.3644471904076678 0.16504369581040923
v -0.8005861142380426 -0.8980905001682402 -0.050491171960640735
v -0.8230086731439333 -1.4265256526190253 0.013381097778316142
v -0.4553194439429295 0.2352826458460871 0.011623451496311055
v -1.4645735113982141 -0.008181171666930831 -0.4875644270786362
v -0.9971600026327263 -1.45911533581802 -0.4359360664030757
v -0.5499329968332468 0.5390810849425622 -0.4724533587596964
v -1.0992353154280785 -1.016396071743231 -0.07074710642590631
v -0.6194476191478114 -1.4267403855271468 -0.8850800890123351
v -1.4423153505442285 -0.20362726518214685 -0.1687915371667689
v -0.06810420524252342 -0.7060467289613734 -0.3039047379309363
v 0.6421633797299668 -1.0364153350132599 -0.15586008933897352
v -0.5212967956630952 -0.4696732505884728 -0.5226976400549525
v 1.1412786473437562 -0.743829168951574 -0.8733316593428959
v -0.059305938655874024 -0.30627452343016903 -0.6084421435880549
v -0.5570927476009847 0.1902839798961367 -0.7409089589824118
v 1.0243417943737618 -0.6495432993534022 0.07091658071926893
v 0.7093421904875132 -0.7609188561546205 -0.8673093014552387
v 0.6038679534337181 -1.0492123909608382 -0.2028692880218594
v 0.022684296008103788 -0.2318046501283842 -0.6033990798374637
v -0.022084196771869624 -0.9714585309483224 -0.5092541001447685
v -0.42508737148661013 0.13828360230655218 -0.6550349917350384
v -1.1436679974164228 0.07359691340171981 -0.42708857777187537
v -1.3325856421959306 -0.8004428662725905 -0.14554645146715578
v -0.6481393615430416 0.6848552003046562 -0.4089809858413056
v -0.6202437166644841 0.5537601637473752 -0.5083733891982624
v 0.11617961227629248 -1.2182474098455014 -0.2548007309031084
v 0.4155991970848785 -1.1109731005649632 -0.43709587448955645
v -0.057380257812414626 0.030209598743066446 -0.21160609163564012
v -0.511567741605003 -1.4375901204187038 -0.4397941844465335
v -1.5138649874483645 0.07346888044530425 -0.4434440079922188
v -0.23497305673420987 -1.0401012653231554 -0.5879462988507413
v -0.1033354648752039 -0.3017409088342613 -0.10878181684629401
v -0.2925511842079064 -1.3150809822647394 0.12196395434737917
v 0.18393782035033862 -1.1849580860552478 -0.6875478710574934
v 1.3947500397773713 -0.7006373514565427 0.016454385523212156
v 0.43558008822409283 -0.13597914597641392 -0.5729732986648415
v -0.9948085719691204 -0.20128092165758218 -0.8588106395378237
v -0.10112446706942652 0.15758059119091655 -0.1725283786103502
v 1.3585722145935655 -0.38933621688306064 -0.18241582948601015
v 0.046163231130516624 -0.9439765141914145 -0.453136915542827
v -0.6839776400674847 -0.28661521499057807 0.08397751213297211
v -0.4949932265880614 0.5348005555139537 -0.4115985175943669
v 1.1412485616855204 -0.277331941362607 -0.17127956546228548
v 0.062100919800376075 -0.9456944370712972 -0.6067356866426519
v 0.03871965377322667 -0.4792083773422566 -0.46522179189627544
v -0.8044269439574152 -0.3394583288285916 -0.8225216524173131
v 1.4560154090889976 -0.7491832436909687 -0.25202879653149224
v -1.266631361446182 -0.261372552865275 0.07550442501222121
v -0.8509930051378849 -1.2008872895361598 -0.7507761010451808
v -0.4024833050494607 -0.05441448228785073 -0.519066158030107
v -0.6396373413189941 -1.4635254879339945 -0.8782652105026435
v 1.4518261699602142 -0.5891439359769911 -0.08426007783534778
v 0.6197716218612397 -0.37984119109250003 -0.3490704846037708
v -0.47443943615760675 -0.5786015556930516 -0.11519866646928617
v 0.34794032732359376 -1.137365495856849 -0.0018492202335383956
v 0.38304144760634934 0.05495827184717833 -0.4670696951529879
v -0.2253290532819625 -0.24504251859686374 -0.6017678966525607
v 1.5435228050162415 -0.6240267663286237 -0.19571057057923927
v -1.285109420303099 -1.1568353481104297 -0.15956918997747085
v -1.0574949222907368 -0.2068163648267775 0.06760962239630514
v 0.12805537939485645 -0.9524124016079267 -0.830004535872351
v 1.3233866994689822 -0.3427327175387097 -0.5122911420239961
v -0.9940939481636546 0.47844475229636135 -0.17042031588360942
v -0.47528656403778624 0.40480285061680393 -0.1564456269912693
v 0.014485775294118985 -0.10951457689938116 -0.6111943454242497
v 0.004896081025463794 -1.256384180992903 -0.3229903919570855
v 0.1794509835876456 0.05913014316532894 -0.5128782495356052
v -0.96240278089781 -0.3725318267706953 -0.7309221896656274
v 0.38495602020479297 -1.122496901251115 -0.3724865061238227
v 1.0585764119303802 -0.887402778732163 -0.4288756142048254
v 1.4572133508466503 -0.7479822417012365 -0.30090453806648365
v -0.039280892739513074 0.3374652058656787 -0.4563743827516227
v -1.3305673992678857 -0.33692723869595687 0.054345980414792605
v -0.7422978340771781 -0.2378833838498691 -0.7671754277113914
v -1.3560904700611975 0.5901236496345477 -0.43122990638414194
v 0.5427095332717784 -1.0702116637468606 -0.21306619989864614
v -0.0939533099821197 0.283359964882891 -0.20631443370768435
v -1.0229470085070738 0.443007085971412 -0.15803098618152778
v -1.0058116960257515 0.6306205552225082 -0.23890695855075295
v -1.2079063225783395 -1.281526153534137 -0.36090809817952585
v -0.09412223876723358 -0.63105947772179 -0.2368199398874677
v -0.7039413422407983 -1.5045101229775295 -0.43841177428372685
v -0.06988673081390179 -0.0795673444860947 -0.5910226070844431
v 0.17036294879201713 -1.1964080834820283 -0.4431231009282493
v -0.3726857855484256 0.08766126311966088 -0.4675305780271376
v -1.1706098434680308 -0.7709881921226399 -0.4774452133020489
v -1.2671212966534497 -1.1735892841367577 -0.5969213633907091
v 0.6470172257541904 -0.7334680974825245 -0.8196648661562209
v -0.6242894627033595 0.6643272827454187 -0.42649723760161073
v 0.10815147097691385 -0.9347370376511261 -0.16764951419529542
v 0.14023120823030305 -1.2104275431722584 -0.17279390342233608
v 1.4134663595604755 -0.7643439116155601 -0.2756358639685051
v -0.3705355154649524 -0.725289170202503 -0.6728482847234205
v -0.7444792231440047 -1.516998055741808 -0.546805711200975
v 0.20907814354571147 -0.8955705977671687 -0.08243965705243989
v -1.1840514757010745 0.5394304283189064 -0.15384031629488903
v 0.9852858805341289 -0.6870948507946981 0.10394729502717065
v -0.8449869419924688 -1.5495222420256474 -0.6713688413577306
v 0.8196839651233416 -0.49186402672179924 -0.2327077232232298
v -0.18246843635880428 -0.6252477393134201 -0.5829492776828002
v 1.228412357139478 -0.8248988897803757 -0.6901891096733521
v 0.6054928770530041 -1.0433801450232083 -0.5022146721383369
v -1.173103555051695 -0.22353665817186819 -0.4859181215780678
v 0.23926121254548566 0.025066123611322266 -0.5324062064554218
v -1.323405800437918 0.5624061738522528 -0.5054677187104462
v -0.4577599988979406 -1.2675723696037942 0.09392469714909224
v 0.3153866515306249 -0.04040706480956985 -0.5726665203346935
v -0.3027724189682338 0.09386010101444636 -0.20129175825653153
v -0.43378584271285 -1.3109311684635252 0.11009975252147913
v -1.38076488285829 0.5712705931180746 -0.3664537553700773
v -0.8577786922130002 -0.28221400511119943 -0.9649318374735093
v 1.1147784285501612 -0.7164448411615667 -0.8730630345555568
v -0.10242073368635984 -0.2792826008536241 -0.6233569794928082
v 0.8908823112307189 -0.596028603675404 -0.16797739620380964
v -1.3520612969674797 -0.4097229265906312 -0.7578701959246683
v 0.8027200455101065 -0.25598805464981755 -0.5860181141810352
v 0.14300197017534327 -0.9710297010244595 0.10873959859197768
v 0.7244671689522686 -0.3743489289902442 -0.24664564958734256
v -1.0199620899313815 -0.36302853437919275 -0.9390665770931298
v 0.23502754043663937 -0.8700110029052721 -0.39352689332654933
v 0.6154585426914223 -1.0440089034857174 -0.27659284225735525
v -0.4848769538137323 -0.9777449034035626 -0.028866002227819765
v 0.7321230350063441 -0.6837541703039495 -0.6037777140065685
v 1.395941225178485 -0.39948706630556036 -0.2151299290035084
v -0.23073155520043298 0.43711129053904113 -0.2508044652400632
v 0.659428513615024 -0.9151070994908435 0.13414546647097336
v 0.7353039872798539 -0.7829608533426291 0.12700334184514772
v 0.830877896637291 -0.7722986073450315 0.13127502839534488
v -1.2487466299232175 0.6156912527661067 -0.5183301920866323
v 0.27406638454019266 -0.876220849686889 -0.025475106110676327
v -0.9907675553798225 -0.9358291629423949 -0.6796908642949223
v -0.9120831264838696 -0.7826310239137007 -0.4568806127011317
v 0.4380104887726585 -0.30197805694878305 -0.3040316779473235
v -0.843292825333568 -0.3676362105657509 -0.8610008516114249
v -0.2831643594801555 -0.4052561005662759 -0.6294329709284037
v -0.903596427291856 -0.1979614243317473 0.05605861743926527
v 0.31545334074399295 -0.835407786356173 -0.3939414752867695
v -1.58833428447268 -0.4899491361771655 -0.37873826218761875
v -1.2967434887022957 0.6583651557891437 -0.37212714744249115
v -0.4145988830818883 -1.4070495805431016 -0.14697387088749478
v 0.36437363448886856 -1.1198404210897697 -0.735477961136656
v -0.2654845045334202 -1.3468600219088658 -0.6423479054259521
v 1.1390455125344947 -0.502810397383502 -0.7264198530261683
v -0.4244653892522771 0.41478693726260957 -0.13005496053179197
v 0.6754504580252529 -0.6985814319049741 -0.4542151704315536
v -0.5739853677810958 -0.9848720448151811 -0.7208503498713612
v -0.23985716726140088 -0.21517012276806605 -0.16983344683164273
v 0.5181546284988798 -1.0797039671231687 -0.09874365947653879
v -1.2407974386371619 0.4664153376814439 -0.5832708603824236
v 1.39760774013376 -0.5005310610184954 -0.08411225272860001
v -0.7389016918478983 -0.9942246903274989 -0.7270763125504875
v 0.3684226394761922 -1.1251901439406877 -0.5309933132016418
v -0.29842080869450677 0.379907067784872 -0.5565760585205032
v -1.1551382440411837 -0.47324940997624526 -0.8108267966809015
v 0.8045462091960722 -0.8595607276582697 -0.885813372284831
v -0.5564123824974992 -0.10385356485674335 -0.87646635044575
v -0.8542213711369897 -0.16640816622584753 0.09665178123627105
v -0.056820493673151784 0.36606047146385806 -0.4211545890534218
v 1.4479267387836836 -0.4380708101812959 -0.2418761189183996
v -1.4255701779097645 -0.5055401840132964 -0.630184695079924
v -0.15741264710671743 -0.34813299383384966 -0.6275980835938475
v 1.453034524455592 -0.534778873342002 -0.1202122407107481
v 0.376429299536104 -0.901362126720832 -0.861646103532544
v -0.5728533402429727 0.5130149421849666 -0.23837356407362936
v 1.1734156347829956 -0.3477569231059023 -0.6403856210273604
v -1.3807345587404116 -0.3088494901370341 -0.7138661451438182
v 0.24635596318899028 -0.9538007533901602 0.126169786292957
v 1.1821472320279138 -0.21707966784237911 -0.33660802727797207
v 0.10295726355621593 -0.4217687949208849 -0.4396383113268495
v 0.47525687148639356 -1.0812677854590498 -0.7394412001392071
v -0.9303625683301744 -1.5777817167038346 -0.649620745679172
v -0.9984305553515376 -0.4150069339383883 -0.8927186071274145
v 0.896380495080765 -0.9491989592081185 -0.1578054232313069
v 0.011636182565577191 -1.2443196333239823 -0.8029236479774959
v -0.23252638131503983 -0.46504828607782933 -0.6396446275597552
v -1.3942127945285876 -0.9565757877371297 -0.1653587118958094
v -0.2648366494278699 -0.36274774815008326 -0.11750828720889728
v -0.615875434087415 -0.24007051581975403 0.1274219776192913
v 0.7938240502132827 -0.7377340013863896 -0.8688644160141662
v -1.0163958067471381 -1.5885132352275944 -0.42756792139668626
v 0.11536201364851617 -1.2083592833341876 -0.7046547273548038
v 1.496302668907878 -0.7131352796541716 -0.6905884103448118
v 0.2986761350308789 -1.1474559355032348 -0.6017644588593805
v 1.26503019997871 -0.7597678313316405 -0.8510680536604056
v -0.019471076522195707 -0.5141662827380206 -0.2570935203662824
v 1.5257230048693005 -0.6840087259723777 -0.645010088747082
v -1.5008430044429455 -0.18818823536814536 -0.22931136240594444
v -0.6746912267208867 -0.9743653937343513 -0.7226971601880452
v -0.5217958718233277 -1.3285172888990993 -0.8772982367804429
v -0.19472556006072564 -0.3894771862750849 -0.09908050359328574
v -1.0878441181748248 0.2778752937459232 -0.18244013249791396
v -1.012372138096836 -0.308315360409346 -0.9473503868726021
v -1.1438487299538431 -0.9840068536170781 -0.09384748686576183
v -0.21765444827430977 -0.8981084442563425 -0.5630104945421339
v -1.2411539556744196 0.09353597474530245 -0.443946422587447
v 1.2611054324651576 -0.8236587804092643 -0.03185956496555464
v 1.0248700420969337 -0.896298535569344 -0.6278378746360742
v -0.890050210633915 -1.4148598492157316 -0.7759402702048093
v -1.1330973199215666 -1.3105255684831747 -0.3758116469945314
v 0.7472868625211992 -0.8782867249285342 0.13516235774501573
v -0.09700046652451899 -0.767738046809515 -0.28481413586720405
v -1.1330749842017138 -0.34120510532522347 -0.3304798131806568
v -0.7276226103699197 -1.513660057922038 -0.37085355436323747
v -0.7985768334182306 -1.3171911911282632 -0.04119249781408796
v 0.900836610292842 -0.6835933094034087 0.06394543165715577
v -1.0977330196799768 0.3008656051891024 -0.5855256354042468
v -1.3145383606832906 0.08584859227513614 -0.4828134565185388
v -0.8161466591115631 -1.5440068890813372 -0.39485324560171847
v -0.901236431952755 -1.1799893422265864 -0.03315646747486817
v 0.06493473444923548 -0.09850974388197847 -0.14535562413820047
v -1.4528679051062505 -0.6885971465427996 -0.5591320478141482
v 0.8356454003992722 -0.956584670358815 -0.787292479306505
v -1.400453740421921 -0.11887352172058996 -0.22586305712985563
v -1.0664355095407183 0.17322451745278417 -0.5455350392523427
v -0.6432392543481624 -1.4842845921166896 -0.3920991162167465
v -0.06590298428209085 -1.0346879929774961 0.024239953751200916
v -1.2113516272372595 -0.48028963284815207 -0.09746017032211907
v 0.48262859300472666 -1.010856256813922 0.13229957024958572
v -1.2695651503001828 0.029227005914278403 -0.2899168940149819
v -0.9430159523431128 -0.2724251374260995 0.20001765748877198
v 0.360020454355828 -0.983668876817029 -0.8728173217655399
v -0.95796101300756 0.3831253191208051 -0.20539457563652536
v 0.7021700398183626 -1.020225554757945 0.06927011624560553
v -1.4632003812898302 -0.94681462111384 -0.4953800014783132
v -0.3834115611691273 -0.0974516587046847 -0.5125599059127933
v -0.37782254406690446 -0.18478464127503577 -0.2407039308021428
v -1.4416383238757389 -0.3577909471751865 -0.05568446528604226
v 1.514068925731766 -0.725989605659237 -0.3996026065592286
v -0.6427759670059503 -0.20482220632263085 -0.004351297776328866
v -1.0743199192905464 -0.8239814163056423 -0.4946689744391224
v -0.7090464651133647 0.6947281051421201 -0.40782556938657527
v 0.47917335252736687 -1.0920342979353548 -0.24236355029942053
v -0.6200156498880163 -0.18084246620757705 -0.794739196382422
v 1.018565864655049 -0.4814894822829453 -0.12145771542381706
v 0.22430603721786674 -1.177211366877359 -0.4558929128616656
v -0.4744842069554966 0.3400654095513809 -0.09706909650832757
v 0.19665157439611752 0.04053066860707727 -0.2062251106999103
v -0.16588619127511653 -1.3116490114741657 -0.6222922373171597
v -0.9726181733968948 -1.3197599976276955 -0.10239183367636312
v 0.8775293859847062 -0.6377418919000418 -0.7231668859406064
v -0.6901931502656122 -1.4984752857019117 -0.5530702645989216
v 1.5548998536640368 -0.5702221037252777 -0.3732262278066677
v -0.4482956350430853 -1.4148930149776837 -0.445153584784612
v 0.6737538772833793 -0.22425301080974272 -0.19766969538756707
v -0.4426051931062287 -1.14206422388359 -0.7322221921502942
v -1.4208713902681132 -1.087072846997428 -0.30478626361455446
v -1.1993246767053152 -0.972617981345339 -0.6291667307374902
v -1.312363370283539 -0.215679015516917 -0.017414256096993763
v 0.5182740172932527 -0.330625743925051 -0.3627990831449933
v 0.6179642368721248 -1.0438865538174493 0.06654205844821964
v -1.1595636774459186 -0.2071223681630872 0.028824340379336122
v -0.5468469912407478 -1.3350166256867788 0.0973113407359435
v -1.4916683293105217 -0.9653414250960228 -0.35590958663881866
v -0.6972685260631593 -1.2625601068903662 -0.7630759686380302
v -0.608202518168897 0.5934599981084563 -0.48762845349266243
v -1.1541037464968658 -0.7435579608514405 -0.3986427071397571
v 0.4575020805969851 -0.8584403846426321 0.11820785728766142
v -1.5583661272257592 -0.7454927826478646 -0.31002800399066854
v -1.113903743035524 -0.7837514066726121 -0.42361231310269687
v 0.045328483280113185 0.07789991765163923 -0.5131552800253445
v -0.5147421759816164 0.16209840783550505 0.009900858781761723
v 1.5757766972952438 -0.6514687019939451 -0.5352410941726726
v -0.13968196051284407 -1.299999900245851 -0.6923749102435661
v -0.7476078931408844 -1.5149625841045884 -0.7270776439501584
v -0.5643867908907553 -0.4674878077077227 -0.38836803754786026
v -1.2076113877437717 -1.2512466673522227 -0.5659770914686231
v 1.175838305264815 -0.23349252709330479 -0.25911800298830734
v -1.0121042684316983 -1.5848322330836448 -0.3421926328768076
v -1.2517850230737528 -0.37530986173483344 -0.8406500698233328
v -0.06599808993619688 -1.2829721330633215 -0.027855509620852703
v 0.5850482415239293 -0.07140584463161681 -0.5534713735893373
v -0.1383976168780385 -0.13470628814772484 -0.1633236575629644
v 0.528168542471642 -0.32723588113302526 -0.43150679777242296
v -0.33668394358082604 -0.13420450944487677 -0.5016541926201463
v 0.7487786660450282 -0.9952689448455245 -0.42651406887804777
v -1.3451887509675633 -0.2106891282666156 -0.057180183522336614
v 0.8510354466283652 -0.6815713504792674 0.002052535924507104
v 0.62646538274415 -1.0347541456566685 -0.5784707671359597
v 1.453317019645473 -0.5680976866413849 -0.6527314715879493
v -0.5500547304807715 -0.9018062379334554 -0.03069488832803835
v -0.4768172762266257 -1.0332263347268136 -0.02894874772378664
v 0.2042905694304819 -0.2809921379027435 -0.5152814458132826
v -0.8563139538586012 -1.5381713841952593 -0.7980846858092955
v 0.1778801108206724 -0.9241282264850981 -0.8233040583761756
v 0.24556338295204544 -0.869359968337821 -0.7624912059795728
v 0.41447990726599543 -0.7953638944741577 -0.5949755128358168
v -0.3096014262117468 -1.1163517167759045 -0.046076568598005185
v -0.8095069689526027 0.5556757100560261 -0.5003918270157297
v -1.1771872757886475 -0.2298905147059519 -0.17859898483235137
v -1.2520976635367804 -0.515870196113903 -0.6746243917560868
v -0.6188989036386537 -1.4722504281805582 -0.6365643052554038
v -1.0440418638664875 -0.3193391509683318 0.18316501904206284
v -0.27036569392998994 -1.353118673430659 -0.37423059994947583
v -1.0528635193697442 -0.24279916976624627 0.15277182735392325
v 0.4532400516623117 -1.0861323422955513 -0.7964760171889771
v -0.9371543361261749 -1.525081758137902 -0.09617012352752907
v 1.0761715342174607 -0.49058699584936544 -0.6809620529061136
v -0.46742927907229886 -0.1465119481313774 -0.2756232256074496
v -0.9484410681843523 -0.9231011410613366 -0.07780608812302753
v -0.46548165994172436 0.10759517770929178 -0.8104683918381401
v -0.3229869210706053 -1.1459220835957684 -0.8260818548806712
v -0.5976884350958742 -0.2106487888437499 0.05203204752997864
v 0.21611033827631893 -0.9406644091144989 0.10804735024963824
v -1.2177076299081262 -0.17037329303390222 -0.40534998073574535
v -0.5851492931233568 -0.5358900157897646 -0.2354679532007238
v -1.0902163146989698 0.6496934914010546 -0.22125108866973142
v -0.7688279398126399 -1.454483694437385 0.05707558819985514
v 0.17459205042438114 -0.02996515552169393 -0.5797365109186459
v -0.6662827025483579 -1.3466034790767494 -0.8587160704179133
v 1.2613483632260114 -0.4376429142243664 -0.7000584773594516
v -0.1616619979370618 0.42008529193219385 -0.278502605919674
v 1.396150413899917 -0.7698669151400688 -0.31841367578078583
v -0.5773075080346356 -0.6206874172375461 -0.5960430966555392
v 0.2057158625856748 -0.8794331395317581 -0.6829497729999111
v -1.4393906032850081 0.30401468335705745 -0.2641194952745465
v -1.3209249855465885 0.26644133273010456 -0.560155635829819
v 0.26403524185825605 -0.34044747929755 -0.41659625414123574
v 0.2319386932000666 0.06473843575532501 -0.4935824330778169
v -1.4042650408888904 -0.23043998533731108 -0.6104144631632709
v -0.36143303398931237 0.5100315735969507 -0.4356148413929161
v -0.9652604812541987 -1.5179227426207285 -0.15344228740818963
v -0.7493983872386515 -0.08001916589382735 -0.8588025319099767
v 0.6738286145096837 -0.035903198054070995 -0.2439395499487087
v -0.038626082561054875 -0.10980217909994033 -0.6070259913858267
v -0.1803832260144751 -1.3074415699260005 -0.8386994103323157
v 1.0011126258552894 -0.6250457441245384 -0.007199141800825315
v -1.4292144771403974 0.058962029117327064 -0.4990069726415869
v -0.18635530866082695 -1.3199789433228355 -0.5790898282396715
v -0.4720188124543859 0.21792316142912566 -0.4306418052906887
v -1.150830311625318 0.27116992782707544 -0.18277886442016447
v 0.05553992132345892 -1.2371292007489023 -0.4201449310552036
v 1.0521671731443132 -0.8924575270052396 -0.2752402792931419
v -1.0928935209775807 -0.31919567775006075 -0.16763467008254634
v -0.6168126400975699 -0.5957942177184086 -0.2034874350302747
v -0.20209034637778772 -1.331482296094638 -0.14468245256726545
v -0.6139831574655503 -0.0502443000588349 0.15169019428692698
v 0.2973465436788984 -0.8480993239119203 -0.290132183328936
v -0.08547936838098302 -1.0535452622809875 0.06765693676371554
v 0.05692692183438469 -0.9454318930048433 -0.29395248564741183
v 0.3061722927393525 0.011408506557033848 -0.19877481672935504
v -1.262694988896692 0.389820431275023 -0.1610170771837959
v 1.0612610700728211 -0.19994952198664565 -0.5199792001298162
v -0.7293414672167357 -0.8044108545963559 -0.08748250221502557
v -1.4018036405867924 0.5360619871514372 -0.33128409781172374
v 0.018534204003973265 0.09456063582936475 -0.505302803995982
v 0.698579533108763 0.005434675206636541 -0.3433445121801734
v -0.4692989417713945 -0.7430967202878269 -0.047447810900885456
v -1.0327236352638558 0.12368476517145915 -0.2667390738062063
v -1.0952496016042164 0.6803557450525446 -0.48066449796309973
v -0.3910883321851999 -1.1687177324840745 -0.014255897874615953
v -0.9766008667319512 -1.1105236041387456 -0.7375416703698814
v -1.1203352579265333 -0.40412472879216993 -0.2741443783908661
v 1.056808770215025 -0.7035172086880521 -0.8744607856220344
v -1.187995777033679 -0.536442089605555 -0.22729612009506847
v -0.11145296892563028 -0.13106292288402538 -0.601997692261437
v 0.2313483068683722 0.09057392842365869 -0.2619385433837311
v -1.30434701286483 -0.46517711389972005 -0.002536023747372884
v -0.9477395795308639 -0.2274154824609546 0.03282960789388778
v -1.2442913095766157 0.6866190664090046 -0.3971349069482399
v 0.38400420854153156 -1.1211337864477184 -0.4754084500084323
v -0.3559386058786367 -0.940355623749026 -0.6691341764324295
v -0.5674294763148566 0.3025666371776374 -0.34026621678278374
v 1.3390610094636386 -0.3319087760318225 -0.2696256079077074
v 0.2764511399388458 -0.8794685905319514 -0.8195279108348463
v -0.40816204259219524 0.0811140356871013 -0.2816271227444458
v -0.765078976670562 -1.5048587112316723 0.06632690823572368
v -0.9876694678321005 -1.485610586702395 -0.6306134057739656
v -0.9571095729821777 -1.4884884170269428 -0.7022483913584996
v -1.5533563087236675 -0.6192132597272662 -0.22485894331832693
v -1.2176310048763184 0.6814130949792738 -0.45179403006577395
v -0.9983074903043416 -1.5650355917615788 -0.25966485056359845
v -0.9336261269981931 -1.3986918085311633 -0.6239477433856033
v -1.3374097006364711 0.013521219246804439 -0.25863162480404106
v 1.3097191863395277 -0.6535898203861159 0.054253378586933465
v 0.10652312943608472 -0.0840249500709378 -0.14885923217972533
v -1.12225382472399 -0.4385749337372957 -0.03936313479458431
v -1.1072391139722795 -1.31903855785078 -0.47272724953080864
v -0.10503584109972175 0.41628015167265714 -0.34713405320475954
v 0.11343633280505683 -1.0733456990856978 -0.8660534934909923
v -1.4532606680091766 -0.7441693713749535 -0.15274020260559473
v 1.1381092007479994 -0.7570430126110661 0.11247391633767534
v -0.06272431724682209 -1.2729657305693 -0.6777493656285067
v -0.7864488554843901 -1.5351829085965656 -0.3258752369694518
v -1.0491196234950706 -0.410638691104593 -0.025936505647384867
v 0.7350150934228976 -0.7083641195110044 -0.06387378543215166
v -1.1117018066961637 -0.28616967302009944 -0.2437621359746472
v 0.559548023113029 0.009628226480622837 -0.4689616538286625
v -1.5592796859880274 -0.4506209212973708 -0.4833250319383685
v -0.8887443658880056 0.37630696307465966 -0.398959242443613
v 0.7768396230707877 -0.10762830151185415 -0.5395452907208048
v -1.4244456817220188 0.47171269876918415 -0.3068614983971701
v -0.4175238886723884 0.13758881039469212 -0.742953710674054
v -1.0553458246338394 0.6414150867068136 -0.5126230579747968
v 0.5338365294588245 -0.7978372972449308 -0.8492897011327719
v -1.3210177860908165 -1.192861155272106 -0.27393316276247226
v -1.5748837696179512 -0.6687635638477741 -0.28871231513061124
v -0.6519428723283542 -1.485499126691137 -0.4971111191250839
v -1.454341466467424 -0.5442444294950701 -0.5953196498432987
v -1.2841016898536581 -0.13547116732285946 -0.46166657721377413
v 1.4211422562245253 -0.7390742836790114 -0.7740387135285218
v -1.4576896385652762 0.14364479109194989 -0.49076485355628824
v 0.058525932839179506 -1.1687067037256063 -0.8746067626665525
v -0.46785938078092204 -0.9606362189156592 -0.7113873969027243
v -0.9298837016246486 -1.5822192320637922 -0.39457798368766156
v -0.38281851203809103 0.13363365914835107 -0.36651629141133757
v 0.3230012441949011 -0.8781672367759769 0.06826014030119737
v -0.5236601691804658 0.18775916920075592 -0.7789237580226462
v -0.12668815548852036 -0.9821763579142722 -0.41386255279897605
v -1.4239443004519086 -0.5043583978964267 -0.07588118227340646
v -0.13850329424296448 -0.4309832530703418 -0.10777545753979789
v -0.706035355720265 -0.8326368455664008 -0.05955238004648172
v 1.0230422091934697 -0.5076214399018866 -0.6620357296644653
v 0.3584512905496265 -1.130883745467808 -0.428795432150016
v 0.686457715382355 -1.0078180425081187 -0.7582419346357759
v -0.9011181559700474 -0.845679276486169 -0.6262802959941736
v 0.9512555632762703 -0.8682733673616049 -0.8846804505230484
v -0.34734229473759515 -0.8183496354408544 -0.664868669961302
v -0.31815803382230284 0.2076155645349192 -0.32150699413565653
v 0.6479079321340468 -0.9282277054300963 -0.8837462848733361
v -0.03147022663414539 -0.9963391517213149 -0.778495464632979
v -0.0268611594330056 -1.1824270555375238 0.13195585054647851
v 0.8521112771773929 -0.9698451924933373 0.06527687107136615
v -0.9556679254698328 -1.3395681247558782 -0.13666756564968557
v -0.4074678667010784 -1.3975967223659995 -0.6606238101208926
v 0.9525757354723698 -0.8934993571835659 0.12426087711102413
v -0.6940749354285938 -0.8931846898135767 -0.035185341728643516
v -0.936942146787574 0.5552905778616615 -0.23375766102940299
v -0.2769216648827766 -0.48406935728411965 -0.08785302875628348
v -0.5140845639023581 0.1358905008204097 -0.03259439822572724
v -0.5041803612368088 -1.175075742190266 -0.031791723197247546
v 0.8208211592870531 -0.9677487944174448 -0.572524418259367
v -0.5542318677826952 -0.520450171238651 -0.52958864680553
v -0.6301406065676618 -0.9334862770826473 -0.7153069183041403
v -1.2261993566242702 -0.2242911842241885 -0.5991942017304559
v 0.23165981464809765 -0.3573370591172184 -0.3728992201501762
v -1.5644351039735362 -0.18697461488899447 -0.31580556318360553
v -0.41074762075315396 -1.1720205376349304 -0.8002063804789357
v 0.31042418713921743 -0.07496896822559618 -0.16007863913215445
v -1.1988450350059512 0.6699794320380084 -0.25941933648995036
v -0.13048405543690797 -0.5467890919556937 -0.15743338644564606
v 0.3063536810407899 -1.148957794075325 -0.43599262108163517
v 0.8832137670723146 -0.5945632493002617 -0.5988353000967725
v -0.7137732717630163 0.40864282585579065 -0.2228665335182257
v -0.37452182543792084 0.4542426485646242 -0.543947235850748
v -0.6131741036416323 0.6687517623115835 -0.39909792659739607
v -0.9999273863994971 0.6744870545328774 -0.3671723535029192
v -1.1980233825642512 -0.324728319018456 -0.8757422876127663
v -0.43604868561924637 -0.8380282193682187 -0.03536502106930933
v -0.12492458745872517 -0.2742846258471127 -0.11476526606894105
v 0.15443527542714502 -0.902366697580009 -0.6070953433985367
v 1.1567170213937406 -0.26311565310908414 -0.5497513832938299
v -0.38110400707975167 0.5220447133412638 -0.3288200744535578
v -0.4776576477502661 -0.8529057959538227 -0.0339045153735657
v -0.9175682944117594 -0.7785646113724702 -0.40783212702674554
v -1.4368907314939112 -0.30250038292416465 -0.6298389087265812
v -0.5820456613889455 -0.7483052352870783 -0.6679930874278894
v -0.8530388298979186 -1.5200909965355778 0.005249226534425777
v -0.7002445818888032 -0.8630143982763161 -0.6956529752065068
v -1.3270259953730157 0.38785403344759734 -0.19140255867682618
v -1.3496449854094617 -0.8872459319022719 -0.14247163360621998
v 0.5803061337138804 -1.0244461314580877 0.12174888362143066
v 0.8310952327298435 -0.9694411226290265 -0.27644316908837774
v -0.29315818322803217 -0.8231879418450379 -0.6303527693846521
v -0.6984334212886811 0.6698415626213374 -0.4598812894848695
v -1.3709374443260067 -1.0367345927313683 -0.1698021092602835
v -1.4991329109879934 0.14467491687615402 -0.4525635592039384
v 0.678976183198625 -0.7371217165108539 0.015511118663808943
v -0.5008723497170903 0.33900486029111393 -0.1728803052994888
v -0.5343038749408545 0.26889418822834416 -0.3768692949958139
v -0.28495195231893816 0.42549435149083453 -0.5270466471442482
v -0.8613512945777713 -1.1497530371116116 -0.7456714749635363
v -1.126540852177858 -0.4550639411007442 -0.25853679735285134
v -0.1340755557283515 0.2196737731516752 -0.1799607682360769
v -0.2662027648484352 -1.315312069530013 -0.8805497731081494
v -0.9718830023188954 0.6331546658439489 -0.2762065376364149
v -1.2837633553641452 0.5970326203448642 -0.23006634550591298
v 0.6592058519237873 -0.06955927277457524 -0.20458721090174203
v -1.1868292920772068 -0.2467432326392086 0.1070124751442198
v 0.813077977260529 -0.10359515409076042 -0.21880465171020397
v -0.059899405091284774 -1.2794229394867946 -0.30420825731263607
v 0.3958569841762258 -1.1215796066211134 -0.06240825221227747
v 0.5124492828343634 -1.0764884978163989 -0.4889328674807164
v 0.1818118731504062 -0.008517479249481985 -0.17588765895321817
v -0.6060332110572931 0.02115264318751775 0.06676519705874123
v -0.2557132629902325 -0.6935829402359037 -0.6205901322602332
v -0.14952295150147937 -0.8767493756129769 -0.2372743247363578
v -0.1460462893995633 -0.8803118434429393 -0.4815754137976629
v 0.8435305851429387 -0.917744562495695 -0.8833683263398852
v -0.5211243098549798 0.4282363989205837 -0.22583158045703827
v 1.334264036064165 -0.7846736692118336 -0.7600542676624737
v -0.6985816239565297 -0.8076285693980931 -0.6694801615021411
v 0.8390991107605923 -0.940110268648473 0.12293025243392586
v -1.3573374550186692 0.5030402945666785 -0.22681000024208162
v -1.5782908213758777 -0.3689231971282615 -0.30520873461461584
v -0.9920623912389004 -1.4588786844944204 -0.3590576712249297
v 1.2050237783499569 -0.7892142388806492 0.10362473861734017
v 0.4809627338134688 0.06922990260941103 -0.3651120621912371
v -0.22296013557790256 0.4636428469039951 -0.44208882197193733
v 0.3817570244849963 -0.3224712190151179 -0.3999547120930991
v 0.09331727417461827 -0.9367460402680219 -0.2241485720431532
v -0.4803488436612402 -0.07123474983808298 0.007408180523215346
v -1.2545177705774424 -0.27835558899318846 -0.8126958433592539
v -0.4177861942791998 -1.0353334634866211 -0.0280637842469883
v 1.1799269939109873 -0.8397545082072276 -0.8538414982764245
v -0.5678141713332098 0.6025276048613726 -0.44786773243618205
v 1.2789920517936257 -0.45189852844727413 -0.0716529947363389
v -1.208297058574304 -0.28878354839197484 -0.8539683389346273
v -0.8156912210659185 -0.3569095605930265 0.07916744332479464
v -1.3409252912750345 0.6058860903387653 -0.3078195298827749
v -1.4664849442780306 -0.6643990171384384 -0.1459815409566357
v -1.434598955484218 0.46933012925058787 -0.36177317014780763
v 0.5853231457485224 -0.7851890798575811 -0.8530423405276726
v -1.1400519556534328 -0.4954055299748536 -0.3186801743029788
v -0.5275481741657906 -0.40621812625089354 -0.3648397810227121
v -0.31549058451739986 0.393168325169959 -0.14671599665570756
v -0.21581093664934775 -1.3350865539769583 -0.28104343315437985
v -0.32239168605951224 -0.11332142611968948 -0.21752424265950057
v -1.5053577409838175 0.19774969425691064 -0.3373394227449645
v 0.6409083467595589 -0.13708549935968845 -0.17789268724273796
v 0.9027294631921763 -0.39695440631361206 -0.1670594259381542
v 0.16748587358967076 -1.1844147756313215 -0.8030683731088903
v -0.7878270131169045 0.6558375431929628 -0.44160101302981564
v -0.48475019264207697 0.4849197463288633 -0.25098988748378726
v -0.533780555383629 -1.2620157432696852 0.03205785313239279
v -0.1596541280034682 -1.2170311663102824 -0.8759641345668907
v 0.08021190978085219 -0.04711125830184182 -0.1610609537580262
v -0.9751732684668801 -0.19800734768457617 0.07501136995796337
v -0.31393602636430484 -0.47506416734264245 -0.09819909713948888
v 0.1434805586779529 -1.0255833653650732 -0.8611706348769246
v -0.9360267995779867 0.6179472598294165 -0.36157103585746786
v -0.022327445478913466 -0.9678186233494399 -0.3344472252269527
v -1.195172200104759 0.6989726669079765 -0.3163550536866016
v 0.6254612093177103 -0.0028333564931531385 -0.26664003356799815
v -0.8722200267541851 -1.5540019249990635 -0.7582619851173875
v 0.19772271523884127 -0.1313408674690611 -0.14741116612866834
v -1.0948834865663457 -1.184339382641 -0.7142122295717142
v -0.6298617876306034 -0.2042611703986077 -0.8704823646889073
v 0.5754142732483063 -0.8922334941710585 0.1338752916959577
v -1.4571173155515056 -0.30317357436673653 -0.10010971528219342
v -0.9295145064830617 -1.302942770437906 -0.05385390996832573
v 0.8091327220893538 -0.7737954383929913 -0.8791463188818872
v -0.056494916774515624 -0.17489063275920555 -0.6185127910841084
v -0.9978447196246885 -1.4870499092332248 -0.29449416659711425
v 0.21429673346486094 0.09764048121443109 -0.4532826938709761
v -1.2907663785318133 0.6003158916766675 -0.5024939679946804
v 0.9720422890342282 -0.10433731998494156 -0.3875368268488214
v -0.9307755804310811 -1.4021999473058966 -0.39279382864205903
v 1.4393847765695078 -0.4161864546886537 -0.27690532374728777
v -0.23040265973843788 0.4312886426020242 -0.4902177079064439
v 0.09998198272441033 -1.0300345126679304 0.12577761953913713
v 1.0908011723897175 -0.8807116607769578 -0.1915371095301383
v 0.030929872758219457 0.24819612971414334 -0.2663388590394502
v -1.3962488623149134 0.3959064578872428 -0.5154628738579938
v 0.3506502025732347 -1.130361657952069 -0.5782569681947716
v -0.8481369541273571 -1.5557924389684676 -0.34363821497325464
v -0.7167958272189587 -1.5051780285646914 -0.6780522292461895
v 0.2953148079094124 -0.24491712856815315 -0.23324252858657182
v 1.2557748658721914 -0.2993381497325953 -0.517260621103222
v -0.44111718506504366 -0.07647368831339701 -0.5041372927497167
v 0.9405593367796086 -0.6460654449532733 -0.01670285149670231
v -0.5093487951444737 0.10937682892864736 0.08170892632351745
v -1.0142578769501673 -0.39672973758705077 -0.6950540639425911
v -0.28531918016847413 0.25253100806961765 -0.518996984862129
v -1.2385360463602577 0.2191151218240776 -0.5573016713411636
v -0.2138656425002882 -1.3271226775512484 -0.6790469437734741
v -1.2824203109139973 -0.2329057176562487 0.04345314394284372
v 0.12510167916070214 -1.213628685028838 -0.34449976966180873
v 0.7594803373701948 -0.9945816246691312 -0.2563693383034773
v -1.5815187700706081 -0.6236462046107416 -0.38241409770597956
v -0.7851285640584693 -1.4943208418093046 -0.8505174106024704
v 0.3114966991248859 -0.84031516657015 -0.7407562851962655
v -1.2629728539951803 -0.1865394657846039 -0.5328971551161704
v -0.5125468370257003 0.37341343415697686 -0.5850239361879463
v -1.5079991584444081 -0.1061373127251371 -0.4720011001759524
v 0.7612681289253465 -0.01912871475520944 -0.32492781693794076
v -1.1489029814359977 -0.3552318181629145 -0.4137134956507418
v -1.1213888719855294 -0.2828811953194337 -0.14210643266364578
v 1.1156969552216491 -0.6377379374443028 0.08349636018920509
v 0.41252380294647323 -0.06144381550274752 -0.17154524924736642
v -0.010385466066266558 0.3331554452592202 -0.37560021277813194
v -1.0095985941226326 0.4920761984048792 -0.5726752241116466
v 0.31271365803903245 -0.83543550728962 -0.6793657643155713
v -1.178172610903325 0.6537616923896039 -0.5114474519369967
v -0.11932400506383839 -1.2974159714307532 -0.4868998996697438
v -1.2982070943733925 -1.0357131905957542 -0.6114372761851034
v -1.5078114310908062 -0.5715089114430563 -0.15623870363644152
v -0.9814014170260632 -1.1969169762308793 -0.03408336010548252
v -1.4442513248955915 -1.050361607464862 -0.4089520726096457
v -0.671463496614162 -0.038604389398395555 -0.8767760101632457
v -0.9465389551022323 0.48637180657893314 -0.5413902927185328
v 0.5701625175672049 -0.7709881523793661 -0.8332159116219238
v -0.4080148335061908 0.22199076626856867 -0.7312668632073049
v -1.3893434486275982 -0.606896998033991 -0.5791050300418844
v 0.498171014945413 -0.869960330231229 0.12892059711457005
v -1.092076299910905 -0.43309240873711097 0.11835999453961205
v 0.08443353967774941 -1.2162950413937126 -0.774034739201146
v 0.4775199329807957 -0.3066026637699627 -0.44614651086457746
v 0.4559906240242821 0.04676322866964755 -0.4524448261735825
v -0.45457672164291574 -0.3821793673743072 -0.5243593063308287
v -0.4731956306620357 -0.5976441478820826 -0.6350259027430919
v 1.1054104421341722 -0.25890354172625224 -0.5742635044325265
v -0.13174590437876574 -1.3009215070210554 -0.5424378260566436
v -0.8936312584443598 -0.19151848324953213 0.15144181869756823
v 0.09515641403946673 0.11030121773301488 -0.46672824081648484
v -1.230121878642855 -0.8462470290234575 -0.1494793464801917
v -0.2835422385270589 -0.7290261110042688 -0.6341502988072638
v -0.15240574973524706 -0.2479054451937518 -0.1252115272452936
v -1.3997064675170618 -0.177601263131048 -0.5428458106334196
v -0.2072243228671035 -1.0021385299715457 -0.15745542409094562
v -1.3252727804660347 -1.1830904502631139 -0.514381340149182
v -1.0315878122430888 0.21718489037577277 -0.5443295065294018
v -1.306058278746358 0.5601159279585994 -0.21620931657553727
v -1.387312706439956 -0.04942745655326003 -0.24782904530679947
v 1.1418502549785992 -0.31586270745442147 -0.14422073508436678
v -1.213175068508973 -0.6011648057880503 -0.2158335439221431
v -0.06439258090614242 0.3079663371953077 -0.515403576893545
v -0.7970701062951049 -1.5403546610675896 -0.23726496519538745
v 0.40900050211280065 -0.8849467835152964 0.1245965488011952
v -1.4351870168343974 -1.0724203564427601 -0.3538473081634486
v -0.11491009720849366 -1.0901609192401627 -0.847274617794991
v -1.037298781580842 0.6704880267123061 -0.2697101617226303
v -1.2989316738689354 0.643414888755834 -0.437906835990615
v -0.03310753028320729 0.27587759809041207 -0.5188128542748022
v -0.4709469562327345 -0.7870366452964666 -0.6901864468740102
v -0.38810152580400414 -0.9140243734838187 -0.6852080851730991
v -1.2531291405922924 -0.25420721816757397 -0.7759909031355786
v 1.0517998658082297 -0.2770252822622803 -0.6056642874686486
v -1.1629979533463704 -0.9281846435929779 -0.6162157093473684
v -0.1734477067972872 -1.3100468607507438 -0.7579063225605155
v -0.30251496204082107 -1.2724013959535547 -0.8791749936539045
v 1.5333754530018324 -0.7178338487078173 -0.4821106762086531
v -1.5722907992080732 -0.4414462660365839 -0.2657332311622691
v -0.45278978456815006 -0.2941860701820822 -0.35757071638049925
v -1.3447811836951618 0.5568794543316478 -0.2531210211809453
v -0.6279662719319274 0.46527341406815487 -0.21861092312226424
v -0.618719204426351 -0.57972692623282 -0.5036172321409395
v 0.9794658953964539 -0.21378640107722535 -0.5739456973439102
v -0.06774200491711807 -1.2639682309512952 -0.8516658123693823
v -0.19613288925617933 -0.33505326385165835 -0.10959715010746601
v -0.8212029772439533 -1.018237417359773 -0.7307423314802297
v -0.36420168954084337 0.13336034465470842 -0.00118475243955668
v 0.7983068132904154 -0.7262918532561765 0.092659787975155
v -0.42035508026517965 0.07724075558470439 0.07956324658816355
v 0.720908397246766 -0.09382850289569183 -0.19810663293927683
v -1.3464635562166667 0.2448451159722172 -0.20542708563446044
v -0.6423980084724994 0.6761799788935654 -0.29465182816411734
v 0.44358074704966693 -1.1040813784354582 -0.2702403568662163
v -0.6994506503805504 -0.03506900660950013 -0.8381386128679351
v 0.4742723113655544 -0.7725133005098792 -0.557106273535726
v 0.23695848726387186 -1.1754226214836372 -0.28428427854144506
v -0.28217000264233466 -0.5862776709451072 -0.6487253893362857
v -1.579134730050883 -0.3931822330996588 -0.4067603502916416
v -0.3641804666326559 -1.2181894840239973 0.09781113227510357
v -0.7404893760196718 -1.2792757105291535 -0.036687319530554985
v -0.4902474822684634 -0.09788758280291354 -0.48520878362801184
v -0.5594522262775268 0.43502218535388343 -0.23975241721343454
v -0.2012973687081053 -1.0842778019121209 -0.8074302570188843
v -0.8139072051217742 -0.8047726972322975 -0.12850380042860338
v -0.39005979613194613 -1.1206796599301079 -0.025898530949307885
v -1.2013668252125262 -0.17945965861203284 -0.3368378228868483
v 1.1450464885408695 -0.4530455391996044 -0.6908998386379896
v -0.3106927367659034 -1.1753979806539063 -0.8514753029866171
v 0.6570355909736132 -0.400737051880201 -0.4388372061576833
v -1.215476979053475 -0.5608598005974363 -0.5144149430871455
v 1.1875854830211308 -0.8406276878033563 -0.6183834465996587
v 1.0954827909371045 -0.4502271648126005 -0.10663784607171167
v 0.07861548208885177 -1.2244312645260798 -0.6227454894827475
v -1.1241791280063484 -0.35119475602935546 -0.9132813994093756
v 0.47460388949852833 0.06483330294978845 -0.3177385567894366
v 0.9389663866240618 -0.22859828203130514 -0.5870130274246886
v 0.7568937457557554 -0.9924254527095049 0.10587675148163722
v -0.6946711044066203 -0.11980826364777175 0.1695471253898968
v -1.2427809658155777 -0.1990396593488371 -0.14284148451182402
v -1.373178647019841 0.10861397666047451 -0.5074493580833587
v -0.281104127783384 -1.3592799141884684 -0.061289399569405656
v -0.26845008800642856 -1.3395066617830094 -0.8402361833704033
v -0.3181409839578601 -0.2969762665879907 -0.5817340078577883
v 0.28691053626717583 -1.0072588745179623 -0.8702855758688881
v 0.14851313020427165 -0.9778091484055946 -0.8498433448078759
v 0.8650345975057043 -0.9615898190262397 -0.0631401444701919
v -0.8637695734278402 -0.9501751136265575 -0.04150406520872402
v 0.8243770893484823 -0.3471257800469677 -0.5774900422410383
v -0.27362581480482845 -1.1374019801821602 0.028294800999767222
v 0.8217398051883626 -0.6760549443382028 -0.0869090862612264
v -1.2676609904394642 -0.05624026841271612 -0.34732038954378003
v 1.0079087256681298 -0.9126861180981587 -0.0014688373603881644
v -0.13398104622335189 -1.306855853428973 -0.19261244328824367
v -1.2498408218647217 -0.4344176680722517 -0.8204023026008247
v 1.241553033431979 -0.3796815821050827 -0.6501462113731806
v -0.5449976969694538 0.18854431744550776 -0.7623671672221699
v 1.4146901145744348 -0.5795341117401768 -0.05105530786001716
v 0.611706161627801 -0.7633287293022895 0.042732797105956344
v -0.5743833767961583 0.6455363449658318 -0.33288473829074267
v -0.04899341359572146 -1.2760474637598698 -0.25272493971466015
v 0.0045449492018003745 0.2388826313264782 -0.22976596584284018
v -1.1776011821132137 -0.4574779475488841 0.037605636588090297
v 0.0026595282946591525 0.23679897096982566 -0.5071078838752188
v -0.4080237956144235 -0.06715913672897739 -0.20591229139215086
v 1.2362586928330446 -0.543756680167859 -0.7967198819167642
v -1.307894000689663 0.46060038006789944 -0.1831390775818819
v -1.060837132897525 0.5920385401791812 -0.5531923559359102
v -0.04679569004337969 0.1924640574349294 -0.5607187582757145
v -0.19873768329000072 -0.2724158375000398 -0.12772195087557353
v -1.0071424200610342 -1.212342135642339 -0.7341712817819976
v -1.1743853551169798 -0.5056894597495363 -0.6308238265368842
v 0.32435472125441084 -0.0126046973945253 -0.5517915048940792
v 0.39501714918678105 -0.8074780814920036 -0.28330987282705145
v 0.322838932664868 -1.1325045954015336 -0.7684206440931809
v -0.14994059369377896 0.317743122925185 -0.22079276923673918
v -0.5715276238601837 0.03030345248404903 0.10844579644071212
v -0.21072087647753607 -0.4834985445147517 -0.6299026768093281
v -0.7152219737064536 -0.7624812834759198 -0.6276086553046675
v -0.9514051811562314 -1.5728360835888642 -0.7025227590488969
v -0.504135411594187 -1.1733389412553477 -0.7496378735563514
v 1.2629367031618017 -0.3220766875365093 -0.19209210447655004
v -0.9310742312617453 -1.089280466624936 -0.7379910873095517
v -1.2232267187201695 -0.19475414213937178 -0.5085312097383606
v 0.5126247096447372 -1.071336696468802 -0.6628944824522194
v -1.0946718933768511 -0.4013756666746023 -0.18550610748043828
v -1.174354454721632 0.6488782376264299 -0.2235166142471066
v -0.3332505817756708 -0.08534897736459196 -0.5178137878590409
v -1.0081326634700207 -1.4768625357421405 -0.5101640621407615
v 0.10421976826209073 -0.9485523758873284 -0.014028308017433322
v 0.21684091900619923 -1.1631522036566433 -0.8463556340758547
v -0.7943153807610266 -0.2969879113672022 0.2090884834468627
v 0.270660823155032 -1.158551005623708 -0.5542734922119844
v -1.331292396067803 -0.519651172462994 -0.6497503484949012
v 1.4488404167757731 -0.43973343029574247 -0.47210916213730403
v -1.2840513549974422 0.33804760379934745 -0.5768395243361462
v -0.31536124003295024 -0.4585516717044022 -0.6352597919091654
v -0.8069213311767333 -1.5218970302533847 -0.8325524572814229
v -0.36882717071404575 0.34716051788434926 -0.6362251759004156
v -1.2814321341552461 -0.07010961775795715 -0.2908028709452611
v -0.7094978890883596 0.5671665635682313 -0.5249697431441347
v -1.2486936322676594 -1.2055105252143947 -0.5896151189158945
v -1.4559193737938525 -0.998050914393765 -0.47673116577405245
v -1.4392840118247854 -0.6456426162637481 -0.1292400445749944
v 0.7990176018699637 -0.055835940217125846 -0.4611036534842474
v 0.46979688092243027 -0.7973783021762846 -0.06889522884181792
v -1.0506762085551273 -1.327777428114796 -0.526440383374687
v 0.18525155413608924 -0.8922960898272293 -0.3520913310989414
v -1.1145220092737607 -0.4584101260349085 -0.6427477227599707
v 0.18890366292001576 0.1183801906795317 -0.41184321693090287
v -0.7229603070535793 -0.3095597421823865 0.15417442709979956
v -0.7706354042883022 0.671480237413344 -0.31201065681706186
v -0.23541597564862038 -0.3758445279967173 -0.10621287124540346
v -1.5000728791556746 -0.32785657171096116 -0.159165954721909
v 0.48313524025861027 -1.0827292052500899 -0.6198332613547611
v 1.264763820686338 -0.27106393029984344 -0.39574546222597784
v 0.18906201999430955 -0.9929208526169144 -0.85929453376748
v -0.10566308931782792 -1.029343913671452 -0.7028676710502171
v -0.5472814249662107 -0.7722360514321344 -0.6815899171449629
v -1.0074952608454693 0.5934264746570403 -0.2085859009044865
v -0.6501116016317101 -1.325598224928026 0.05125919982845534
v -0.7460661919368505 -0.7414167919776582 -0.5791190196742476
v -1.2567345709011886 -0.5356691028025735 -0.5977840507625654
v -0.4206013097177554 -0.9073287247954052 -0.6967685092860199
v -0.9173117317080062 -1.51127329548806 -0.0632597121092967
v -1.449892107611886 -0.8299346407685954 -0.17056849867982096
v -0.040349629114174446 0.350448995585015 -0.28840786178197814
v 0.057579903822250034 -1.239862882219525 -0.11643291370751813
v -0.22904872563127981 -0.6361921426830717 -0.6134024220994057
v -1.30501537549964 -1.2122190109802327 -0.30888910086618515
v -0.2297704634827487 -0.8943227583293111 -0.14622306083127096
v -1.2847078940083088 -0.8472598466119395 -0.5707542329744909
v -0.0650954605742125 0.22816468513070715 -0.1850634468973072
v -1.0327952327715333 -1.0696796801559556 -0.03725497270965905
v -1.0406073296347562 -0.2132125082041411 0.12314508470023172
v -0.2715889918963012 -1.1530665133314721 0.07967609761400307
v -0.3550697781709846 0.47853524773071127 -0.5019156437465719
v 0.6759340740519932 -1.0163145185454767 -0.6237998984072186
v -1.457050646209774 0.02080636004325298 -0.2439626805340366
v -0.5673967079856421 -0.05691238678689653 0.16314877626083957
v -1.5100380678748078 0.012382634068511145 -0.27685125302333824
v -1.462850024460005 0.38854189015818635 -0.36230352426448864
v -1.0004208786297664 -0.41238860731985183 0.04667916508879666
v 0.8907417193997955 -0.9165133953611794 0.12567599598813461
v 0.7845281978391667 -0.6114063096179949 -0.4682790631018465
v -0.9805859844067066 -1.4380991920122865 -0.5316771359699443
v -0.35616168487424765 -1.3723225636962422 -0.841507630312874
v -0.7632660673663947 0.6135391147487668 -0.24459416141079812
v -0.09345252486111566 0.11840280460230074 -0.5729902292994629
v -0.9011046631286062 -1.0308109173924553 -0.730614656213278
v -1.145849088408696 -0.2459222955764365 -0.23428350428451228
v -0.5261492109294632 -0.8941397008103757 -0.7068521130893187
v -1.3260554447561768 -0.7304066731048456 -0.1455503264363473
v -1.1382806178136176 -0.4481026881137971 -0.15893621872794336
v -0.5347202652200307 -0.48614371771471254 -0.22036682070022387
v -0.8895513133184145 -0.9106389818100911 -0.06544648638971784
v -1.1105273134700289 -0.8430353353276947 -0.5369311967609237
v -1.0518329961528026 0.6976327224331818 -0.33055474912332994
v -0.7682058184768488 0.6803199562345241 -0.3801833276215069
v 1.0745595072905099 -0.6159628759544986 0.03238716589876234
v -0.24162737241791388 -0.7553653099242279 -0.6013684966229166
v -0.030195381641768326 -0.9846516683621858 -0.5836802558454182
v -0.8264942774824452 -1.538077450967729 0.027652350979448126
v 1.2897004794753313 -0.30191341451401355 -0.46238724199685155
v -1.474342547189708 -0.24061567430591035 -0.17448476113278863
v -0.6472467872293184 -0.8527490882253896 -0.04071243881034936
v 1.2301062154670994 -0.5661779672889895 0.028192601171295184
v 0.19527156870137335 -0.31556330150155576 -0.2707834288305002
v -0.32142983921962653 0.47854786622012985 -0.23779482252114645
v 0.7220049539130589 -0.8860137711859124 -0.8839967271129303
v 0.2741873829371529 -1.1500488462982021 -0.7572073576049108
v -1.4852189100746838 -0.2546719561392783 -0.5356941674935286
v -0.1480576964845215 -1.0872740274491977 0.07313240733280807
v 0.4642792824831529 -0.03255442980711232 -0.1935424160225744
v -0.1806414380640893 -1.3211009754276082 -0.39027114421182435
v -0.46479513463080624 -1.417243531545993 -0.6918070980913669
v -1.4720467372377284 -0.5992429800421455 -0.1326887274121839
v 1.2724209982684473 -0.5286010397673983 -0.0023921332247273663
v 0.8348237479575724 -0.6168949153390648 -0.5515056712692024
v -0.5282685607459516 0.41029358260302 -0.5321616660919808
v 0.5936883894959275 -0.3612218448973687 -0.4360485199961776
v 0.6261149066845033 -1.0428087758480078 -0.06985981796759305
v -0.41967034340158066 0.29761045222348387 -0.7011542987751798
v -0.9444912425366949 0.5085447975972524 -0.202324805171357
v -1.2925882300725766 -0.6483055944503532 -0.5458638353561533
v 0.09108912714621376 -1.2250468282217006 -0.37988078195001423
v 0.5266841510683689 -0.3027069485895286 -0.28492178052418116
v 0.5897868916691613 -0.8059005914699495 -0.865108398440996
v 1.3312858738450117 -0.7925652327509383 -0.3665053620110537
v -0.7501015848529117 -0.10438890675428114 -0.7971628604460854
v -0.5264518162158665 -1.4389352911339979 -0.6475616466657028
v 0.8071680928376102 -0.2807089670772085 -0.18153543648569412
v 0.8441219650564771 -0.5509578235552173 -0.5331243276689785
v -0.7944860582501858 0.43953725971258245 -0.2444827610144508
v -1.0252193699275356 -0.4086760887598112 0.15534305819305494
v -0.4911253118276219 -0.5277462414353833 -0.15587403922806306
v -0.5183540447008617 0.17594033432185213 -0.6126304090066312
v 0.06276820936679472 -0.07589590059948431 -0.602026744594555
v -1.415617091017491 -0.7357602907965921 -0.13947481192003686
v 0.3569666010718003 -0.8552878686814969 -0.834307937555008
v -1.2289511212844535 -1.1005498308724806 -0.1020589440153552
v -0.7109993502277123 0.6635842822424889 -0.26416100712398805
v 0.3485922362430675 0.0025058542618556223 -0.19767253703164087
v -1.1147109289255754 -0.2670243245967638 -0.8938580865293673
v -0.7680299743621006 -1.5267377212539939 -0.424664079099463
v -0.8682307161640479 -1.5573611059837473 -0.004231809623771565
v 1.4379763544340258 -0.7506378276389223 -0.005841491697570755
v -1.3394002623743426 -0.5471701703361348 -0.604102257580087
v -1.1862605260864376 -0.6937794508530066 -0.42765485980803475
v 0.5344173177899059 -0.9566473256298964 0.13423079527973458
v -0.21282591871547116 0.38229094883150233 -0.5177387724298201
v 0.645143548984445 -0.10004701371098823 -0.18262342847649185
v -1.4220502552543617 -0.388174739579082 -0.6821171712862908
v -0.942600992821792 -1.181497082803193 -0.745748795502635
v -0.9298616043644383 -1.4265274211947074 -0.16212961064613998
v 0.6903450646036629 0.005117961058048737 -0.3990176451844023
v -0.3215039405535508 0.30831454788834983 -0.58600362775775
v -1.422488385104284 -1.0213058762969072 -0.5126897074448912
v -1.0076626197712695 0.44522259463876107 -0.5831938577895149
v -0.320328115927745 -1.362877833018624 -0.7675518760004394
v 1.2897341022849318 -0.8033457149879697 -0.7001447997500567
v 0.24632776533625805 -0.2550539684866527 -0.2295376208634561
v 0.9334230742866623 -0.9278938619305179 -0.6184295686688563
v 1.1057508432739207 -0.6344022646060479 -0.8590211795305636
v -0.21098236734723538 -1.0575852852884418 -0.5946736030567044
v -0.18875141076413826 -1.0377582602335866 -0.1616689264883591
v -0.8467685335969137 -1.556545156701832 -0.2724273894779168
v -0.9587214210643966 -0.8412484181245659 -0.16596443913117487
v -1.3073899566202107 -0.16106438499435644 -0.18214311114147383
v -0.5691424312855193 0.31167488142797245 -0.42301789282871594
v -0.762940907772133 0.3399468553657569 -0.38215505104761643
v 1.3767042287658604 -0.7162888289404246 -0.8009104723168554
v 0.9775103872260382 -0.43349810807564587 -0.1403185616219468
v 0.058891511342854475 0.13193546880389 -0.4496783366304714
v -0.6789172283778975 -0.6193704841182579 -0.2825984483551231
v 0.7801039567326447 -0.9717063700034854 -0.8467620289216804
v -0.5952169598738783 -1.4615936468831026 -0.7523999317244383
v -0.19308793846547365 -0.839368899093578 -0.5468175546965552
v 1.33796824827999 -0.32451207586593167 -0.4055319453146523
v -0.4808157078980907 -1.375677392792449 0.11501645253315279
v -0.13150593449180709 -1.3064103313301312 -0.06911846681052397
v 0.6468043806515724 -0.10380631010424357 -0.5639325384933496
v 0.9242579971548515 -0.6254680362798679 -0.10487153575602715
v -0.8536901824115597 -0.9746559369371686 -0.7212090329170389
v -1.459948129583196 0.3514731201348816 -0.4449062027770972
v -0.3787923196899051 -0.8226817317671656 -0.681211958611512
v -0.709651059665428 -0.9367468550051341 -0.716479941029146
v -1.4252898288566664 0.37888787140095165 -0.4902916303956362
v -0.07113335808190979 -1.1374723853916249 0.1261397006347213
v -1.2083981455911108 -1.27477110852309 -0.28195466693513305
v 0.16256806076633185 -0.14704957526715629 -0.5982061640731628
v 0.58468224571588 -1.055117903623643 -0.25604282743790774
v -1.0234561993304778 -1.3211754741942698 -0.14624885421594075
v -0.912644261766077 -1.259251896654279 -0.03609623769156983
v -0.48369482987903567 0.28477816386371785 -0.12238528369008533
v 0.09955871685887374 0.13064786622063612 -0.39958269517907513
v -0.8104846534870814 -0.14104563838688633 -0.9067686293951652
v 1.2608858508776375 -0.8200498725639143 -0.226767991601718
v 1.4126342745094138 -0.41004276058620914 -0.4927860374865912
v 0.05355166469546552 -1.240270091802463 -0.2503166960412153
v -0.5821495503065524 0.049665381877736 -0.6979599331467761
v -0.8713293402459654 -0.8771160470566803 -0.672218791010347
v 0.302523144829321 0.09985249247368927 -0.30798408690777523
v -1.3955745580606762 -0.47735628117016254 -0.6798972312439174
v -0.8402329906868395 0.38601217116849623 -0.379991447095797
v -1.177619305046048 -1.1465485766916732 -0.6805725688232724
v 0.3918544589475635 -1.114467150349149 0.11369562457303617
v -0.08036705197586608 -1.2791499230677053 0.11376479774101422
v -0.9081881664256368 0.305055977001188 -0.340232653588094
v -0.5048455841529919 -0.39480155291734453 -0.44482971684674744
v -0.8112125118027093 -1.096108659131337 -0.7398520462316939
v -0.12952445409198968 -0.6471186814511686 -0.5345680020882851
v 1.198866929223898 -0.7584081741930612 -0.8665573587157126
v 0.0732449536341207 -1.0029522536301305 0.10542804992089472
v -0.43772016848374123 -1.2129283886735625 -0.8440968251117449
v -1.0627025033230548 -0.46928289215360897 -0.7884096428602421
v -1.4514796129389274 -0.8599353080134513 -0.5324132211432403
v 0.7469898014214853 -0.9933394883910582 -0.5651968316465436
v 0.7319978436940022 -0.994722335729876 -0.6972922461476199
v 0.2617439825111218 -1.1672151982763304 -0.22006524873893832
v 1.3095374999635372 -0.2991949944605143 -0.32352478001605306
v -0.943387929513863 -0.33685778732506244 0.2004467258722774
v 1.2022746764891155 -0.4655374264196219 -0.7192722835718376
v -0.5807432743078533 0.041264249954126364 -0.8592348989852041
v 1.2409565465077625 -0.6004659401906298 -0.8257374197986362
v 1.197875553131609 -0.25511582889225903 -0.49442363921020627
v -0.6441880653942551 0.33810409886299625 -0.47355657242434396
v 0.7920877858125603 -0.5665751814385769 -0.46753192929844545
v -0.8730023532265001 0.4801621386420482 -0.25893941658766995
v -0.9474563093471444 -1.5785818084195198 -0.11545685864726352
v 0.33204168642020276 -0.9009541024007822 0.11811440097941645
v 0.6140640903166665 -0.7844144039654648 0.0958900417797634
v -1.0117847722539475 -0.9895267770378704 -0.7025112732427805
v -1.445560607434681 -1.0482403300995962 -0.3014867372837836
v -0.04907194630466988 -0.3615156867919081 -0.14203256978936413
v -0.4565436560045372 -0.3120467172811485 -0.41520822030519217
v -0.3643356045017754 -1.1155908914146933 -0.7029463229889866
v -0.13261979935382212 -1.0623033285462296 0.018464441336862536
v -0.4978482840167451 -0.36416517213707184 -0.3750778470594766
v 0.9044471277407795 -0.937159469673303 -0.6581314895518099
v 0.0435294046352141 -0.01766232705494941 -0.17638723190437255
v -0.1305949590423333 -1.3041437326843643 -0.30529197690150467
v -1.3784938329658623 0.5286419974271233 -0.4729314902146577
v 0.9106963601066917 -0.24983994904398574 -0.15938639078981495
v 1.0482776976578594 -0.2954425935252562 -0.14448562400397252
v -0.3393858105608045 -1.3537741592447712 -0.8794304038027188
v -1.368134708917227 -0.11118665591298244 -0.23028755656765723
v -0.9418080151521095 -1.003831573562055 -0.03628020930580156
v 1.037411509050966 -0.8904260098237593 -0.7010174229403527
v -0.6861445427110262 -1.1254904441172129 -0.03381008535511354
v 0.9859048820229301 -0.6638542163417459 0.07871160784641235
v 0.24702688926495792 -0.8842302719043269 -0.8096381151060346
v -0.1584052949837666 -0.4489548037748334 -0.6126326942448724
v -1.519989386191399 -0.8289600760811067 -0.24323108635067542
v 1.4512039691378755 -0.7009211780460947 -0.02558227384836831
v -1.2195118950502508 -0.7436842649754476 -0.5123896059847347
v 1.5342913764888895 -0.5643294678831707 -0.4918751415236649
v 0.01774078915827948 -1.2535292030507668 0.009435941965325434
v -0.5026826558368264 0.2614890028735057 -0.2744397305298083
v 0.9743842806703162 -0.9157848415382607 -0.4907404710578369
v -0.7589861142152556 -0.23440711918069065 0.21174452643219666
v 1.093599416808562 -0.32516193800680687 -0.13577495159268857
v -0.6433237684198116 -0.18034054840327085 0.1925947665054738
v 0.5605301191508951 0.04753037321138648 -0.3406139902998145
v -0.38054462050158955 0.20345259571009072 -0.44852675540165876
v 0.7966515456816146 -0.14499019805077062 -0.18295711300297493
v -0.10770412501337362 -0.8154379835903375 -0.28580332607943615
v 0.4370046063854474 -0.7868302187325606 -0.4674917289770379
v -0.9358316601038286 -0.8039547011717836 -0.5088116978929169
v -0.040752904113010024 0.05013047753890426 -0.5366465753058965
v 0.636955977542381 -1.037238875260463 -0.23225753128972135
v -0.05980263021968085 -1.2314929686374534 0.13054552073385606
v -0.5507189796867475 -1.4543870387956022 0.07258945459834537
v -1.5620418236426616 -0.7690768586010076 -0.3754703317594866
v -0.5906769466108953 -1.318921474166285 -0.8651963304341885
v -0.20867129597813205 -1.1160963463703641 0.06897273719970154
v -0.8766605029880381 -1.2378680480797246 -0.7509624373842012
v 1.4171395521511312 -0.47566723177866604 -0.6069133390763559
v -1.3097807529964753 -0.06936711404594909 -0.44734542633243735
v 0.30989540288184986 -1.1400997734765783 -0.703974262893134
v -0.7225707434841906 -0.6584621271610005 -0.3374574403963927
v -0.5568645814663326 -0.13408937318079606 -0.012947549302459782
v -0.6238861280896133 0.028961759305208834 -0.8447647306989068
v -0.5654585278825854 -1.1144383166040368 -0.033014663474094985
v -1.4387590627933358 -0.8783033574886026 -0.17460552107010627
v 0.8579767484918854 -0.0857120321703832 -0.4756220104899779
v -0.3050890543956634 -0.3651240581030625 -0.13285602672307367
v 0.08075724711174048 -1.2272400409124706 -0.48244757994031073
v 0.27373379295373795 -0.9045177824005943 -0.842335204502364
v -1.1579923277596602 -0.3564863543424006 -0.5004470502946182
v -1.5427993625298952 -0.09487033307401815 -0.29856842843491194
v -0.19683040358229192 -0.03665011326946638 -0.5385405608885329
v -0.19196638327998622 -0.02989061701175838 -0.21322676272463373
v -0.026002068827424618 -0.21598764190929484 -0.617607518794419
v -0.30578291234059013 -0.9038087226534546 -0.6358103753521898
v -1.1575944181027822 -0.5437876203064808 -0.3746417242448789
v 0.21978283535968396 -1.1742177445247133 -0.6292551992648784
v -0.9294418359069927 -0.9780542054315944 -0.7143459259446404
v -0.39502351243647704 -0.9338349646949746 -0.03134373701543275
v -0.879042774432081 -0.8023289628153856 -0.18456912005828902
v 0.12508210559837568 -1.1154622623091714 -0.872905134528911
v -0.6472204771820897 -0.7151041216929335 -0.6234011541415916
v -1.2117755289951762 -0.28214739538437883 0.11326568183750807
v -1.1170997778814258 -0.4238674186201079 -0.8857158820342994
v 0.7661051635447698 -0.3891420709907465 -0.5363490571585344
v -1.0667874759731306 -0.3908027834280526 -0.10128645400329567
v 1.1439346505858161 -0.8539014047047668 -0.7158127309492749
v 0.18712972189576932 -1.193635533089669 -0.18024012370733103
v -0.48529690111590995 0.22057270638919996 -0.5237852147413757
v 1.019250104727726 -0.9022983987640536 -0.3562812856066525
v -1.2295798201320518 -0.20836531917827245 -0.0727163061541321
v -0.44248995748396364 -1.4080175677187832 -0.8262519560923611
v -0.956190986695779 -1.591739296116821 -0.3003592206072323
v -0.4390319945923513 -0.5975318930053495 -0.09182954201227028
v -0.832427908511435 -0.7555378553472538 -0.45753132932239277
v 0.9379706387716595 -0.9080821181644233 -0.8698377884034421
v -1.0986344964870223 -0.2924320007947155 -0.08744776659375991
v 0.9900596637333643 -0.7975978837638047 -0.8848462197178985
v 0.799446829226564 -0.6639201504329126 -0.6694991587869981
v -0.8654243641173562 0.590135612359949 -0.3990283957399542
v -0.27427573656061427 -0.38988872787486245 -0.11116820171917119
v 1.0038554482788768 -0.624763626495758 -0.8421902011680531
v -0.1036567296286372 -0.1807790558142941 -0.13542988061827346
v -0.9367958716685028 -1.2877046230011207 -0.7046272448809994
v 1.2582338815778638 -0.8193377923279688 -0.2894245940829254
v 0.5707851158222812 0.03926577930477693 -0.4071313140089109
v 0.9954319210205038 -0.9034110911994928 -0.7630852288208161
v 1.1889705559832793 -0.26813667921437595 -0.21169340760808927
v -1.488142584265513 0.26752457539968805 -0.3288077739103293
v 1.265577186655459 -0.39901221367068423 -0.10645550393170405
v -0.8219956170958087 -0.8548981063957394 -0.6672933276068094
v 0.05082666713015915 -0.9777914427771348 0.02170242520821708
v -1.2048704729973247 -1.282317183783405 -0.4118640225347159
v 0.3391867123050129 -0.2555784207271804 -0.5088505270713797
v 0.3182792862246479 -1.1277025149913817 -0.847765506840829
v -0.161162822418645 0.42475158944754704 -0.45067933059501
v -1.4846070425035225 -0.29004450311017305 -0.1539848625815516
v -0.4158252611519159 -1.3040577282399493 -0.8788595711617139
v 0.0038024852330659775 -0.23231256916702803 -0.12128634242736697
v -0.2934749371198938 0.4449668069288461 -0.21204008818509165
v -0.37649658922447293 0.25775778510316133 -0.007939558990961049
v 1.4791649718301303 -0.4992008536457717 -0.5198625734929696
v 0.05784292480798908 0.15140693066005756 -0.2969829698864691
v 0.23857856220375911 -0.8655805817196803 -0.5607341587942962
v 0.48951653952322477 -0.7816608707295992 -0.137627147122967
v 1.474679486338745 -0.5526883251812448 -0.606384793278631
v 0.7680168348842289 -0.3274350148061963 -0.2049970037974742
v 0.8865351720752899 -0.06704936580685422 -0.3173944197819548
v -0.5198156632082704 0.5007143393415525 -0.25839878883472217
v -0.6187664591788509 -0.05590119867263865 -0.7355376555338424
v 0.33685193407311215 -0.2884035828231991 -0.2848957486798688
v -0.12524517657650458 -1.0265404032688341 -0.3601982634385479
v -0.900361006861659 -1.5510304992648127 -0.7632591652584237
v -0.2243449502087716 -0.8828796563605277 -0.37164514101833834
v -1.016543154934601 -1.569843713149342 -0.5335851707998545
v -0.5138955846356327 -0.4349390799523368 -0.49381046011101093
v -1.1712888771718453 -1.23954984432376 -0.12017126539550227
v -0.9971766351927946 -1.593937496588448 -0.29266233949463744
v -0.5136636230183366 -1.4304899845616048 0.10656894020906599
v -0.8112434916846046 -1.4849831795111936 0.03438261605930615
v -0.7589796360616329 -0.6960750819602544 -0.2777851007268605
v -0.7188101753061751 -0.10860133608330308 0.13995545617529792
v -0.8080975731069135 -0.33288441378770267 0.03806723484116775
v -0.9286580985484592 -0.3975863641096587 0.13005097530683218
v -0.978333951670773 -0.23218227084400817 0.1683432618844538
v -0.07376642945501094 -0.5642142521325425 -0.22610849171695618
v -0.3396367297196839 0.196768850132168 -0.3670739292854543
v -1.0778313170137281 -0.2898596372722817 -0.9246187047834116
v -1.016706420303204 -0.42946112542863435 -0.7186690999059926
v -0.42157525838450083 -0.10414526061449975 -0.5068731004854857
v -0.538080658374564 0.07053282622469903 -0.6671954200519034
v -0.5014454278530625 0.30757031534393325 -0.6800838656574911
v -0.5305027884952414 0.2823064700537164 -0.6281606297622735
v -0.4242463640705896 -0.2988248852236308 -0.48541755504506945
v -0.3940786955893972 -0.22845313959553615 -0.46473485730617653
v 1.5669548629472552 -0.6127939658929378 -0.4828808412391977
v 0.5617564177343752 -0.17659168461937735 -0.5767394706444571
v -0.3306917309663151 0.23575191455100003 -0.24959817739492096
v -0.3236617817306751 0.2660419923153711 -0.15488570349621678
v 0.7079376830644966 -0.45628072117015894 -0.4074603088290904
v -0.13297180552950824 -0.8867356481388394 -0.4017340780742136
v 0.0051379784611997326 -0.9534837411670192 -0.24582870672358328
v -0.11057933228185335 -0.9762273859816113 -0.3135176223998301
v -0.3492960144606917 -1.2843205031121534 0.11712763510688362
v -0.11806636890899908 -0.8900478724455764 -0.31126990180909914
v -0.07816795728057963 -0.7671937626753814 -0.356726032711656
v -0.14903275796293214 -0.9729777573310452 -0.39234113288230377
v -0.09330974715013535 -0.7156368007911293 -0.4677633345099089
f 1 283 457
f 632 283 1
f 1 457 1783
f 2305 632 1
f 1 1783 2305
f 88 33 2
f 2 33 3067
f 173 88 2
f 2 124 783
f 3067 124 2
f 393 173 2
f 783 393 2
f 3 164 667
f 1843 164 3
f 3 667 873
f 873 861 3
f 3 861 1318
f 3 1318 1843
f 1614 1035 4
f 4 1035 2183
f 1948 1614 4
f 2275 1948 4
f 4 2183 2275
f 5 1333 1393
f 1806 1333 5
f 5 1393 1810
f 2875 1806 5
f 5 1810 2875
f 6 224 616
f 2457 224 6
f 616 416 6
f 6 416 1443
f 6 1443 3110
f 3110 2457 6
f 2045 633 7
f 7 633 2852
f 7 666 1563
f 2852 666 7
f 1563 1132 7
f 7 1132 2064
f 2064 2045 7
f 1170 621 8
f 8 621 2010
f 2397 1170 8
f 1837 1807 8
f 8 1807 2397
f 2010 1837 8
f 9 700 2669
f 3070 700 9
f 2978 1535 9
f 9 1535 3070
f 2669 2513 9
f 9 2513 2978
f 1338 762 10
f 10 762 2257
f 10 921 1338
f 2257 921 10
f 11 801 1354
f 1537 801 11
f 11 1354 1518
f 11 1518 2349
f 2728 1537 11
f 11 2349 2728
f 12 92 2006
f 3057 92 12
f 12 620 1264
f 2006 620 12
f 1264 1252 12
f 12 1252 2861
f 2861 1710 12
f 12 1710 3057
f 13 670 1085
f 2716 670 13
f 13 1085 2313
f 1835 1769 13
f 13 1769 2716
f 2313 1835 13
f 14 140 205
f 1511 140 14
f 14 205 1623
f 1455 1056 14
f 14 1056 1511
f 1623 1455 14
f 15 1152 1179
f 2251 1152 15
f 15 1179 3059
f 1797 1299 15
f 15 1299 2251
f 3059 1797 15
f 1680 392 16
f 16 392 2123
f 16 1533 1680
f 3020 1533 16
f 16 2123 3020
f 1183 225 17
f 17 225 2624
f 448 388 17
f 17 388 2938
f 2624 448 17
f 17 471 2126
f 2938 471 17
f 1573 1183 17
f 2126 1573 17
f 922 65 18
f 18 65 1261
f 2797 903 18
f 18 903 2878
f 2041 922 18
f 18 1261 2797
f 3092 2041 18
f 2878 2496 18
f 18 2496 3092
f 19 36 220
f 3089 36 19
f 19 80 198
f 1150 80 19
f 19 198 3089
f 19 220 1865
f 1865 1150 19
f 2029 987 20
f 20 987 2182
f 1995 1254 20
f 20 1254 2029
f 2182 1995 20
f 816 451 21
f 21 451 948
f 948 533 21
f 21 533 2195
f 1458 816 21
f 2195 1458 21
f 22 687 1281
f 1342 687 22
f 22 909 963
f 1281 909 22
f 22 963 1342
f 23 675 1958
f 2273 675 23
f 1958 769 23
f 23 769 2273
f 2058 431 24
f 24 431 2104
f 24 1176 2058
f 2923 1176 24
f 2870 1279 24
f 24 1279 2923
f 24 2104 2870
f 25 584 1499
f 2714 584 25
f 2374 850 25
f 25 850 2714
f 25 1499 1720
f 25 1720 2374
f 26 82 749
f 1047 82 26
f 26 749 2929
f 2076 1047 26
f 1511 1056 26
f 26 1056 2076
f 2929 1511 26
f 1522 403 27
f 27 403 2631
f 2771 1522 27
f 2631 1730 27
f 27 1730 2855
f 27 1866 2771
f 2855 1866 27
f 28 552 556
f 3080 552 28
f 28 556 2614
f 2614 984 28
f 28 984 3080
f 29 1082 2166
f 2681 1082 29
f 2167 1204 29
f 29 1204 2681
f 29 2166 2167
f 1195 217 30
f 30 217 2473
f 1682 1195 30
f 1983 1682 30
f 2473 1983 30
f 2812 216 31
f 31 216 2995
f 31 812 1213
f 2995 812 31
f 1289 1014 31
f 31 1014 2812
f 31 1213 1289
f 914 865 32
f 32 865 1687
f 1020 914 32
f 1913 1020 32
f 32 1687 1913
f 33 88 1673
f 1519 1162 33
f 33 1162 2334
f 2334 1184 33
f 33 1184 3067
f 1673 1519 33
f 34 193 774
f 3001 193 34
f 1129 523 34
f 34 523 3001
f 34 774 2454
f 2454 1129 34
f 1506 991 35
f 35 991 2352
f 2471 1506 35
f 2352 2013 35
f 35 2013 2471
f 1970 220 36
f 1967 354 36
f 36 354 1970
f 3089 1967 36
f 37 95 318
f 1688 95 37
f 37 318 2039
f 2039 385 37
f 37 385 3035
f 3035 1688 37
f 38 907 2186
f 2311 907 38
f 2186 1704 38
f 38 1704 2742
f 3055 2311 38
f 2742 2646 38
f 38 2646 3055
f 1773 663 39
f 39 663 2068
f 39 1073 1773
f 1883 1073 39
f 39 1526 1883
f 2282 1526 39
f 39 2068 2282
f 40 44 330
f 1748 44 40
f 40 330 2519
f 40 1330 1748
f 2974 1330 40
f 40 2519 2974
f 41 427 992
f 1464 427 41
f 41 992 3064
f 3064 1464 41
f 1599 1253 42
f 42 1253 1993
f 42 1520 1912
f 1993 1520 42
f 1857 1599 42
f 2804 1857 42
f 42 1912 2804
f 43 1671 2634
f 2815 1671 43
f 43 2415 2423
f 2735 2415 43
f 43 2423 2815
f 43 2634 2735
f 406 330 44
f 1468 406 44
f 44 1388 1468
f 1748 1388 44
f 45 287 1690
f 2885 287 45
f 1690 995 45
f 45 995 2494
f 45 2494 2885
f 1453 1150 46
f 46 1150 1865
f 2806 1453 46
f 46 1865 1886
f 46 1886 2806
f 1364 706 47
f 47 706 2907
f 1394 1364 47
f 1692 1394 47
f 3093 1692 47
f 47 2907 3013
f 47 3013 3093
f 602 364 48
f 48 364 2773
f 2503 602 48
f 1277 754 48
f 48 754 2503
f 2327 1277 48
f 2773 2327 48
f 2466 982 49
f 49 982 2514
f 2514 2118 49
f 49 2118 2792
f 2792 2466 49
f 50 53 882
f 2769 53 50
f 50 741 1329
f 1655 741 50
f 50 882 1655
f 50 1329 1899
f 50 1899 2769
f 51 170 721
f 798 170 51
f 721 359 51
f 51 359 3010
f 3010 798 51
f 580 513 52
f 52 513 2067
f 52 554 831
f 1889 554 52
f 2077 580 52
f 52 831 2077
f 2067 1889 52
f 2690 882 53
f 2214 1510 53
f 53 1510 2690
f 2769 2214 53
f 54 138 1847
f 2878 138 54
f 1847 306 54
f 54 306 2878
f 55 329 1014
f 2682 329 55
f 2540 648 55
f 55 648 2682
f 1014 997 55
f 55 997 2540
f 2406 1328 56
f 56 1328 2818
f 56 1905 2406
f 2411 1905 56
f 2818 2411 56
f 57 453 829
f 2093 453 57
f 57 829 1495
f 57 1495 2868
f 2868 2093 57
f 1027 328 58
f 58 328 1047
f 2018 1027 58
f 58 1047 2076
f 58 1528 2018
f 2076 1528 58
f 2819 130 59
f 59 130 3044
f 59 482 2978
f 3044 482 59
f 2978 2819 59
f 60 240 1305
f 2396 240 60
f 1968 1124 60
f 60 1124 1988
f 60 1305 1968
f 60 1988 2396
f 61 504 1856
f 2061 504 61
f 61 1240 1758
f 1856 1240 61
f 1758 1746 61
f 61 1746 2061
f 62 192 1252
f 1615 192 62
f 1252 1065 62
f 62 1065 2016
f 2016 1615 62
f 63 172 1955
f 2420 172 63
f 63 889 1351
f 1955 889 63
f 63 1351 2420
f 64 869 1193
f 1992 869 64
f 64 1193 1558
f 64 1558 2569
f 64 1619 1992
f 2569 1619 64
f 922 573 65
f 65 573 1765
f 65 1024 1547
f 1765 1024 65
f 1547 1261 65
f 884 567 66
f 66 567 1685
f 1515 884 66
f 1430 1325 66
f 66 1325 1515
f 1685 1430 66
f 67 480 1172
f 1260 480 67
f 67 1172 1375
f 1399 1260 67
f 67 1375 1399
f 1071 120 68
f 68 120 1423
f 735 636 68
f 68 636 1071
f 1423 668 68
f 68 668 1457
f 1457 735 68
f 2042 840 69
f 69 840 2300
f 69 1068 2042
f 2600 1068 69
f 2300 1322 69
f 69 1322 2600
f 70 281 1268
f 1997 281 70
f 70 1002 1440
f 1460 1002 70
f 70 1268 1460
f 70 1440 1997
f 71 395 809
f 2001 395 71
f 71 709 764
f 809 709 71
f 71 764 3080
f 71 1209 2001
f 3080 1209 71
f 2917 1081 72
f 72 1081 3061
f 72 2814 2917
f 3061 2814 72
f 73 375 2654
f 2825 375 73
f 1305 974 73
f 73 974 2825
f 1968 1305 73
f 2654 1968 73
f 74 640 940
f 1282 640 74
f 968 815 74
f 74 815 1282
f 74 940 968
f 851 841 75
f 75 841 1127
f 1128 851 75
f 75 1127 1839
f 1839 1128 75
f 1678 1169 76
f 76 1169 1770
f 3093 1678 76
f 1770 1692 76
f 76 1692 3093
f 449 410 77
f 77 410 3022
f 3028 449 77
f 77 1269 2552
f 2615 1269 77
f 77 2552 3028
f 3022 2615 77
f 78 441 848
f 2887 441 78
f 78 848 2360
f 78 1261 1547
f 2360 1261 78
f 78 1547 2887
f 79 598 937
f 1273 598 79
f 79 937 1638
f 1625 1273 79
f 1741 1625 79
f 79 1638 1741
f 2098 198 80
f 80 836 2098
f 2873 836 80
f 80 1150 2873
f 81 1205 2596
f 2840 1205 81
f 81 2596 2840
f 1047 328 82
f 82 328 1077
f 2361 749 82
f 82 1077 2862
f 2862 2361 82
f 1131 174 83
f 83 174 2314
f 83 738 1131
f 1584 738 83
f 83 1412 2032
f 2314 1412 83
f 2607 1584 83
f 83 2032 2607
f 1574 1207 84
f 84 1207 2396
f 2735 1574 84
f 2396 1988 84
f 84 1988 2735
f 85 822 2011
f 2084 822 85
f 85 1030 1848
f 2011 1030 85
f 1848 1076 85
f 85 1076 2084
f 375 183 86
f 86 183 495
f 2654 375 86
f 86 495 790
f 86 790 1331
f 86 1331 1729
f 86 1729 2654
f 87 230 250
f 1156 230 87
f 87 250 661
f 87 661 1233
f 3055 1156 87
f 87 1233 2311
f 87 2311 3055
f 88 173 1979
f 88 680 727
f 1979 680 88
f 88 727 1673
f 89 262 2213
f 2421 262 89
f 2213 339 89
f 89 339 2635
f 2220 391 89
f 89 391 2421
f 2635 2220 89
f 1733 247 90
f 90 247 2084
f 1076 892 90
f 90 892 1733
f 2084 1076 90
f 91 201 582
f 2773 201 91
f 91 582 1723
f 1723 1206 91
f 91 1206 1992
f 91 1992 2327
f 91 2327 2773
f 92 187 1215
f 3057 187 92
f 92 1215 2006
f 1734 116 93
f 93 116 2299
f 2106 1734 93
f 2643 2106 93
f 93 2299 2643
f 94 689 1448
f 1570 689 94
f 94 1448 1538
f 94 1538 1570
f 1207 318 95
f 95 885 1483
f 2112 885 95
f 1483 1207 95
f 95 1688 2112
f 96 523 2269
f 3001 523 96
f 96 1324 1515
f 2269 1324 96
f 96 1515 2171
f 96 2171 3001
f 97 557 2472
f 2824 557 97
f 1478 821 97
f 97 821 2791
f 2472 1478 97
f 2663 1727 97
f 97 1727 2824
f 2791 2663 97
f 1191 176 98
f 98 176 2938
f 98 388 979
f 2938 388 98
f 98 979 1054
f 98 1054 1191
f 99 530 1339
f 2078 530 99
f 99 1339 1980
f 99 1341 2163
f 2201 1341 99
f 99 1980 2189
f 2163 2078 99
f 99 2189 2201
f 2117 930 100
f 100 930 2261
f 100 1652 2102
f 2856 1652 100
f 100 2102 2117
f 100 2261 2961
f 2961 2856 100
f 101 793 804
f 1544 793 101
f 101 803 1544
f 3011 803 101
f 101 804 3011
f 102 1036 2145
f 2563 1036 102
f 2004 1122 102
f 102 1122 2563
f 2145 2004 102
f 103 606 1078
f 2603 606 103
f 103 1078 2355
f 1750 1323 103
f 103 1323 2603
f 2768 1750 103
f 103 2355 2768
f 1668 154 104
f 104 154 2613
f 2613 189 104
f 104 189 2844
f 104 543 1882
f 2844 543 104
f 1882 1668 104
f 1319 116 105
f 105 116 2870
f 2122 752 105
f 105 752 3002
f 3002 1319 105
f 105 2104 2363
f 2870 2104 105
f 2363 2122 105
f 106 1724 2343
f 2438 1724 106
f 2343 2142 106
f 106 2142 2756
f 2611 2438 106
f 2756 2611 106
f 211 161 107
f 107 161 2901
f 2048 211 107
f 2901 908 107
f 107 908 2979
f 107 1146 2048
f 2252 1146 107
f 2979 2252 107
f 108 337 810
f 1365 337 108
f 108 810 2927
f 108 1000 1275
f 1757 1000 108
f 108 1275 1365
f 2927 1757 108
f 109 332 2187
f 2520 332 109
f 109 1165 1302
f 2187 1165 109
f 109 1302 2939
f 109 2094 2520
f 2939 2094 109
f 110 785 2226
f 3023 785 110
f 2226 1503 110
f 110 1503 2813
f 110 2813 3023
f 111 160 941
f 2957 160 111
f 111 941 1736
f 1736 1416 111
f 111 1416 2957
f 112 414 1960
f 2574 414 112
f 1960 823 112
f 112 823 2477
f 112 2477 2574
f 883 223 113
f 113 223 1675
f 1159 382 113
f 113 382 1847
f 781 539 113
f 113 539 883
f 1847 781 113
f 1675 1159 113
f 114 252 1022
f 2827 252 114
f 114 1022 2553
f 1421 1368 114
f 114 1368 2827
f 2553 1421 114
f 115 641 972
f 2559 641 115
f 115 972 2864
f 115 1500 1938
f 3079 1500 115
f 115 1938 2559
f 115 2864 3079
f 2347 569 116
f 116 569 2870
f 116 1319 2299
f 116 1734 2347
f 117 153 1774
f 2970 153 117
f 117 1774 1858
f 117 1858 2326
f 117 2326 2722
f 117 2722 3008
f 3008 2970 117
f 118 1199 1218
f 2386 1199 118
f 118 1218 1962
f 118 1747 2031
f 3046 1747 118
f 118 1962 3046
f 118 2031 2386
f 969 285 119
f 119 285 2097
f 119 380 969
f 1644 380 119
f 119 587 1644
f 2097 587 119
f 120 177 1005
f 1071 177 120
f 120 1005 1698
f 1698 1423 120
f 121 858 1111
f 1624 858 121
f 121 1111 2442
f 2400 1624 121
f 2664 2400 121
f 121 2442 2664
f 122 1476 2385
f 2996 1476 122
f 122 2385 2888
f 122 2888 3058
f 3058 2996 122
f 2033 505 123
f 123 505 2733
f 1588 1086 123
f 123 1086 2932
f 2733 1588 123
f 2932 2033 123
f 124 368 2017
f 2763 368 124
f 2017 783 124
f 3067 2763 124
f 125 200 1961
f 2281 200 125
f 1961 896 125
f 125 896 2301
f 125 1402 2281
f 3108 1402 125
f 125 2301 3108
f 2906 901 126
f 126 901 3075
f 126 1084 2928
f 3075 1084 126
f 2928 2906 126
f 127 140 1511
f 1525 140 127
f 127 315 1134
f 1949 315 127
f 127 1134 1908
f 127 1511 2929
f 1908 1525 127
f 2929 1949 127
f 128 1057 1382
f 1493 1057 128
f 128 1161 1381
f 1382 1161 128
f 128 1381 2850
f 2850 1493 128
f 1108 857 129
f 129 857 1674
f 2119 1108 129
f 129 1674 1972
f 129 1972 3065
f 3065 2119 129
f 130 485 2463
f 2892 485 130
f 2848 1112 130
f 130 1112 3044
f 130 2463 2848
f 130 2819 2892
f 131 717 1230
f 1266 717 131
f 131 1230 1315
f 1408 1266 131
f 131 1315 2725
f 1641 1408 131
f 2725 1641 131
f 132 1059 2283
f 3079 1059 132
f 132 1142 1911
f 2283 1142 132
f 132 1911 2157
f 132 2157 3079
f 133 999 1935
f 2019 999 133
f 133 1935 2382
f 2450 2019 133
f 133 2382 2450
f 134 489 1120
f 2405 489 134
f 693 622 134
f 134 622 2405
f 1743 693 134
f 134 1120 1800
f 1800 1743 134
f 495 183 135
f 135 183 1487
f 790 495 135
f 135 498 790
f 1487 498 135
f 136 176 1092
f 2575 176 136
f 136 1092 2390
f 136 2390 2886
f 2743 2575 136
f 2886 2743 136
f 137 265 683
f 2482 265 137
f 137 683 750
f 137 750 2961
f 2866 2482 137
f 2961 2866 137
f 138 464 1089
f 2878 464 138
f 1091 781 138
f 138 781 1847
f 138 1089 1091
f 139 561 1392
f 2157 561 139
f 1392 657 139
f 139 657 1431
f 139 1431 2138
f 2138 1500 139
f 139 1500 2157
f 486 205 140
f 2150 486 140
f 140 1525 2150
f 2054 383 141
f 141 383 2869
f 141 1527 2054
f 3105 1527 141
f 141 2869 3105
f 142 625 2024
f 2813 625 142
f 1610 1097 142
f 142 1097 2813
f 2557 1610 142
f 142 2024 2557
f 2685 535 143
f 143 535 2874
f 1755 1154 143
f 143 1154 2685
f 143 1190 1631
f 2874 1190 143
f 143 1631 1755
f 1264 620 144
f 144 620 2006
f 1762 1046 144
f 144 1046 2109
f 1771 1264 144
f 144 1587 1771
f 2109 1587 144
f 2006 1762 144
f 145 1708 2910
f 3120 1708 145
f 2833 1904 145
f 145 1904 2944
f 2910 2833 145
f 145 2944 3120
f 146 385 2331
f 2333 385 146
f 2259 1072 146
f 146 1072 3097
f 2331 2259 146
f 3097 2333 146
f 147 1480 2096
f 2200 1480 147
f 2096 2000 147
f 147 2000 2394
f 147 2152 2200
f 2581 2152 147
f 147 2394 2581
f 1031 247 148
f 148 247 1733
f 1012 818 148
f 148 818 2321
f 1733 1012 148
f 2321 1031 148
f 2292 191 149
f 149 191 2627
f 149 935 2292
f 2966 935 149
f 149 2627 2658
f 149 2658 2966
f 1078 606 150
f 150 606 1096
f 2713 1078 150
f 150 1096 2246
f 150 2246 2713
f 962 332 151
f 151 332 1438
f 1868 962 151
f 1593 978 151
f 151 978 1868
f 151 1438 1593
f 152 1124 1647
f 2256 1124 152
f 2393 1174 152
f 152 1174 2826
f 152 1246 2256
f 2826 1246 152
f 152 1647 2393
f 153 427 2021
f 2970 427 153
f 2021 1774 153
f 443 269 154
f 154 269 1383
f 1668 443 154
f 154 1383 2613
f 1395 593 155
f 155 593 2090
f 155 1166 1223
f 2090 1166 155
f 155 1223 2303
f 2303 1395 155
f 156 496 650
f 1617 496 156
f 156 650 2686
f 156 1140 2108
f 2686 1140 156
f 2066 1617 156
f 2108 2066 156
f 517 189 157
f 157 189 2613
f 157 387 517
f 803 387 157
f 1544 803 157
f 2043 1544 157
f 2613 2043 157
f 158 262 2421
f 2677 262 158
f 2668 1181 158
f 158 1181 2677
f 2421 2302 158
f 158 2302 2668
f 2313 446 159
f 159 446 3024
f 2000 1835 159
f 159 1835 2313
f 3024 2000 159
f 160 538 2223
f 2904 538 160
f 2223 941 160
f 160 1952 2904
f 2957 1952 160
f 161 211 2315
f 2315 437 161
f 161 437 3043
f 161 2712 2901
f 3043 2712 161
f 162 204 752
f 1637 204 162
f 162 752 2122
f 3024 1637 162
f 162 2122 2394
f 162 2394 3024
f 1210 925 163
f 163 925 1555
f 2060 1210 163
f 163 1360 2060
f 2869 1360 163
f 163 1555 3041
f 3041 2869 163
f 2745 667 164
f 164 1843 2146
f 164 2146 2745
f 165 1236 2115
f 2187 1236 165
f 2057 2050 165
f 165 2050 2854
f 2115 2057 165
f 2854 2187 165
f 2031 2019 166
f 166 2019 2838
f 2386 2031 166
f 166 2319 2492
f 2838 2319 166
f 2492 2386 166
f 167 264 2082
f 3060 264 167
f 2653 664 167
f 167 664 3062
f 2754 881 167
f 167 881 3060
f 167 1220 2754
f 3062 1220 167
f 167 2082 2653
f 168 1288 1646
f 1740 1288 168
f 168 1646 2572
f 2362 1740 168
f 2572 2362 168
f 169 948 2431
f 3103 948 169
f 2060 1360 169
f 169 1360 3103
f 2431 2060 169
f 1374 721 170
f 170 798 801
f 170 801 1537
f 1537 1374 170
f 171 390 1208
f 2681 390 171
f 171 1082 2681
f 2964 1082 171
f 171 1208 2506
f 171 2506 2731
f 171 2731 2964
f 811 759 172
f 172 759 1955
f 1413 811 172
f 2420 1413 172
f 173 358 1979
f 2260 358 173
f 173 393 2260
f 2141 575 174
f 174 575 2314
f 174 1131 2141
f 175 1068 2600
f 2682 1068 175
f 1901 1657 175
f 175 1657 2682
f 2600 1901 175
f 1191 1092 176
f 176 2575 2938
f 177 341 503
f 1957 341 177
f 177 503 1005
f 177 1071 1075
f 177 1075 1957
f 1321 631 178
f 178 631 1974
f 1798 1321 178
f 1812 1798 178
f 2721 1812 178
f 178 1974 2721
f 2330 215 179
f 179 215 2909
f 2863 2330 179
f 2909 2863 179
f 180 564 639
f 2500 564 180
f 180 639 2882
f 2257 714 180
f 180 714 2500
f 2882 2257 180
f 181 263 599
f 1221 263 181
f 181 599 2026
f 1643 1221 181
f 2026 1643 181
f 182 691 2079
f 2570 691 182
f 2059 1694 182
f 182 1694 2570
f 2079 2059 182
f 183 375 1370
f 183 1370 1487
f 1016 796 184
f 184 796 2236
f 2704 1016 184
f 184 2236 2981
f 3039 2704 184
f 184 2981 3039
f 185 629 1026
f 2830 629 185
f 185 1026 2345
f 185 2345 2660
f 185 2660 2830
f 186 228 2309
f 2800 228 186
f 739 505 186
f 186 505 2800
f 1699 739 186
f 2309 1699 186
f 187 986 1215
f 2930 986 187
f 3057 2930 187
f 2211 871 188
f 188 871 2948
f 188 1185 2193
f 2948 1185 188
f 188 2193 3036
f 3036 2211 188
f 189 517 955
f 189 955 2844
f 190 721 2101
f 2931 721 190
f 1753 1565 190
f 190 1565 2931
f 2911 1753 190
f 190 2101 2836
f 190 2836 2911
f 2292 251 191
f 191 251 2775
f 2775 2627 191
f 192 209 246
f 2670 209 192
f 192 246 1471
f 1471 1252 192
f 1615 1540 192
f 192 1540 2670
f 1115 774 193
f 193 814 1115
f 3047 814 193
f 3001 2171 193
f 193 2171 3047
f 1244 533 194
f 194 533 1367
f 2272 1244 194
f 194 1367 2933
f 194 1491 2272
f 3082 1491 194
f 194 2933 3082
f 1074 518 195
f 195 518 1151
f 1412 1074 195
f 195 1151 2501
f 2032 1412 195
f 2501 2032 195
f 196 1465 1989
f 2358 1465 196
f 1989 1831 196
f 196 1831 2358
f 197 1070 1329
f 1473 1070 197
f 197 1329 1506
f 2638 1473 197
f 197 1506 2051
f 197 2051 3088
f 3088 2638 197
f 198 1148 1967
f 2098 1148 198
f 198 1967 3089
f 834 312 199
f 199 312 2669
f 2669 700 199
f 199 700 2701
f 852 834 199
f 2701 852 199
f 1778 285 200
f 200 285 1961
f 200 905 1778
f 2281 905 200
f 201 364 2064
f 2773 364 201
f 1132 582 201
f 2064 1132 201
f 1532 613 202
f 202 613 2265
f 863 730 202
f 202 730 2672
f 2337 863 202
f 2672 1532 202
f 202 2265 2337
f 203 513 580
f 3025 513 203
f 203 580 1932
f 203 981 1707
f 1932 981 203
f 203 1707 3025
f 1637 266 204
f 204 266 3002
f 3002 752 204
f 486 402 205
f 205 402 2231
f 2231 1623 205
f 2219 233 206
f 206 233 2443
f 2307 2219 206
f 3090 2307 206
f 206 2443 3045
f 206 3045 3090
f 1566 847 207
f 207 847 2377
f 1611 1566 207
f 2845 1611 207
f 207 2377 2845
f 1885 412 208
f 208 412 2719
f 208 1117 1885
f 2461 1117 208
f 2719 2461 208
f 2267 246 209
f 2670 2267 209
f 210 996 2134
f 2762 996 210
f 2129 1464 210
f 210 1464 2762
f 210 1822 2129
f 2134 1822 210
f 1037 590 211
f 211 590 2315
f 2048 1037 211
f 212 543 995
f 1882 543 212
f 1229 574 212
f 212 574 1882
f 212 995 1690
f 1690 1229 212
f 213 1163 2401
f 2695 1163 213
f 213 1757 2507
f 2991 1757 213
f 213 2401 2991
f 213 2507 2528
f 213 2528 2695
f 214 288 2538
f 3066 288 214
f 2356 1303 214
f 214 1303 3066
f 2538 2356 214
f 2330 1147 215
f 215 1147 2909
f 1713 812 216
f 216 812 2995
f 216 1523 1713
f 1854 1523 216
f 2812 1854 216
f 1465 710 217
f 217 710 2473
f 217 1195 1816
f 1989 1465 217
f 217 1816 2665
f 2665 1989 217
f 1479 635 218
f 218 635 1670
f 1670 1353 218
f 218 1353 2990
f 2990 1479 218
f 219 525 574
f 839 525 219
f 219 574 2427
f 1352 839 219
f 1870 1352 219
f 2427 1870 219
f 220 855 1377
f 1970 855 220
f 220 1377 1865
f 221 987 2029
f 3054 987 221
f 2029 1524 221
f 221 1524 2896
f 2896 1844 221
f 221 1844 3054
f 222 333 508
f 745 333 222
f 222 508 2325
f 3076 745 222
f 2325 1177 222
f 222 1177 2621
f 222 1759 2353
f 2621 1759 222
f 222 2353 3076
f 223 643 711
f 883 643 223
f 223 711 1675
f 1507 616 224
f 224 776 1507
f 2457 776 224
f 2038 432 225
f 225 432 2624
f 1183 673 225
f 225 673 2890
f 2890 2038 225
f 1660 1102 226
f 226 1102 2576
f 226 1214 1660
f 2085 1214 226
f 226 2020 2113
f 2272 2020 226
f 2113 2085 226
f 2576 2272 226
f 450 275 227
f 227 275 2648
f 916 450 227
f 2803 916 227
f 227 2648 2803
f 2800 1479 228
f 228 1479 2990
f 2990 2309 228
f 999 977 229
f 229 977 2093
f 2373 999 229
f 229 2093 2868
f 2827 2373 229
f 2868 2827 229
f 2973 250 230
f 230 1156 1437
f 230 1437 2249
f 230 2249 2565
f 230 2565 2973
f 231 482 1112
f 1612 482 231
f 231 1112 2909
f 231 1166 1612
f 2909 1166 231
f 2690 397 232
f 232 397 2801
f 232 842 1817
f 2645 842 232
f 232 1817 2690
f 232 2524 2645
f 2801 2524 232
f 233 806 828
f 2219 806 233
f 233 828 2443
f 234 583 2247
f 2443 583 234
f 234 2247 2594
f 2594 2443 234
f 679 545 235
f 235 545 1028
f 1562 679 235
f 235 1028 2650
f 1294 1186 235
f 235 1186 1562
f 2650 1294 235
f 236 510 1852
f 2249 510 236
f 236 1830 2414
f 2574 1830 236
f 236 1852 2574
f 2414 2249 236
f 2199 799 237
f 237 799 2880
f 237 1055 2437
f 2632 1055 237
f 2437 2199 237
f 2880 2632 237
f 2183 1853 238
f 238 1853 2562
f 238 2103 2183
f 2528 2103 238
f 2562 2528 238
f 239 260 672
f 1896 260 239
f 239 672 3104
f 239 777 1896
f 2612 777 239
f 3104 2612 239
f 1483 813 240
f 240 813 2448
f 2448 1305 240
f 2396 1483 240
f 241 592 1494
f 2318 592 241
f 241 827 1354
f 1494 827 241
f 241 1354 1825
f 241 1825 2318
f 1384 459 242
f 242 459 1855
f 242 1336 1384
f 2504 1336 242
f 1855 1686 242
f 242 1686 2504
f 1451 786 243
f 243 786 2696
f 243 852 1789
f 2696 852 243
f 243 1168 1451
f 2340 1168 243
f 243 1789 2340
f 244 307 922
f 943 307 244
f 244 922 2041
f 1366 943 244
f 2041 1366 244
f 245 761 2293
f 3007 761 245
f 245 1032 1378
f 2293 1032 245
f 245 1378 1991
f 245 1991 3007
f 2267 398 246
f 246 398 2351
f 2351 1471 246
f 247 1031 2208
f 2208 2084 247
f 2121 363 248
f 248 363 2133
f 2436 2121 248
f 248 2133 2280
f 248 2280 2436
f 1946 1466 249
f 249 1466 2238
f 1739 1639 249
f 249 1639 1946
f 2416 1739 249
f 249 2238 2416
f 2067 661 250
f 250 1889 2067
f 2973 1889 250
f 1950 452 251
f 251 452 2263
f 251 1138 1950
f 2292 1138 251
f 251 2263 2775
f 1532 1022 252
f 252 1495 1532
f 2827 1495 252
f 253 350 822
f 1821 350 253
f 253 822 2084
f 2208 1821 253
f 253 2084 2208
f 254 1704 2216
f 2742 1704 254
f 254 2216 2785
f 254 2678 2742
f 2785 2678 254
f 255 443 1668
f 2475 443 255
f 1496 705 255
f 255 705 2475
f 1668 1496 255
f 2867 1270 256
f 256 1270 2954
f 2331 2039 256
f 256 2039 2867
f 2954 2331 256
f 257 423 604
f 1393 423 257
f 257 604 2935
f 1618 1393 257
f 2935 1618 257
f 258 316 1575
f 2766 316 258
f 1119 1088 258
f 258 1088 2329
f 1310 1119 258
f 1575 1310 258
f 258 2329 2766
f 259 447 637
f 1531 447 259
f 259 637 1971
f 1971 1531 259
f 260 278 1866
f 1896 278 260
f 1866 672 260
f 261 797 1730
f 2446 797 261
f 1217 1194 261
f 261 1194 2446
f 1730 1217 261
f 262 339 2213
f 2677 339 262
f 969 380 263
f 263 380 2879
f 1263 599 263
f 1221 969 263
f 2879 1263 263
f 809 726 264
f 264 726 1286
f 264 794 809
f 2306 794 264
f 264 1286 2082
f 3060 2306 264
f 1190 683 265
f 265 971 1190
f 2674 971 265
f 265 2482 2674
f 266 668 1423
f 1637 668 266
f 266 1423 2821
f 266 2821 3002
f 267 323 1709
f 2495 323 267
f 1064 919 267
f 267 919 2663
f 2639 1064 267
f 267 1709 2639
f 2791 2495 267
f 267 2663 2791
f 268 1262 2364
f 2715 1262 268
f 2668 1609 268
f 268 1609 2715
f 268 2364 2668
f 269 443 1097
f 269 1097 1610
f 2069 1383 269
f 269 1610 2069
f 1378 1032 270
f 270 1032 1467
f 2753 1378 270
f 270 1467 1664
f 270 1664 2753
f 271 1272 2205
f 2541 1272 271
f 271 1702 1989
f 2205 1702 271
f 271 1989 2665
f 2665 2541 271
f 272 278 2483
f 2771 278 272
f 2509 2192 272
f 272 2192 2771
f 272 2483 2509
f 711 643 273
f 273 643 1656
f 2179 711 273
f 273 1656 2179
f 274 381 1402
f 2767 381 274
f 274 1402 2989
f 3074 2767 274
f 274 2989 3074
f 275 450 1691
f 275 1691 1858
f 1858 1774 275
f 275 1774 2648
f 1116 435 276
f 276 435 1803
f 2090 593 276
f 276 593 2609
f 2609 1116 276
f 276 1803 2047
f 276 2047 2090
f 1640 595 277
f 277 595 1821
f 277 1632 1640
f 2474 1632 277
f 277 1821 1919
f 277 1919 2474
f 2771 1866 278
f 278 1896 2483
f 279 344 2169
f 2778 344 279
f 1997 1440 279
f 279 1440 2778
f 2169 1997 279
f 2408 1954 280
f 280 1954 2549
f 2625 2408 280
f 280 2549 2849
f 2849 2625 280
f 2657 1268 281
f 281 1997 2445
f 281 2445 2963
f 2963 2657 281
f 960 609 282
f 282 609 1818
f 1851 960 282
f 1892 1349 282
f 282 1349 2523
f 282 1818 1892
f 2523 1851 282
f 1053 457 283
f 283 632 1572
f 2743 1053 283
f 283 1572 2575
f 283 2575 2743
f 284 880 2056
f 2842 880 284
f 284 2056 2580
f 2580 2194 284
f 284 2194 2842
f 285 969 1141
f 285 1141 1961
f 285 1778 2097
f 550 354 286
f 286 354 1967
f 1967 497 286
f 286 497 2922
f 2922 550 286
f 1706 1690 287
f 2437 1706 287
f 287 2199 2437
f 2936 2199 287
f 287 2885 2936
f 1716 1248 288
f 288 1248 2636
f 3066 1716 288
f 2636 2538 288
f 289 734 1485
f 1746 734 289
f 289 1376 2234
f 2258 1376 289
f 1485 1409 289
f 289 1409 2258
f 2061 1746 289
f 2234 2061 289
f 290 291 1025
f 1799 291 290
f 290 662 1799
f 3047 662 290
f 2794 814 290
f 290 814 3047
f 290 1025 2794
f 1173 488 291
f 291 488 2675
f 1539 1025 291
f 1799 1173 291
f 2675 1539 291
f 881 399 292
f 292 399 2402
f 1137 881 292
f 1942 1137 292
f 2953 1942 292
f 292 2402 2953
f 293 780 1089
f 1920 780 293
f 293 1089 1792
f 1604 1348 293
f 293 1348 3090
f 2962 1604 293
f 293 1792 2962
f 3090 1920 293
f 2290 736 294
f 294 736 3043
f 294 1514 2290
f 3043 1514 294
f 1752 512 295
f 295 512 2108
f 295 1140 1356
f 2108 1140 295
f 295 1356 1884
f 2689 1752 295
f 295 1884 2689
f 1040 872 296
f 296 872 1482
f 2693 1040 296
f 296 1482 2693
f 297 790 884
f 2295 790 297
f 297 884 1324
f 297 1324 2298
f 2298 2295 297
f 2459 460 298
f 298 460 2696
f 298 786 1069
f 2696 786 298
f 298 1069 2790
f 2790 2459 298
f 718 355 299
f 299 355 1192
f 1200 718 299
f 299 1192 1441
f 1947 1200 299
f 299 1441 2941
f 2941 1947 299
f 300 354 550
f 1970 354 300
f 300 550 2925
f 2925 1970 300
f 301 612 1874
f 3021 612 301
f 301 1874 1956
f 301 1956 3021
f 2274 392 302
f 302 392 2765
f 302 462 1999
f 2765 462 302
f 302 1752 2274
f 2480 1752 302
f 302 1999 2480
f 591 487 303
f 303 487 845
f 933 591 303
f 303 845 987
f 3054 933 303
f 303 987 3054
f 2948 1580 304
f 304 1580 3101
f 2744 1649 304
f 304 1649 2948
f 304 1659 2781
f 3101 1659 304
f 2781 2744 304
f 305 371 1845
f 2323 371 305
f 305 1845 2353
f 2984 2323 305
f 2353 2324 305
f 305 2324 2984
f 1847 489 306
f 306 489 2405
f 306 2405 2835
f 306 2835 2878
f 307 573 922
f 2243 573 307
f 307 943 1944
f 307 1944 2693
f 2693 2243 307
f 308 577 888
f 1551 577 308
f 308 791 2005
f 2803 791 308
f 308 888 1242
f 1242 916 308
f 308 916 2803
f 2005 1551 308
f 309 1651 2388
f 2409 1651 309
f 309 1918 2409
f 2622 1918 309
f 309 2388 2622
f 310 423 1393
f 2708 423 310
f 1393 1333 310
f 310 1333 1415
f 310 1415 1521
f 310 1521 2708
f 2881 490 311
f 311 490 3028
f 1729 1331 311
f 311 1331 2881
f 3028 1729 311
f 312 834 2564
f 312 1452 2513
f 2564 1452 312
f 312 2513 2669
f 313 421 542
f 1633 421 313
f 313 542 2728
f 313 728 1633
f 2204 728 313
f 2728 2204 313
f 508 333 314
f 314 333 745
f 998 508 314
f 314 745 2176
f 2176 998 314
f 315 649 1134
f 2628 649 315
f 315 1949 2361
f 315 2361 2628
f 1767 1575 316
f 2154 1767 316
f 2936 2154 316
f 316 2766 2936
f 317 558 1151
f 1793 558 317
f 317 1151 3042
f 2371 1793 317
f 3042 2371 317
f 1574 704 318
f 318 704 2039
f 318 1207 1574
f 319 1433 1475
f 2191 1433 319
f 319 1475 1760
f 319 1760 2191
f 320 535 576
f 1178 535 320
f 320 576 2270
f 2784 1178 320
f 320 2270 2831
f 2831 2784 320
f 321 1068 1379
f 2042 1068 321
f 321 1379 3073
f 321 1614 1948
f 3073 1614 321
f 321 1948 2042
f 322 824 1987
f 2273 824 322
f 1987 1859 322
f 322 1859 2705
f 2705 2273 322
f 2495 966 323
f 323 966 3034
f 2352 1709 323
f 3034 2352 323
f 933 767 324
f 324 767 1307
f 1041 933 324
f 2218 1041 324
f 324 1307 1621
f 324 1621 2580
f 2580 2218 324
f 325 377 857
f 1602 377 325
f 325 857 2802
f 2434 1602 325
f 2802 2434 325
f 326 581 1007
f 1429 581 326
f 326 1007 1250
f 1250 1189 326
f 326 1189 2799
f 2799 1429 326
f 720 524 327
f 327 524 1203
f 876 720 327
f 1203 760 327
f 327 760 1556
f 1556 876 327
f 328 1027 1197
f 1197 1077 328
f 1657 1014 329
f 2682 1657 329
f 330 406 1044
f 330 1044 2105
f 330 2105 2519
f 1963 578 331
f 331 578 2266
f 746 630 331
f 331 630 1963
f 1407 746 331
f 2786 1407 331
f 2266 1425 331
f 331 1425 2786
f 332 962 1236
f 332 1236 2187
f 2520 1438 332
f 334 1042 2529
f 2543 1042 334
f 334 1508 2543
f 3039 1508 334
f 2893 2140 334
f 334 2140 3039
f 334 2529 2893
f 335 744 1542
f 2960 744 335
f 1392 846 335
f 335 846 2960
f 1542 1392 335
f 336 836 946
f 2098 836 336
f 336 946 2504
f 1578 1148 336
f 336 1148 2098
f 1965 1578 336
f 336 1686 1855
f 2504 1686 336
f 336 1855 1965
f 2468 810 337
f 1257 960 337
f 337 960 2468
f 1365 1257 337
f 338 1273 1625
f 2282 1273 338
f 1625 1516 338
f 338 1516 1959
f 1959 1526 338
f 338 1526 2282
f 339 614 1062
f 1309 614 339
f 339 1062 2635
f 1626 1309 339
f 2677 1626 339
f 2023 651 340
f 340 651 2762
f 340 743 2156
f 3064 743 340
f 2156 2023 340
f 340 2762 3064
f 2655 503 341
f 341 1171 1749
f 2883 1171 341
f 341 1749 2655
f 341 1957 2883
f 342 551 3012
f 3029 551 342
f 342 1243 2222
f 3012 1243 342
f 342 2222 3029
f 343 361 1987
f 2839 361 343
f 343 1313 1744
f 1987 1313 343
f 343 1744 1871
f 343 1871 2839
f 702 461 344
f 344 461 2134
f 765 702 344
f 1603 765 344
f 2778 1603 344
f 344 2134 2169
f 345 413 851
f 1029 413 345
f 345 851 1128
f 345 993 1029
f 1128 993 345
f 2224 600 346
f 346 600 2449
f 3098 2224 346
f 346 2449 2479
f 346 2479 3098
f 347 450 916
f 3031 450 347
f 347 916 1242
f 1242 1199 347
f 347 1199 2487
f 347 2487 3031
f 348 469 479
f 2470 469 348
f 348 479 1672
f 348 1144 2470
f 2972 1144 348
f 348 1672 2972
f 349 687 1145
f 1966 687 349
f 349 1145 2337
f 2737 1966 349
f 2337 2265 349
f 349 2265 2737
f 350 595 1347
f 1821 595 350
f 2011 822 350
f 350 1347 2224
f 350 1976 2011
f 2224 1976 350
f 2895 389 351
f 351 389 2992
f 351 518 1074
f 2992 518 351
f 351 1074 1776
f 2470 1144 351
f 351 1144 2895
f 351 1776 2470
f 352 1923 2638
f 2942 1923 352
f 352 2638 3088
f 3088 2942 352
f 976 784 353
f 353 784 1219
f 2411 976 353
f 353 1219 1446
f 353 1291 2411
f 3056 1291 353
f 353 1446 3056
f 718 659 355
f 355 659 2387
f 2387 1192 355
f 356 775 2001
f 2518 775 356
f 356 1209 1696
f 2001 1209 356
f 356 1696 2518
f 357 537 1355
f 2465 537 357
f 357 947 1188
f 2982 947 357
f 1472 1040 357
f 357 1040 2982
f 357 1188 1728
f 357 1355 1472
f 357 1728 2465
f 2007 1979 358
f 2202 2007 358
f 2260 2202 358
f 359 721 2931
f 359 967 3010
f 3074 967 359
f 2931 2767 359
f 359 2767 3074
f 360 811 1413
f 1493 811 360
f 360 1413 1775
f 2413 1493 360
f 360 1775 2413
f 1300 376 361
f 361 376 1987
f 2850 1300 361
f 361 2839 2850
f 1624 559 362
f 362 559 2969
f 362 624 858
f 2284 624 362
f 362 858 1624
f 2969 2284 362
f 363 583 1439
f 2247 583 363
f 363 1439 2133
f 363 2121 2877
f 2877 2247 363
f 364 602 715
f 364 715 2294
f 2294 2064 364
f 1815 1058 365
f 365 1058 2482
f 2866 1815 365
f 365 2482 2866
f 366 1928 1981
f 2167 1928 366
f 366 1981 1996
f 366 1996 2167
f 367 659 910
f 2387 659 367
f 1485 734 367
f 367 734 2387
f 367 910 1436
f 367 1436 1485
f 368 614 787
f 2763 614 368
f 368 787 2017
f 2180 1033 369
f 369 1033 2209
f 1311 1243 369
f 369 1243 2180
f 2787 1311 369
f 369 2209 2757
f 369 2757 2787
f 370 1000 1450
f 3110 1000 370
f 1450 1251 370
f 370 1251 3099
f 3099 2457 370
f 370 2457 3110
f 371 756 1314
f 2100 756 371
f 371 1314 1845
f 2323 2100 371
f 372 1254 1995
f 2738 1254 372
f 372 1518 1586
f 2349 1518 372
f 372 1586 2738
f 372 1995 2955
f 2955 2349 372
f 373 891 2188
f 2768 891 373
f 373 1398 1750
f 2188 1398 373
f 373 1750 2768
f 374 868 1239
f 2589 868 374
f 1406 939 374
f 374 939 2589
f 374 1239 1463
f 1463 1406 374
f 2825 1370 375
f 1300 1271 376
f 376 1271 1859
f 376 1859 1987
f 2649 857 377
f 377 1602 2658
f 1780 1695 377
f 377 1695 2649
f 2627 1780 377
f 2658 2627 377
f 378 1726 2178
f 2548 1726 378
f 378 2114 2149
f 2661 2114 378
f 378 2149 2548
f 378 2178 2661
f 379 433 1420
f 2046 433 379
f 1211 501 379
f 379 501 2232
f 2338 1211 379
f 379 1420 2338
f 2232 2046 379
f 380 1644 2987
f 2987 2879 380
f 381 500 905
f 1881 500 381
f 381 905 1402
f 1565 1126 381
f 381 1126 1881
f 2767 1565 381
f 1120 489 382
f 382 489 1847
f 3005 1120 382
f 382 1159 3005
f 2054 565 383
f 383 565 2933
f 383 1360 2869
f 3103 1360 383
f 383 2933 3103
f 2566 763 384
f 384 763 2642
f 2196 2175 384
f 384 2175 2566
f 2642 2196 384
f 2333 579 385
f 385 579 2517
f 385 2039 2331
f 385 2517 3035
f 386 404 410
f 1444 404 386
f 386 410 2781
f 748 608 386
f 386 608 1444
f 980 748 386
f 2601 980 386
f 386 1659 2601
f 2781 1659 386
f 2438 434 387
f 387 434 2647
f 2647 517 387
f 387 803 3011
f 3011 2438 387
f 388 448 979
f 2236 796 389
f 389 796 2992
f 389 1797 2236
f 2895 1797 389
f 2244 1208 390
f 2681 2244 390
f 391 1094 1683
f 2706 1094 391
f 2220 1591 391
f 391 1591 2706
f 391 1683 2421
f 392 1680 2765
f 2274 2123 392
f 393 783 2260
f 1179 924 394
f 394 924 2543
f 3059 1179 394
f 2543 1508 394
f 394 1508 3039
f 3039 2981 394
f 394 2981 3059
f 733 726 395
f 395 726 809
f 2001 733 395
f 2166 1082 396
f 396 1082 2964
f 396 1796 2633
f 2964 1796 396
f 396 2165 2239
f 2577 2165 396
f 2239 2166 396
f 2633 2577 396
f 397 732 854
f 1510 732 397
f 397 854 2801
f 2690 1510 397
f 398 638 2110
f 2267 638 398
f 398 2110 2351
f 399 881 2754
f 399 1220 2078
f 2754 1220 399
f 2163 1700 399
f 399 1700 2402
f 399 2078 2163
f 1751 560 400
f 400 560 1809
f 1050 908 400
f 400 908 1751
f 2772 1050 400
f 400 1809 2772
f 401 1509 2417
f 3068 1509 401
f 2111 1749 401
f 401 1749 3068
f 2197 2111 401
f 2417 2197 401
f 402 486 2150
f 402 494 529
f 2150 494 402
f 402 529 2158
f 402 2158 2231
f 403 925 1210
f 1522 925 403
f 403 1210 2431
f 403 2431 2631
f 3022 410 404
f 404 1444 3022
f 405 638 1141
f 2110 638 405
f 1141 969 405
f 405 969 2086
f 405 2086 2110
f 2370 1044 406
f 1468 1404 406
f 406 1404 3020
f 3020 2370 406
f 607 442 407
f 407 442 1280
f 407 536 607
f 722 536 407
f 1280 722 407
f 408 411 826
f 1160 411 408
f 850 483 408
f 408 483 2913
f 408 826 850
f 2940 1160 408
f 2913 2309 408
f 408 2309 2940
f 409 778 1084
f 2395 778 409
f 409 983 1017
f 1084 983 409
f 409 1017 2395
f 410 449 1894
f 410 1894 2781
f 411 480 826
f 1172 480 411
f 411 695 1172
f 2072 695 411
f 411 1160 2072
f 1373 1228 412
f 412 1228 1794
f 1885 1373 412
f 412 1794 2212
f 412 2212 2719
f 2424 851 413
f 413 1029 1945
f 413 1945 2731
f 2506 2424 413
f 2731 2506 413
f 2574 875 414
f 414 875 2596
f 2596 1960 414
f 415 477 1101
f 2137 477 415
f 415 1101 2133
f 1439 1255 415
f 415 1255 2137
f 2133 1439 415
f 416 481 1389
f 2748 481 416
f 416 616 2748
f 416 1389 1443
f 1581 946 417
f 417 946 2873
f 1453 1100 417
f 417 1100 1581
f 2873 1453 417
f 3102 681 418
f 418 681 3107
f 418 730 2694
f 3107 730 418
f 418 2694 3102
f 419 897 1666
f 1888 897 419
f 419 1011 1661
f 1666 1011 419
f 419 1661 1888
f 420 456 1582
f 2436 456 420
f 2068 663 420
f 420 663 2436
f 420 1582 2068
f 2597 542 421
f 421 1633 2490
f 421 2490 2958
f 2958 2597 421
f 422 615 1001
f 2059 615 422
f 422 1001 2083
f 2083 1235 422
f 422 1235 2834
f 2834 2059 422
f 1010 604 423
f 2708 1010 423
f 424 604 1010
f 2935 604 424
f 424 1004 1157
f 1777 1004 424
f 424 1010 1777
f 424 1157 1385
f 424 1385 2935
f 425 558 1793
f 2212 558 425
f 425 1408 1641
f 1793 1408 425
f 425 1641 2719
f 2719 2212 425
f 426 837 2536
f 2637 837 426
f 426 2426 2637
f 3058 2426 426
f 426 2536 3058
f 2255 992 427
f 427 1464 1570
f 427 1570 2021
f 2970 2255 427
f 2798 1247 428
f 428 1247 2986
f 1501 1336 428
f 428 1336 3017
f 2986 1501 428
f 3017 2798 428
f 488 467 429
f 429 467 596
f 1110 488 429
f 429 596 1421
f 2034 1110 429
f 429 1421 2304
f 2304 2034 429
f 430 845 929
f 987 845 430
f 430 929 2336
f 2182 987 430
f 2336 2182 430
f 431 2058 3026
f 2581 2104 431
f 3026 2581 431
f 979 448 432
f 432 448 2624
f 432 506 979
f 1599 506 432
f 432 1253 1599
f 2038 1253 432
f 2980 1420 433
f 433 2046 2806
f 433 2806 2980
f 434 710 1465
f 2611 710 434
f 434 1465 2647
f 434 2438 2611
f 1274 761 435
f 435 761 2348
f 435 1116 1274
f 2348 1803 435
f 1030 911 436
f 436 911 3118
f 3120 1030 436
f 3118 1978 436
f 436 1978 3120
f 2287 1514 437
f 437 1514 3043
f 2315 2287 437
f 438 724 1468
f 2623 724 438
f 1468 1388 438
f 438 1388 1748
f 438 1748 2623
f 1611 920 439
f 439 920 3116
f 439 1160 1198
f 1715 1160 439
f 439 1198 1231
f 439 1231 1611
f 3116 1715 439
f 440 962 1868
f 2686 962 440
f 1356 1140 440
f 440 1140 2686
f 1868 1356 440
f 441 723 1922
f 2887 723 441
f 2582 848 441
f 441 1922 1951
f 441 1951 2582
f 442 607 1149
f 442 1149 2491
f 2841 1280 442
f 2491 1306 442
f 442 1306 2841
f 3023 1097 443
f 443 2475 3023
f 2183 1035 444
f 444 1035 3072
f 444 1853 2183
f 2841 1853 444
f 3072 2841 444
f 445 770 1738
f 1841 770 445
f 1350 936 445
f 445 936 1775
f 2235 1350 445
f 445 1738 2235
f 445 1775 2535
f 2535 1841 445
f 446 895 1637
f 1895 895 446
f 446 1637 3024
f 2760 1895 446
f 446 2313 2760
f 447 520 637
f 2293 520 447
f 1893 1032 447
f 447 1032 2293
f 447 1531 1893
f 449 490 2703
f 3028 490 449
f 2703 1894 449
f 3031 1691 450
f 451 816 2339
f 2431 948 451
f 451 2339 2431
f 1950 1703 452
f 452 1703 2949
f 2949 2263 452
f 988 829 453
f 2567 988 453
f 453 1962 2567
f 3046 1962 453
f 453 2093 3046
f 1072 1048 454
f 454 1048 2642
f 3097 1072 454
f 454 2642 3097
f 455 716 1827
f 2697 716 455
f 455 1827 2040
f 455 2040 2450
f 2450 2382 455
f 455 2382 2697
f 456 973 1582
f 2330 973 456
f 2280 1567 456
f 456 1567 2330
f 2436 2280 456
f 457 1053 1446
f 1446 1320 457
f 457 1320 2779
f 2779 1783 457
f 458 572 1361
f 2081 572 458
f 1442 633 458
f 458 633 2081
f 458 1361 1442
f 1384 935 459
f 459 935 2966
f 2966 1855 459
f 460 562 852
f 2659 562 460
f 460 852 2696
f 1864 1833 460
f 460 1833 2659
f 2459 1864 460
f 702 492 461
f 461 492 959
f 461 959 1822
f 461 1822 2134
f 2191 1999 462
f 2593 2191 462
f 462 2222 2593
f 2765 2222 462
f 463 843 1875
f 1902 843 463
f 463 1162 1519
f 2209 1162 463
f 463 1519 1902
f 463 1875 2757
f 2757 2209 463
f 1792 1089 464
f 2878 1792 464
f 465 935 1384
f 2292 935 465
f 1964 1138 465
f 465 1138 2292
f 465 1384 1501
f 465 1501 1964
f 466 849 1428
f 3000 849 466
f 1428 923 466
f 466 923 1897
f 1897 1860 466
f 466 1860 3000
f 467 488 1173
f 1469 596 467
f 467 1173 3013
f 2907 1469 467
f 3013 2907 467
f 468 740 744
f 2184 740 468
f 468 744 2817
f 2162 1135 468
f 468 1135 2184
f 468 1326 2162
f 2851 1326 468
f 468 2817 2851
f 2951 479 469
f 469 2470 2950
f 2950 2810 469
f 469 2810 2951
f 470 731 2752
f 3087 731 470
f 828 806 470
f 470 806 3087
f 1087 828 470
f 2210 1087 470
f 2752 2210 470
f 471 610 2126
f 2938 610 471
f 1400 1078 472
f 472 1078 2713
f 2440 1400 472
f 2366 1914 472
f 472 1914 2440
f 2713 2366 472
f 986 519 473
f 473 519 1826
f 473 717 1266
f 1826 717 473
f 2590 986 473
f 473 1266 2590
f 1633 728 474
f 474 728 2666
f 474 864 2381
f 2676 864 474
f 2640 1633 474
f 474 2381 2640
f 474 2666 2676
f 1616 669 475
f 475 669 2345
f 2135 1616 475
f 475 1876 2135
f 2759 1876 475
f 475 2345 2759
f 1009 594 476
f 476 594 2477
f 2875 1009 476
f 476 2477 2618
f 476 2618 2875
f 2303 1101 477
f 477 1395 2303
f 2573 1395 477
f 477 2137 2573
f 1716 522 478
f 478 522 2037
f 478 1248 1716
f 2037 1248 478
f 479 1343 2251
f 2951 1343 479
f 2251 1672 479
f 1260 826 480
f 481 1103 1596
f 2748 1103 481
f 1596 1389 481
f 3044 1112 482
f 1986 1535 482
f 482 1535 2978
f 482 1612 1986
f 483 850 2374
f 2374 1699 483
f 483 1699 2913
f 484 586 2620
f 2740 586 484
f 484 1398 1559
f 1562 1398 484
f 1559 1490 484
f 484 1490 2740
f 2891 1562 484
f 484 2620 2891
f 1609 566 485
f 485 566 2181
f 2181 975 485
f 485 975 2463
f 2892 1609 485
f 487 591 2279
f 1153 845 487
f 1863 1153 487
f 2279 1863 487
f 488 1110 1689
f 488 1689 2675
f 490 1301 2703
f 2881 1301 490
f 491 520 1274
f 1291 520 491
f 491 1274 2237
f 2237 1291 491
f 492 702 2376
f 2780 959 492
f 2176 2159 492
f 492 2159 2780
f 2376 2176 492
f 1682 748 493
f 493 748 2018
f 493 1195 1682
f 1816 1195 493
f 493 1528 1994
f 2018 1528 493
f 1994 1816 493
f 1346 529 494
f 494 1158 1214
f 2150 1158 494
f 494 1214 2173
f 2173 1346 494
f 738 650 496
f 1131 738 496
f 1418 1131 496
f 1617 1418 496
f 2802 1108 497
f 497 1108 2922
f 1967 1148 497
f 497 1148 2434
f 497 2434 2802
f 498 567 790
f 1685 567 498
f 1487 634 498
f 498 634 1554
f 498 1554 1685
f 499 676 1411
f 2592 676 499
f 1411 1400 499
f 499 1400 1937
f 1937 1608 499
f 499 1608 2920
f 2920 2592 499
f 500 678 905
f 2587 678 500
f 500 1881 2587
f 501 634 867
f 1554 634 501
f 501 867 2232
f 501 1211 1554
f 1991 623 502
f 502 623 3070
f 502 1906 2228
f 3070 1906 502
f 2228 1991 502
f 503 568 1698
f 2662 568 503
f 1698 1005 503
f 503 2655 2662
f 1096 1039 504
f 504 1039 2253
f 2234 1096 504
f 2253 1856 504
f 504 2061 2234
f 505 739 2733
f 505 2033 2800
f 2286 979 506
f 506 1599 1857
f 506 1857 2286
f 507 588 860
f 1075 588 507
f 507 860 2444
f 2602 1075 507
f 507 1555 2602
f 2997 1555 507
f 507 2444 3099
f 3099 2997 507
f 508 998 1745
f 508 1745 2325
f 509 666 1832
f 2902 666 509
f 509 1832 3041
f 509 2368 2508
f 3041 2368 509
f 509 2508 2902
f 510 1437 1634
f 2249 1437 510
f 510 1634 3071
f 3071 1852 510
f 511 947 1040
f 1648 947 511
f 511 1040 1808
f 1808 1648 511
f 512 1752 2480
f 2452 2108 512
f 2480 2452 512
f 1233 661 513
f 513 661 2067
f 3025 1233 513
f 514 625 753
f 2024 625 514
f 514 753 2684
f 514 944 2354
f 2684 944 514
f 2354 2024 514
f 515 762 1338
f 2939 762 515
f 1338 939 515
f 515 939 1406
f 1406 1237 515
f 515 1237 2939
f 516 523 1129
f 1931 523 516
f 516 1099 1931
f 2170 1099 516
f 516 1129 2454
f 516 1489 2170
f 2934 1489 516
f 516 2454 2934
f 2647 955 517
f 3042 1151 518
f 518 2992 3042
f 2026 599 519
f 519 599 2235
f 519 986 1552
f 519 1552 2026
f 2235 1826 519
f 2088 637 520
f 520 761 1274
f 2293 761 520
f 520 1291 3009
f 3009 2088 520
f 1467 655 521
f 521 655 1601
f 1664 1467 521
f 521 1601 2185
f 521 1654 1664
f 2185 1654 521
f 522 800 932
f 1332 800 522
f 522 932 2037
f 1782 1332 522
f 1716 1590 522
f 522 1590 3109
f 3109 1782 522
f 1931 1910 523
f 523 1910 2829
f 2829 2269 523
f 524 720 2688
f 524 825 1135
f 2688 825 524
f 1003 898 524
f 524 898 1705
f 1497 1003 524
f 524 1135 1497
f 1705 1203 524
f 2691 574 525
f 2177 597 525
f 525 597 2691
f 525 839 2177
f 2035 1504 526
f 526 1504 2608
f 2408 2035 526
f 2435 2408 526
f 2608 2435 526
f 880 680 527
f 527 680 1979
f 2860 880 527
f 1979 1371 527
f 527 1371 2860
f 528 658 1630
f 3052 658 528
f 528 1630 2784
f 2831 2561 528
f 528 2561 3052
f 528 2784 2831
f 529 1346 2211
f 2211 2158 529
f 2078 1220 530
f 530 1220 3062
f 3062 1339 530
f 531 675 1461
f 1958 675 531
f 531 1461 2559
f 531 1938 1958
f 2559 1938 531
f 2320 1188 532
f 532 1188 2469
f 2542 2320 532
f 532 2469 2698
f 2698 2542 532
f 533 948 1367
f 533 1244 2195
f 534 696 1043
f 2529 696 534
f 534 1043 1615
f 534 1615 2016
f 534 2016 2893
f 2893 2529 534
f 2685 576 535
f 535 1178 2874
f 1337 607 536
f 536 722 1571
f 2537 1337 536
f 536 1571 1811
f 536 1811 2537
f 2720 1355 537
f 2465 2040 537
f 537 2040 2720
f 1042 642 538
f 538 642 2223
f 2439 696 538
f 538 696 2529
f 2529 1042 538
f 2904 2439 538
f 539 781 1091
f 1091 883 539
f 540 613 1532
f 2008 613 540
f 1532 862 540
f 540 862 1820
f 1820 1704 540
f 540 1704 2008
f 541 1058 1163
f 2482 1058 541
f 541 1163 2695
f 541 1579 2482
f 2695 1579 541
f 542 1374 1537
f 2597 1374 542
f 542 1537 2728
f 2844 995 543
f 2321 818 544
f 544 818 2923
f 1312 918 544
f 544 918 3066
f 544 1303 2321
f 3066 1303 544
f 2923 1312 544
f 545 679 1462
f 1462 1028 545
f 546 1988 2256
f 2735 1988 546
f 546 2256 2415
f 546 2415 2735
f 1864 756 547
f 547 756 2100
f 547 1410 1833
f 2100 1410 547
f 547 1833 1864
f 548 1028 1813
f 2650 1028 548
f 548 1813 1856
f 548 1856 2253
f 548 2253 2650
f 549 789 944
f 2498 789 549
f 549 944 2684
f 549 1597 2380
f 2684 1597 549
f 549 2380 2498
f 550 1049 1605
f 2922 1049 550
f 550 1605 2925
f 551 654 957
f 2073 654 551
f 551 957 2843
f 3029 2073 551
f 551 2843 3012
f 2777 556 552
f 552 1665 1781
f 3080 1665 552
f 552 1781 3018
f 3018 2777 552
f 1227 685 553
f 553 685 1512
f 553 846 1227
f 2960 846 553
f 553 1512 2865
f 553 2865 2960
f 983 831 554
f 1889 983 554
f 555 653 1051
f 2107 653 555
f 555 1051 2173
f 2085 1197 555
f 555 1197 2107
f 2173 2085 555
f 2777 758 556
f 556 758 2888
f 556 2385 2614
f 2888 2385 556
f 2442 2185 557
f 557 2185 2472
f 2824 2442 557
f 2501 1151 558
f 2212 1794 558
f 558 1794 2501
f 559 786 1451
f 2897 786 559
f 1451 1168 559
f 559 1168 2969
f 559 1624 1846
f 559 1846 2070
f 559 2070 2897
f 560 737 2699
f 2823 737 560
f 560 1751 2328
f 2699 1809 560
f 560 2328 2823
f 3112 1392 561
f 561 1911 2092
f 2157 1911 561
f 561 2092 3112
f 562 834 852
f 2564 834 562
f 1869 1642 562
f 562 1642 2564
f 2659 1869 562
f 563 1941 2537
f 2809 1941 563
f 2509 2483 563
f 563 2483 2809
f 2588 2509 563
f 563 2537 2588
f 1594 639 564
f 564 1386 2289
f 2500 1386 564
f 2710 1594 564
f 564 2289 2710
f 565 1541 1838
f 3015 1541 565
f 565 1838 2933
f 2054 2003 565
f 565 2003 3015
f 566 1609 2604
f 2604 2181 566
f 884 790 567
f 2741 1698 568
f 2662 1953 568
f 568 1953 2741
f 2347 1279 569
f 569 1279 2870
f 570 708 2379
f 2395 708 570
f 1810 1618 570
f 570 1618 2395
f 2875 1810 570
f 570 2379 2875
f 1473 670 571
f 571 670 2716
f 571 1070 1473
f 1899 1070 571
f 571 1459 1899
f 2716 1459 571
f 572 1149 2359
f 2491 1149 572
f 2359 1361 572
f 2081 1486 572
f 572 1486 2491
f 573 1024 1765
f 2579 1024 573
f 2243 1362 573
f 573 1362 2579
f 574 1229 2427
f 574 1496 1882
f 2691 1496 574
f 575 1776 2314
f 2950 1776 575
f 575 2141 2317
f 575 2317 2950
f 576 938 2063
f 2685 938 576
f 576 2063 2270
f 1241 694 577
f 577 694 1417
f 577 805 1241
f 1551 805 577
f 1105 888 577
f 1417 1105 577
f 578 813 885
f 1546 813 578
f 578 885 934
f 578 934 2266
f 1963 1546 578
f 579 877 1763
f 2807 877 579
f 579 1763 2517
f 579 2333 3097
f 3097 2807 579
f 580 1507 2147
f 2512 1507 580
f 2147 1932 580
f 580 2077 2512
f 1103 1007 581
f 2350 1103 581
f 581 1429 2350
f 582 1132 1563
f 582 1563 1909
f 1909 1723 582
f 828 626 583
f 583 626 1439
f 2443 828 583
f 584 1260 1399
f 2714 1260 584
f 584 1399 2179
f 2179 1499 584
f 2158 1123 585
f 585 1123 2707
f 585 1623 2231
f 3100 1623 585
f 2231 2158 585
f 585 2707 3100
f 586 1193 2629
f 2740 1193 586
f 2629 2620 586
f 2091 1644 587
f 2201 2091 587
f 587 2097 2201
f 588 636 735
f 1075 636 588
f 588 735 2124
f 2124 860 588
f 589 677 1726
f 2478 677 589
f 589 1726 2515
f 2515 1876 589
f 589 1876 2759
f 2759 2478 589
f 590 934 1066
f 1929 934 590
f 590 1037 1929
f 590 1066 1561
f 590 1561 2605
f 590 2287 2315
f 2605 2287 590
f 591 933 1737
f 591 1737 1861
f 591 1861 2279
f 1667 1494 592
f 1772 1667 592
f 2318 1772 592
f 593 1395 2770
f 2770 2609 593
f 594 856 1830
f 2522 856 594
f 1009 952 594
f 594 952 2522
f 594 1830 2477
f 1907 1347 595
f 595 1640 1907
f 596 1368 1421
f 1469 1368 596
f 2533 1106 597
f 597 1106 2691
f 2177 1504 597
f 597 1504 2671
f 2671 2533 597
f 1125 937 598
f 1804 1125 598
f 598 1273 2282
f 2282 1804 598
f 599 1263 1350
f 599 1350 2235
f 1347 1234 600
f 600 1234 2967
f 2224 1347 600
f 2967 2449 600
f 601 923 1006
f 1063 923 601
f 601 1006 1128
f 1595 1063 601
f 601 1128 1839
f 1839 1595 601
f 1201 715 602
f 2503 1201 602
f 2125 1414 603
f 603 1414 2829
f 2015 1823 603
f 603 1823 2988
f 603 1910 2015
f 2829 1910 603
f 2988 2125 603
f 605 870 2642
f 3094 870 605
f 605 1048 1879
f 2642 1048 605
f 605 1879 2711
f 605 2711 3094
f 1645 1096 606
f 2603 1645 606
f 1337 1149 607
f 608 748 1682
f 1983 1444 608
f 608 1682 1983
f 609 960 1257
f 609 1257 2540
f 3014 1818 609
f 609 2540 3014
f 1572 632 610
f 610 632 2305
f 2938 1572 610
f 2774 2126 610
f 610 2305 2774
f 611 931 2237
f 3085 931 611
f 2237 1344 611
f 611 1344 2609
f 2770 2322 611
f 611 2322 3085
f 611 2609 2770
f 2717 1874 612
f 612 2202 2260
f 3021 2202 612
f 612 2260 2717
f 2008 1878 613
f 613 1878 2265
f 1309 787 614
f 2635 1062 614
f 614 2560 2635
f 2763 2560 614
f 615 772 1001
f 2079 772 615
f 615 2059 2079
f 616 1507 2512
f 616 2512 2748
f 2547 1718 617
f 617 1718 3096
f 617 2010 2547
f 2815 2010 617
f 3096 2815 617
f 1614 1484 618
f 618 1484 2025
f 2025 1614 618
f 619 665 1390
f 2367 665 619
f 619 782 1741
f 1943 782 619
f 1741 1267 619
f 619 1267 2367
f 619 1390 1943
f 1975 912 621
f 621 912 3095
f 621 1170 1975
f 3095 2010 621
f 622 693 1366
f 622 1366 2346
f 622 2346 2405
f 2947 700 623
f 623 700 3070
f 623 1991 2947
f 1111 858 624
f 1654 1111 624
f 1664 1654 624
f 2284 1664 624
f 2811 753 625
f 2813 2811 625
f 626 828 1087
f 626 1087 1255
f 626 1255 1439
f 627 633 1442
f 2852 633 627
f 1442 777 627
f 627 777 2852
f 1432 961 628
f 628 961 1829
f 2188 1432 628
f 628 1490 1559
f 1829 1490 628
f 628 1559 2188
f 2571 1026 629
f 629 1167 1990
f 2830 1167 629
f 629 1990 2571
f 630 746 2035
f 630 1449 1963
f 2625 1449 630
f 630 2035 2408
f 630 2408 2625
f 631 807 1934
f 2451 807 631
f 631 1321 2451
f 631 1934 1974
f 633 2045 2081
f 2644 867 634
f 634 1487 2644
f 1479 899 635
f 635 899 3040
f 1593 1109 635
f 635 1109 1670
f 1834 1593 635
f 3040 1834 635
f 1075 1071 636
f 2088 1971 637
f 1961 1141 638
f 2267 1961 638
f 639 1594 2165
f 639 2165 2577
f 639 2577 2882
f 1703 940 640
f 640 1282 1849
f 1849 1703 640
f 1802 972 641
f 1461 1298 641
f 641 1298 1802
f 2559 1461 641
f 642 924 1569
f 2543 924 642
f 642 1042 2543
f 642 1569 2945
f 2945 2223 642
f 643 883 1773
f 1773 1073 643
f 643 1073 1883
f 1883 1656 643
f 644 1276 1662
f 1717 1276 644
f 644 1662 1725
f 2070 1717 644
f 644 1725 2897
f 2897 2070 644
f 2142 1015 645
f 645 1015 2615
f 645 1444 2142
f 3022 1444 645
f 645 2615 3022
f 1849 1282 646
f 646 1282 2250
f 646 1520 1993
f 2250 1520 646
f 2949 1849 646
f 646 1993 2949
f 647 924 1179
f 1569 924 647
f 647 1179 3048
f 647 1187 1569
f 3050 1187 647
f 3048 2455 647
f 647 2455 3050
f 648 1257 1365
f 2540 1257 648
f 648 1365 2680
f 648 2680 2682
f 1940 1134 649
f 2956 1940 649
f 649 2628 2956
f 650 738 2924
f 650 2115 2271
f 2924 2115 650
f 650 2271 2686
f 2134 996 651
f 651 996 2762
f 2023 1731 651
f 651 1731 2169
f 2169 2134 651
f 652 2197 2417
f 2619 2197 652
f 652 2417 2799
f 2799 2619 652
f 1925 1051 653
f 653 1580 1925
f 3101 1580 653
f 653 2107 3101
f 2560 957 654
f 654 2073 2220
f 654 2220 2560
f 655 1467 1531
f 655 1531 1601
f 1090 901 656
f 656 901 2906
f 656 1080 1090
f 2736 1080 656
f 2906 2736 656
f 657 1127 1431
f 1542 1127 657
f 657 1392 1542
f 982 750 658
f 658 750 1630
f 1619 982 658
f 3052 1619 658
f 659 718 1196
f 1196 910 659
f 2606 1238 660
f 660 1238 2689
f 660 1543 2065
f 3040 1543 660
f 2065 1583 660
f 660 1583 2606
f 660 2689 3040
f 662 1505 1678
f 3047 1505 662
f 662 1678 1799
f 2254 1513 663
f 663 1513 2436
f 663 1773 2254
f 664 1265 1271
f 2994 1265 664
f 664 1271 1982
f 664 1982 3062
f 664 2653 2994
f 2277 927 665
f 665 927 2641
f 2641 1390 665
f 2367 2277 665
f 2902 1454 666
f 666 1454 2959
f 2959 1563 666
f 2612 1832 666
f 2852 2612 666
f 2637 873 667
f 667 1175 2095
f 2745 1175 667
f 667 2095 2637
f 668 895 1457
f 1637 895 668
f 669 1616 1795
f 669 1795 2792
f 2792 2345 669
f 3106 1085 670
f 670 1473 3106
f 671 815 968
f 1352 815 671
f 968 839 671
f 671 839 1352
f 672 797 1527
f 1730 797 672
f 672 1527 3104
f 2855 1730 672
f 672 1866 2855
f 673 1183 1573
f 673 1573 1695
f 673 1695 1780
f 673 1780 2890
f 674 1181 1452
f 2677 1181 674
f 674 1452 1642
f 1642 1626 674
f 674 1626 2677
f 2905 1461 675
f 675 2273 2905
f 1139 891 676
f 676 891 1411
f 2592 1139 676
f 1814 1726 677
f 2571 1814 677
f 677 2478 2571
f 1778 905 678
f 1341 1285 678
f 678 1285 1778
f 2198 1341 678
f 2587 2198 678
f 679 1206 1462
f 2629 1206 679
f 679 1562 2891
f 2891 2629 679
f 2458 727 680
f 680 880 2458
f 2313 1085 681
f 681 1085 3107
f 681 2264 2313
f 3102 2264 681
f 682 1267 2181
f 2367 1267 682
f 682 2181 2604
f 682 2277 2367
f 2604 2277 682
f 1630 750 683
f 683 1190 2820
f 2820 1630 683
f 684 1634 3055
f 3071 1634 684
f 2488 2071 684
f 684 2071 3071
f 2646 2488 684
f 3055 2646 684
f 685 1227 1930
f 3037 1512 685
f 685 1930 3037
f 1673 727 686
f 686 727 2458
f 1021 950 686
f 686 950 1673
f 1589 1021 686
f 2458 1589 686
f 1391 1145 687
f 2404 1281 687
f 687 1342 1391
f 687 1966 2404
f 1955 1204 688
f 688 1204 2167
f 1996 1955 688
f 2167 1996 688
f 3114 1448 689
f 1570 1464 689
f 689 1464 2129
f 689 2129 2539
f 2539 2378 689
f 689 2378 3114
f 690 793 1544
f 2713 793 690
f 690 1544 2366
f 690 2366 2713
f 1722 772 691
f 691 772 2079
f 2378 1722 691
f 2570 2378 691
f 692 957 2763
f 2843 957 692
f 692 2747 2843
f 3067 2747 692
f 692 2763 3067
f 693 943 1366
f 1867 943 693
f 693 1743 1867
f 694 1241 2479
f 2479 1417 694
f 2912 1172 695
f 695 2072 3116
f 695 2148 2912
f 3116 2148 695
f 2221 1043 696
f 696 1667 1772
f 2439 1667 696
f 696 1772 2221
f 697 1136 1585
f 1861 1136 697
f 1585 1290 697
f 697 1290 1861
f 698 723 1024
f 1922 723 698
f 698 1024 2462
f 698 1605 1946
f 2925 1605 698
f 698 1629 1922
f 1946 1629 698
f 698 2462 2925
f 2967 1873 699
f 699 1873 3071
f 699 2071 2967
f 3071 2071 699
f 700 1719 2701
f 2947 1719 700
f 701 719 2332
f 2555 719 701
f 2847 1330 701
f 701 1330 2974
f 2332 1819 701
f 701 1819 2847
f 2974 2555 701
f 702 765 2746
f 2746 2376 702
f 703 736 1790
f 3049 736 703
f 703 1790 1933
f 1933 1807 703
f 703 1807 3049
f 704 1574 2634
f 2867 2039 704
f 704 2634 2867
f 1407 785 705
f 705 785 2475
f 1496 1106 705
f 705 1106 2533
f 2533 1407 705
f 1364 999 706
f 706 999 2373
f 706 2373 2907
f 707 755 1340
f 2541 755 707
f 707 1304 2546
f 2876 1304 707
f 707 1340 2876
f 2546 2541 707
f 2276 952 708
f 708 952 2379
f 2395 2276 708
f 1888 764 709
f 809 794 709
f 709 794 1712
f 709 1712 1888
f 2611 2473 710
f 711 1232 1675
f 2179 1232 711
f 712 915 1363
f 2919 915 712
f 712 1363 2497
f 2497 1478 712
f 712 1478 2919
f 1058 900 713
f 713 900 2903
f 2401 1058 713
f 1909 1454 713
f 713 1454 2401
f 713 1658 1909
f 2903 1658 713
f 2257 762 714
f 714 762 2939
f 1302 949 714
f 714 949 2500
f 2939 1302 714
f 715 1201 2128
f 2128 1735 715
f 715 1735 2544
f 2544 2294 715
f 716 1211 2828
f 2900 1211 716
f 2828 1827 716
f 716 2697 3032
f 3032 2900 716
f 717 770 1230
f 1738 770 717
f 1826 1738 717
f 718 930 1196
f 2261 930 718
f 718 1200 2261
f 1784 1516 719
f 719 1516 2332
f 2555 1784 719
f 720 876 1474
f 720 1177 2325
f 2621 1177 720
f 720 1474 2621
f 720 2325 2688
f 721 1374 2101
f 722 994 1571
f 2027 994 722
f 722 1280 2350
f 2350 2027 722
f 1765 1024 723
f 2887 1765 723
f 724 927 1576
f 2641 927 724
f 724 1404 1468
f 1576 1404 724
f 724 2623 2641
f 725 1035 1614
f 2554 1035 725
f 725 1614 2025
f 725 2025 2554
f 726 733 747
f 726 747 1286
f 2204 2022 728
f 728 2022 2666
f 1712 794 729
f 729 794 2306
f 729 1137 1942
f 2306 1137 729
f 2207 1712 729
f 729 1942 2207
f 730 863 2694
f 2968 2672 730
f 3106 2968 730
f 3107 3106 730
f 731 1328 2406
f 3087 1328 731
f 731 2406 2752
f 890 854 732
f 1296 890 732
f 2985 1296 732
f 732 1510 2750
f 732 2750 2985
f 1435 747 733
f 733 775 1434
f 2001 775 733
f 733 1434 2976
f 2976 1435 733
f 1746 1295 734
f 734 1295 2387
f 1600 1083 735
f 735 1083 2124
f 735 1457 1895
f 1895 1600 735
f 2290 1790 736
f 2616 2036 736
f 736 2036 2712
f 3049 2616 736
f 736 2712 3043
f 2615 1015 737
f 737 1015 2699
f 2425 2241 737
f 737 2241 2615
f 2823 2425 737
f 738 1584 2160
f 738 2160 2924
f 2726 1488 739
f 739 1488 2733
f 739 1699 2726
f 1542 744 740
f 740 1447 1542
f 1595 1447 740
f 2184 1595 740
f 741 991 1329
f 2639 991 741
f 1655 1064 741
f 741 1064 2639
f 742 875 1714
f 2840 875 742
f 742 1104 1640
f 1873 1104 742
f 742 1640 2840
f 742 1714 1873
f 992 847 743
f 743 847 2946
f 3064 992 743
f 2946 2156 743
f 2960 2817 744
f 1001 772 745
f 745 772 2159
f 3076 1001 745
f 745 2159 2176
f 746 1407 2671
f 2671 2035 746
f 2977 1286 747
f 747 1435 2977
f 748 980 1027
f 748 1027 2018
f 2361 1949 749
f 749 1949 2929
f 750 982 2466
f 750 2466 2856
f 750 2856 2961
f 1972 1357 751
f 751 1357 2305
f 2305 1783 751
f 751 1783 2416
f 3065 1972 751
f 751 2416 3065
f 1409 906 753
f 753 906 2684
f 2412 1409 753
f 2811 2412 753
f 754 1277 2561
f 2561 2503 754
f 1994 1340 755
f 755 1816 1994
f 2665 1816 755
f 755 2541 2665
f 2459 1314 756
f 756 1864 2459
f 757 2383 2430
f 2673 2383 757
f 757 2430 2532
f 757 2532 2651
f 757 2651 2673
f 758 1061 1613
f 2777 1061 758
f 758 1613 1898
f 758 1898 2009
f 758 2009 2888
f 759 811 2617
f 2617 1744 759
f 759 1744 2832
f 2136 1955 759
f 2832 2055 759
f 759 2055 2983
f 2983 2136 759
f 760 1203 1705
f 2433 1556 760
f 760 1705 2127
f 760 2127 2630
f 2630 2433 760
f 3007 2348 761
f 2099 877 763
f 763 877 2807
f 2566 2099 763
f 3097 2642 763
f 763 2807 3097
f 1888 1661 764
f 764 1661 2585
f 764 2585 3080
f 765 1603 2746
f 1456 1369 766
f 766 1369 1836
f 766 1445 1456
f 1836 1445 766
f 767 933 1844
f 2392 951 767
f 767 951 3050
f 3050 1307 767
f 767 1844 2392
f 768 1577 1718
f 2764 1577 768
f 768 1718 2547
f 768 1917 2764
f 2783 1917 768
f 2547 2080 768
f 768 2080 2783
f 1095 824 769
f 769 824 2273
f 2915 1095 769
f 769 1958 2153
f 769 2153 2915
f 1841 1230 770
f 2083 1001 771
f 771 1001 2489
f 771 1845 1862
f 2353 1845 771
f 771 1862 2083
f 2489 2353 771
f 772 1722 2780
f 2780 2159 772
f 1363 915 773
f 773 915 2916
f 2934 1363 773
f 773 1489 2934
f 3030 1489 773
f 773 2916 3030
f 774 1115 1927
f 774 1927 2454
f 2998 1434 775
f 775 2518 2998
f 2147 1507 776
f 2404 2147 776
f 2444 2404 776
f 3099 2444 776
f 776 2457 3099
f 777 1442 1896
f 777 2612 2852
f 778 953 1084
f 1385 953 778
f 2395 1385 778
f 2233 1419 779
f 779 1419 3027
f 2910 2233 779
f 779 2502 2833
f 3027 2502 779
f 779 2833 2910
f 1259 1089 780
f 2899 1259 780
f 780 1920 3045
f 3045 2899 780
f 782 1625 1741
f 1819 1625 782
f 1943 1819 782
f 2017 1756 783
f 783 1756 2717
f 2717 2260 783
f 784 976 2586
f 1739 1219 784
f 784 1639 1739
f 2586 1639 784
f 785 1407 2786
f 2837 2226 785
f 3023 2475 785
f 785 2786 3069
f 3069 2837 785
f 2897 1069 786
f 787 1309 2441
f 3033 2017 787
f 787 2441 3033
f 1616 1020 788
f 788 1020 1913
f 1652 1616 788
f 2102 1652 788
f 788 1913 2117
f 2117 2102 788
f 2354 944 789
f 789 1093 2354
f 2532 1093 789
f 789 2498 2739
f 2739 2532 789
f 2295 1331 790
f 2525 2005 791
f 2803 2525 791
f 792 1015 2142
f 2343 1015 792
f 792 2142 2343
f 2246 804 793
f 2713 2246 793
f 2626 1258 795
f 795 1258 2806
f 795 1886 2626
f 2806 1886 795
f 796 1016 1771
f 1771 1587 796
f 796 1587 2992
f 2446 1527 797
f 1354 801 798
f 1825 1354 798
f 3010 1825 798
f 799 2199 2936
f 799 2766 2880
f 2936 2766 799
f 1327 932 800
f 1676 1327 800
f 800 1332 1828
f 1828 1676 800
f 2250 1055 802
f 802 1055 2632
f 1912 1520 802
f 802 1520 2250
f 1984 1912 802
f 2632 1984 802
f 2246 1376 804
f 804 1376 3011
f 2479 1241 805
f 1551 1517 805
f 805 1517 2120
f 805 2120 3098
f 3098 2479 805
f 806 2219 3087
f 807 929 1153
f 2451 929 807
f 807 1153 2481
f 2481 1934 807
f 1874 1756 808
f 808 1756 2017
f 2789 1874 808
f 808 2017 3033
f 808 2418 2568
f 3033 2418 808
f 808 2568 2789
f 810 840 2275
f 2300 840 810
f 810 2275 2927
f 2468 2300 810
f 811 1493 1871
f 1871 1744 811
f 811 1744 2617
f 812 970 1213
f 1917 970 812
f 812 1713 2993
f 2993 1917 812
f 1483 885 813
f 813 1546 2448
f 2794 1115 814
f 1387 1282 815
f 815 1352 1870
f 1706 1387 815
f 1870 1706 815
f 816 1194 2339
f 2956 1194 816
f 816 1458 1679
f 816 1679 1940
f 816 1940 2956
f 917 914 817
f 817 914 2135
f 2739 917 817
f 2002 958 817
f 817 958 2739
f 2135 2002 817
f 818 1012 1176
f 818 1176 2923
f 819 1200 1890
f 2961 1200 819
f 2937 1815 819
f 819 1815 2961
f 819 1890 2937
f 820 1642 1869
f 1915 1642 820
f 1869 1653 820
f 820 1653 1915
f 821 966 2495
f 2530 966 821
f 821 1478 2497
f 821 2495 2791
f 821 2497 2530
f 1973 1369 823
f 823 1369 2618
f 823 1960 1973
f 2618 2477 823
f 824 1095 2365
f 2832 1987 824
f 824 2365 2832
f 1897 1063 825
f 825 1063 2184
f 2184 1135 825
f 825 1860 1897
f 2688 1860 825
f 2714 850 826
f 826 1260 2714
f 1518 1354 827
f 827 1494 1586
f 1586 1518 827
f 829 988 1564
f 1820 1495 829
f 829 1564 1820
f 830 1475 1477
f 2521 1475 830
f 830 1477 2317
f 2317 2141 830
f 830 2141 2521
f 831 983 2028
f 831 2028 2734
f 2805 2077 831
f 831 2734 2805
f 832 1164 1415
f 1445 1164 832
f 1415 1333 832
f 832 1333 2846
f 1456 1445 832
f 2846 1456 832
f 833 891 1139
f 1432 891 833
f 833 1139 1805
f 1754 1432 833
f 1805 1754 833
f 1434 972 835
f 835 972 1802
f 2976 1434 835
f 835 1802 2976
f 2873 946 836
f 837 1004 1777
f 2095 1004 837
f 1777 1010 837
f 837 1010 2536
f 2637 2095 837
f 838 2400 2664
f 3027 2400 838
f 838 2456 2502
f 2918 2456 838
f 838 2502 3027
f 838 2664 2918
f 839 968 2608
f 2608 2177 839
f 2042 1948 840
f 840 1948 2275
f 841 851 2723
f 2153 1127 841
f 2915 2153 841
f 841 2723 2915
f 842 894 2456
f 2645 894 842
f 2132 1817 842
f 2918 2132 842
f 842 2456 2918
f 843 913 1875
f 2453 913 843
f 1902 950 843
f 843 950 2453
f 844 1677 2499
f 2798 1677 844
f 2499 2062 844
f 844 2062 2871
f 844 2419 2798
f 2871 2419 844
f 1153 929 845
f 3112 1227 846
f 846 1392 3112
f 1566 868 847
f 847 868 2589
f 847 992 2377
f 847 2589 2946
f 848 1604 2360
f 2410 1604 848
f 2582 2410 848
f 849 998 2176
f 3000 998 849
f 2746 1428 849
f 849 2176 2746
f 851 2424 2723
f 2701 1789 852
f 853 1272 1732
f 2154 1272 853
f 853 1732 2486
f 853 1767 2154
f 2727 1767 853
f 2486 2308 853
f 853 2308 2727
f 854 890 2139
f 854 2139 2801
f 2579 1377 855
f 855 1970 2925
f 855 2278 2579
f 2925 2278 855
f 2522 1224 856
f 856 1224 2565
f 2414 1830 856
f 2565 2414 856
f 857 1108 2802
f 2649 1674 857
f 859 1276 1717
f 2526 1276 859
f 859 1717 2233
f 859 2233 2910
f 2910 2526 859
f 2124 909 860
f 860 909 2444
f 861 873 1422
f 2310 1318 861
f 861 1422 2310
f 1532 1495 862
f 862 1495 1820
f 863 1145 1391
f 2337 1145 863
f 863 1391 2694
f 864 878 1872
f 2676 878 864
f 864 1872 2381
f 865 914 2380
f 865 1597 2369
f 2380 1597 865
f 2369 1687 865
f 866 993 1428
f 3077 993 866
f 866 1428 2746
f 2746 1603 866
f 866 1603 3077
f 1359 1100 867
f 867 1100 2232
f 2644 1359 867
f 2460 1239 868
f 868 1566 2921
f 2921 2460 868
f 2629 1193 869
f 869 1992 2629
f 1498 887 870
f 870 887 2196
f 3094 1498 870
f 870 2196 2642
f 1925 1580 871
f 871 1580 2948
f 2211 1925 871
f 872 1040 1684
f 1684 1258 872
f 872 1258 2248
f 2926 1482 872
f 872 2248 2926
f 2426 1422 873
f 2637 2426 873
f 1973 1960 874
f 874 1960 2596
f 2014 1973 874
f 2596 2014 874
f 1852 1714 875
f 2574 1852 875
f 2894 2596 875
f 875 2840 2894
f 1701 1474 876
f 876 1556 2872
f 1801 1701 876
f 2872 1801 876
f 2290 1763 877
f 877 2099 2290
f 1663 1536 878
f 878 1536 1872
f 2709 1663 878
f 878 2676 2709
f 879 1534 1785
f 2808 1534 879
f 879 1785 2389
f 2389 2004 879
f 879 2004 2692
f 879 2692 2808
f 2860 2056 880
f 2842 2458 880
f 881 1137 2306
f 881 2306 3060
f 1916 1655 882
f 2690 1916 882
f 883 1091 1742
f 883 1335 1773
f 1924 1335 883
f 883 1742 1924
f 1515 1324 884
f 2112 934 885
f 2515 1726 886
f 886 1726 2548
f 2651 2515 886
f 886 2548 2673
f 2673 2651 886
f 887 1170 1245
f 1975 1170 887
f 887 1245 2196
f 887 1498 1892
f 1892 1592 887
f 887 1592 1975
f 888 1105 1218
f 1218 1199 888
f 888 1199 1242
f 889 1230 1351
f 2464 1230 889
f 889 1955 1996
f 889 1996 2464
f 890 1296 1848
f 890 1848 2944
f 2944 2139 890
f 2768 1411 891
f 891 1432 2188
f 892 1076 1296
f 892 1296 2985
f 892 1470 2053
f 2985 1470 892
f 2053 1733 892
f 893 1052 2301
f 3078 1052 893
f 2225 1772 893
f 893 1772 2318
f 893 1926 2225
f 2301 1926 893
f 893 2318 3078
f 2502 2456 894
f 2833 2502 894
f 894 2645 2833
f 1895 1457 895
f 1961 1926 896
f 896 1926 2301
f 2788 1606 897
f 897 1606 2958
f 2958 1666 897
f 1888 1712 897
f 897 1712 2207
f 2207 1942 897
f 897 1942 2788
f 898 1003 1290
f 898 1290 1585
f 898 1585 1705
f 1479 1019 899
f 899 1019 2130
f 899 2130 3040
f 900 1058 1815
f 900 1815 2903
f 901 1090 2591
f 901 2591 3075
f 1784 1499 902
f 902 1499 2179
f 902 1656 1959
f 2179 1656 902
f 1959 1784 902
f 903 1792 2878
f 2962 1792 903
f 2797 2335 903
f 903 2335 2962
f 904 2118 2514
f 2660 2118 904
f 2569 2485 904
f 904 2485 2830
f 904 2514 2569
f 2830 2660 904
f 2281 1402 905
f 906 1409 1485
f 1485 1436 906
f 906 1436 2369
f 2369 1597 906
f 906 1597 2684
f 907 1233 1707
f 2311 1233 907
f 907 1707 1878
f 907 1878 2186
f 908 1050 2979
f 2901 1751 908
f 1083 963 909
f 2124 1083 909
f 909 1281 2444
f 910 1196 2230
f 2369 1436 910
f 910 2230 2369
f 911 1030 2011
f 911 2011 2049
f 911 2049 3118
f 1975 1592 912
f 912 1592 2268
f 2268 2080 912
f 912 2080 2547
f 912 2547 3095
f 913 1681 1875
f 2317 1681 913
f 2810 2317 913
f 913 2453 2951
f 2951 2810 913
f 914 917 2380
f 914 1020 2135
f 915 2190 2679
f 2919 2190 915
f 915 2679 2916
f 2739 2380 917
f 918 1312 1843
f 2075 1716 918
f 918 1716 3066
f 918 1843 2075
f 919 1064 1916
f 919 1916 2132
f 919 2132 2663
f 920 1611 2808
f 2808 2692 920
f 920 2692 3116
f 2657 1338 921
f 921 2257 2882
f 921 2633 2657
f 2882 2633 921
f 1428 1006 923
f 923 1063 1897
f 925 1522 1529
f 925 1529 1555
f 926 1102 1908
f 2576 1102 926
f 926 1134 1679
f 1908 1134 926
f 2195 1202 926
f 926 1202 2576
f 926 1679 2195
f 927 928 1576
f 2277 928 927
f 1683 1576 928
f 2421 1683 928
f 928 2277 2302
f 928 2302 2421
f 2451 2336 929
f 1308 1196 930
f 2117 1308 930
f 931 1180 2237
f 2407 1180 931
f 2752 2407 931
f 3085 2752 931
f 1327 985 932
f 932 985 2037
f 933 1041 1737
f 3054 1844 933
f 1561 1066 934
f 2112 1561 934
f 934 1929 2578
f 2578 2266 934
f 1350 1263 936
f 936 1263 2879
f 1887 1775 936
f 2074 1887 936
f 2879 2074 936
f 937 975 1638
f 2463 975 937
f 937 1125 2463
f 2685 1154 938
f 938 1154 2732
f 2484 2063 938
f 2732 2484 938
f 939 1338 2206
f 939 2206 2589
f 3006 968 940
f 940 1703 1950
f 940 1950 3006
f 2945 1736 941
f 941 2223 2945
f 942 1167 1985
f 1990 1167 942
f 942 1651 1990
f 2388 1651 942
f 942 1985 2388
f 943 1867 2793
f 2793 1944 943
f 2446 1194 945
f 945 1194 2956
f 945 2003 2729
f 3015 2003 945
f 2729 2446 945
f 945 2956 3015
f 1581 1358 946
f 946 1358 2504
f 2982 1040 947
f 3016 1188 947
f 947 1648 2469
f 947 2469 3016
f 3103 1367 948
f 949 1302 1386
f 949 1386 2500
f 950 1021 2908
f 950 1343 2453
f 2908 1343 950
f 950 1519 1673
f 1902 1519 950
f 2392 1187 951
f 951 1187 3050
f 952 1009 2379
f 952 2276 2522
f 2928 1084 953
f 1385 1157 953
f 953 1157 2782
f 953 2782 2928
f 954 1650 2550
f 2975 1650 954
f 2149 2114 954
f 954 2114 2975
f 2383 2149 954
f 2550 2383 954
f 2647 2358 955
f 955 2358 2844
f 1621 1307 956
f 956 1307 3050
f 1787 1621 956
f 2455 1787 956
f 3050 2455 956
f 957 2560 2763
f 958 2002 2651
f 2651 2532 958
f 958 2532 2739
f 959 1722 2378
f 2780 1722 959
f 2129 1822 959
f 2539 2129 959
f 959 2378 2539
f 960 1851 2468
f 961 1432 1754
f 961 1754 2144
f 2168 1829 961
f 961 2144 2584
f 2584 2168 961
f 2271 1236 962
f 2686 2271 962
f 963 1083 2598
f 2694 1342 963
f 963 2598 2694
f 964 1122 2004
f 2469 1122 964
f 964 2004 2389
f 964 2389 2469
f 1484 1275 965
f 965 1275 3111
f 2025 1484 965
f 3111 2025 965
f 966 2530 2751
f 966 2751 3034
f 3074 1052 967
f 967 1052 3078
f 967 2318 3010
f 3078 2318 967
f 3006 2608 968
f 969 1221 2086
f 2217 1213 970
f 970 1917 2783
f 970 2080 2217
f 2783 2080 970
f 1631 1190 971
f 2203 1631 971
f 2674 2203 971
f 972 1434 2864
f 973 1125 1804
f 2863 1125 973
f 1804 1582 973
f 973 2330 2863
f 974 1305 2776
f 974 2776 2871
f 2871 2825 974
f 2181 1638 975
f 976 2044 2586
f 2818 2044 976
f 976 2411 2818
f 977 999 2031
f 2031 1747 977
f 977 1747 2093
f 978 1593 1834
f 978 1834 2952
f 1884 1868 978
f 2952 1884 978
f 2286 1054 979
f 2107 1027 980
f 2601 2107 980
f 2147 1118 981
f 981 1118 2737
f 2556 1707 981
f 981 1932 2147
f 2737 2556 981
f 982 1619 2569
f 2569 2514 982
f 1224 1017 983
f 983 1084 3075
f 1889 1224 983
f 3075 2028 983
f 1696 1209 984
f 984 1209 3080
f 984 1288 1696
f 2614 1288 984
f 985 1248 2037
f 2636 1248 985
f 985 1327 2853
f 985 2312 2636
f 2853 2312 985
f 2590 1215 986
f 2930 1552 986
f 3019 1564 988
f 988 2567 3053
f 3053 3019 988
f 989 1143 1486
f 1755 1143 989
f 989 1486 2081
f 2081 1635 989
f 989 1635 2732
f 2732 1755 989
f 2510 1212 990
f 990 1212 2755
f 990 1971 2510
f 2943 1971 990
f 2822 2679 990
f 990 2679 2943
f 990 2755 2822
f 1506 1329 991
f 991 1709 2352
f 2639 1709 991
f 992 2255 2377
f 1128 1006 993
f 993 1006 1428
f 3077 1029 993
f 2417 1571 994
f 994 2027 2417
f 2844 2494 995
f 997 1014 1289
f 997 1289 2341
f 997 2341 3014
f 3014 2540 997
f 3000 1745 998
f 999 1364 1935
f 999 2019 2031
f 3111 1275 1000
f 1757 1450 1000
f 1000 3110 3111
f 3076 2489 1001
f 1945 1029 1002
f 1002 1029 2778
f 2778 1440 1002
f 1002 1460 2731
f 2731 1945 1002
f 2162 1290 1003
f 1003 1497 2162
f 2583 1157 1004
f 2095 1175 1004
f 1004 1175 2583
f 1007 1103 2748
f 2116 1250 1007
f 2748 2116 1007
f 1008 1060 2155
f 2429 1060 1008
f 1008 1332 1782
f 2155 1332 1008
f 1008 1782 2914
f 1008 1891 2429
f 2914 1891 1008
f 2875 2379 1009
f 2708 2536 1010
f 2585 1661 1011
f 1011 1666 2381
f 1872 1781 1011
f 1011 1781 2585
f 2381 1872 1011
f 2058 1176 1012
f 1012 1733 2053
f 1012 2053 2058
f 1382 1057 1013
f 1013 1057 2074
f 2730 1382 1013
f 1013 1644 2091
f 2987 1644 1013
f 1013 2074 2987
f 1013 2091 2730
f 1014 1657 2812
f 1015 2343 2699
f 1016 1264 1771
f 2704 1264 1016
f 1017 1224 2522
f 1017 2276 2395
f 2522 2276 1017
f 1018 1142 1836
f 2859 1142 1018
f 1973 1225 1018
f 1018 1225 2859
f 1018 1836 1973
f 1019 1479 2800
f 1019 2033 2130
f 2800 2033 1019
f 1020 1616 2135
f 2527 1549 1021
f 1021 1549 2908
f 1021 1589 2527
f 1022 1532 2672
f 2971 2553 1022
f 1022 2672 2971
f 2429 1061 1023
f 1023 1061 3018
f 1023 1536 1663
f 3018 1536 1023
f 1023 1663 2429
f 1765 1547 1024
f 1024 2278 2462
f 2579 2278 1024
f 1539 1121 1025
f 1025 1121 1939
f 1025 1939 2794
f 2759 2345 1026
f 2571 2478 1026
f 1026 2478 2759
f 2107 1197 1027
f 1462 1283 1028
f 1028 1283 1813
f 3077 2778 1029
f 2944 1848 1030
f 3120 2944 1030
f 2321 1098 1031
f 1031 1098 2356
f 1031 1919 2208
f 2356 1919 1031
f 1893 1467 1032
f 2180 1184 1033
f 1033 1184 2334
f 2334 2209 1033
f 1034 1357 1972
f 2305 1357 1034
f 1034 1573 2126
f 2649 1573 1034
f 1972 1674 1034
f 1034 1674 2649
f 1034 2126 2774
f 2774 2305 1034
f 1035 2554 3072
f 1036 1867 2291
f 2793 1867 1036
f 2563 1977 1036
f 1036 1977 2793
f 2291 2145 1036
f 2578 1929 1037
f 1037 2048 2837
f 2837 2578 1037
f 1038 1059 1372
f 2283 1059 1038
f 1038 1372 2998
f 2558 2283 1038
f 2884 2558 1038
f 1038 2683 2884
f 2998 2683 1038
f 1039 1096 1645
f 1039 1645 2253
f 1040 1472 1684
f 2693 1808 1040
f 1041 1550 1737
f 2218 1550 1041
f 1043 1540 1615
f 1926 1540 1043
f 2221 1926 1043
f 1044 1583 2105
f 2858 1583 1044
f 1044 2370 2858
f 1045 2583 2643
f 2782 2583 1045
f 1045 2643 2928
f 2928 2782 1045
f 1046 1762 1779
f 1046 1779 3042
f 3042 2109 1046
f 1048 1072 1998
f 2993 1879 1048
f 1048 1998 2993
f 1049 1466 1605
f 2238 1466 1049
f 1049 2119 2238
f 2922 2119 1049
f 1050 2412 2652
f 2772 2412 1050
f 1050 2652 2979
f 1925 1346 1051
f 1051 1346 2173
f 2989 2301 1052
f 3074 2989 1052
f 3056 1446 1053
f 1053 2743 3056
f 1054 1099 1191
f 1761 1099 1054
f 2286 1761 1054
f 2250 1387 1055
f 1055 1387 2437
f 1056 1455 1969
f 1056 1969 2076
f 1057 1493 2413
f 2413 2074 1057
f 2401 1163 1058
f 2864 1372 1059
f 3079 2864 1059
f 1060 1622 2155
f 2709 1622 1060
f 2429 1663 1060
f 1060 1663 2709
f 2429 1613 1061
f 1061 2777 3018
f 1063 1595 2184
f 1064 1655 1916
f 1065 1252 1264
f 1065 1264 1627
f 1065 1627 2016
f 1067 1081 2505
f 2557 1081 1067
f 2505 1610 1067
f 1067 1610 2557
f 2682 1379 1068
f 1069 1725 2790
f 2897 1725 1069
f 1899 1329 1070
f 1072 1380 1998
f 2259 1380 1072
f 1074 1412 1776
f 2602 1957 1075
f 1848 1296 1076
f 1077 1197 2113
f 2113 1636 1077
f 1077 1636 2862
f 1078 1400 2355
f 1805 1139 1079
f 1079 1139 2592
f 2920 1650 1079
f 1079 1650 2975
f 2975 1805 1079
f 1079 2592 2920
f 2619 1090 1080
f 1080 2111 2619
f 2662 2111 1080
f 2736 2662 1080
f 1081 1403 2505
f 2917 1403 1081
f 1081 2557 3061
f 1083 1600 2089
f 1083 2089 2598
f 1085 3106 3107
f 2105 1583 1086
f 1086 1583 2932
f 1086 1588 2105
f 2210 1255 1087
f 1088 1119 1649
f 1088 1649 2744
f 2795 2329 1088
f 1088 2744 2795
f 2656 1091 1089
f 1089 1259 2656
f 1090 1397 2591
f 2619 1397 1090
f 2656 1742 1091
f 1092 1191 2965
f 1092 1548 2390
f 2965 1548 1092
f 3061 2354 1093
f 2532 2430 1093
f 1093 2430 2814
f 1093 2814 3061
f 1094 1404 1683
f 3020 1404 1094
f 1545 1533 1094
f 1094 1533 3020
f 2706 1545 1094
f 2599 2365 1095
f 2915 2599 1095
f 1096 2234 2246
f 3023 2813 1097
f 2321 1303 1098
f 1098 1303 2356
f 2965 1191 1099
f 1099 1761 1931
f 1099 2170 2965
f 1100 1359 1581
f 1100 1453 2232
f 1101 1567 2133
f 2595 1567 1101
f 1101 2303 2595
f 1660 1158 1102
f 1102 1158 1908
f 2164 1596 1103
f 2350 2164 1103
f 1104 1234 1347
f 1873 1234 1104
f 1104 1347 1907
f 1907 1640 1104
f 1962 1218 1105
f 1105 1417 2467
f 2467 1962 1105
f 1106 1496 2691
f 1107 1217 1730
f 2339 1217 1107
f 1107 1730 2631
f 2431 2339 1107
f 2631 2431 1107
f 1108 2119 2922
f 1593 1438 1109
f 1109 1438 2094
f 2094 1670 1109
f 2034 1689 1110
f 1111 1654 2442
f 1112 2848 2909
f 1113 2145 2148
f 2692 2145 1113
f 1113 2148 3116
f 3116 2692 1113
f 1114 1918 2584
f 2661 1918 1114
f 1114 2114 2661
f 2975 2114 1114
f 2584 2144 1114
f 1114 2144 2975
f 1115 1226 1927
f 2751 1226 1115
f 2794 2751 1115
f 1344 1274 1116
f 2609 1344 1116
f 1117 1373 1885
f 2854 1373 1117
f 1117 2262 2289
f 2710 2262 1117
f 1117 2289 2854
f 1117 2461 2710
f 2404 1966 1118
f 1118 1966 2737
f 1118 2147 2404
f 1119 1185 1649
f 2193 1185 1119
f 1119 1310 2193
f 1120 1557 1800
f 3091 1557 1120
f 1120 3005 3091
f 1121 1539 2013
f 3034 1939 1121
f 1121 2013 2352
f 1121 2352 3034
f 2469 1900 1122
f 1122 1900 2563
f 1123 2158 2211
f 1123 2211 3036
f 3036 2707 1123
f 1968 1647 1124
f 2256 1988 1124
f 2848 2463 1125
f 2863 2848 1125
f 1126 1565 1753
f 1753 1711 1126
f 1126 1711 1881
f 2153 1431 1127
f 1127 1542 1839
f 2761 1328 1130
f 1130 1328 3087
f 1130 2012 2044
f 2219 2012 1130
f 1130 2044 2761
f 3087 2219 1130
f 1131 1418 2141
f 1133 1189 1250
f 2734 1189 1133
f 1133 1250 2116
f 1133 2116 2805
f 2805 2734 1133
f 1940 1679 1134
f 2162 1497 1135
f 1136 1550 1585
f 1737 1550 1136
f 1861 1737 1136
f 1138 1921 1950
f 1964 1921 1138
f 2283 1836 1142
f 2859 1911 1142
f 1755 1426 1143
f 1143 1426 3081
f 3081 1486 1143
f 2972 2895 1144
f 1146 1503 2226
f 2252 1503 1146
f 2226 2048 1146
f 2303 1223 1147
f 1147 1223 2909
f 2330 1567 1147
f 1147 1567 2595
f 2595 2303 1147
f 1148 1578 2434
f 1149 1337 1941
f 1149 1941 2359
f 1150 1453 2873
f 3048 1179 1152
f 2251 1549 1152
f 1152 1549 3048
f 1153 1863 2481
f 1154 1755 2732
f 1155 2743 2886
f 3056 2743 1155
f 1155 2886 3009
f 1155 3009 3056
f 1634 1437 1156
f 3055 1634 1156
f 1157 2583 2782
f 1660 1214 1158
f 1158 1525 1908
f 2150 1525 1158
f 1159 1232 1375
f 1675 1232 1159
f 1159 1375 3005
f 2940 1198 1160
f 1160 1715 2072
f 1161 1339 1381
f 1980 1339 1161
f 1161 1382 2730
f 2189 1980 1161
f 2730 2189 1161
f 1162 2209 2334
f 2572 1415 1164
f 1164 1445 2884
f 2516 2362 1164
f 1164 2362 2572
f 2884 2516 1164
f 2289 1302 1165
f 1165 2187 2854
f 2854 2289 1165
f 2909 1223 1166
f 2090 1612 1166
f 2830 1985 1167
f 2340 1553 1168
f 1168 1553 2969
f 1505 1325 1169
f 1169 1325 1770
f 1678 1505 1169
f 2175 1245 1170
f 2397 2175 1170
f 3068 1749 1171
f 2588 2537 1171
f 1171 2537 3068
f 2883 2588 1171
f 3005 1375 1172
f 1172 2912 3091
f 3091 3005 1172
f 1173 1799 3013
f 1174 2393 2511
f 1174 2511 2826
f 1175 2143 2357
f 2745 2143 1175
f 1175 2357 2583
f 2784 1630 1178
f 1178 1630 2820
f 1178 2820 2874
f 1905 1401 1180
f 1180 1401 2237
f 2407 1905 1180
f 1181 1262 1452
f 2364 1262 1181
f 2668 2364 1181
f 2193 1310 1182
f 1182 1310 2727
f 2727 1850 1182
f 1182 1850 3036
f 3036 2193 1182
f 1184 2180 2747
f 1184 2747 3067
f 2948 1649 1185
f 1186 1287 1562
f 2245 1287 1186
f 1186 1294 2245
f 2052 1569 1187
f 2151 2052 1187
f 2392 2151 1187
f 2319 1728 1188
f 1188 2161 2319
f 2320 2161 1188
f 3016 2469 1188
f 2591 1397 1189
f 1189 1397 2799
f 2734 2591 1189
f 2874 2820 1190
f 1192 1240 1441
f 1758 1240 1192
f 2387 1758 1192
f 1193 1424 1697
f 2740 1424 1193
f 1697 1558 1193
f 1194 1217 2339
f 1196 1308 2230
f 1197 2085 2113
f 2460 1231 1198
f 3004 2460 1198
f 1198 2940 3004
f 1199 2386 2487
f 1947 1890 1200
f 2961 2261 1200
f 1201 2063 2128
f 2503 2063 1201
f 2195 1244 1202
f 1202 1244 2272
f 1202 2272 2576
f 1204 1955 2136
f 1204 2136 2983
f 1204 2244 2681
f 2983 2244 1204
f 1840 1560 1205
f 1205 1560 3083
f 1205 1632 1840
f 2840 1632 1205
f 3083 2596 1205
f 2428 1462 1206
f 1723 1658 1206
f 1206 1658 2937
f 2629 1992 1206
f 2937 2428 1206
f 1207 1483 2396
f 1208 2244 2316
f 1208 2316 2723
f 1208 2424 2506
f 2723 2424 1208
f 1210 2060 2431
f 2900 1554 1211
f 1211 2338 2828
f 2510 2088 1212
f 1212 2088 2886
f 1212 2390 2755
f 2886 2390 1212
f 2217 1289 1213
f 1214 2085 2173
f 1779 1762 1215
f 1215 1762 2006
f 2371 1779 1215
f 2590 2371 1215
f 1216 1731 2342
f 2963 1731 1216
f 2342 2206 1216
f 1216 2206 2963
f 1219 1320 1446
f 2779 1320 1219
f 1219 1739 2779
f 1221 1643 2131
f 2131 2086 1221
f 1782 1318 1222
f 1222 1318 2310
f 2914 1782 1222
f 1222 2310 2914
f 1224 1889 2973
f 2973 2565 1224
f 1225 1973 2014
f 1225 2014 2859
f 2530 1363 1226
f 1226 1363 3063
f 3063 1927 1226
f 2751 2530 1226
f 2702 1930 1227
f 3112 2702 1227
f 1228 1373 2050
f 1228 1584 2607
f 3003 1584 1228
f 2607 1794 1228
f 1228 2050 3003
f 1229 1690 1870
f 1229 1870 2427
f 1768 1315 1230
f 1841 1351 1230
f 2464 1768 1230
f 2921 1611 1231
f 1231 2460 2921
f 1399 1375 1232
f 2179 1399 1232
f 3025 1707 1233
f 1234 1873 2967
f 1862 1314 1235
f 1235 1314 2459
f 2790 1725 1235
f 1235 1725 2834
f 2083 1862 1235
f 1235 2459 2790
f 2271 2115 1236
f 1237 1406 1670
f 1237 1670 2094
f 1237 2094 2939
f 1238 1628 1786
f 2606 1628 1238
f 1786 1752 1238
f 1238 1752 2689
f 1239 1353 1463
f 3004 1353 1239
f 1239 2460 3004
f 1240 1283 1441
f 1813 1283 1240
f 1856 1813 1240
f 1243 1311 1433
f 1243 1433 2593
f 3012 2180 1243
f 2593 2222 1243
f 1245 2175 2196
f 2415 2256 1246
f 2423 2415 1246
f 3038 2423 1246
f 2826 2758 1246
f 1246 2758 3038
f 1954 1502 1247
f 1247 1502 2986
f 2419 1954 1247
f 2798 2419 1247
f 1249 1292 2525
f 2648 1292 1249
f 1249 2525 2803
f 2803 2648 1249
f 1251 1450 1492
f 1251 1492 2368
f 1251 2368 2997
f 1251 2997 3099
f 1252 1471 2861
f 2038 1993 1253
f 1669 1524 1254
f 1254 1524 2029
f 2738 1669 1254
f 2210 2137 1255
f 2200 1470 1256
f 1256 1470 2985
f 1256 1598 2200
f 2214 1598 1256
f 2985 2214 1256
f 1684 1355 1258
f 1258 1355 2980
f 2626 2248 1258
f 2980 2806 1258
f 2899 2656 1259
f 1261 2335 2797
f 2962 2335 1261
f 1261 2360 2962
f 2513 1452 1262
f 2978 2513 1262
f 1262 2715 2978
f 2704 1627 1264
f 1859 1271 1265
f 1265 1345 2705
f 2994 1345 1265
f 2705 1859 1265
f 1266 1408 1793
f 1266 1793 2590
f 1741 1638 1267
f 1267 1638 2181
f 2296 1460 1268
f 2657 2296 1268
f 1269 2241 2391
f 2615 2241 1269
f 1269 2391 2511
f 1269 2511 2552
f 1577 1380 1270
f 1270 1380 2954
f 1718 1577 1270
f 2867 1671 1270
f 1270 1671 3096
f 3096 1718 1270
f 1271 1300 2545
f 3062 1982 1271
f 1271 2545 3062
f 2154 1334 1272
f 1272 1334 2205
f 2541 1732 1272
f 1274 1344 2237
f 2680 1365 1275
f 1275 1484 2680
f 2447 1662 1276
f 2526 2447 1276
f 2327 1992 1277
f 1277 1992 3052
f 3052 2561 1277
f 2174 1459 1278
f 1278 1459 2716
f 1769 1480 1278
f 1278 1480 2174
f 2716 1769 1278
f 1842 1312 1279
f 1279 1312 2923
f 2347 1842 1279
f 1280 2164 2350
f 3072 2164 1280
f 1280 2841 3072
f 1281 2404 2444
f 1282 1387 2250
f 2941 1441 1283
f 1283 1462 2941
f 1284 1364 1394
f 1935 1364 1284
f 1284 1394 2697
f 2382 1935 1284
f 2697 2382 1284
f 1285 1341 2201
f 2097 1778 1285
f 2201 2097 1285
f 2653 2082 1286
f 2994 2653 1286
f 1286 2977 2994
f 1287 1398 1562
f 1750 1398 1287
f 2245 1750 1287
f 2614 1646 1288
f 1740 1696 1288
f 1289 2217 2341
f 3051 1861 1290
f 1290 2162 3051
f 2237 1401 1291
f 1291 1401 2411
f 3056 3009 1291
f 1292 1538 1721
f 2021 1538 1292
f 1292 1721 2525
f 2898 2021 1292
f 1292 2648 2898
f 1293 1693 2047
f 3007 1693 1293
f 2047 1803 1293
f 1293 1803 2348
f 1293 2348 3007
f 1294 1323 2245
f 2253 1323 1294
f 2650 2253 1294
f 1295 1746 1758
f 1295 1758 2387
f 2319 2161 1297
f 1297 2161 2542
f 2492 2319 1297
f 1297 2487 2492
f 3031 2487 1297
f 1297 2542 3031
f 1298 1345 1802
f 2905 1345 1298
f 1298 1461 2905
f 1299 1672 2251
f 2972 1672 1299
f 1299 1797 2972
f 1300 1381 2545
f 2850 1381 1300
f 1301 1427 2703
f 2857 1427 1301
f 2988 2857 1301
f 1301 2881 2988
f 2289 1386 1302
f 1304 2486 2546
f 2707 2486 1304
f 3100 2707 1304
f 1304 2876 3100
f 2448 1316 1305
f 1305 1316 2776
f 1936 1853 1306
f 1306 1853 2841
f 2491 1936 1306
f 1913 1687 1308
f 1308 1687 2230
f 2117 1913 1308
f 1309 1626 1915
f 1309 1915 2441
f 1310 1575 2727
f 2787 1433 1311
f 1312 1842 2146
f 2146 1843 1312
f 2832 1744 1313
f 1313 1987 2832
f 1862 1845 1314
f 1768 1641 1315
f 1315 1641 2725
f 1546 1449 1316
f 1316 1449 2849
f 2448 1546 1316
f 2849 2776 1316
f 1317 1419 1717
f 1846 1419 1317
f 1317 1717 2070
f 2070 1846 1317
f 1318 1590 1716
f 1782 1590 1318
f 1318 1716 2075
f 2075 1843 1318
f 3002 2299 1319
f 1321 1798 2022
f 1321 2022 2336
f 1321 2336 2451
f 2300 1851 1322
f 1322 1851 2523
f 1322 2523 2749
f 2749 2600 1322
f 2253 1645 1323
f 1323 1645 2603
f 1323 1750 2245
f 1324 2269 2298
f 1325 1430 1770
f 1325 1505 2493
f 2493 1515 1325
f 2851 1863 1326
f 1326 1863 3051
f 3051 2162 1326
f 1327 1676 1930
f 1327 1930 2702
f 1327 2702 2853
f 1328 2761 2818
f 2847 1748 1330
f 1331 2295 2881
f 2155 1828 1332
f 1333 1806 2846
f 1334 2154 2885
f 2885 2205 1334
f 2254 1773 1335
f 1335 1924 2242
f 2242 2121 1335
f 1335 2121 2254
f 1501 1384 1336
f 2215 1677 1336
f 1336 1677 3017
f 2504 2215 1336
f 2537 1941 1337
f 2963 2206 1338
f 1338 2657 2963
f 2545 1381 1339
f 3062 2545 1339
f 1969 1455 1340
f 1340 1455 2876
f 1994 1969 1340
f 2198 2163 1341
f 2694 1391 1342
f 2908 2251 1343
f 2951 2453 1343
f 1345 1435 1802
f 2977 1435 1345
f 1345 2273 2705
f 2905 2273 1345
f 2994 2977 1345
f 1346 1925 2211
f 1348 1604 2410
f 1348 2410 3090
f 1498 1396 1349
f 1349 1396 2523
f 1892 1498 1349
f 1351 1841 2420
f 1670 1463 1353
f 1353 2940 2990
f 3004 2940 1353
f 1684 1472 1355
f 1355 2720 2980
f 1356 1868 1884
f 1358 1581 1677
f 1358 1677 2215
f 1358 2215 2504
f 1359 1370 2062
f 2644 1370 1359
f 2499 1581 1359
f 1359 2062 2499
f 2483 1442 1361
f 2359 1941 1361
f 1361 1941 2809
f 2809 2483 1361
f 2243 1482 1362
f 1362 1482 2926
f 2926 2579 1362
f 2530 2497 1363
f 1363 2934 3063
f 1366 2041 2346
f 3103 2933 1367
f 1368 1469 2344
f 1368 2344 2827
f 1369 1456 2618
f 1973 1836 1369
f 2644 1487 1370
f 2825 2062 1370
f 2202 1791 1371
f 1371 1791 2433
f 1371 1979 2007
f 1371 2007 2202
f 1371 2433 2860
f 2864 1434 1372
f 1372 1434 2998
f 2854 2050 1373
f 2597 2101 1374
f 2246 2234 1376
f 1376 2258 2724
f 1376 2724 3011
f 1886 1865 1377
f 2626 1886 1377
f 1377 2579 2926
f 2926 2626 1377
f 2947 1991 1378
f 1378 2753 2947
f 2680 1484 1379
f 1379 1484 3073
f 2682 2680 1379
f 1380 1577 2764
f 2764 1998 1380
f 1380 2259 2954
f 1383 1914 2043
f 2069 1914 1383
f 1383 2043 2613
f 1385 2395 2935
f 1387 1706 2437
f 2025 1443 1389
f 1389 1596 2025
f 2623 1943 1390
f 2641 2623 1390
f 1393 1618 1810
f 1394 1692 2697
f 2573 2322 1395
f 1395 2322 2770
f 1396 1498 3094
f 2711 2375 1396
f 1396 2375 2749
f 2749 2523 1396
f 3094 2711 1396
f 1397 2619 2799
f 2188 1559 1398
f 1400 1411 2355
f 2440 1937 1400
f 1401 1905 2411
f 3108 2989 1402
f 1403 1608 1937
f 2917 1608 1403
f 1403 1937 2505
f 1404 1576 1683
f 1538 1448 1405
f 1405 1448 2570
f 1721 1538 1405
f 3115 1721 1405
f 1405 2570 3115
f 1406 1463 1670
f 1407 2533 2671
f 2412 2258 1409
f 1410 1653 1833
f 2418 1653 1410
f 1410 2100 2718
f 2568 2418 1410
f 2718 2568 1410
f 2768 2355 1411
f 2314 1776 1412
f 2535 1775 1413
f 1413 2420 2535
f 1414 2125 2298
f 2298 2269 1414
f 1414 2269 2829
f 2572 1521 1415
f 1416 1524 1669
f 2896 1524 1416
f 1416 1669 2957
f 1416 1736 2896
f 2449 2229 1417
f 1417 2229 2467
f 2479 2449 1417
f 1418 1617 2521
f 2521 2141 1418
f 2233 1717 1419
f 1419 1846 3027
f 2828 2338 1420
f 1420 2720 2828
f 2980 2720 1420
f 2553 2304 1421
f 1898 1481 1422
f 1422 1481 2310
f 2009 1898 1422
f 2426 2009 1422
f 1423 1698 2821
f 2432 1697 1424
f 1424 1824 2432
f 2740 1824 1424
f 1425 2266 2578
f 1425 2578 2786
f 1755 1631 1426
f 1426 1631 2203
f 1426 2203 3081
f 1427 1984 2632
f 2857 1984 1427
f 1427 2632 2880
f 2795 2703 1427
f 2880 2795 1427
f 1429 2027 2350
f 2417 2027 1429
f 2799 2417 1429
f 1430 1685 2900
f 3032 1770 1430
f 1430 2900 3032
f 1431 1958 2138
f 2153 1958 1431
f 2787 1475 1433
f 1433 2191 2593
f 2976 1802 1435
f 2520 2094 1438
f 2483 1896 1442
f 1443 2025 3111
f 3111 3110 1443
f 1444 1983 2142
f 1445 1836 2558
f 1445 2558 2884
f 1839 1542 1447
f 1447 1595 1839
f 1448 2378 2570
f 3114 2378 1448
f 1449 1546 1963
f 1449 2625 2849
f 2991 1492 1450
f 1450 1757 2991
f 2564 1642 1452
f 1453 2046 2232
f 2806 2046 1453
f 1454 1909 2959
f 2902 2401 1454
f 1455 1623 2876
f 2846 2618 1456
f 2195 1679 1458
f 2174 1899 1459
f 2296 1796 1460
f 1460 1796 2964
f 2964 2731 1460
f 2428 1890 1462
f 1462 1890 2941
f 3064 2762 1464
f 1465 2358 2647
f 1946 1605 1466
f 1893 1531 1467
f 2373 2344 1469
f 2907 2373 1469
f 2152 2053 1470
f 2200 2152 1470
f 1471 2351 2861
f 2638 1923 1473
f 1473 1923 3106
f 1474 1701 2610
f 1474 2610 2621
f 2787 1477 1475
f 2521 1760 1475
f 1476 1521 2572
f 2996 1521 1476
f 1476 1646 2385
f 2572 1646 1476
f 1477 1681 2317
f 2757 1681 1477
f 2787 2757 1477
f 2472 2227 1478
f 1478 2227 2919
f 1480 1598 2174
f 2200 1598 1480
f 1480 1769 2096
f 1898 1613 1481
f 1481 1613 2429
f 2429 1891 1481
f 1481 1891 2914
f 2914 2310 1481
f 1482 2243 2693
f 1484 1614 3073
f 1486 1936 2491
f 2562 1936 1486
f 3081 2562 1486
f 1488 1720 2555
f 2726 1720 1488
f 1488 2519 2733
f 2974 2519 1488
f 1488 2555 2974
f 2965 2170 1489
f 3030 2965 1489
f 1829 1824 1490
f 1490 1824 2740
f 1491 1636 2020
f 3082 1636 1491
f 1491 2020 2272
f 2508 2368 1492
f 1492 2401 2508
f 2991 2401 1492
f 2839 1871 1493
f 2850 2839 1493
f 1952 1586 1494
f 1494 1667 2904
f 2904 1952 1494
f 1495 2827 2868
f 1496 1668 1882
f 1784 1720 1499
f 2138 1938 1500
f 3079 2157 1500
f 2986 1964 1501
f 1502 1954 2408
f 2297 1964 1502
f 1502 1964 2986
f 2435 2297 1502
f 1502 2408 2435
f 1503 2252 2652
f 1503 2652 2811
f 1503 2811 2813
f 1504 2035 2671
f 1504 2177 2608
f 1505 2171 2493
f 3047 2171 1505
f 2471 2051 1506
f 1509 1811 2417
f 3068 1811 1509
f 1510 2214 2750
f 1974 1934 1512
f 1512 1934 2865
f 2030 1974 1512
f 2721 2030 1512
f 3037 2721 1512
f 2254 2121 1513
f 1513 2121 2436
f 1514 1763 2290
f 2605 1763 1514
f 1514 2287 2605
f 2493 2171 1515
f 1516 1625 2332
f 1516 1784 1959
f 1517 1551 2005
f 2049 1976 1517
f 1517 1976 2120
f 1517 2005 2240
f 2240 2049 1517
f 2996 2708 1521
f 2889 1529 1522
f 2771 2192 1522
f 1522 2192 2889
f 2711 1713 1523
f 1523 1854 2711
f 1959 1883 1526
f 2729 2054 1527
f 1527 2446 2729
f 3105 3104 1527
f 1528 1969 1994
f 2076 1969 1528
f 2602 1555 1529
f 2889 2602 1529
f 1530 1823 1912
f 2988 1823 1530
f 1530 1912 2857
f 1530 2857 2988
f 2190 1601 1531
f 1531 1971 2943
f 2679 2190 1531
f 2943 2679 1531
f 1533 1545 1680
f 2722 1785 1534
f 2808 2722 1534
f 1986 1906 1535
f 1535 1906 3070
f 1536 1781 1872
f 3018 1781 1536
f 2021 1570 1538
f 2675 2013 1539
f 1540 1926 2670
f 2687 1838 1541
f 3015 2687 1541
f 1543 2033 2065
f 2130 2033 1543
f 3040 2130 1543
f 1544 2043 2366
f 1545 1591 1680
f 2706 1591 1545
f 1547 1765 2887
f 2755 2390 1548
f 2822 2755 1548
f 3030 2822 1548
f 1548 2965 3030
f 1549 2251 2908
f 1549 2527 3048
f 2056 1585 1550
f 2218 2056 1550
f 2930 2026 1552
f 2476 2284 1553
f 1553 2284 2969
f 1553 2340 2476
f 2900 1685 1554
f 1555 2997 3041
f 2433 1791 1556
f 1556 1791 2872
f 1557 1743 1800
f 2291 1743 1557
f 2912 2291 1557
f 3091 2912 1557
f 1558 1697 1788
f 1558 1788 2485
f 1558 2485 2569
f 1560 1568 2172
f 2538 1568 1560
f 1560 1840 2538
f 1560 2172 3083
f 1561 1688 2087
f 2112 1688 1561
f 1561 2087 2605
f 2959 1909 1563
f 3019 1820 1564
f 1565 2767 2931
f 1566 1611 2921
f 2280 2133 1567
f 2288 2172 1568
f 2312 2288 1568
f 2636 2312 1568
f 1568 2538 2636
f 1569 2052 2945
f 2417 1811 1571
f 2938 2575 1572
f 2649 1695 1573
f 2735 2634 1574
f 1575 1767 2727
f 1965 1602 1578
f 1578 1602 2434
f 2674 2482 1579
f 2695 2674 1579
f 2499 1677 1581
f 1582 1804 2068
f 1583 2065 2932
f 2858 2606 1583
f 3003 2160 1584
f 2127 1705 1585
f 1585 2056 2127
f 1586 1669 2738
f 2957 1669 1586
f 1586 1952 2957
f 1587 2109 2992
f 2519 2105 1588
f 2733 2519 1588
f 1589 2194 2527
f 2842 2194 1589
f 1589 2458 2842
f 1590 1782 3109
f 3029 1680 1591
f 2220 2073 1591
f 1591 2073 3029
f 1592 1892 2268
f 1594 1607 2239
f 2710 1607 1594
f 2239 2165 1594
f 2554 2025 1596
f 1596 2164 3072
f 3072 2554 1596
f 2214 2174 1598
f 1600 1895 2089
f 2227 2185 1601
f 1601 2190 2227
f 1965 1855 1602
f 1602 1855 2285
f 1602 2285 2658
f 1603 2778 3077
f 2962 2360 1604
f 2836 2597 1606
f 1606 2597 2958
f 1606 2788 2836
f 1607 1928 2239
f 2531 1928 1607
f 2710 2531 1607
f 1608 2917 2920
f 2668 2604 1609
f 2892 2715 1609
f 2505 2069 1610
f 3008 2808 1611
f 1611 2845 3008
f 1612 1693 1986
f 2090 1693 1612
f 1616 1652 1795
f 2066 1760 1617
f 1617 1760 2521
f 2935 2395 1618
f 3052 1992 1619
f 1788 1697 1620
f 1620 1697 2432
f 1985 1788 1620
f 2388 1985 1620
f 2432 2388 1620
f 1621 1787 2194
f 1621 2194 2580
f 1622 1812 2155
f 2709 1812 1622
f 3100 2876 1623
f 2400 1846 1624
f 1625 1819 2332
f 1626 1642 1915
f 2893 2016 1627
f 2704 2140 1627
f 1627 2140 2893
f 2123 1786 1628
f 3020 2123 1628
f 2858 2370 1628
f 1628 2370 3020
f 1628 2606 2858
f 1946 1639 1629
f 1629 1639 2586
f 2586 1922 1629
f 2840 1640 1632
f 2474 1840 1632
f 2640 2490 1633
f 2544 1735 1635
f 1635 1735 2732
f 1635 2081 2544
f 1636 1838 2862
f 3082 1838 1636
f 2113 2020 1636
f 1641 1768 2461
f 1641 2461 2719
f 1643 1710 2351
f 3057 1710 1643
f 1643 2026 2930
f 2351 2131 1643
f 1643 2930 3057
f 2614 2385 1646
f 1647 1968 2654
f 2654 2393 1647
f 1648 1808 1900
f 1648 1900 2469
f 2814 2550 1650
f 2917 2814 1650
f 2920 2917 1650
f 2409 1990 1651
f 2792 1795 1652
f 1652 2466 2792
f 2856 2466 1652
f 1869 1833 1653
f 2441 1915 1653
f 1653 2418 3033
f 3033 2441 1653
f 1654 2185 2442
f 1656 1883 1959
f 1657 1901 2812
f 1658 1723 1909
f 1658 2903 2937
f 3101 2601 1659
f 1662 1694 2059
f 2447 1694 1662
f 2059 1725 1662
f 1664 2284 2753
f 2585 1781 1665
f 3080 2585 1665
f 2490 2381 1666
f 2958 2490 1666
f 1667 2439 2904
f 2867 2634 1671
f 1671 2815 3096
f 1676 1828 3037
f 3037 1930 1676
f 1677 2798 3017
f 1678 1764 1799
f 3013 1764 1678
f 3093 3013 1678
f 3029 2765 1680
f 2757 1875 1681
f 2369 2230 1687
f 3035 2087 1688
f 2471 2013 1689
f 1689 2013 2675
f 1689 2034 3088
f 1689 2051 2471
f 3088 2051 1689
f 1690 1706 1870
f 2326 1858 1691
f 2698 2326 1691
f 1691 2542 2698
f 3031 2542 1691
f 1692 1770 3032
f 3032 2697 1692
f 1693 1906 1986
f 2228 1906 1693
f 2090 2047 1693
f 3007 2228 1693
f 1694 2447 2570
f 1696 1740 2518
f 1698 2741 2821
f 1699 2309 2913
f 1699 2374 2726
f 1700 1711 2402
f 2587 1711 1700
f 1700 2163 2198
f 1700 2198 2587
f 1701 1801 2610
f 1702 1831 1989
f 2205 1831 1702
f 1703 1849 2949
f 1704 1820 3019
f 2186 2008 1704
f 3019 2216 1704
f 2556 1878 1707
f 1708 1978 2526
f 3120 1978 1708
f 1708 2526 2910
f 2861 2351 1710
f 1711 1753 2953
f 2587 1881 1711
f 2953 2402 1711
f 2711 1879 1713
f 1713 1879 2993
f 1714 1852 3071
f 3071 1873 1714
f 3116 2072 1715
f 2476 2340 1719
f 1719 2340 2701
f 2947 2476 1719
f 1720 1784 2555
f 2726 2374 1720
f 3117 2525 1721
f 1721 3115 3117
f 1724 1809 2343
f 2724 1809 1724
f 1724 2438 3011
f 3011 2724 1724
f 1725 2059 2834
f 1726 1814 2178
f 2796 2442 1727
f 1727 2442 2824
f 1727 2663 2918
f 2918 2796 1727
f 1728 2319 2465
f 2511 2393 1729
f 1729 2393 2654
f 2552 2511 1729
f 3028 2552 1729
f 1731 2023 2342
f 2445 2169 1731
f 2963 2445 1731
f 2546 2486 1732
f 1732 2541 2546
f 2106 1766 1734
f 1734 1766 2347
f 1735 2128 2484
f 1735 2484 2732
f 1736 2052 2151
f 2945 2052 1736
f 1736 2151 2896
f 1738 1826 2235
f 1739 2416 2779
f 1740 2362 2683
f 2683 2518 1740
f 2656 1924 1742
f 2291 1867 1743
f 2688 2325 1745
f 3000 2688 1745
f 3046 2093 1747
f 1748 1943 2623
f 2847 1943 1748
f 1749 2111 2655
f 2712 2328 1751
f 2901 2712 1751
f 1752 1786 2123
f 1752 2123 2274
f 1753 2911 2953
f 1754 1805 2144
f 1756 1874 2717
f 2927 2507 1757
f 1759 2324 2353
f 2610 2324 1759
f 2621 2610 1759
f 1760 2066 2399
f 2399 2191 1760
f 1761 1910 1931
f 2667 1910 1761
f 1761 2286 2667
f 2605 2517 1763
f 3013 1799 1764
f 2143 1880 1766
f 1766 1880 2347
f 1766 2106 2143
f 2531 2461 1768
f 1768 2464 2816
f 2816 2531 1768
f 1769 1835 2000
f 1769 2000 2096
f 2225 2221 1772
f 1774 2021 2898
f 2898 2648 1774
f 1775 1887 2413
f 2950 2470 1776
f 1779 2371 3042
f 1780 2627 2775
f 1780 2775 2890
f 2779 2416 1783
f 1785 2326 2698
f 2722 2326 1785
f 2698 2389 1785
f 2527 2194 1787
f 1787 2455 2527
f 1788 1985 2485
f 2701 2340 1789
f 2099 1933 1790
f 2290 2099 1790
f 1791 2202 2872
f 1793 2371 2590
f 2607 2501 1794
f 1796 2296 2633
f 2981 2236 1797
f 1797 2895 2972
f 3059 2981 1797
f 1798 1812 2709
f 2666 2022 1798
f 2709 2666 1798
f 1801 2324 2610
f 2984 2324 1801
f 2872 2403 1801
f 1801 2403 2984
f 2282 2068 1804
f 2975 2144 1805
f 1806 2618 2846
f 2875 2618 1806
f 1807 1837 3049
f 1807 1933 2397
f 1944 1900 1808
f 2693 1944 1808
f 2699 2343 1809
f 1809 2724 2772
f 3068 2537 1811
f 2721 2155 1812
f 2398 2178 1814
f 2571 2398 1814
f 1815 2866 2961
f 2937 2903 1815
f 2132 1916 1817
f 1817 1916 2690
f 2268 1892 1818
f 3014 2268 1818
f 1819 1943 2847
f 2208 1919 1821
f 2804 1912 1823
f 1823 2015 2804
f 1824 1829 2622
f 1824 2388 2432
f 2622 2388 1824
f 3010 2318 1825
f 2828 2040 1827
f 1828 2155 2721
f 1828 2721 3037
f 1829 2168 2622
f 2574 2477 1830
f 1831 2205 2494
f 2494 2358 1831
f 1832 2612 3105
f 3105 3041 1832
f 1833 1869 2659
f 3040 2952 1834
f 1836 2283 2558
f 1837 2010 2423
f 1837 2423 3038
f 1837 3038 3049
f 1838 2687 2862
f 3082 2933 1838
f 2474 2356 1840
f 1840 2356 2538
f 2535 2420 1841
f 1842 1880 2146
f 2347 1880 1842
f 2896 2392 1844
f 1846 2400 3027
f 1850 2308 2486
f 2727 2308 1850
f 1850 2486 2707
f 1850 2707 3036
f 1851 2300 2468
f 1853 1936 2562
f 1854 1901 2749
f 2812 1901 1854
f 1854 2375 2711
f 2749 2375 1854
f 2966 2285 1855
f 1857 2015 2667
f 2804 2015 1857
f 2667 2286 1857
f 1860 2688 3000
f 3051 2279 1861
f 1863 2279 3051
f 2851 2481 1863
f 2789 1956 1874
f 1876 2002 2135
f 2651 2002 1876
f 1876 2515 2651
f 1877 2055 2365
f 2983 2055 1877
f 2599 2244 1877
f 1877 2244 2983
f 1877 2365 2599
f 1878 2008 2186
f 2556 2265 1878
f 1880 2143 2745
f 2745 2146 1880
f 2952 2689 1884
f 1887 2074 2413
f 1890 1947 2941
f 1890 2428 2937
f 1894 2703 2795
f 1894 2744 2781
f 2795 2744 1894
f 2264 2089 1895
f 2760 2264 1895
f 1899 2174 2769
f 1900 1944 2793
f 1900 1977 2563
f 2793 1977 1900
f 1901 2600 2749
f 2700 2204 1903
f 1903 2204 2728
f 2728 2349 1903
f 1903 2349 2955
f 2955 2700 1903
f 2801 2139 1904
f 1904 2139 2944
f 1904 2524 2801
f 2833 2524 1904
f 2407 2406 1905
f 2667 2015 1910
f 2859 2092 1911
f 1912 1984 2857
f 2366 2043 1914
f 1914 2069 2505
f 2505 2440 1914
f 2993 2764 1917
f 1918 2168 2584
f 2622 2168 1918
f 2661 2409 1918
f 1919 2356 2474
f 3090 3045 1920
f 3006 1950 1921
f 1921 1964 3006
f 2534 1951 1922
f 2586 2534 1922
f 1923 2942 2968
f 1923 2968 3106
f 2422 2242 1924
f 2656 2422 1924
f 1926 1961 2670
f 1926 2221 2225
f 2934 2454 1927
f 3063 2934 1927
f 2816 1981 1928
f 1928 2167 2239
f 1928 2531 2816
f 1933 2099 2566
f 2566 2397 1933
f 1934 2481 2851
f 1934 2851 2865
f 1937 2440 2505
f 2138 1958 1938
f 1939 2751 2794
f 3034 2751 1939
f 2953 2788 1942
f 1951 2534 2582
f 1953 2662 2736
f 1953 2736 2741
f 1954 2419 2549
f 1956 2100 2323
f 2718 2100 1956
f 1956 2323 3021
f 2789 2718 1956
f 1957 2192 2883
f 2889 2192 1957
f 1957 2602 2889
f 1961 2267 2670
f 1962 2467 2567
f 1964 2297 3006
f 1971 2088 2510
f 1974 2030 2721
f 2049 2011 1976
f 3098 2120 1976
f 1976 2224 3098
f 3113 2526 1978
f 1978 2999 3117
f 3118 2999 1978
f 3117 3113 1978
f 2464 1996 1981
f 2816 2464 1981
f 2473 2142 1983
f 2830 2485 1985
f 2409 2398 1990
f 1990 2398 2571
f 1991 2228 3007
f 1993 2038 2949
f 1995 2182 2955
f 1997 2169 2445
f 1998 2764 2993
f 1999 2191 2399
f 1999 2399 2452
f 1999 2452 2480
f 3024 2394 2000
f 2003 2054 2729
f 2004 2145 2692
f 2999 2240 2005
f 2005 2525 2999
f 2009 2426 3058
f 3058 2888 2009
f 2815 2423 2010
f 3095 2547 2010
f 2534 2044 2012
f 2012 2219 2307
f 2012 2307 2582
f 2582 2534 2012
f 2014 2172 2859
f 3083 2172 2014
f 2014 2596 3083
f 2019 2450 2838
f 2022 2204 2700
f 2700 2336 2022
f 2023 2156 2342
f 2024 2354 3061
f 3061 2557 2024
f 2028 2591 2734
f 3075 2591 2028
f 2032 2501 2607
f 2932 2065 2033
f 2034 2304 2942
f 2034 2942 3088
f 2616 2328 2036
f 2036 2328 2712
f 2890 2263 2038
f 2038 2263 2949
f 2465 2450 2040
f 2828 2720 2040
f 3092 2346 2041
f 2044 2534 2586
f 2818 2761 2044
f 2045 2064 2294
f 2544 2081 2045
f 2045 2294 2544
f 2048 2226 2837
f 2049 2240 3118
f 2050 2057 3003
f 3026 2058 2053
f 2053 2152 3026
f 2832 2365 2055
f 2551 2127 2056
f 2056 2218 2580
f 2860 2551 2056
f 2057 2115 2924
f 2057 2924 3003
f 2062 2825 2871
f 2484 2128 2063
f 2503 2270 2063
f 2066 2108 2452
f 2452 2399 2066
f 2071 2229 2449
f 2678 2229 2071
f 2071 2449 2967
f 2071 2488 2678
f 2074 2879 2987
f 2805 2512 2077
f 2341 2217 2080
f 2080 2268 2341
f 2131 2110 2086
f 2087 2517 2605
f 3035 2517 2087
f 3009 2886 2088
f 2089 2264 3102
f 3102 2598 2089
f 2091 2201 2730
f 2092 2288 2853
f 2859 2288 2092
f 2853 2702 2092
f 2092 2702 3112
f 2101 2597 2836
f 2275 2183 2103
f 2507 2275 2103
f 2528 2507 2103
f 2581 2363 2104
f 2357 2143 2106
f 2583 2357 2106
f 2643 2583 2106
f 2107 2601 3101
f 3042 2992 2109
f 2110 2131 2351
f 2111 2197 2619
f 2662 2655 2111
f 2748 2512 2116
f 2116 2512 2805
f 2660 2345 2118
f 2118 2345 2792
f 3065 2238 2119
f 2121 2242 2877
f 2122 2363 2394
f 2125 2295 2298
f 2881 2295 2125
f 2988 2881 2125
f 2127 2551 2630
f 2918 2663 2132
f 2137 2210 2573
f 2140 2704 3039
f 2142 2473 2756
f 2291 2148 2145
f 2148 2291 2912
f 2149 2383 2548
f 2151 2392 2896
f 2152 2581 3026
f 2936 2885 2154
f 2156 2206 2342
f 2589 2206 2156
f 2946 2589 2156
f 3003 2924 2160
f 2161 2320 2542
f 2239 2167 2166
f 2172 2288 2859
f 2174 2214 2769
f 2175 2397 2566
f 2176 2376 2746
f 2178 2398 2661
f 3012 2747 2180
f 2182 2336 2700
f 2182 2700 2955
f 2185 2227 2472
f 2730 2201 2189
f 2919 2227 2190
f 2192 2509 2883
f 3021 2872 2202
f 2203 2674 2695
f 2203 2695 3081
f 2885 2494 2205
f 2752 2573 2210
f 2985 2750 2214
f 3053 2785 2216
f 2216 3019 3053
f 2635 2560 2220
f 2222 2765 3029
f 2785 2467 2229
f 2229 2678 2785
f 3065 2416 2238
f 2240 2999 3118
f 2425 2391 2241
f 2422 2247 2242
f 2242 2247 2877
f 2599 2316 2244
f 2247 2422 2594
f 2248 2626 2926
f 2249 2414 2565
f 2979 2652 2252
f 2970 2377 2255
f 2258 2412 2772
f 2772 2724 2258
f 2259 2331 2954
f 2710 2289 2262
f 2890 2775 2263
f 2760 2313 2264
f 2265 2556 2737
f 3014 2341 2268
f 2270 2503 2561
f 2270 2561 2831
f 2275 2507 2927
f 2604 2302 2277
f 2925 2462 2278
f 2284 2476 2753
f 2966 2658 2285
f 2288 2312 2853
f 2657 2633 2296
f 2297 2435 2608
f 2297 2608 3006
f 2299 2384 2906
f 3002 2384 2299
f 2906 2643 2299
f 2301 2989 3108
f 2302 2604 2668
f 2304 2553 2942
f 2307 2410 2582
f 3090 2410 2307
f 2990 2940 2309
f 2316 2599 2723
f 2317 2810 2950
f 2838 2465 2319
f 2322 2573 3085
f 2323 2984 3021
f 2328 2616 2823
f 2795 2766 2329
f 2344 2373 2827
f 3092 2405 2346
f 2353 2489 3076
f 2358 2494 2844
f 2687 2628 2361
f 2862 2687 2361
f 2362 2516 2683
f 2581 2394 2363
f 3041 2997 2368
f 2372 2425 2616
f 2758 2425 2372
f 2372 2616 3049
f 3038 2758 2372
f 3049 3038 2372
f 2970 2845 2377
f 2739 2498 2380
f 2381 2490 2640
f 2550 2430 2383
f 2673 2548 2383
f 2741 2736 2384
f 2384 2736 2906
f 3002 2741 2384
f 2492 2487 2386
f 2698 2469 2389
f 2391 2425 2758
f 2758 2511 2391
f 2398 2409 2661
f 2902 2508 2401
f 2403 2872 3021
f 3021 2984 2403
f 3092 2835 2405
f 2406 2407 2752
f 2811 2652 2412
f 2776 2549 2419
f 2871 2776 2419
f 2899 2594 2422
f 2422 2656 2899
f 2823 2616 2425
f 2430 2550 2814
f 2630 2551 2433
f 2433 2551 2860
f 2796 2664 2442
f 2443 2594 3045
f 2447 2526 3113
f 3084 2570 2447
f 3115 3084 2447
f 2447 3113 3119
f 3119 3115 2447
f 2450 2465 2838
f 3048 2527 2455
f 2461 2531 2710
f 3053 2567 2467
f 2467 2785 3053
f 2473 2611 2756
f 2947 2753 2476
f 2488 2646 2678
f 2878 2835 2496
f 2496 2835 3092
f 2509 2588 2883
f 2511 2758 2826
f 2884 2683 2516
f 2518 2683 2998
f 2833 2645 2524
f 3117 2999 2525
f 2528 2562 3081
f 3081 2695 2528
f 2536 2708 2996
f 2536 2996 3058
f 2549 2776 2849
f 2971 2942 2553
f 2568 2718 2789
f 2570 3084 3115
f 2573 2752 3085
f 2577 2633 2882
f 3069 2786 2578
f 2578 2837 3069
f 2594 2899 3045
f 2894 2840 2596
f 3102 2694 2598
f 2915 2723 2599
f 2612 3104 3105
f 2620 2629 2891
f 2628 2687 3015
f 3015 2956 2628
f 2643 2906 2928
f 2742 2678 2646
f 2664 2796 2918
f 2709 2676 2666
f 2672 2968 2971
f 2679 2822 2916
f 2689 2952 3040
f 2892 2819 2715
f 2715 2819 2978
f 2722 2808 3008
f 3002 2821 2741
f 3012 2843 2747
f 2766 2795 2880
f 2911 2836 2788
f 2953 2911 2788
f 2865 2851 2817
f 2960 2865 2817
f 3030 2916 2822
f 2845 2970 3008
f 2848 2863 2909
f 2869 3041 3105
f 2971 2968 2942
f 3086 3113 3117
f 3119 3113 3086
f 3086 3117 3119
f 3119 3117 3115
