v -0.26475309812365144 -1.5697487515073412 0.3400501088656557
v -0.6202821954512734 -0.978585876160397 -0.88846017518487
v 0.18066901894353815 1.326323179962527 -0.08846404312621878
v -0.20024902258673494 -1.4857738487240222 -0.7037321378878414
v 0.39670344560377613 -0.12482008076818976 0.6235951846904183
v -0.05028998238942542 0.3893083090452236 0.8943597505800596
v 0.9038308030019518 1.13525283471608 -0.3373080116043321
v 0.9355787924637975 0.7505111048627129 0.09910962474512704
v 0.13739766041936124 -0.030625150144675997 0.7997122024085848
v -0.91558156530845 0.5630379568208345 -0.3022401230048102
v 0.9104576068292332 0.3095706520120954 -0.015554210385144207
v -0.2088557042848524 -1.3353518837134424 -0.8133009977244021
v 0.1943299651165194 -1.5998217815652058 -0.056607222762505585
v 0.47894317689507904 -1.5385902531668638 -0.07988803369991512
v -0.720380924185746 -0.5125625108354135 -0.36185546452501216
v -0.2575050944184085 -1.1608045262233055 -0.9088706142723878
v -0.5595234000832835 0.8756222075240448 0.23897503066287645
v 0.921828324716511 1.0805990882537722 -0.32195652036734923
v -0.4626413058917697 -0.5669636237297526 -0.047026130206502786
v 0.4973634692347767 -0.24437671907764397 -0.13221181995996453
v 0.31997831238865804 -0.7049417060286597 -0.26511667395137206
v -0.25375634010605363 1.1915389295414258 0.2484209003434547
v 0.4338596398985875 0.2632837561863822 0.8342146885607852
v -0.7371850680356288 0.8720877944252976 -0.47582324254323294
v 0.032477549984691406 -1.0098172163478918 0.4873672837186702
v -0.45362133548483163 0.3260694743177087 -0.6503780473684537
v 0.3762517390666965 0.6513846564340784 -0.7831376591315663
v -0.6882972096260933 -0.9462790870431598 0.1587991708978898
v 0.5735519336639658 0.709067472082546 -0.6529174542728599
v 0.61798922240032 0.705609106255968 -0.6173107855295243
v -0.05430588105666441 1.2953709420932082 -0.11661209061824558
v -0.06015637697811953 0.10355744005597724 -0.7325598506770694
v 0.4505048944705761 0.652698266533199 0.6296428622441284
v 0.3962393499465881 -1.1925078316746487 -0.0976122113450746
v 0.9676635435082298 0.9074409466691857 0.07540291453407731
v -0.7215619410097164 -0.5029150832535104 -0.43860247908547934
v -0.9347711980729547 1.1402690755548592 -0.17476537438588008
v 0.4653694489968926 0.4411506481251064 -0.7570053058177628
v -0.5912983189552384 0.7184437437295842 -0.5602972703304611
v 0.5590496497623141 -0.7703867561922352 0.23104246714897259
v 0.27311179124114643 -1.2395683290292634 0.21065809373424765
v -0.47511419098311114 0.8213701948846805 -0.5728531317866655
v 0.48537473770052675 -0.31627682370167337 -0.0056374311196595445
v 0.8880105519262723 0.3768342914982895 -0.21784018468516736
v 0.3420438065335544 0.4305133967727608 0.792375214565589
v -0.1740830794884044 1.0783511063199227 -0.5660191269742589
v -0.9141468592375689 -0.798623960569478 -0.20385218917586834
v 0.868122539556044 0.9512003743596217 0.0798936959778782
v 0.307814510897453 1.267730541813279 -0.31533203903374096
v -0.25989985411356004 0.9849278770032143 0.5564250591643474
v -0.018716256729706046 1.2611987490908028 -0.3188531889661406
v -0.8444110116101851 -0.7501617519094691 -0.0685286403685635
v 0.18504789841945757 -1.4590641541937681 -0.4840147736987589
v 0.256274364713338 0.4629554855420729 0.8465213522041242
v -0.7193865705929329 -0.890433152754256 -0.870005371740841
v 0.10580545078107072 0.6123889895677538 -0.8536737881738472
v 0.859463381017414 0.8768953179401071 0.13349581346621353
v -0.4710805952979671 -1.5942870296183047 -0.3727124698448149
v 0.07676076717796063 0.8492003294617809 -0.7909792231206458
v 0.4954956660792853 -0.2590678735391506 0.24487433733978997
v 0.5295789709147509 0.40420685643348137 0.6494870543411708
v 0.14442671631197568 -0.32890905873081105 -0.23251690513640866
v -0.672712643672818 -1.5099810467245247 -0.5166152335035754
v 0.07192548890405052 -0.021058338045637837 -0.6745085838835841
v 0.2677075979881613 -1.1091613649685865 0.3408638453885262
v 0.38261500704166 0.22040543652949673 -0.7578233034447276
v -0.586548128404076 0.8426863489221852 0.19384602269521656
v 0.06739921745362652 -1.5531815979829187 0.44918076597035805
v -0.4923158843284933 -1.2481162957840277 -0.8521231877492664
v -0.012388939421267772 -1.547721914405895 -0.654909270912825
v -0.26521579260697065 -0.5170232342206033 -0.5065630202268777
v 0.45574693543802736 -0.488701210838889 -0.0669339893408459
v -0.1610572105729351 1.1805434767268839 0.3863250659222397
v -0.44343798768934045 0.1722063222560662 0.4639915960355938
v -0.3054476787088655 -0.6715799097648347 -0.8436995799739025
v -0.19785673893855715 0.10355594291129543 -0.685227640756875
v -0.39364172714705603 -0.5535112989099281 -0.7366058265970821
v -0.5907823606707407 -0.6707011050307947 0.052723245574726144
v 1.0242513129869537 1.04267219074861 -0.13958967217510768
v -1.0449917765059904 0.8440016673017761 -0.1190011112587836
v -0.6152929416050914 0.12894709444264418 -0.08509798202752104
v 0.20770731753727956 -1.0766271250246948 -0.3714542924872452
v 0.051809968124680014 -0.9124146916319975 -0.7196056527646996
v -0.05441661218062809 -1.138981089662792 -0.8318096791828122
v 0.712651262164548 0.9297408783159181 0.3705512071375327
v 0.03479221243936789 1.1825085175100405 0.46723009272973914
v 0.16510443411351583 -0.5751865181469455 0.5397489403789191
v -0.48328716138341565 -0.04187657631147645 0.13280624398111746
v -0.901329995558508 0.7052713081886015 -0.053032233204049706
v -0.1854426455672193 -0.05793932643727858 0.6785006242067276
v 0.3574593103027645 -0.016792032333290463 -0.6338495124991558
v -0.4735923626082482 -0.5325836155290191 -0.7138191693754716
v -0.636127667656592 0.6268027307973925 0.25407534708824747
v 0.27029562370640003 1.323680066997664 -0.09926811094560692
v 0.21950191931112606 -1.1875272727841186 -0.35095477329116165
v -0.6024555017837373 -0.14609609981172533 -0.6570929524020087
v -0.5198028848610281 0.09495062399872163 0.33226541718032104
v -0.6106238080025332 -0.5710799654498088 -0.8285091277610236
v 0.18989283135714885 1.0141869018199319 -0.6789986359492067
v -0.6006787749297207 0.19509954546835895 0.20632028976626426
v 0.2691798286468998 1.033290199241121 -0.64043827349619
v -0.4566272181225867 0.975381141998242 0.3404163334878132
v 0.8973915837256321 1.5969613906798592 -0.06494167365265341
v -0.6651303736261246 0.19004574165339722 -0.17432947495353213
v -0.23140922920768264 -0.8868731346426181 -0.926951534623387
v -0.6568068634086514 -1.5683214159948935 -0.41105186909813163
v -0.3218771716992151 -1.5967140547007648 -0.15886329859509266
v -1.0333109001454712 0.7798498046483288 -0.10397935654088065
v -0.7016841015456592 -1.5251341470970097 -0.37594672462902856
v -0.060054072091531484 -1.5959152704305495 0.0819558592237243
v -0.41494482915400166 1.077652784296687 -0.33026340844002233
v 0.19844772720460696 0.165321606466105 -0.7864754088404484
v 0.34263525545950635 1.3245248404814376 0.014616959426027018
v 0.2760429126156256 -0.08193477443612267 0.7432201734128444
v 0.19762483506618245 0.5434040367749313 0.7981631950994987
v -0.21554607917862145 1.106579231858262 -0.49339319509200685
v 0.5337117812263066 -0.8806978926843556 -0.019885622696986238
v 0.3973376207356465 -1.3414924034315852 -0.013597211956111577
v -0.36485115506243354 0.6734205339861032 0.6050250051350797
v -1.0104111509178988 0.7050002866128748 -0.08144965157382071
v -0.647807392367356 1.063463326856876 -0.31397704632008305
v 0.8307121377719321 0.0761841073542819 0.19473521147121609
v -0.3312982425217311 -0.5541776818466193 -0.7142681976150289
v 0.4605201781784566 -0.31859714843431297 -0.07518563661359395
v -0.8018309308515745 -0.2681377871571397 -0.549438556730188
v -0.6640496846899958 -0.5588428614516844 -0.8575074766556489
v 0.5369226383263268 0.688830989690553 -0.6881587813255168
v 0.26920027043005484 0.18751802399400647 0.8955642226707112
v -0.5051981617136502 -0.6013310597539917 -0.8249081301122625
v -0.14871791685319832 0.9249845648268905 -0.7125958102288346
v -0.8945486403340772 -1.1315263840206513 -0.4061655919342282
v -0.6039948352348796 0.9173161513785073 -0.4670956376208181
v 0.660429895956062 0.8627007740472107 -0.5079962483472397
v -0.2462751465195428 -0.5136493419035701 -0.36669840126979447
v 0.8637952539891581 0.5768338571509641 -0.2856406848989164
v 0.7503001322246392 0.844368390972161 0.4017909351740778
v -0.014726519706072964 -0.029052495627282952 -0.6451533963123062
v 0.19393408551316516 0.33309476815445616 0.92122768178668
v -0.37086063623259574 -1.170407193018056 0.22050222309434103
v -0.3957803791308108 0.5712823487001247 -0.7007578104533791
v -0.7367511839903524 0.3606691213209238 0.07064176411607771
v 0.6587093312217747 0.6619906213014074 0.5424644729192224
v -0.5722791687428302 0.13868016637800984 0.2241800357817748
v 0.05337811201386514 1.2860210048372391 0.2586008123838428
v -0.2624626970904848 1.0935678161472204 -0.47294306247625933
v 0.011512495569225796 0.2714586843912705 -0.8254182725654965
v -0.5748512441119593 0.019950700505237007 -0.6576001581483669
v 0.5703067574012403 -0.7528669387961382 0.13561991627472747
v 0.7380811667101596 1.5339874545902057 -0.1607772829057681
v 0.8634663236249068 0.1304735869990158 -0.020980515313429385
v -0.4558620428310609 -0.5212217461506938 -0.13289125492721474
v -0.6998572011506403 0.35959860529096604 -0.6244817630603061
v -0.614673776308364 -0.852656603124637 0.16032096088442765
v -0.8427606399284778 -0.9822085440187187 -0.7002301245355408
v 0.04491385100214228 1.0471029136576768 0.6163761065881938
v -0.19112964561175944 -0.8054302106227841 0.3097467872450738
v 0.546718782279953 -0.2120872239008974 -0.11645742405612054
v 0.25783208617223846 0.9594169155089983 -0.6983868515198354
v -0.5641883685525602 -1.4976056295907996 0.24926584657469153
v 0.23635076636567365 1.2242742859209028 0.4052784953219505
v -0.7327173387810947 -0.5864320708999944 -0.9158082099802758
v 0.7515561982243243 1.118452184203788 0.0145109692602223
v -0.19732235425797595 0.19790465716545524 -0.7414823339322287
v 0.7153927068243435 0.208489681201402 0.5955642023960088
v 0.43037271315808023 0.9010096161936892 -0.6597759892250525
v -0.2960390265095432 -0.10098183296093217 0.5202346191600946
v 0.6755858370646098 1.017355723703887 0.27535326635387913
v -0.046041277724170215 0.7977905116416307 -0.7997254079924446
v -0.7852547944590612 0.9955091773716193 -0.39137078899475247
v -0.542461152329095 -1.0614131791568095 -0.8977067518753087
v 0.17663185314415292 -1.5745806899969612 -0.4905273530644857
v 0.44572339824023444 -0.5110350009884248 0.36258098467663336
v 0.36521181337744085 1.2939822828183731 -0.23620963168817244
v 0.9140654184057126 1.453923535181426 -0.218436201821815
v -0.905164087117724 -0.9528737982305957 -0.5850436515521915
v -0.6140442653580022 0.14309741498494039 0.01951373579686548
v 0.8132785405541754 1.1818748222322346 -0.38420067520128703
v 0.7231046526334739 1.553419452045695 -0.09229396955215353
v -0.5732027726523482 0.07298252103479107 -0.08886095921435277
v 0.2788714219969153 0.37895234814558865 0.8831008194956877
v 0.3913328997178058 1.3328792341065132 -0.00385651993819891
v 0.40881373376968894 -0.7369144975227229 0.48632006940209294
v 0.42872094030250407 -1.500355481293808 -0.03294458234875533
v -0.33127323252788043 0.0024737052858713193 0.5759083626164313
v -0.29342284295478954 -0.18254992211499516 -0.1094168132776288
v 0.30064380208494745 0.4939964964133562 -0.8282886636095507
v 0.7170449595339844 1.2518007496517163 -0.39089346855954205
v -0.688304426631226 0.24540427857173236 -0.6686327516675145
v -0.3790975040001519 1.1116260298038794 0.22793698600155426
v 0.26964369397413684 0.30096882643711237 0.9065025920457197
v 0.11593655206600044 0.559848712347887 0.8150812946926598
v 0.1144220942495708 -1.0019383389067436 -0.5418990704719009
v 0.33088654692840513 1.0573133060282527 0.5847578504712728
v 0.2525170306103068 0.4322521383790181 0.873688981065376
v 0.9411540440937568 1.4621647792180519 0.00637573458356365
v 0.896464140983597 1.3628495178120503 0.0032113849394913713
v 0.47672849683331764 -0.6437330570721213 0.388141255974535
v -0.37643504331940125 0.947003493933351 -0.5579735674252062
v 0.8579877529918977 1.2244202767215386 -0.35446246811558796
v -0.04851271809885629 -0.40647240102609805 -0.0637894288784007
v -0.21340124667451366 -1.0520990198199025 0.29683690865411694
v 0.4474667848338378 -0.9640924599618604 -0.14800443144151898
v -0.7346571008521243 -0.19430707607763462 -0.8200733892749048
v 0.7610779424296085 0.7131087070443997 0.462818256876658
v 0.11361682235240102 1.1029062177114748 -0.6125334160441388
v -0.33488685993562367 -1.5976457777410569 -0.5532213422928095
v -0.5328665470826309 0.04923792154679486 0.2088797929588989
v 0.7993683581800035 0.7029246106765675 0.4148850585317061
v 0.9803555299655003 1.3870902288204292 -0.002784295627770869
v -0.1062662450422939 -1.539844361361965 0.48063700416088306
v 0.24749737321058718 -1.3482614743919605 0.18395569298577658
v 0.4470567591326569 -0.4278449283191204 0.31324895415067505
v -0.4862916620414644 0.5407655496032516 0.5080283985695727
v -0.06359904197970148 -0.9543205774297441 0.4555498689707479
v -0.8827875131797822 1.1538341084973938 -0.14708305405486122
v 0.7880628620571959 0.18692688217465592 -0.3791129169127092
v 0.8169959316048633 1.386330235952802 0.01508786901093341
v -0.8891305313132166 -1.1713501254492988 -0.3570688818415849
v 0.7100812981533035 0.17254525277902522 -0.48890813350865686
v -0.9783847501277305 1.010790187643583 -0.07281652031965852
v 0.2622465516255939 1.206681146823724 0.4309680393048747
v -0.4990043014176785 0.9897189703148493 0.21537202651228354
v 0.584078626639811 0.9225118960257987 -0.5412380043182463
v 0.4796999067550667 -0.5697257980851421 0.34302602941561255
v 0.8044368839176693 1.0926795678851877 0.01342195005753076
v 0.44552326070694115 1.1613339971982641 -0.44378309873265254
v 0.5582133984867291 0.49846691285065237 -0.7040159235816883
v -0.8024327062369982 -0.4211617512363215 -0.5671046528393596
v -0.5693002539035098 -1.1343455842330863 -0.8630783712107011
v 0.738383417188415 0.5218041546260673 0.5168905353775588
v 0.2010122592678394 1.1028275024507062 0.5683183189338903
v -0.6120037147392289 -0.08133167465348046 -0.6989869762072767
v 0.8477313138252757 0.5193180499111649 0.3785349806772183
v 0.7182102563387961 1.1303780932438912 -0.4250205168915431
v -0.6074999388473566 -0.720014593995694 0.08886124712679151
v 0.36367848769918826 0.3177680949696981 0.8659872657449045
v -0.6236155305027605 -0.477677888100271 -0.5270636910727164
v -0.40642814888425405 1.1238698709530717 -0.20050315329938517
v -0.9269977541668961 -0.6155058528535862 -0.5226113171482519
v 0.9106013135245211 0.5895210258734255 -0.05204166086126624
v -0.9838336273912179 0.8962843012772393 -0.3073901663509825
v 0.7098751336529577 -0.0787909049635306 -0.10563897980895483
v -0.30753172330006073 -1.58982908938669 0.18728125440141602
v -0.4900166731746993 0.7281703856204833 0.49457664957462577
v 0.9517261888466079 1.5448537498847006 -0.027282534715578163
v 0.8316591969481311 0.06333263660007692 0.1028832163038693
v 0.040996284029835836 -0.7416655518112018 -0.5408421631032172
v -0.8037482741407027 0.7112123045866539 -0.06272219505024526
v -0.20668359687570864 0.897021645033014 0.6439830322485715
v -0.09597216612283904 -0.5600357018798084 -0.2662485345249575
v 0.1518270448915081 -0.6841970197938539 0.5621095063852635
v -0.6329164650616451 -1.4680744315485998 0.11439877334202776
v -0.7522437139340237 0.524391163053689 -0.5030827346666255
v -0.729664468833327 -1.4597019570223675 -0.4501836609655223
v -0.41949756935463295 -0.004937180083083845 0.4444563531795497
v -0.6760487810720428 -0.11984456994241993 -0.4789251151880849
v -0.18081285999796431 -0.24016135467280214 0.36768131514170566
v 0.13065772619779292 -1.104860836064347 -0.43986800780731977
v -0.4425031743888719 0.4545512638709218 -0.6757952069901075
v 0.4237911499720162 -0.4866651132658359 -0.11249077761007947
v -0.7973080567679284 -1.2409445312925798 0.036807158045250324
v -0.3720397528344701 1.155918229865239 -0.12390712002182636
v -0.5736866382970006 -1.412841789142672 -0.7168749568359525
v 0.29466330410029146 1.1293742961230853 -0.5377563367782878
v -0.18711651090393294 -1.5834280664939182 0.3964548620041135
v 0.1052945213671707 0.700676072112003 -0.8392140001481627
v 0.03585257475731722 0.22847354921958912 -0.8142040638799519
v 0.8712300936730217 1.4971083088381731 -0.20655085004725784
v -0.08783892763908943 -1.3883641453913205 0.45019057086405345
v -0.06574694554982319 0.4356905614706683 0.8724696334987196
v 0.2675598029362424 -0.4640205120415309 -0.19573006411225652
v 0.19784217056915365 -0.3178208981109746 -0.24525524549632655
v 0.35033944682695156 1.2675142044067624 -0.3104381033989653
v 0.7860186453533684 0.05093645138243265 -0.21218197588450757
v 0.29578946400758854 0.7729641675385635 0.711322661424447
v -0.7457878917070663 0.9428250399031638 -0.06289446265946247
v 0.3757285061945783 -1.5705161917100523 -0.022694170149185608
v -0.07068057471282845 1.2774841323084503 -0.19436251841626684
v -0.5916870775242731 -1.5927916316053239 -0.38125193358555315
v -0.07645602145856889 -1.5878964291558177 -0.6121741780971628
v 0.07614532554877507 -1.4721725772025236 -0.6243832586179103
v 0.15810589693941451 -1.5873330804838928 0.19032969049762616
v -0.9409221210272197 -0.8760337687582326 -0.4541158538897199
v 0.5158010939032904 1.1550447419142358 0.3243585546501211
v -0.2721601446600892 -1.475675569457116 0.3643956583900843
v 0.4824759201016813 0.05775753852341829 0.7451709145448736
v 0.32871683878958474 -0.42955787297086095 0.4415956935759269
v -0.030011157674765768 0.7085003613547542 -0.8280113463484956
v -0.20130642900364593 -0.26727852208061303 0.053742129307325234
v 0.2027478146431072 1.097692833628766 -0.6035484174014341
v 0.37187502853114945 -0.6944356275834328 -0.2290420899124937
v -0.4302465115390716 -0.07629846617497449 -0.10814042065976417
v 0.6194659252989412 -0.09217541680693567 -0.3095847501245154
v -0.5563377065304146 0.127308239258489 0.26553646948130954
v 0.5126694703064287 -0.21560376723427627 -0.177170940394568
v -0.9146456195523888 -0.6982988366872932 -0.7926855457862938
v 0.32194106906646675 1.160096242429687 0.4797481800739727
v -0.6417847823899844 -0.20722302002396892 -0.5705529225364171
v -0.13230992132494607 -0.5550314957809712 -0.32896381007959014
v 0.6198841852958719 0.5704229300702973 -0.6507181103470053
v -0.9485828760047308 1.1184597275096846 -0.1004155955675381
v -0.8250970198662799 0.5819538040502001 -0.4518541097412955
v -0.028312647033290582 0.019316467790878894 -0.6827076775391693
v -0.6807830212740956 -0.07727642795293838 -0.7448306020422085
v -0.9891684529406141 -0.5099562314685546 -0.6962757815477179
v -0.7750128276910297 1.0664202643800347 -0.3246247776852011
v -0.6846789564251666 -1.4475172530881053 0.028613285201888758
v 0.5281939777249698 -1.5673471394961462 -0.18110566694822705
v -0.8883314015480746 -0.814949363616119 -0.1012414244128384
v -1.0160950607022625 0.9079482291921942 -0.07801566233372803
v -0.9462029917855841 -0.7204922407316685 -0.7005751012197147
v -0.16599118523086692 -1.5899509339307916 -0.3366599974812366
v 0.08032506558785561 -0.302317696212905 0.4364725220573762
v 0.11838039123488657 0.5172217978325645 -0.8607336123090884
v 0.20182501688841803 -0.8313718507371243 -0.3913991579670558
v -0.13051332851265193 -0.7635259947171824 -0.8250360400117414
v -0.07418402762732304 -0.010253310518120354 -0.6418374511721228
v -0.2932348745205762 0.6319226776966284 0.6463190386120445
v 0.09528303810348239 -1.0347067284400326 -0.659984207500795
v 0.05384462613553914 -0.6674511686157475 -0.42276163267334405
v 0.0488562552208361 -0.3038056852791274 -0.23547380427124198
v 0.7121292769129979 0.6815469201538094 -0.530302782785902
v -0.48138333078474865 -0.6706171305694771 -0.8786888492834687
v 0.37440860041012924 -1.2827812413283632 0.0237928440156583
v -0.4189877340080004 -1.5874619117031759 -0.16649126994290536
v 0.4845709821422013 -0.7111762195609905 -0.12780587671479765
v -0.7153466024458099 0.004531473068485045 -0.6732525754663868
v 0.42337027956897383 0.6072160475856154 -0.7703335595706257
v -0.5712488836776545 0.8907052875914128 0.1669915849848948
v -0.43272294239603026 0.9314240144331613 0.4394306688127778
v 0.1262265810171495 0.7446305700768092 -0.8257983937613669
v -0.33109870000747793 -1.5914376369881207 0.03403676858827363
v -0.04565092603964093 0.37494754370432487 -0.8380915639084074
v -0.6166043251813518 -1.5085564559773268 -0.605789182330151
v -0.44069938376560774 -1.5404036984539093 -0.7015151737207321
v 0.844834319671876 0.13573731737019012 -0.17116911769527793
v -0.6538617111013212 0.26469345226341273 -0.664742593959382
v -0.29114854582403327 -0.9267069913949488 0.23917787457309453
v 0.11938044549398795 -1.0220571802762415 -0.45374191321420243
v 0.3711734243061114 -0.38397288847678723 -0.1496374132119226
v -0.7275534372495347 -1.4082117732434658 -0.010344799494090715
v -0.2612077251580671 0.28071124966043637 -0.7463426413941521
v -0.6836177111757382 0.40185585942902796 0.1152059646554562
v 0.5081717597699341 -1.4537419775975169 -0.3069359940758518
v -0.6431475871278152 0.928941057560923 -0.012716199893373997
v -0.43504280646876775 -0.05937623983685725 0.3300608140539178
v 0.47250725901472435 1.2515858901957186 0.17493405268669343
v 0.883700425940739 0.7651690918112694 0.18991640178880553
v -0.2825471617147897 -0.6335161962687533 0.07099178886501199
v 0.3281716477954671 1.3272337510356484 -0.05871621976506368
v -0.29925038265779075 1.1866338804865124 0.15423224621110682
v -0.10133037016226598 -1.241910573495577 0.3388683626635069
v -0.2353068726392239 -0.21907487798481196 0.34344689981865495
v -0.9485081723239427 0.5846230210761814 -0.23699858854714334
v 0.4943123651499671 1.1765294206992531 -0.42438845311755724
v -0.5478139244205098 0.8770162411644044 -0.5014550504850959
v 0.00234465333371843 -0.258332238063846 0.4699116132139386
v 0.16260591077541964 -0.25269454782299156 -0.3426863695144753
v -0.22080948324903182 -0.6392926603051109 0.13500063581302452
v 0.5352804049695563 0.364760184328853 0.6876343584153181
v -0.3814398252431161 0.28824923877404185 0.508724973924013
v -0.48422082303412906 -0.45160676416511963 -0.41933201970232115
v -0.3387278421992085 -0.8412911444379079 -0.9370367810538967
v -0.8402264922246204 -1.1931078987796022 -0.0016069448888545307
v -0.670666315611106 -0.4933482135719845 -0.7818933207652218
v -0.447719898255871 -1.355842477623923 0.2873711154327735
v -0.33408462071614264 0.0007592059069612689 -0.5194359692490175
v 0.6980797449184453 0.07213563619313294 -0.4277538232264019
v 0.8926229091958985 1.4277006238085375 0.011919027932815837
v 0.12155923247171192 1.2527546611439588 -0.38787184670846575
v -0.5410432603446399 0.1644886373923224 0.3441580435424987
v -0.2110060071252975 -0.7924296780019294 -0.8863017148253255
v -0.5894308804888362 1.0075529385700057 -0.38121481207511015
v 0.49689159994174104 0.5066678299516834 -0.7417651407237837
v -0.812656956792962 -1.345538609681549 -0.3311391229138859
v 0.0933366732405229 1.0534573715120128 0.6151326703474909
v -0.7553684852148418 -0.5166214428151722 -0.911372343035636
v -1.011780807971773 0.9416479194941986 -0.2604551604313609
v 0.5457406093662006 1.2997816454906965 0.1141277133779759
v -0.2270686420861241 -1.4097710110412107 -0.7681425651054965
v 0.44149849433658694 -0.2711450709687636 -0.16710888051246325
v 0.2827700443307484 -1.1215205438407634 -0.3039562346933775
v 0.15216374889160705 0.034501065784168894 0.8112205424416106
v 0.35689878317274 -1.0836727070912966 -0.22749770839659111
v -0.2468295123233769 -0.9848566474658544 0.27473534867771987
v -0.2531495550441948 -1.5896293357366484 -0.6218574603747782
v -0.9417490439397874 -0.9379039253341651 -0.3798486099705015
v -0.5185702933221867 0.8805801556910476 0.3475474255487395
v 0.14309222296396062 -0.2521121201534554 0.5046467901991796
v 1.0083491028370282 0.9946883198144288 0.02285789635605158
v 0.24470763603772294 1.1508645796035781 -0.5310498003996207
v -0.591885007728869 -0.5334219781624887 -0.12672843159214597
v 0.5490187420060879 -0.7022056741227136 0.2581510739602697
v -0.9099649118697908 0.4846828553188389 -0.054675790958038664
v 0.13036541829575743 0.4004825362900996 -0.8570662604402645
v -0.9358388349785246 0.8620484796258584 -0.06566713622178696
v 0.6409896066223352 -0.023846693238795805 0.5000396537417771
v 0.12885257278898504 0.2637194444829417 -0.8298582662550924
v -0.9049585560247438 -1.1508766911201709 -0.24852714003337312
v 0.2870975410334228 1.0033494361576427 0.6365364073488795
v -0.5982957428679098 0.9666671649312638 -0.42464644185688744
v -0.511198506462421 -1.1046827142355407 0.22609910654553578
v 0.8266566223531138 0.9341550174685095 0.10078968979635623
v -0.018661956443747775 -1.116451902938122 -0.8112067994211983
v -0.2685958654443568 -0.5512957934991755 -0.09705293183561824
v 0.8561051511370518 0.6560096434626868 -0.2946867977552978
v -0.6819884530728766 0.5433215018758077 0.04952486468038732
v -0.3428330704991268 0.9130581759327225 0.5463668189205975
v 0.8935856883912562 0.2398735190106494 0.17216400872464338
v -0.5908198852585981 0.10754360696536915 -0.32798435115694446
v -0.9324006997993131 -0.8572970222599652 -0.5716697732748596
v 0.7131210009055365 0.03091845614316603 -0.3539350701101884
v -0.38405280337271774 -0.14165130758148262 0.09068169828318111
v 0.22342215427203205 -1.5915361414305165 -0.3907638695737554
v -0.6817657623985437 -1.5508108885734886 -0.35062075647382485
v 0.1550202817502736 -0.283312058690958 -0.2905009923608398
v -0.8737845488008961 -0.41074515597707456 -0.5681279128410286
v -0.8773719185942206 -1.2248213771371168 -0.21606992626394245
v 0.050914330110051226 -1.5671381150655752 -0.625288378548857
v -0.6854971843820825 -0.5463606288031633 -0.16580901343375487
v -0.014677632173964193 1.0880853682933687 -0.6202657268597738
v -0.3513235507369433 0.38132687719337355 -0.725149253220553
v -0.13295672621579857 1.243679526713746 0.25666193324429215
v -0.17808648275579936 0.10151333851712534 0.7929644753570061
v -0.0034527707281839792 0.3331074171076009 -0.8385884815836191
v 0.7683033737996493 0.708592358976033 -0.442435476577428
v -0.5312063863780043 -0.6855300159971873 0.0728642945903372
v 0.44675454704272655 0.9477625846753367 -0.6204222936439949
v 0.056495128852998164 -0.9588897862218749 -0.7303713322589138
v 0.195650868997423 -1.5448980308177886 -0.495448390856834
v 0.372820110708602 -0.5928273739323153 0.4846672408675745
v 0.49869825049523064 0.7699339467026483 0.6279683635000494
v -0.7457083319031437 1.04273510921357 -0.045084544690027414
v -0.7301970300684625 -0.539867166823373 -0.2482366939651085
v -0.5421320108290552 0.947535613702747 0.16199950959681247
v 0.12276380053317647 -1.5985355039536089 0.040604742307226174
v -0.8412643205956928 1.0010154259870787 -0.37151594413747424
v -0.648492739136683 0.3157772572320248 0.1850475721186936
v -0.01950540553030284 -0.1330654707439345 0.6823660022509603
v -0.6185746251650571 -0.7605035475171149 -0.9198306154686318
v 0.8609660344238528 0.4041398688060532 0.36411244852111496
v 0.3571403992913836 -0.11863552964107266 -0.516632719385692
v 0.08218989364814609 1.1370520955169736 -0.5766472419052132
v -0.6570775011011263 0.9389416385402619 -0.44845338398496587
v -0.3657320711543582 -1.5925383454358275 -0.030200565671173046
v 0.4312894071690668 -1.0010770392489825 0.30143588759242
v -0.1935823716779233 -1.5914056019307632 -0.4024202541828138
v -0.6880605647955597 0.4680594245097116 0.08139748183990954
v 0.5044215275070599 0.8585690578029225 0.6160398056655091
v 0.18955653043446424 -1.5962915527939026 0.025463811033821296
v 0.7736793708277943 1.1838321853503564 0.004886267566822117
v -0.19598041357487717 -0.19732317000988586 0.46755420535918113
v 0.5499417700907282 -0.6392573238517885 0.06177672898954091
v -0.8954154295223379 -1.1613680860310187 -0.14856428677585296
v -0.3957779222779997 -0.5730714365948474 -0.03902623357024419
v -0.810577230888349 -0.5915675266826006 -0.2765124018325006
v -0.46121028510010526 1.1053287705540522 0.01524389835860214
v -0.7419180990054386 -0.9966772573300061 -0.8083682706870384
v 0.10983090814127798 1.1540137274708817 -0.5537273580010873
v 0.17959151623839875 -1.5994618526283768 -0.1058753367270496
v 0.5402590252496653 -0.11959567923615592 -0.3639182995665488
v -0.2629676571198203 -0.9313879294074978 -0.9409046735334283
v 0.5406625825180542 0.9203091163448412 0.5732920063142144
v -0.26103204098790944 -0.22507330331732417 0.24542254181743373
v -0.4600167536821282 -1.578081858806108 0.2931851424453136
v -0.8621716389700971 -0.5864372725180554 -0.46132337710606713
v -0.3482460354844141 -0.6091764625755884 -0.7996915302954788
v 0.9140076439763261 0.3912386851707482 -0.06541525122615938
v 0.2508936075328715 0.5240367428415224 0.7750263979639785
v 0.9617154452700204 0.775261727994375 -0.03545172386585299
v -0.6667690176744914 0.19349003815879912 -0.09332565579119809
v 0.7326609463314144 1.5085143631787736 0.0545329480000671
v 0.007241736811158278 -0.9061485077313984 0.5052578363651327
v 1.0303044416828384 1.0119882488839305 -0.040846780697446725
v 0.8780928705351461 0.6405149829669684 0.254696086306307
v 0.6882676506157095 1.043820711855321 0.16272401245781665
v 0.1430101871130643 -1.169251934760277 -0.4067062147176501
v -0.09407885392526966 -1.5475300495566764 -0.6470519677104244
v -0.11820129050378851 0.5104729767137185 -0.8286642549830507
v -0.2281131308316141 0.8836647343954088 -0.7016435442801131
v -0.7584198772120904 -1.3360271151590863 0.020393173938270934
v -0.5815366861059436 -0.8907276487908266 0.18122200276766603
v 0.12582183371068006 1.3248251523492718 0.028810428445818534
v 0.6944119515838819 0.9384147971655775 -0.4562203018757449
v 0.11419095814369963 -1.034262537129447 -0.5907096531828616
v -0.38106102844446404 0.5103722457484625 -0.7146955172567006
v 0.3918496257688071 1.2771421691078024 -0.28963372331851445
v 0.5561897771193575 -0.7503492596837803 0.013867293017871443
v 0.7453730098827509 0.9361715369957243 0.2770588596413489
v 0.20305557384602518 -0.5835228884533521 -0.24828836465079235
v -0.6749119875986725 0.9762064717953151 -0.4190178688432618
v -0.0036395299301542824 -0.6432984820369918 -0.47198552328728793
v 0.9125104609062247 0.9485791043517825 -0.30541754387360415
v -0.08229267838879886 -0.486242265864047 0.07514137487466856
v -0.8170895607299621 -0.5319200925225535 -0.48907210923963657
v -0.658196847080705 0.27672170457842915 0.12899888989038483
v 0.15539021084581045 -1.5237571578730271 -0.5477560156319852
v -0.42248711776002656 0.2545060544996157 -0.6490449935826326
v -0.11990500276332473 -0.024349887405173326 0.7596580926405696
v 0.0733198104568489 1.0630658925263523 -0.6524498844722436
v -0.16569762970826324 0.17452194441887198 0.8156830700780836
v -0.6666648509541324 -1.2966357030485454 0.1481978318237443
v -0.10531423377214748 -0.2716926612332045 0.3563642641330207
v 0.5101170689539513 -0.1414676578338514 0.4787203710557706
v -0.3851674083941376 -0.520474133517935 -0.6664907215111443
v 0.026077851489138035 -0.8638532491514144 -0.7335972375824023
v 0.32153338505312146 1.3060162166055151 0.1537037157501146
v 0.6596902489007768 1.106376848607946 0.0961297885860024
v -0.539439280953905 -0.9359670807758487 0.19697004540369373
v -0.5016884898904774 -1.5866552386321373 0.17997468930612054
v -0.4465744866034992 -0.8020196574552099 0.1498147672742252
v -0.46329611474842103 -0.64090475882662 -0.8555864864756293
v 0.4983081291406525 -0.3120757589479588 0.05742383840976413
v -0.6469878975957094 -0.7515551137541382 0.09793732207097104
v -0.5477944231513217 0.9236073260787943 -0.4659600341855283
v -0.012347000176015449 0.6084365468020271 0.7617924067435797
v -0.771058196790768 -0.35036214392421056 -0.5732952885160169
v -0.3984964874959918 0.7642332612201836 -0.6532455208997947
v -0.16714387147085913 -1.4433554979793688 0.44659133907825044
v 0.10077596597010662 -0.38735336439158774 -0.18481468934402712
v -0.057796589047201315 -1.59842465766467 0.14174842044709085
v 0.8037081775350586 0.4465303688207932 -0.42974231927623957
v -0.48865287034041405 0.5085472455755398 -0.6453290804824638
v -0.7683758317634148 -1.4319530905296598 -0.3072331772951844
v -0.002127029918308508 -1.5125492448728113 0.5018865160658862
v -0.07806648847625808 -0.09583445760335949 0.7024829433983623
v 0.4700110773644637 0.34328084152103466 0.7656011044256934
v 0.8982000226596287 0.30476894432854973 -0.12909132897740327
v -0.1293334633384367 -0.570548767000217 -0.49368379471357215
v 0.7642136927714264 0.8534606465954012 -0.41426483755603644
v -0.7653769166066788 0.30443193322184936 -0.03684195706202037
v -0.8061979867233403 0.9569382965175047 -0.06688080231631766
v -0.6208791147135626 0.2556018492417004 0.218032222281849
v 0.48083282300759433 -0.4657395028544863 -0.012492280792635507
v -0.19024260658196956 -1.539005422903618 0.42865429817000245
v -0.8325291915615439 -0.945126842268907 -0.7410019424310045
v -0.356743233679136 0.15976470445557878 0.5438256269590708
v -0.3321008464303013 0.858026189302478 -0.656142860548121
v 0.41287940290051567 0.9028603557386408 0.6446494535735877
v -0.7201559494060652 -1.3417139040678376 0.07042275872096147
v 0.0834470153267735 -1.048461130990649 -0.6891685862192123
v -0.8673900519234038 -1.2016643301600674 -0.4088457496328839
v -0.051054581856073596 -0.3250350625075768 -0.1452311628601543
v -0.8915511839336978 1.1361987422425237 -0.20897833578961997
v -0.34303942694109824 -0.48828151127976444 -0.282343511649743
v -0.3503346290921423 0.45893062320090583 0.5388438780304602
v 0.12748550694706 1.0369962657358827 -0.6720476619099957
v 0.8088420977846579 1.4883716826593427 -0.23074119557300907
v -0.5012640493731939 1.022305725487579 0.1407343736434637
v 0.25039384912159696 0.25197302005718836 0.9102784485156472
v 0.18127012253327135 -1.5939234537905842 -0.41883656078346615
v 0.3064265426124709 -1.585546986878534 -0.3815558539559537
v 0.6234771213963464 0.2584292261673975 0.6881001623529764
v -0.36590915649838474 -0.6967695033948588 -0.8772107835993037
v 0.009141747771470483 0.4721500076635762 0.9125498665220155
v 0.14524684449098774 -0.20102349745003406 0.6195035650517741
v -0.8577355992779939 1.1275012529612076 -0.08916246112026742
v 0.003451830214217161 -0.6629278914546871 0.48869120108310005
v -0.18884769001013096 -0.8647769490317453 -0.9072785928449446
v -0.15897562283455105 -1.238582497644639 0.30006805398399156
v -0.3717702475975878 -1.5799065326782669 -0.6669540685959915
v -0.8751904252395718 1.0920604025884602 -0.07060316465511557
v -0.7195643469268125 -0.9128803804046802 0.13309121971304472
v -0.19906439726019814 0.2482593526740423 0.7618308526512413
v -0.08290322550652479 -0.7755562048367828 -0.7975695964273372
v 0.17818502558652027 0.18327528871331578 0.8912266298385163
v 0.3339196852770335 0.05511434878190484 -0.6958046032445353
v -0.25423162596002985 -1.359399942911937 -0.8113640571952727
v 0.7864183254009148 0.012154972176415008 0.2117236384760955
v -0.06070327625270737 -1.4221656607258482 -0.6618384019950122
v 0.20820565558052262 0.141988549018134 0.8772484809346244
v 0.46928534607705397 0.5508329454625555 0.6286733267035401
v 0.01038756408833421 -0.17135460048543616 0.6465868163742939
v -0.4670219320364845 -1.5870716751836222 0.24216895851149506
v 0.5049485992116955 -1.572010111772514 -0.1326342258960139
v 0.22310756194723314 0.38814433663763026 0.9076602687679847
v -0.5839915427241545 -0.46217102011714734 -0.3560988088644443
v -0.10192494773671962 -1.553284114005295 -0.20771493761982665
v -0.48261162283117054 0.7054355334436948 -0.6173687902888619
v -0.8819997655530544 1.0810817638603445 -0.29027455882480246
v 0.06172315808176092 1.2568247833205055 -0.36774269807365856
v -0.23326609169049956 -1.2675653376558942 -0.8620855531508949
v -0.07625123893792951 1.19284566813034 0.41703898906888004
v -0.2831064220300835 -0.08134762500259014 -0.4395594424495732
v -0.12242918869679954 -0.5503714218231541 -0.19643437471421932
v -0.27516099842724645 0.32327766417528514 -0.7519090829034841
v -0.2560234586200024 -0.8080316338665084 -0.9085491312432202
v 0.865496010347656 1.2851209713593779 -0.3329051970076669
v -0.2946589470253843 -0.05136233146191023 0.5795475182604152
v -0.8702030716154859 -0.5108017727188316 -0.9160645288274609
v -0.6247288303211244 0.14224074112036295 -0.21356735295754048
v -0.5203393233170062 -1.5198252336671059 -0.6811089573489834
v 0.0435111799886186 -0.8133118136350197 -0.641919256693068
v 0.1599389010781359 -0.6180330906589122 0.5511588335520368
v 0.45309522348832537 -0.6530338764660304 -0.1431961593543686
v 0.42346465726641347 0.7283730567832382 -0.742219332193077
v 0.37108641716710505 1.2296329698143944 0.33937355302279343
v -0.7518198492416177 -1.4559901706671547 -0.33870193007971616
v -0.02861917780980298 0.8779882335578038 0.7065297254732036
v -0.028215524570600992 -0.22606708108525958 -0.3565809086461388
v -0.34672282512984487 -0.16918157175648824 0.21487127000455458
v -0.34002774766624205 -1.244435738331344 -0.8854542541587898
v 0.3898363500550698 -1.307449367949227 -0.2572963003177885
v -0.2961337305077469 -1.584711138680363 0.31404645241199713
v -0.6512867182194789 -0.6329085858579033 -0.8955262950054397
v -0.14526312114086143 -1.1335290645566405 -0.8838968014181656
v 0.5917079031906797 0.9659755800590962 -0.5093448685989188
v 0.2751433781859916 0.9220029052223201 0.6813792495465316
v -0.3502711539964675 0.4190273027741732 0.5303687723168756
v 0.21981121404705095 1.177485270801917 0.47890707267525323
v 0.1411869911914248 0.9766972665326613 -0.7148906835018839
v -0.12706740050343018 -0.1562429403099763 -0.4295211641349136
v 0.8101654777125351 0.19037002703030248 -0.33635093307526276
v -0.6580163643699007 -0.634478975464111 -0.009028060746468489
v -0.40640252467720056 -1.388274547040365 0.3419790454289863
v -0.7785063188351417 -0.6301863353606945 -0.9259883523506149
v 0.2542476722799524 0.8914723631050347 -0.7398244765271126
v 0.1259481504946643 -1.6011033566069688 -0.08642976899861139
v -0.13126529822031796 -0.7957999618163962 0.383817041473663
v 0.24301697580874576 0.9520636894044542 0.6717276184430221
v 0.3060779766198932 -0.3895447043516435 -0.18692723726666377
v -0.8194443197902825 0.39055493151691595 0.015948132183914568
v 0.7690491821811248 0.5041848730794452 -0.48635788190238916
v -0.9143899725008943 0.7117393762912895 -0.39066467414150646
v 0.00831943145792357 -0.6757010500255376 -0.5165460769357748
v -0.000277173304835808 0.5148335065702049 0.86020540814886
v -0.7786538451687844 0.3378215994097504 -0.5766212530090706
v -0.2651414152269465 0.40997692881369757 0.5986149417917295
v -0.12481874677389 0.9487745009269167 0.6491126721999138
v -0.43954425986696694 -0.9630783555757454 -0.9440351646746972
v -0.8173595650150717 0.8082435182273049 -0.0750690128817161
v 0.43003082673408277 -1.0776859518096373 0.12081935508647564
v 0.2836326108032401 -0.40381051617022495 0.45144583070891
v 0.8085111136450098 0.026654991166881525 0.1250613801831506
v -0.7831092901592629 -0.10614007221452906 -0.4987881943411129
v 0.5108870811744489 -1.4671785248156948 -0.12283560589541404
v 0.8507323595340588 1.1490248191196262 -0.3715621444868209
v -0.0031214986760971022 -1.580165308378263 0.46814116285108776
v 0.31606130204706656 0.516087058134591 0.7168031130853897
v -0.25630962439001015 0.5836507407703432 -0.7742405313651842
v 0.570944349094051 0.8359114429363836 0.5859048360449767
v -0.253392533948382 0.6910096231149763 -0.7570275518522009
v -0.7919024239527493 -0.5481513482017057 -0.4071306360407711
v -0.14679347172391302 -0.2970840239003417 0.0011984547206805862
v 0.5580533383649171 -0.650240761120551 0.14258764681787678
v 0.436204130081924 -1.0295856682793665 0.23633450890996255
v -0.5966004760399117 -0.6950424318394542 -0.9060753875690238
v 0.9367587728029882 0.7087537818833888 -0.03274465595125044
v -0.4491655066111015 0.3920619228040993 -0.66478910141533
v 0.6702017784881784 0.5539577743258615 0.5379253029915401
v -0.4314937098356416 -1.5914091528508416 0.22448343790978553
v -0.773015694268028 0.7319552249585015 -0.06487624075239476
v 0.03709462901831394 -1.0223966290415902 -0.7695096501415841
v -0.5646020027563075 -0.7242765618272968 -0.910285012919252
v -0.46755650865869164 0.03824734404955005 0.3968429871657827
v -0.6338887453674834 -0.6645495294750019 0.03286989786212975
v 0.517091613424819 -0.9346239500546695 0.19682321005990422
v 0.5259517924282213 1.1672700798906943 0.28104276163955555
v 0.1636336622111339 -1.5726787020379027 0.24846925043901102
v -0.23094730249086692 -1.1490489461819982 -0.9068789319915607
v -0.6559978486497771 0.029168908223372356 -0.4132398308855721
v 0.8101188742857742 0.21573611098531276 0.44435481605946503
v 0.5743201800215055 -0.14888691185769443 -0.25145048777200457
v 0.05771507143869478 1.3208479299196454 -0.020335553062185194
v -0.6161926295880259 -0.9068145067848379 -0.9075320709560669
v -0.13202870764888575 0.15132441695292692 0.8439712925394823
v -0.5719741543051622 -0.486729874370404 -0.5891765002520724
v 0.5507415908457233 1.4335508894000415 -0.06652409799880318
v 0.23481058837137764 -0.13606833989816336 -0.5433706869174366
v -0.517607936398406 0.8354764072413521 0.39921720910696634
v -0.6173895007902932 -1.1859826801324278 -0.8159985837226866
v 0.6908407048871305 1.080109310807043 0.08090161984364018
v 0.8267110761923727 0.08487819926882 -0.13371209329024247
v -0.08203820218122207 -1.594213938247174 -0.4489054832905371
v -0.39898522845794143 1.0003595422573224 0.40686067014398664
v 0.2619801558430507 0.6400282381979278 -0.8266172551256482
v -0.24166739584893748 -0.5203248029330092 -0.4334751808219725
v 0.9022323899183673 0.5792040099296792 -0.12992090068440804
v -0.11302216800129711 -1.0262323712987889 -0.8887251314052192
v 0.34661357195640025 0.8962609611755336 0.672722259948274
v 0.6155493372289268 -0.17742371791875577 0.12750067033550366
v 0.523272402496069 0.658152690909674 0.5969402127176993
v 0.2401673720427731 -0.14600844007119107 0.6911744145978659
v 0.5661134278950481 -0.7054525202775842 0.08646261021079747
v 1.0258748512293645 1.3545288675248024 -0.14287099104598436
v 0.07013102664380355 -0.34211644684186443 -0.2023983273307255
v 0.5255987925840861 -0.7145363688576114 -0.06057300547123025
v 0.5319050730903292 0.5559864821463186 -0.7179844562101243
v -0.977264597993323 -0.5990974542479196 -0.7162213955998694
v -0.9647734592533616 -0.37639196202147496 -0.6430314624441645
v -0.7380154842857873 0.5820340164556508 -0.016783558110508398
v 0.4730700702500966 -0.16762373513261228 -0.3466439947041005
v -0.2679023611559304 -0.050445963751687625 -0.5012526096522921
v -0.07225392022007461 0.9207262438861792 0.6779932841012313
v 0.8070307638554971 0.4919254078819072 0.4586191499275274
v -0.4647845452803829 -1.5875672876557778 -0.15193904283020254
v -0.5257426912209999 -1.4854417321287814 0.31638053935921157
v -0.9199815775573775 0.49686963222266045 -0.10290171947660312
v 0.34107620960338736 -0.2756267735736609 0.4143518638892053
v -0.20697571283611832 -0.9110255141147724 0.31671265595445225
v -0.10953370572778287 0.4753191750424577 0.7620995901216201
v 0.5462229010895211 -0.6929661224957816 -0.0021828081547859562
v -0.06836616178226561 -0.10794432349769534 -0.537196385473141
v -0.4407594614945046 -0.5607541777737604 -0.7580735569365353
v 0.39126648791525526 0.627362739685027 0.655707844047252
v 0.4758810361667819 -0.678127825583884 0.4018252543367832
v 0.49485665401844314 0.9048282564520228 -0.617899182583625
v -0.4348370258516739 0.8953916959402992 -0.5538223691058923
v -0.7495363581069824 -0.3437882584031813 -0.8649125269991778
v 0.5615275777639546 -0.8354589597475607 0.1473535189998728
v -0.9671112890622804 0.7053555705623579 -0.30627594521281437
v 0.2485385605601122 -0.7828677796085134 -0.33948317088532715
v -0.05767913996633223 -1.6023565626764287 0.34418015521779877
v 0.2024928969697909 0.9806926658342577 0.6619190558662021
v -0.5804764197588071 -0.5297125718834369 -0.7396077936256693
v -0.7292828121044497 1.0847324551960429 -0.049083206999263385
v -0.8645384711586847 -1.206189545931549 -0.07802489472593231
v 0.9136389049188697 0.5331765232113277 0.08014675181742355
v 0.5056059225036457 -0.8196647935388366 0.3528145724808543
v -0.9055477016511854 0.6067467695045289 -0.36059997435020463
v 0.9015279257631038 1.0129458264612272 -0.3315376513116772
v -0.05622637218845681 1.1532547518938714 0.4830388465020292
v 0.8971580675436003 1.4128733635401272 -0.25707405110919507
v -0.5129305493059355 -0.80351927818396 -0.9282480427236426
v -0.49203348061435265 -0.7565830246437701 -0.9184540677103888
v -0.6477873728557779 -1.555156485371482 -0.09393984979981551
v -0.4074163987333645 1.1194365184437305 0.12080158129192022
v -0.8659539062903286 1.037932345851082 -0.3342669268723928
v -0.58025280776467 0.08806418073412768 -0.22798343587501457
v -0.582527028118776 0.9501477280950322 0.05597878668524865
v -0.5512754572839147 -1.5808964908078473 0.08041061397050532
v 0.17091805804864152 -1.4077373319326436 -0.46032282379873846
v -0.25478015673843757 -1.5573348884659546 -0.11512001319539224
v 0.08675681833492911 -0.27927496966822307 -0.28808865081275875
v 0.4555161064387576 -0.9531050686956051 0.32907077914768673
v 0.22779406626693238 0.8016969076113116 0.724112058256846
v 0.5642304805452758 -0.7861273322990167 0.06310364064333417
v -0.19331378776084512 0.35630897534768924 0.7007577720650539
v -0.9780472015844777 0.9827347135977128 -0.2933008832457125
v 0.38271349228989326 -1.599395268078363 -0.315537301408445
v 0.17150582169537681 0.08905755542464881 0.8252964472155574
v -0.5427376058528337 0.5957688601545914 -0.6057198530148873
v -0.010932121675086517 -1.3598375506247553 -0.6496044266453896
v -0.4978763180649356 -1.5900033339946538 -0.009316357068523351
v -0.6920122014064578 1.067254864957637 -0.31766326605072986
v -0.5783990931245174 -0.7385222005809995 -0.9150737261547265
v -0.173581459243359 -0.25046025132706634 -0.1626170241955575
v -0.5897909053964783 -1.035788089171852 0.20804611370110054
v 0.06173275516305435 0.9026019063394085 0.704953788754008
v -0.17493541547223718 -1.371431112739667 -0.7734893294240217
v -0.44398058747150887 -1.5910746369852775 0.13829370151140435
v 0.6143173023208003 0.831961457023468 0.5615852370283656
v 0.1538762904659332 1.186733747714452 -0.5070833163921201
v -0.42121231825765665 -0.6824528846279098 -0.8784569454110941
v 0.11813209554766278 -1.1842796204744193 -0.5163750761412884
v -0.7272486147534926 -0.18941634586801104 -0.513430538047161
v -0.9336446926707311 -0.9139032373289349 -0.47478990560620593
v 0.38679549565308147 -1.1688607769209192 0.06840211244879076
v -0.36950754374103395 -0.8152406542275374 0.16205118028249638
v -0.8907682540417791 -1.0288490730959325 -0.5539171306865838
v -0.26644876802906375 -0.23014280795728187 0.15981208524592438
v 0.1721768112310888 1.272051320559048 -0.3356326683170993
v -0.8851373009519927 -1.0884356617605793 -0.0460813743298142
v 0.6476685226010399 -0.017820513147183012 -0.39045716604977976
v -0.028142644335258628 -0.6513178991366012 0.45478202569062254
v -0.6178299684333368 0.8386245762063637 -0.512144778677954
v -0.6901785062778834 0.42752430902726923 -0.54814262445481
v 0.41483237055540506 -1.3936936349635174 -0.3418352043745603
v -0.7299493294002788 -1.242951204214387 -0.6789697487345135
v 0.6077614401184401 1.2048052245374583 0.07432923146729269
v -0.9392626705066088 -0.7797259063288304 -0.4456797699086746
v 0.6145166528934276 -0.17087098436489725 0.18201786952516824
v -0.14562892349144213 -0.30422688198293374 0.04760043874526461
v 0.7614404817725494 -0.020110990957000016 -0.11061502807127709
v -0.7165405369412013 -1.3671938477953134 -0.5902746174878301
v -0.05513643166596109 -0.1853591221687225 -0.42048393817580987
v 0.33082097966900836 0.36524140117906856 -0.8120697113886166
v -0.13267374667678028 -0.20654132014553345 0.5074867009130459
v 0.022871677764788975 0.5708935325486024 -0.854860409693293
v -0.6845564784736998 -0.6676191175383828 0.011217903561842435
v -0.6358135743800204 -1.5840897852491007 -0.26191602814584797
v -0.19333881694885846 -0.1466436900761663 -0.40156448244387793
v 0.01373329856885245 0.5012940594463984 0.8897769907091425
v -0.6556548489643497 -1.3621044963912408 0.13314768893937534
v -0.6739103018357512 0.4923198095347423 0.11994166361386562
v 0.8689561612313546 0.8351082440087733 0.16224847707972684
v 0.2224147486486599 -0.3411893879830809 -0.22285320090463195
v -0.288509156526712 1.1037574020455523 -0.4282669599689994
v 0.0873780757953785 0.2346550868631801 -0.8201857902910136
v -0.06354251517088313 0.15180956860647277 -0.7611743739024451
v -0.46384126735421344 -0.4688811074158931 -0.5238978442839625
v 0.8021458494771373 1.4346205992751706 -0.27985268517084416
v 0.2458947757995586 -1.6001505775703189 -0.3002807444996168
v 0.04018475483566275 -0.0517891136670294 0.7660756609014914
v -0.5614030268429284 -1.2323806525770309 0.2164551914953861
v -0.42011884600924493 -1.5855522460790823 -0.6385075518757387
v 0.08234715142222036 -1.1351571902039097 -0.6772025613793025
v 0.6809904525891719 1.1489541078246561 0.03711334332683615
v 0.029129627369638283 -0.37909924107186593 -0.15571810472528208
v 0.036654295734408426 0.528480844081912 0.8650181332817306
v 0.5483410153193079 1.2473222140836457 -0.37962115914384703
v -0.20461671186586616 -1.4373489535160822 0.40658164460246116
v -0.44964491921003386 -0.5119319058177842 -0.6592462303376547
v -0.4773487945856378 -0.042695610423221 -0.040377541004685394
v 0.3537028207428871 0.7259490835726294 -0.77260079324955
v 0.27599248955050987 -0.09356225263632517 -0.5896170638659288
v -0.7498909510666123 -1.1359158202859934 -0.7270330643076419
v -0.9508867897283586 0.5495088553506625 -0.08069167409326501
v 0.14636596014061548 1.2708475394582495 0.3172575974244562
v -0.5410058509217581 -0.6391406809257479 -0.8662959846559519
v -0.6608393458323654 -0.5346281969219356 -0.8243820373099189
v -0.18000568787869842 -1.561710466545909 -0.09891455447075669
v 0.48613764808086724 -0.9642725971777383 -0.07052750126619811
v -0.246841681422457 -1.4657845871461481 -0.7369956024567338
v -0.7044960271704738 0.9236882294740981 -0.45565768258199846
v -0.1458711154349633 -1.5210290147679042 0.46621343552000016
v -0.12976542796745433 -0.7284484514538794 0.3573011504030486
v -0.7789892439658275 0.26495679617410467 -0.6129778760730006
v -0.23679526478286056 -0.19950568065515167 0.41070397490124444
v 0.8975840052055656 0.7514937308221854 -0.23475517482398933
v -0.8648157884197398 0.4761819142624125 0.006859389092427726
v -0.7657630263812764 -0.9658374396709585 0.11196971367833349
v 0.47482883136793197 0.7788545873181992 -0.6944413378468025
v 0.9701993419100697 1.4533206273404093 -0.17147551411265222
v 0.12760579676399197 0.5860507596660435 0.7801946949587709
v 0.37426829108161913 0.9883940356598028 -0.6307034548920288
v 0.7116938957230398 0.5327604897372572 -0.5640575411403681
v -0.5879750608391094 0.0948205067705452 -0.03707746943696133
v -0.7921291262070629 0.3264901719732879 -0.4182425782280527
v 0.7922808368681494 0.900129141567504 0.21913742216360127
v 0.8000896748100182 0.7797350043618966 0.36193999561704465
v -0.512748166373035 -1.5966191971492605 -0.4652101566415842
v -0.07311270544253659 0.3121780254462217 -0.8215185177760707
v -0.4829578087475874 0.9414210636865842 0.3393878334797581
v -0.13495865817944708 -1.5632170739498406 -0.25118000363283033
v -0.2737997292224227 -1.5879925343278902 0.06860000426506145
v -0.5935963400709522 -0.4601096630261299 -0.4197097608220309
v -0.4711993495818921 -1.4125754509426167 0.3355394614635773
v -0.20011186110088913 1.2494635532501628 -0.03583879334857991
v 0.42739053531112 -1.4109567112408525 -0.03638742009780058
v -0.15278928665031338 -1.5937298806608955 -0.5642147989144424
v 0.5964002233416428 0.011590241524783967 -0.4914014936170172
v -0.6314616243142105 1.1027382687888396 -0.20390268901763442
v -0.25507449922170733 -0.1850201148691131 -0.23177720049863565
v -0.7120504464872536 -1.0350424919261647 -0.8149512542411338
v -0.37495016370751805 -0.13257699850026108 0.2889210632558263
v -0.51570819415637 0.7515812562035815 0.4555836123085756
v -0.054699323001370176 -1.0143479216498734 0.4474307381964996
v -0.5695494901047004 -1.5952483884456312 -0.44050784521715325
v -0.6454281031672495 -0.5702955384132083 -0.08736778772423198
v 0.8968939174780797 0.3605803675131221 -0.16979435499415557
v -0.6385004116472563 -0.06162761913748478 -0.7163105332909229
v -0.19354047082099612 -1.0817156894681013 -0.9147953724088916
v 0.09943811364363882 1.314074175583599 -0.1532942466796489
v 0.7310331661790719 0.6914472692161197 0.4966918462916994
v 0.21275918274181999 0.8220116637983339 -0.783461368683594
v -0.43973437804738996 -0.8290657104906365 -0.9364112049068652
v -0.9337626983823152 1.0554337368510955 -0.28950665796218933
v 0.5511493324415562 1.4086503982469012 -0.18292600293964115
v -0.5951278998862467 0.5404624929701675 0.3811462889146749
v -0.7894433830070944 0.3746233351040699 -0.2969395974239568
v 0.24655019886941265 1.1278128893849682 0.537520536490908
v -0.0761178778962759 1.1036786867847836 0.5361969646214049
v -0.4205020190769667 0.031445374294500936 -0.5095177312271761
v 0.01198367387240841 -1.4051080387648431 -0.637512161798146
v -0.33945343912748016 0.22238529520617034 0.5442216985040508
v 0.6470662289732263 -0.044462145176904076 -0.34630322154153315
v -0.5418411232950511 -1.5318531020988706 0.2769751922866327
v -0.7137416441527833 0.5279534844648376 0.020068427901463584
v 0.3585957582812082 1.2015283011298141 0.40034250527694704
v -0.19858461997217663 -0.26947638805594837 0.14965457279327515
v -0.8979661225943452 -0.9935382439805485 -0.06871075458318777
v 0.7006806499197797 0.3250349473426013 0.6068596215834584
v 0.1768664633934523 -1.5937246214603467 0.09105285580512353
v -0.7186404551048559 -0.06409429935984931 -0.7424073582097781
v 0.12792069619539226 0.17297508685599572 0.8761080981528502
v -0.5057960406840688 -0.5081588325014318 -0.6564668004300996
v 0.3620924356563096 -1.068793852913853 0.29949017533098854
v -0.0804081187293691 -0.5470161478438302 0.3008714640473904
v 0.4390270347677383 -1.5811184329098396 -0.0833161879145814
v 0.6016411702418265 1.2908512158522263 -0.36294642233812496
v -0.2748714160962983 -1.5299456054151495 0.35324269827735455
v -0.38602801706204537 -0.48587091640047875 -0.5153722963110997
v -0.6057608517461728 0.16449867593935535 -0.6326823346664104
v -0.42781747106953993 -1.5894512139078423 0.25694220640638576
v -0.8795519339983501 -1.19804978143252 -0.331909672570936
v -0.8417123891271208 -0.9170655331976103 0.02271814365825657
v 0.6429896575580503 0.9271965960942149 -0.4920286820737059
v 0.2439950911400104 -0.9040565359510548 -0.36251505272814755
v 0.487429875882866 -0.8054305561177105 0.38676305751830964
v 0.7143075072600067 -0.08555934251654045 0.1329376856065123
v -0.08222782131341781 -0.6301314784440212 -0.6112376565162241
v -0.788121538612224 -0.44010775249511114 -0.9127358387633198
v 0.8614360802714428 1.4248546669334563 -0.2688475584983585
v -0.3972449513186772 -0.7385237936964942 -0.9051134721109825
v 0.2997105051233232 0.11375635431732638 0.856968754094323
v -0.23723381300964552 -1.0798001888185815 -0.9260512708155747
v -0.0050836411407030185 1.241993281142164 -0.3828101540926809
v -0.9544835454671879 -0.7506107993431891 -0.5982347630133712
v -0.0225185435615157 0.9169513087360558 -0.7513018179875606
v -0.6600503313909067 -0.5516340138381188 -0.13072091338102898
v -0.15240553775771398 0.23629981546108686 0.8265117832022332
v -0.5149945359972274 -1.5199554276719325 0.3151132639685757
v -0.19034823205868512 0.6879572138271107 -0.7857711750151359
v 0.17222596748147379 -0.9958832907946 -0.4181895255626626
v -0.09363558393448837 0.1256202854064366 0.8635636956117101
v -0.7131516539831878 0.24738484743242167 -0.06920581042462846
v -0.9076738774292588 -1.004095590034045 -0.518935135964638
v -0.7252410589002061 -0.47438121389932486 -0.8702992151758835
v 0.24739383989759356 0.21464327214426648 -0.7976365840547653
v 0.38696355974069213 0.1251180317540258 0.839670091839552
v -0.6842585658761888 0.23635187003002245 0.021962008817309184
v -0.09782104383401982 -0.5709217479676052 -0.37341800887318327
v 0.02961214942290974 -0.8208143511303272 -0.6898617258185495
v 0.12316175310609014 -1.065170494065678 -0.5188868818398946
v -0.17440254713050035 -0.26820986123765345 0.263769397291074
v 0.5646537694128041 -0.056451490924356945 0.5588458845322919
v 0.9056764752879807 0.8105001183401561 0.14336215047241985
v -0.043037218531860946 -0.7981867559340742 -0.7757096717637462
v 0.9220245274464741 0.735446278443965 -0.16700421474387703
v -0.4479383470202722 0.6017450394526654 0.5410608805858946
v 0.41772852016565093 0.4928297216580252 -0.7824128299697981
v -0.2995580075015706 -1.5791700910481334 -0.6637527509947768
v 0.1715740569433732 1.2130653556300697 0.4298158713072724
v 0.9193921632126597 0.395909507859614 0.029181777909386822
v 0.07041984120824826 -0.4185608078466617 0.43433828473101643
v -0.8136492566103783 -0.09355555387358236 -0.5605668331498311
v -0.7714868216354955 -1.1185597099025997 0.11132321589408235
v -0.2822385003862302 1.0434560995428208 0.48363547785187955
v 0.38418798785981706 0.9366073020689342 -0.6617390913977877
v 0.5000090006641258 -1.4052916693183117 -0.19627049495405258
v 0.1476870943514701 -0.1895658492004002 -0.46404322833295253
v -0.8094166942358587 -1.3407476123407267 -0.37666683202680035
v -0.5816519470522777 1.0582279846521676 -0.008318970798021547
v 0.09883395818205433 -1.598172503950766 0.16239034113540646
v 0.7639919234168975 1.166711433788603 -0.4044414378915369
v -0.40819633433591956 -1.2648413404898897 -0.8679464523084721
v 0.3348500839201071 -0.5411330986226277 -0.19250342941058984
v -0.3889503091217345 1.049353736327589 -0.4180710016086886
v -0.6919101076556583 0.8786075140195068 -0.05115479457893967
v 0.04156813571578662 -0.6749659327926228 0.5189683226717507
v -0.846378221333714 0.4600311972894747 -0.32061173894818756
v 0.08134796090043538 -0.5933866918300968 -0.2828009277383508
v -0.03808804209716032 -1.5052665957040992 -0.6606805525252841
v 0.9514491019155036 0.9905766806642066 -0.27369771224827344
v 0.15753740423191642 1.1335614451089244 -0.5748961200640874
v 0.1576270985536849 -1.0452342083765438 0.45885671607786505
v 0.6844224072480304 1.361830960380215 -0.3337168413668155
v -0.5031436761328388 -1.578633767757131 0.2399633572886372
v 0.17157685929111088 0.8875088836958205 0.709527508174347
v -0.6879785865271512 -1.4655366753421761 -0.5394188391707501
v 0.8737692318591517 1.087407622412426 -0.3590390282719896
v -0.12571941365911654 -1.4479547456359478 0.4803669039049605
v -0.8250572687555625 -0.8037858467139664 -0.8310985354589685
v -0.8219494843086337 0.25450375120010527 -0.5447355454306642
v -0.5640132026247924 1.0908624565130882 -0.20387694964560543
v -0.23119461927579882 -0.7239185331125638 -0.8542044491868864
v -0.0444947656562205 -0.8409705251460567 -0.8067695121085272
v 0.24162820136893504 1.2390536183653336 0.38012408459194824
v -0.7379398017027072 -1.4832033856645506 -0.20818421570091317
v -0.6718911527082624 -1.5618986653100733 -0.20976959594810132
v 0.15234874223061934 -0.33616205291832657 0.4400149967044099
v 0.6550024009896965 1.244102700416299 -0.39692306521209525
v 0.722256731307036 0.746897131960043 0.492778463646837
v 0.35161902567580555 0.15813498569281492 0.8654504817939999
v 0.7385068740421739 0.2135688405051409 -0.47056204580152006
v -0.5096934921739842 0.0052786250413417585 -0.13618727652663298
v 0.34719768871224405 1.2579787939577163 0.29237720255954425
v 0.18394623026362128 -1.5019048916803084 -0.5045911847101654
v 0.10661657689782948 -1.5978220761244173 0.09616996196829673
v 0.31667722353031685 -1.5079392484851835 0.0574262184859249
v 0.25805752161182133 1.2963140088835892 0.22640245109105878
v 0.05239702158739959 0.6529196903928012 -0.8477216975498196
v 0.20842763607083986 -0.878506955801714 -0.39132485736368205
v -1.0174514737839517 0.7198439578902969 -0.18663467984051463
v -0.6845111802499947 0.2945875543376424 -0.6673179323361508
v 0.4495684880546128 1.2630394308945592 -0.3352917607953938
v -0.03129870210109336 -0.8316060387148467 0.48812282354057746
v -0.29848346069746956 -0.19261347914178167 -0.03851369184668686
v -0.6544217967656063 -0.9657172458248394 -0.878081354037594
v -0.010419196068277445 0.7644303276874631 -0.8171696003879494
v -0.4794302671590463 1.0732297198584926 -0.2724363102713892
v 0.4153059865172362 -1.5498430037308828 -0.03368453651064196
v -0.6406507144877015 -0.23228725657813798 -0.6233677914462517
v -0.7226602309929374 -0.6559516387033492 -0.9222966430894682
v 0.39471308772016755 -0.8951093306144836 -0.23199476633155786
v 0.8210639232293631 0.8683306522638923 0.19493788263397094
v 0.8138971300260252 0.7271545729538981 -0.3612867222934005
v 0.4319584964826827 -1.0922879493859279 0.0316681321484029
v -0.9210593297866305 -0.9649437018784258 -0.5004239400709289
v 0.6678145237105984 0.31956384323883835 -0.5904469042912098
v 0.565026903933493 -0.6993768192464973 0.18784229977383038
v 0.3461741983806241 -0.7441804285758219 -0.25946193929414046
v -0.9378342985093813 0.9274705927651424 -0.34989216525618966
v -0.5113567047504621 0.611051002882148 -0.6217967108501907
v -0.4484465508630849 0.06990872944980368 -0.546707169811588
v 0.09895912331628336 0.006225415499264544 0.8062192154671614
v -0.19059929170532147 0.8219529680491433 -0.7469142243618268
v 0.6817821926017179 0.11303927959724329 -0.4862304902453
v -0.6828800219250369 -1.3576870558426843 -0.6479604082314987
v -0.4594157268690453 1.0991800165401595 -0.20742445316323688
v 0.2170853166589507 0.939946817640774 -0.7218681454854647
v -0.46406384286357083 -0.8597339899186451 -0.9399169035383824
v -0.11066301347774427 -0.2929219424908411 0.2926327344460633
v 0.4865122797462379 -0.37216197166474196 0.06010198072134827
v -0.5262416818657709 0.4292851815029892 -0.6209076564333292
v 0.17915515614614874 0.0028683756569826413 -0.6939387578936277
v -0.07821766170079231 -0.49794250913461635 -0.03167851619036245
v -0.12494897916704194 -1.153304503163297 0.3494592793073678
v 0.38714469505302446 -1.2270144253776427 -0.16979727250686877
v 0.7021373908893107 1.0490790486668085 0.11133193004389681
v 0.1522765529851301 1.3067349036352554 0.19790531936406447
v -0.17510881553704705 1.1463403811227135 0.4326970686648631
v -0.7546614106534665 -0.9221771498302836 -0.832859753429615
v 0.5624520837991139 -0.06856542598116122 -0.42324494168728155
v 0.4097516565244966 -1.3166006072340966 -0.055731623453617506
v -0.13979654685946902 -1.5970402211056036 0.17771325226429746
v 0.7464676529750804 -0.045199508126841474 0.18221274785791275
v 0.3642641207938765 -0.6499431364354789 0.5068782267648794
v -0.631596098617294 -0.517701344790635 -0.7572310291697845
v 0.21802416073356246 0.4086135482509891 -0.8476413699793937
v 0.03690575845845907 1.300368660565091 0.18757415732249172
v -0.7024727704921913 -0.43789831243973587 -0.8107491721968022
v 0.5102513705095716 -0.7453247845492514 0.35878996481826225
v -0.6254503772810902 -1.5814893409076682 -0.4089171135293819
v 0.20202626768314141 -0.11604635227307869 0.7372850120402186
v -0.9189845751701274 -1.0701993262751142 -0.17737460965377733
v -0.4383944335572002 1.1239967635619335 -0.04990231788765829
v 0.011807106770771743 -0.7026881385934972 -0.55463934944224
v -0.12745113020186702 -1.2106785039299042 -0.8482793071671311
v -0.04083672295625121 0.7396240990667868 0.7409090618782465
v -0.6508592450245065 0.841157476289653 -0.02695371951630239
v -0.18807207309415797 -1.5536682851694716 -0.0553192176762759
v -0.4196342701805767 0.8982104354928321 0.48763523422838295
v -0.9401064650880905 -0.2756849318862991 -0.6915982792902718
v 0.5030090098881292 0.15008489632139166 -0.6666040438470572
v 0.8263810133725289 1.5747025345410626 0.012196153252245143
v -0.8955952788257769 0.4833072480745628 -0.19356004886683476
v -0.7710836098620331 -0.15660674646764794 -0.8070872714701529
v 0.5214096857936631 -1.5295869432930511 -0.305062586224885
v -0.07072005710526964 -1.377488118656394 -0.6991096269062067
v -0.11412727191223646 0.7130848487003042 -0.8071923403161535
v -0.9362020653113186 -0.8719367747540641 -0.5102048822477863
v -0.816403292640831 -0.08110583613648328 -0.6289223133806172
v 0.09006727394461266 1.3049544147253718 -0.20143458842723846
v -0.37558566323660686 -0.5355669258315721 -0.11143085675786962
v 0.5074758754053469 1.0957160268239434 0.43895972083954615
v 0.02024927530135713 1.2732599002004932 0.28552682512645106
v -0.529776939507672 -1.595520331341162 -0.3463910348353681
v 0.19874279906605496 1.292787542168153 -0.2643291758487577
v 0.14130242488522227 -0.8876632815396693 0.5406494345166823
v 0.07375133362012704 -0.8680098410304152 -0.5943633771962488
v 0.26946653185346 -0.723172321653674 0.552820357042207
v -0.8531470043816504 -1.2696991335165144 -0.30910180579966706
v -0.7779476919272134 0.5263954558993357 0.004405281046557602
v -0.34438440030188583 -0.9133350325338755 0.19381717386884845
v -0.6391308439174224 0.3993584301581992 -0.5880180365691414
v -0.004117368607754537 1.1320981973182767 0.524424685658647
v 0.8998542907563412 1.5690546521998745 -0.0028519358567270225
v 0.7375707363444868 0.7937590657026964 0.4561553488295508
v 0.4862748287608756 0.05418801930129967 -0.6215349984433187
v 0.5573054762080447 0.41371399388103697 -0.6987339779502191
v 0.44119595594589267 1.3494802461337392 -0.003630547062063616
v 0.06602474266494296 0.7798888839633557 -0.8178905715230377
v -0.2335028708801713 1.1586549527610386 0.35515167291159483
v 0.47508121541178683 -0.23248424626876707 0.3256197454912169
v 0.2637700115042768 1.3275760405370602 -0.04724139273991459
v -0.4784997725451598 0.22666029587416958 0.42976061131318477
v 0.44160490677396863 0.39914740953471917 0.740160086459944
v -0.7488371531522676 0.4260830769411085 -0.4808656066372929
v -0.021045775466224756 -1.5968733086677482 -0.3017163910844647
v -0.3636461263410669 -1.5960994576147332 -0.1264085608726357
v -0.13270758598542093 1.1706293846441613 0.4220724470714997
v -0.3184788644073714 0.8686651105469686 0.5909584863066378
v 0.4782997501768419 0.6941307283107403 -0.722635816018127
v -0.3445089896112372 1.1666557131346134 0.10418091444220538
v 0.8808875789961204 1.3265526845645785 -0.3105533835394621
v -0.33920360790724935 1.1381415945737299 -0.27589768958149335
v -0.23859961203683977 -0.8501994432069155 -0.9188209257399117
v -0.7061962268982567 -0.5812688027757997 -0.11608256206079887
v 0.7526165221539485 0.11316125850048288 -0.3826388269974304
v 0.31726345164404524 -0.10220402126365147 0.7074644811911843
v -0.2825374110801956 1.0941809160885705 0.41309105693136117
v -0.2954339881164797 -0.6341844410392153 -0.8040930780774133
v -0.2397955619193028 0.944421475988002 0.5985422918863381
v -0.8271099884734159 -0.9591976413956058 0.053347766042815284
v 0.7755189009817952 0.7976683216026027 -0.4075483394069867
v 0.5810823794716747 1.1563008079139208 -0.4349221327685841
v -0.25355864023140884 -1.1598663923327093 0.22758076153810441
v 0.9174034368328708 0.6488502208177822 -0.050195681468636094
v 0.16392698740378653 -0.5063931614850652 0.5150424254328815
v -0.15230486437494584 -0.8474507815419873 0.369518177307107
v -0.647225981988437 0.8888323404003482 -0.4804673085694526
v -0.11900736855578692 -1.029203550890587 0.39543808962939897
v -0.3666864625006654 0.31919752264586787 -0.7029405130402708
v 0.9362226798419369 1.5273254870570652 -0.005655703962442249
v 0.6777802672848422 0.8973509016980293 -0.4768574432175764
v 0.27108154788768224 0.8686240350390326 0.7013759584594894
v -0.7621600325396062 -1.4118226558859592 -0.4207161875431111
v -0.25011921904330403 0.06950031605828015 -0.6337473419717058
v 0.20729623615715648 -1.1328088803822185 -0.36328197468846873
v -0.008337109281666151 0.8119367822156212 0.7303243641430637
v -0.8051329218355573 0.3504649094707007 -0.12488508179979024
v -1.0026498953050829 0.8468616551097082 -0.27822882062766935
v -0.7582739439939423 -1.3692784490172236 -0.50864422408201
v -0.0019387543774938426 -0.6109403101465094 -0.3779569676650772
v -0.9312549810403399 -0.9898080312292525 -0.4013728671187732
v -0.4092668503658774 -1.1004136445637809 0.21839497276057834
v -0.3989467825502799 0.9545885087452942 0.4586074798766745
v 0.44485860524488274 0.21227979893413151 -0.7252124595979516
v -0.49451229154747206 -0.018924350243391626 0.18918541130084698
v -0.023095212982275782 -1.5529669688568721 0.4922961911176791
v 0.0363970747615817 -0.5271817831580322 0.46511552942003087
v -0.14857593763254318 -0.12183807566869281 -0.4743552154061009
v -0.3267338706585721 0.26624098162197957 -0.7096950540195678
v -0.3234817461089901 1.180284221172823 -0.13537582410911023
v -0.19121408073297907 -0.5804749322112066 -0.6556302036595881
v 0.007644622283856789 1.192301897504254 -0.488744445690116
v 0.07066445161625541 -0.9366981480404576 -0.6908492079011566
v 0.7396589460689632 1.008896990610989 -0.4289959926523741
v 0.40591359177362496 0.20481779951020757 0.8544208057875656
v 0.53675927680855 0.7583453942641719 -0.6621016499348913
v 0.1348387522457668 -1.3680120949463919 -0.47676206742368216
v 0.07708706794193751 1.2008274454771166 -0.48771279783939664
v 0.12264552610331615 1.3260989537551873 -0.05913037221120069
v 0.009220846915490993 1.0705875090192711 0.5917298229243539
v 0.05833945754764584 -1.3273304128384362 0.3756888318605112
v -0.1401260530485979 -0.24791376177666558 -0.22679829230608795
v 0.32777371441671604 1.1194749643513922 0.5269854364718497
v -0.7191121516504283 -0.5585167910176587 -0.9003944912681863
v 0.17120934866005993 -1.5049897391029459 0.2863797369351614
v 0.05313862644726869 1.038554831737937 -0.6737230819738789
v -0.6149867947118306 0.7280388672184381 0.24679223725963312
v -1.0502709197897218 0.9265476798454778 -0.1750863391726578
v 0.43011255547837773 -0.6547643261940502 0.4526890174254993
v -0.5410269645006036 -1.3123568354686264 -0.7984272300000439
v 0.5322015077373208 -1.5427453670953453 -0.2530031803603073
v 0.43542816767102444 1.3485503465388928 -0.08288685288583818
v -0.8526887437498887 0.5723958020717893 -0.4197488209428951
v -0.022443897463215342 -0.7211465889284178 -0.6684072010629559
v 0.8803092588773778 0.6433933395884962 -0.22299038158464035
v -1.0432380442587526 0.9930517295414588 -0.17061074031146314
v 0.9193118548363962 1.0831275736796666 0.03212318735501253
v 0.052407751124285654 0.87200381996398 -0.7817170223818612
v 0.006415677635906926 1.1116758962382802 -0.598368392773301
v -0.15124219875748607 -0.5813315484932962 -0.6020736147249088
v 0.7116817842064473 0.7685132523704555 -0.49737913167144776
v 0.8781076884286632 0.7802021135026108 -0.28125959809429957
v -0.7965255875359117 0.33543682067914404 -0.07018348429015354
v 0.04384941952172451 -1.3519043920918112 -0.5873902914817377
v 0.7625431288306777 0.03975097635828069 -0.2571493498090234
v 0.48423210920173 -1.425279568110642 -0.3108350770695871
v -0.30170569993590385 0.9414481658441568 0.5601626424740767
v -0.5833978288870173 -1.2912572491675893 -0.7852659654616868
v 0.4430644308970746 -1.3459160245004946 -0.23188894891321643
v -0.17294636279168446 -1.042190071772753 -0.9130852301048887
v -0.6001071343795583 -1.5050080503340537 0.14684518079792197
v -0.8868801693032061 -0.5605413912873223 -0.5129322191980805
v 0.14319523803456435 0.2891729578485352 0.9201655536057727
v 0.4712423828944118 -1.39737225380578 -0.11187524001008096
v 0.25619762645131566 -0.5969711057223829 -0.24490616126135906
v 0.15603569133944445 -1.3836938409448447 0.3084212767651493
v 0.2773356010775265 -1.4722773581360855 0.10684462274352417
v -0.3676846357318333 -1.5901874060138617 0.13835748371368056
v -0.6759950566109622 -0.5926307489307754 -0.8890787646567199
v -1.0109156694814947 0.7933056803882318 -0.2527002388921986
v 0.8898339014012125 1.2942660109297321 -0.0010823108428674594
v -0.20107978433182006 -1.126760339091192 0.29262766718714034
v -0.4942410588359569 -0.7440894290509975 0.11776514154732688
v -0.5764386781345442 -0.5650752444319681 -0.06471005769271759
v 0.08957333136460198 -1.3533742810627143 -0.5379141703772397
v -0.012816873276142157 1.2155928237653468 0.4014026948474331
v -0.9045454976458742 -0.22197741925119924 -0.6296333611336479
v -0.46557371327514224 1.0685128695677435 0.12538207625165215
v -0.36031847276170553 0.11015222802006362 0.5596764159474259
v 0.2475861270183889 -1.4501091176388614 -0.4132062219068825
v 0.36371280686189367 -1.328938154285038 0.04031093726050887
v 0.08007579099833988 0.721210831790596 0.7509651715699492
v 0.05091552014813161 -0.786066640356917 0.5363654317864298
v 0.5304724783773326 -0.25805728168478903 0.13418509503887077
v -0.6448026997676815 0.6378794133080019 0.19506112835194123
v 0.20658666635464484 0.6215432423361498 -0.8413656273858263
v 0.013656080452765444 -0.7855226394008797 0.5175219465500167
v -0.6410206051949131 0.08058651887353278 -0.6468773968016968
v -0.37476626443577316 -1.5447162429039283 0.3513424761812539
v -0.5782788992783984 0.8316434097494035 0.2470255039175514
v -0.7662855874577041 -0.8629946174822531 -0.8505127975082275
v -0.20249328085304275 -0.5999768348068373 -0.707519510855321
v 0.25157102711305007 -1.2676743604993874 -0.3449797264486803
v 0.7108420971757593 0.6443589787140792 -0.542103123614362
v 0.37260841828943136 -0.23020739631438675 0.44501797437684165
v 0.10551333482066107 -0.9754006432674303 -0.5942439319224706
v -0.6910703630424825 0.07843621603308772 -0.4161251357939564
v 0.44833334369214745 -1.5378657119175343 -0.3816248953587787
v 0.14797028502627685 -0.7330173147510836 -0.38934428850299274
v 0.15838632365480876 -0.7871084227254821 -0.40975633990016785
v -0.6033547866892577 0.25829315874881914 0.2773285760140196
v 0.46019572005408804 1.343966319853245 -0.18106338220804818
v 0.23657105776968318 -0.19108343566533148 -0.4514042561527469
v -0.8660659618115107 -0.7264532566412989 -0.14314111049606945
v 0.78982910889844 0.08541999289615972 -0.26723620854919033
v 0.036832052874125484 0.3854049841415566 0.9453940346091976
v 1.0494148409441846 1.2009547795517181 -0.07497989438482523
v 0.5225235998252299 -0.63357122593289 0.2954357155911125
v 0.8182036667031546 0.6043500136164683 -0.3871716052689714
v 0.39588504489939697 1.0062060457929596 0.6003046615067398
v -0.7341350004355988 -0.04496121259832542 -0.7190928231287034
v 0.330725008856074 -0.2335572959281863 0.4686441650758394
v 0.8201337549162404 0.05194696646014384 -0.06125666315424957
v 0.1984282451295813 0.8937020338077765 -0.752507364951317
v 0.3255099932695451 1.3220287164136648 -0.10881797459908088
v -0.7051386477338825 0.23759613161971666 -0.18044609793925426
v -0.14315377864337678 -0.23938746523146193 0.4207174351636792
v 0.7147130799154675 0.3829367683861851 -0.5527016411466072
v 0.9724181487167872 1.336765149904714 -0.23484667339704096
v 0.19220025761253007 -1.2248948331973368 0.30176245707467314
v -0.10823915543211106 1.2051573798384396 0.37686950318955503
v -0.47161123711684383 0.16318823287706163 -0.601083195935426
v -0.6014915133561367 0.05556886655196207 -0.6591552883953181
v 0.8992584463671568 0.48749107647027434 0.21816155254935937
v -0.6841743035024325 0.9746685011297166 -0.029744761892222513
v -0.9169082850206174 -0.764561999642809 -0.7304456328622876
v 0.9766881205141887 0.8221012429551269 0.018320492291327192
v -0.03613363488007691 -0.0821794040382924 0.7309690960643569
v -0.7288062978240679 -1.1166676645197613 0.14844578201604153
v -0.9665886320150398 0.6649042567937699 -0.2816901039669606
v 0.6430923847162152 0.7320886243884803 -0.5849024592922024
v -0.6694643003732655 0.4298647684364625 0.15802340042861612
v -0.1810100032418941 -0.7422202631099624 -0.8403738458107999
v -0.7921275714798933 -0.5613740340603409 -0.33910999797631314
v -0.38332492233909826 -1.5690424063241442 0.3339498776947827
v 0.33596228967120356 -0.3335381341160503 0.40157298545790376
v 0.525372205494748 -0.833106484792588 0.3057248040282947
v -0.8552817023679123 0.8111422782436626 -0.44521296787456177
v -0.12377214667051545 0.12432072543432961 0.8429929468782668
v 0.3087638541789999 -1.518060176863942 -0.40609263492223546
v -0.0932150782205351 -1.4174887342932798 0.4799807173537126
v 0.40000987043931646 1.3194593858097856 -0.17569272115710236
v 0.22663976771728284 1.250576373214462 -0.3786790328674329
v 0.8533406350938266 0.8034279907466968 -0.32190246960550456
v -0.8333351160602417 -1.2770450274509504 -0.08179940760447876
v 0.4631973991702366 1.2351079895273251 -0.37145646142761757
v 0.11421869370863767 -0.17141375689452892 0.6711525421377567
v 0.46582369804867363 -0.07910545890000431 0.6321233622635554
v -0.526715720099179 -1.191480579287162 0.22927382103740496
v 0.024893206968438678 0.763621120986963 0.7432843011100471
v -0.12493329753620848 -1.600779704637429 0.31538772129940534
v -0.060645137134231725 0.07884699030660945 0.8585412550584154
v 1.0413543483366392 1.3522417870817633 -0.05532370911032123
v 0.5260673412869943 -0.2516738214507841 0.18611605356741717
v -0.6600188721584268 -0.49881547884323 -0.2983200224030423
v -0.7078960619369503 0.738609380467469 -0.05113112817647005
v -0.05938830336804313 -0.6151985159222451 -0.5174164170441141
v -0.5373611481647866 0.9856246059109554 -0.4067811295342267
v 0.6414512838150374 0.009504219934842364 -0.4331169601656137
v -0.9190197004876615 -0.936996502103708 -0.13918943549684615
v 0.2004103879116027 0.3697005314487637 -0.8479897440303453
v -0.6889859921505234 -0.34228109436853466 -0.7369070597847205
v 0.0064622234801801 -0.06896854178381077 -0.6125140875224138
v -0.46956840239272274 -0.003216615348796331 -0.3750361343617446
v -0.6267400906477901 0.24310458756387365 0.17785240994305235
v 0.25525321606955365 0.5343426645592934 -0.8392140577306505
v -0.7149098584703082 0.12121747080977134 -0.571538734726879
v -0.390112784384646 -1.590888952656412 0.053991192761052534
v -0.5886378160790716 0.1130306422240792 0.07294304823943114
v 0.8465329070900015 0.2911314918105748 0.3955522565084657
v -0.6669063519078005 0.6168941858276574 0.0533522766710232
v -0.6856309868894757 -1.5540215729260454 -0.27614162819380994
v 0.9013286327729642 0.6808042404208353 0.17251280504717204
v 0.4692602401123903 -1.0140535023899533 0.17149184834501358
v 0.8389131124554509 1.2446222288150377 -0.0010899309254144424
v -0.4259923941199669 -0.47847544394408087 -0.27527149922125915
v 0.03467816072527667 -1.1658834743912558 0.4005154830701799
v -0.0688620813610227 0.49826395377545885 0.7954419426987445
v 0.09421774288574823 1.1143181070775015 0.5579880782121218
v 0.755030610370825 0.13039644565957909 0.4903222826314074
v 0.39101419984221336 -0.08251036898377788 0.6859097437127247
v 0.5118062704265718 -0.2658309175324735 -0.029433048691811653
v -0.6183526830630651 0.3400847831203689 0.29591294005550994
v -0.43097489162091834 0.04150921923372623 0.46061564994316373
v -0.6377097465078152 -1.2538857923393663 0.18178750118580056
v 0.01620210934326411 -0.11626959957812663 0.7169064160684323
v 0.09458410186704393 -1.579639042828456 -0.5757138297786135
v -0.7636743751910604 -1.4347824828424287 -0.18578510781609434
v 0.1534213888126243 0.8584109554856943 -0.7791440256929281
v 0.3726054431942304 -0.4675393010919324 -0.15069938783952921
v 0.1567645320811933 -0.8504730943829166 0.5487100230950407
v -0.09498760155294528 -0.6353808899699057 0.3512388852857725
v 0.9193244270128905 1.5445885633344 -0.12993598729620132
v -0.7170153813294381 -0.3659041948073559 -0.8278997898755406
v -0.6569557141395125 0.6161579745274752 0.137892620289989
v 0.785553820318002 0.32482609565949355 0.5142606855790434
v 0.3622715747757329 -1.434644380842616 0.028788163217217763
v -0.5094045048620761 0.7996202143843872 0.4406174054971991
v -0.9296709059962077 -0.7231953738429407 -0.45480807216925295
v -0.15606933870645934 -1.5474864596134417 -0.643550971648741
v 0.3701556922232675 0.8190677015290841 0.681914555546917
v 0.28070304415593045 -0.3490934097772181 -0.20956703995032203
v -0.28986370777463044 -0.5963833420756477 -0.7604711189794244
v 0.10529004912728794 1.2176635668018694 0.4205993142871195
v -0.05722205017848838 -1.213820434792075 -0.8031578233112052
v -0.5024829362799482 -1.5912051572908683 -0.23390460470311458
v 0.42555288618505255 1.021089928841001 -0.5764704828619507
v -0.425283860802235 -0.09788911593163413 0.21705287852417882
v -0.3129923857793763 -0.10282516355912534 -0.36439489062358094
v -0.8664279445237366 -0.18963300957529167 -0.7501854279090201
v 0.5109690402486948 -0.4876216735525154 0.08664733483153357
v -0.6832860552403996 -0.605075514573927 -0.06134745154328548
v 0.3033027118456196 1.1972167931645745 0.4330816429064537
v 0.5067388195620108 -1.4822179957456656 -0.3269437012439719
v -0.949124880767859 -0.47901368665134203 -0.5933039170039411
v -0.7580313489730067 0.3198798367375061 -0.25600482108813055
v -0.04726736244189464 1.0454728493999863 -0.6534812636046867
v -0.062417161418414635 -1.6008664238639965 0.25444356790331407
v -0.7270752338828453 -0.5595566923582904 -0.18589342047557206
v 0.046184024711328736 -0.7062579457280547 -0.48745676690465034
v 0.30507799913744227 0.2211183461162985 -0.7841936835687711
v -0.7196429470226058 -0.013741331325895091 -0.45082797061523855
v -0.2806736962813352 -1.1675831942649741 0.21609946608016356
v -0.9855907953935585 0.9309190352096631 -0.07046963086599868
v -0.7029064242075165 1.1250897943446057 -0.13057425078470267
v 0.3947753343894368 -0.444101213186286 0.3938013841914535
v 0.06634234847326799 0.41338416139114403 -0.8588853296169477
v -0.22853419317628237 -1.0034670387918125 -0.9349822762789227
v -0.7564373889351423 -0.644275407330176 -0.07457180729406568
v -0.6699225034225395 0.5501577715993996 0.1134220783787946
v 0.4172476296161993 1.1799077084795189 0.39480214863457064
v 0.5308527723206663 0.3564857151967892 -0.7088953484295482
v -0.6032477600386732 -0.4656344723968109 -0.4795884078645996
v -0.33826292119302914 1.1326939073483229 0.2554992468455922
v 0.39930830460260364 -0.28753093562755316 -0.19728356285538787
v 0.7598607638033243 -0.008862981351140026 0.25651237232941526
v 0.5279300963777254 -0.218290431754049 0.2646614076089739
v 0.9062425495309927 1.269745237895048 -0.3125915540820746
v 0.3722793343718794 -0.5294163099839084 0.4586926635702351
v 0.45340616892223273 -0.8659517853353627 0.40985685972963526
v 0.9171038159548898 0.42924291595697295 0.12689288717719027
v -0.02436874566991496 -1.5317867478788079 -0.12456809020466798
v -0.14034047103885589 -0.6595600644930314 0.29009737750996295
v 0.4253453013166755 0.475046713904537 0.6644053909110557
v -0.42446904940625957 0.687725079624785 -0.6609606721340769
v 0.01930361729902695 0.8869965723022142 0.7077491306223477
v -0.63147809290571 0.5352840038750415 0.30054980827075956
v 0.17000220858080878 -0.9729740404565471 0.5029826371087349
v -0.3553561483256329 -0.14710636536532296 -0.055847460224829296
v -0.9765888674994521 1.016827730679447 -0.2785532211695501
v 0.5782456741829604 -0.2119706577515073 0.06905333199703827
v -0.31795490215707484 0.4376717253503979 0.5570451457808789
v -0.2839456675950321 -1.3570386002538495 0.3194391291674301
v -0.10886759150936795 -0.18980376084566453 0.5573909286198816
v 0.6357349358959019 0.19624566730474646 0.6772614298759563
v 0.6236366632757685 -0.14238761485247775 -0.1639945316619298
v -0.6716376170146523 -0.22071523031364892 -0.7611982898290284
v -0.10697593000978103 0.3827128300912841 0.8381062666369489
v -0.6687364577279712 -0.6557506182385768 -0.9096910303638386
v -0.24554766856333765 -0.21610066571532532 -0.10890204503121138
v -0.7419657581111418 1.0278957182344048 -0.3680289406203166
v 0.428059758983874 -1.0717105210839042 -0.08970730661945846
v 0.7240453009593689 0.4731452249937056 -0.5496290204055376
v 0.11336846908268945 -1.586157802714536 0.32376710572416906
v 0.4740901248266135 0.41768916253526656 0.6728770992578622
v 0.08644057531214773 -1.5991083345418518 -0.011835015083173125
v -0.6525709228615164 -0.009067533541828363 -0.7023448605927124
v 0.7416267316173697 1.569750939641876 -0.019212732939178162
v -0.14535179817201282 0.3592970074142385 0.7912451774374494
v -0.6075697288225226 -1.550999874298319 0.02651338623239681
v -0.24375687238814475 1.0710667680649026 0.48294972800513825
v 0.9145448885871328 0.5165589850101145 -0.019450894108556105
v 0.221233194388137 -1.5626836105890636 -0.4474568998401056
v -0.011376581703948202 -0.2033587360470036 -0.40820790841595944
v -0.3312927337970687 0.7824249702776342 -0.689190390787911
v 0.3815042792410827 -1.0044237526317927 -0.22168371977237622
v 0.1688373532417365 -0.37813195124830035 -0.20385493394111825
v 0.5322522954915258 -0.720675180295284 0.3086037172805376
v -0.7316062846797535 0.29359726990729773 -0.6508290334125949
v -0.49303819905496266 -1.5893228433484612 0.029941214146299147
v -0.4887613749415176 0.4429648419844927 -0.6447462305413507
v -0.7702269359974556 -0.8946674426034086 0.0940694871739272
v 0.48662473834483444 -1.595254568965984 -0.21990528463788928
v 0.9395820997603795 0.7916501070884634 -0.18141392519937227
v 0.418510451961115 -0.21517589096188966 -0.2964502806371296
v -0.8163907204643366 -1.3386864855796603 -0.17189342861465626
v 0.7547069392071225 0.5830828814702105 -0.4984604348207794
v -0.6582662339784566 -0.23621071615835854 -0.7164051413183136
v -0.9457728889903374 0.8273931503569787 -0.3622118233476001
v 0.644397760519586 0.057275131635122364 -0.4818527432249733
v -0.13103159009666016 -1.5882828844253416 -0.3213322686175363
v -0.8853458071401739 -0.6790739058577911 -0.3095428684617509
v -0.46852802119802633 -1.187769695057591 -0.8845422051351493
v -0.35129617986109446 -0.1621510954958424 0.02150918013355961
v -0.2132183263050607 -0.829115999196614 -0.9039933775590627
v -0.35055392239969735 1.1523925884987942 0.157492355532325
v 0.4203324770388368 0.409025339815128 -0.777557109912733
v 0.47750177206145517 0.003933613292229063 0.707682258159895
v -0.8999664422483364 0.8826216276296251 -0.39346001600984604
v 0.26422049850019075 0.08917406399155113 -0.73591161212464
v -0.6808294135650681 -1.0040260879713179 0.17241898398044742
v -0.5508902496349587 1.097619511927684 -0.1480618795701415
v 0.15885078400108593 1.320864532870283 0.10515459592191238
v -0.8769634860085344 0.9624575971635233 -0.06845948380076299
v -0.4700008852641302 0.6982796617188689 0.5223117346585959
v -0.8345172269514795 -1.2608391848430631 -0.44715735573877485
v -0.1591206155387323 0.297549827838 -0.7926138555890319
v 0.7488127381774571 0.21626631133845003 0.5514498170568537
v -0.14406191205784963 0.1323609873945084 -0.7249380598496097
v -0.3293605342260983 -0.118053543437276 -0.2754305612466166
v -0.7408142619092299 0.1199354543022688 -0.5070668478006206
v 0.2941835460064325 -0.8074326032463347 -0.311028266316024
v 0.40397106574318287 -0.7376036831245671 -0.21417308234045707
v -0.5531172907374261 0.6335046413828761 0.4404935647601885
v 0.3431388335091356 -1.3606879288040041 0.059968408543906185
v 0.3048341756901012 1.1415095942828488 0.5077180865430306
v 0.9209034731864251 0.684852442863708 -0.1049443430649358
v -0.16367742490183204 -1.5802177084421252 -0.6216099324540578
v 0.3325492412624932 -0.47060138423774184 -0.17648854952627938
v 0.6290792448539274 1.1365753701008035 0.11066126680894879
v 0.004803751861861133 -1.2303055524656012 -0.7403029678062408
v -0.895641037709384 -0.3667739590908176 -0.8826380866240434
v 0.4884054767788316 -0.5486828729520615 0.31218221937074686
v -0.6540818297578674 -0.48702669290064743 -0.6855236723264524
v -0.72196041182502 0.28604789865527824 -0.307441433959252
v -0.2327104974602599 -0.6070878113853725 0.06038751308399064
v -0.067172515199313 -0.29956417842484223 0.341771422172284
v -0.3132674189350837 0.03366919077765372 -0.5675530476715517
v -0.7479208238303702 -1.286925376195845 0.07430178381479345
v 0.8567631078363672 0.45778369520968987 -0.32074630922208414
v -0.7384284274996813 -1.4628410279543127 -0.4034120549520028
v 0.3605465569957253 -0.6324285206574429 -0.21516173526698185
v 0.4020804983108634 -1.2560853665951717 -0.10810761783590321
v -0.5387409589306693 -1.0224311785342468 0.2142376515033993
v 0.21285388674002365 0.7145960435090941 0.7368128548347439
v -0.5639275774654924 0.45180580763114564 -0.600607948469775
v 0.3783440563419666 0.6015686834868172 -0.7914818606563083
v 0.5059119542319308 0.25096484666731267 -0.7033238204671308
v 0.330955127671328 -1.2665194477365351 -0.29733463248415726
v -0.9508586894743314 0.6298257922106627 -0.2898175842019341
v 0.9096555211630529 0.3830266738437421 0.1874164005001902
v -0.006413355142233977 -0.4088053747118824 0.35479984391137737
v 0.2990360798325082 1.224441217552921 0.3906670542176672
v 0.5758893795896329 1.1652081277806365 0.1732677690442016
v -0.7600357953719541 0.7695375872452292 -0.5018914489656711
v -0.5052420395693238 1.0930350245821339 -0.028198748872500068
v -0.6983018597679007 0.22701339168911772 -0.14029565266921554
v -0.29269333041735013 -1.5151564455594742 -0.7185898976806021
v -0.620208297925314 0.45951804135271457 0.32716748598557216
v -0.9088891558334468 -0.8630407218607868 -0.6549371792252264
v -0.8172226722475021 0.9015970919279855 -0.43724278380198767
v 0.601428825221128 1.4424388807450321 -0.18820382182615425
v 0.12667591636330822 -1.2241886031791152 -0.46260383888640016
v 0.029817930040003618 -1.5997773854671424 0.14232167330691053
v -0.9447400319073751 -0.5196609920141047 -0.840350563291582
v -0.3364789965280424 1.0057154621914015 0.4755240247426661
v -0.8922756676005393 -0.7877724255860126 -0.13473011328552514
v -1.0130270465602136 1.0483482309263132 -0.2181374830694755
v -0.6880846534696062 -0.28271765386396763 -0.7754128340393402
v 0.7290207733968135 1.44938196598342 -0.26816353612625005
v -0.5483478100528637 0.36539773763333866 0.40473637539384677
v 0.14396668981725608 -1.5476228341386216 0.3321161825662081
v 0.8617108255147112 0.6509608301299976 0.30047681287044165
v 0.732301074977073 0.0671967286354163 0.467621999141438
v -0.15962657366452235 -0.11513255658064273 0.633292248376771
v 0.19989277892912244 -0.5107272993679945 -0.21393695575231333
v -0.6221553153898013 -1.5754751187793472 -0.09153128950176405
v 0.22810837067929246 0.07299396075569285 -0.7337532285417457
v -0.9915664564492427 0.6299395176239898 -0.11539101557695633
v -0.22385352388200952 -1.5480590598717334 -0.03031342734718387
v -0.7713967818188004 -0.8284583879922252 0.06775073934724256
v 0.5633238058871596 0.12306375730900289 -0.6102234369651336
v -0.6716339701237608 0.7209438026006874 -0.02599439527021037
v 0.9309643430304494 1.4977450943761554 -0.16941031818911736
v -0.7515694613906719 -0.270680533845836 -0.8541137375745009
v 0.38253101338617984 -1.1216268219190069 0.16455657513079858
v 0.8734324702765649 0.17046869391123892 -0.07480563058269898
v -0.4162698597798614 -0.4703469464184902 -0.3350344630459167
v -0.15596499923863705 -0.9520970872473552 0.3710892003206801
v -0.4456369669261058 0.34415373445299796 0.48016576827521273
v -0.2805587424416024 0.5465468889569063 0.6316495927484236
v -0.0414274233098623 0.9951278661376682 0.6435622578163419
v 0.5279879283895996 1.0565854633829583 -0.4919197360068628
v 0.2297780324943996 -1.590155946781382 0.051462592170182744
v -0.12967412133602857 0.4217199174843478 0.7777856356124923
v -0.8331564184065579 -1.063448796875798 -0.6614382037050759
v 0.7524344463276493 0.6452562674266905 -0.4887206257343457
v 0.14676197410310787 1.2964523220191901 -0.2535140329975569
v 0.5136557623509553 0.8115130134940282 0.621124358528935
v -0.5194708450424378 -0.4706459146949434 -0.27370744368870503
v -0.26706125375721096 0.16188189736556147 0.67812445700835
v 0.42970991952979287 -0.9462767261611615 -0.18275058748775969
v 0.21885693786571925 -1.304153672650573 -0.3770152828544025
v -0.18812383975065478 -1.255305699710893 -0.8523633259173908
v 0.6396561497590998 1.0308611395774268 0.34009116517942894
v 0.603053054453392 1.467156202004606 -0.12560541952751308
v 0.5130056560641378 -0.24323324603569346 -0.09754501258185795
v -0.966121964340065 0.6560345766798871 -0.04756469921452792
v -0.3092592747095298 -0.7957209586431887 0.1949208958000816
v -0.1605200427387788 -0.17750203010211024 0.5382906638763812
v 0.45110271585850703 0.9874286844466583 -0.5887585089734179
v -0.04476325360248571 -0.3582701197158406 -0.10847535879690515
v 0.8736722053672751 0.7175333645980887 0.2365959909868836
v -1.0178213452970009 0.6960750585924655 -0.11957824133944578
v 0.008261253951122746 -0.975137452910039 -0.7957431566922205
v -0.8072688290540622 -0.09666721554135366 -0.6965223305661463
v -0.04860170223660904 1.3014042816074658 -0.07040579108123474
v 0.009160845963244416 0.5592859586950024 0.7899314521733533
v 0.9023487449319689 0.4336327936880545 -0.15475450018093317
v 0.4389181270892204 1.3070624520198006 -0.250871937323311
v -0.26752527263774867 0.2308608423854943 -0.7251763169898006
v -0.463657905519021 -0.033142311014644 0.29448719765855685
v 0.6387990728171081 0.1273922904964569 -0.5448890027605462
v 0.43431605789074085 -1.080393384413329 -0.03607539979078833
v -0.4416556561398484 -0.5439353120011734 -0.08686342271393666
v 0.9481866892947749 1.0144900736179916 0.05535532189610175
v -0.12181280655364721 1.2365339430600668 -0.2928333134450962
v -0.19585071861827763 0.9870550316835797 0.5933958570427321
v 0.39728928983425277 -1.588312289882425 -0.06534974154925038
v -0.9078165860280922 -0.8471054977512119 -0.13286401841050396
v -0.03744891487134254 -0.49505403718940527 0.3524342977316831
v -0.6745540548547525 -1.1462734510777735 -0.7930769147614402
v 0.8929415706831657 0.5517444762438062 -0.1776094694271903
v 0.15304090292766465 -1.4662196804236676 -0.5368630596456572
v -0.6283913068726512 0.7342339175524901 0.15140335294656537
v -0.3381017861981124 -1.3730191801696172 -0.8142922802512013
v 0.1953588490078263 1.3284254014256922 -0.007968255059234167
v -0.8969167201432329 -0.6467161370447231 -0.44775964936658835
v -0.4208692993780666 -1.5896254393216434 -0.00024323802538220307
v 0.24141069311850055 -0.3626521470344243 0.44405788236424604
v -0.3517785291669026 0.43842281212658485 -0.7312805597406542
v 0.4927589623776487 0.4479169167377439 0.6431772804973369
v 0.39653732012658677 -0.9982970335165499 0.35722343323873434
v -0.45232073902794495 -1.5709677535790711 -0.6593996492792117
v -0.34720811114252875 0.1705092319826224 -0.6529167248946816
v 0.27197332787563105 -0.12017027568735661 0.709858952973897
v 0.40002236583916057 -1.0444942158263322 0.2844216060505361
v -0.2932214961892532 0.41858238208540943 -0.7605628670765898
v -0.39496645066631436 -1.5907864366340358 -0.08923468875408183
v 0.6296374878786041 -0.05652861306963101 0.4644124472444736
v -0.5832659266017203 0.6455170585137584 -0.5785025112725354
v 0.19984807572445762 1.2950340269573208 0.2480616623964787
v 0.5831794952875915 -0.07719026535708588 -0.38302288299663123
v -0.30808535972571655 -1.4405412306667185 -0.7689518677768096
v -0.12223937762297793 -0.19468817617579703 -0.3635538791956744
v 0.49162629564923455 0.9484359734813722 -0.5917591516047866
v 1.0241687205053425 1.2548728905387212 -0.012805875020979879
v 0.9768461076664413 0.9522434235429177 -0.2238872096373495
v 0.46032643230130477 1.2222678433290464 0.25385649524643195
v 0.4538091695599067 -1.597260570092101 -0.27897495530990896
v 0.835646477118953 0.19471940507832586 0.36415024182724853
v -0.9290225079898605 -1.041720217866789 -0.24919715066679315
v -0.7906286801293216 -1.3950441938256177 -0.26016417692654387
v 0.05792847213833567 1.0821191891540025 -0.6355114198725779
v -0.3927388913214572 -0.6133519990930625 0.017962060499179908
v 0.4307388034210997 1.2950149287655468 0.1347079056394121
v 0.2441029815279112 -1.2112085315355783 0.2636792423094034
v 0.029595316142321054 -0.45073598259104086 0.41837140944733575
v 0.45862463945802723 -0.7359948476106978 0.43561229727272033
v -0.6587294083158405 -0.8140834957476624 -0.9129565140505812
v -1.0178567009444859 1.0363846629392144 -0.1076036750971848
v -0.07993943566732278 -0.5077179233926488 0.241905806542429
v 0.41969125764929704 -0.37663996979625997 -0.10506213764073145
v -0.573575446513135 -0.056140295966335935 -0.6441975462096424
v 0.8757009131877324 0.17019788347130071 0.16081505701773902
v -0.6273104451890592 0.7871941630497578 -0.5315882158543451
v -0.6320727856451391 1.0078251117954875 0.0018724193515935322
v -0.26424573882399255 -1.5593907752206349 -0.6788850832833428
v 0.49689566910420946 -0.9821687353255135 0.12446486399827571
v -0.7317945986088933 -0.9693507967733478 0.13832581334541222
v -0.9657983123705252 -0.6837031731846563 -0.6263904497821076
v 0.2971191780091195 0.4107701083884376 0.8546745526169641
v 0.4627714615082713 0.8521720464901313 -0.6679301109576967
v 0.07149761263166389 -1.595210518362847 -0.5302398643209423
v -0.5109365253372729 -1.5573155599442294 -0.6515773754235319
v 0.38712824565568754 -1.1639291823391482 -0.15337138801908554
v 0.8545526696845376 0.28604254348391656 -0.2928397434895628
v 0.13390443799352547 -0.48368088164347883 0.49764690943369716
v 0.9995164866511005 1.0294006173578663 -0.21199698254549526
v 0.5982252235145655 -0.06797866043088044 0.492520321354206
v -0.7758418043789943 -1.1910093434014914 0.09123594892203972
v 1.0264973371162194 1.1314341752635837 -0.001001503418376723
v 0.11454021512613045 -1.2528386356052765 -0.49386880724674703
v -0.21646563311983347 -0.03009377894762094 0.6775034682661768
v 0.8627481932258816 1.0469651763469532 0.03691357048263193
v -0.7321618981041557 -0.42486561040238563 -0.8604961613237262
v 0.5699922610472543 -0.11389021440720723 0.44813629641903063
v -0.5651436620245089 -0.8407401760008516 -0.9269036643818953
v 0.23323545780701083 -1.281259988778378 0.23244807486937208
v 0.12323440301148149 0.31567545139366404 -0.8435531285133646
v 0.0600551277704737 -0.26946780826527206 0.4654370700316861
v 0.309182785971621 -0.13917906105196792 0.6671271615541997
v 0.21470378174182153 1.0573169721133069 -0.6378406315024951
v -0.21781999242612599 1.002385447730042 -0.6222967763680666
v -0.765157143445059 0.8440127615277513 -0.4794351424763434
v 0.9629651004194016 0.8939567019569791 -0.21264046684622023
v -0.6069999884944562 1.0807274396189908 -0.26106184952240685
v 0.7802341581570496 0.7534930331855595 0.4178067747665176
v -0.3749601446720632 -1.5913966766451602 -0.37236616876342254
v -0.16453538477530277 -0.7104463615286245 0.2946397912511225
v -0.07594211694946788 0.6066519695355124 0.7450230427163044
v -0.059567922341531104 -0.6849138257956608 -0.6741053529159591
v -0.776462581985379 1.1384360714161377 -0.14860772316578705
v -0.3371164538617151 1.051471389897474 -0.4707253881251344
v -0.2944960077791843 0.9994805647758193 0.5191559456110374
v 0.11753519547953613 -1.032424312178502 -0.48401206732183416
v -0.9390015339246144 -0.33189820405879034 -0.8046526454993085
v 0.38534163380793857 -0.5443829006785368 -0.1649182315422606
v -0.42552344233964434 -0.10583995228832067 0.11176312690641095
v -0.5536588732289773 0.8640615250096446 0.28199062697058325
v -0.1791346375863434 -0.913652619148038 -0.9144563843034448
v -0.03714841106188242 -0.9580806946863504 -0.836205967764198
v -0.18249939348198524 0.24904877019291527 -0.7695673286001576
v 0.5801912136969286 1.084251161569177 0.3564522693684815
v -0.47743278824111796 0.6392689939026412 -0.6372895287063007
v -0.9387003007369759 -0.9666859944047617 -0.28583030403111215
v 0.30501202880063116 -0.03374458544829498 -0.6412288810531434
v 0.33550022859524975 0.11236289650184438 -0.7280718715810062
v -0.4110100642120174 0.18686524971858942 0.49325445968482884
v 0.19272516037679338 0.5066118789677426 -0.8551039260340326
v 0.6318509587081225 -0.16083451030152085 -0.05344181743949104
v 0.2410342380076842 1.114015856599246 -0.5748849682556244
v -0.06573383593677634 1.2642328087592354 0.25682648480014947
v -0.3478400981398642 -1.5966853402335348 -0.4436799109145854
v 0.9479516951622238 1.1717058316703586 -0.2960903517003005
v 0.20074190948780324 0.23486593473919692 -0.8138510640358168
v -0.9407494887289133 -0.8085977656920083 -0.40507300261729545
v -0.2915020447163957 -0.21381300944740855 0.10097827244377229
v -0.5858195371864408 -1.5696550647997547 -0.5621112914423841
v 0.14456305244883028 -1.422444340772447 -0.5210734424534663
v -0.14825965622143666 -1.0094575177410139 0.37260193066247693
v -0.4836445950791084 0.9792247346679387 0.27775652906305665
v 0.19956484666132568 -1.396845527596071 -0.4174821630888485
v 0.3747452084394152 0.8451438927231585 -0.7173343499233067
v 0.2200313518977598 -0.2837908186883624 -0.2848710949499957
v -0.03566767738911793 -0.6854175573985908 -0.6340322217328203
v 0.22796276376190844 0.48352009214348857 -0.8486367600569864
v -0.8877769397734275 0.6598491669699149 -0.4097035367588914
v -0.7359060650116523 0.650891116931482 -0.5242686946993035
v 0.2123924014889474 0.5724773772627836 0.7577940323467826
v 0.07227127174305309 0.5313147470228886 0.8724610537080432
v -0.9307168726922169 -1.0212888187537263 -0.3128631706768415
v -0.18086806240956416 -1.5297103809526473 -0.6631549871893337
v 0.26173946104421125 -1.0479929853651553 -0.3312930217095075
v -0.17019305613941016 0.3029628695999377 0.7805722249426922
v -0.09969681256698479 1.2644742137420906 0.2194561796216815
v 0.22487931751313983 1.2089394168287202 -0.45868083996608167
v -0.6608393458323654 -1.4471961155538642 0.07621400226251089
v -0.3312960543871962 -1.1666213939719083 -0.9131893968252477
v -0.5980651633927536 -0.6473583545307173 -0.8851935782366974
v -0.4175555999549058 -0.09912475934232681 -0.03518939724577816
v 0.6164236313347589 1.0296237111096136 0.39192317779984
v 0.9780907339452246 1.2821755695279342 -0.2450046657037549
v 0.2367519435579019 -1.5683306867754228 0.10774187306781026
v 0.02590452820097855 0.30181166131046466 0.911779009758364
v -0.6396539040420773 0.15766505501020045 -0.32026791391376885
v -0.24043601354233912 1.2291809472854736 0.033845921029672335
v -0.13568118404170482 -0.2826093220103273 -0.12191511144023526
v 0.9185050474062195 0.4537406368023904 0.03680207159216477
v -0.9565549794935636 -0.707797739839099 -0.6685655912926229
v -0.06368583798291934 -0.26652722416863756 -0.24858879168360215
v 0.15902980795553373 -0.43385636729386645 0.4791754646507054
v 0.7987196722612175 1.3060203241563089 0.003938421429957026
v 0.8298460779618497 0.6605529401353253 -0.34360206542900734
v -0.9201138253376011 -1.0027489083927872 -0.4614287338645065
v 0.9437604386255913 0.740343074008966 0.04757172427803465
v 0.08636640906791203 0.2920760365514749 -0.8380430986478756
v -0.06277002690341175 -1.0965744089689915 0.40988424979964666
v -0.1816090338620679 -0.9754897617643211 -0.9200342463395159
v -0.9218803025087964 0.5272665445800159 -0.02921765179926175
v -0.5967909589094239 -0.9572026385246512 0.19499502365599208
v 0.15267845955553672 -1.5160735234537126 0.3259411325495715
v 0.6774436784497188 0.590876172140384 -0.5942415326521473
v -0.27741349098930407 0.8450671928494613 0.62806074500458
v -0.5966390371125488 0.3501470925265872 -0.6097541396898845
v -0.6309592746909868 0.3968215952715797 0.28872651122384574
v -0.060399240717331264 -0.9890818968644284 -0.8567080013955805
v 0.4068062546930528 -0.09721171554561812 -0.5175672063853967
v -0.008693084221002331 1.3111972009417774 -0.034388578394328545
v 0.1901459831675072 -0.6935804316693746 -0.33037479216551396
v -0.6237962435435158 -1.5858788731438234 -0.2136582565115519
v 0.7996404738229976 0.010665351606372803 0.07254070020328506
v 0.6584144513019524 0.9934475899506506 0.37700914072237457
v -0.274131308381111 0.9263633774963186 -0.6482920833609999
v -0.023402089253714748 0.8438393806571041 0.7195615637732373
v -0.07339136629497285 -0.5394981014651525 -0.1058234357114147
v -0.8119476940970518 -1.1796584146958407 0.05002191671473706
v 0.9985772203049116 0.894013670231537 -0.08730131833919363
v 0.24396628070196746 -0.8464177517115616 -0.35771115691006694
v -0.07457142341081394 -0.4502831347131287 0.1641924042840378
v 0.8365086980965182 0.8919424665351124 -0.3601270493782266
v -0.4841472710030961 0.5721949159661551 -0.6435473631461746
v -0.8910637673689666 -1.0980301134537427 -0.47223998030070213
v -0.7243826767551584 0.5836955207516583 -0.5289070216709096
v -0.622371652796318 -1.563826296670348 -0.5255739745318613
v -0.06538839859270035 -1.2806036443887197 -0.7692005857356102
v -0.5594310761612405 0.7803323650899253 0.36411052910485625
v 0.4702723291114337 0.22722233934303848 0.814422704585979
v 0.06054131590879924 0.8284293280300686 -0.799716885784256
v -0.7144968960622516 0.06489202795112244 -0.586647688525414
v 0.7691790306910251 0.38641935724594784 -0.48077422322921676
v -0.7087938688919515 -1.508040267362878 -0.14770450345693648
v -0.1485854387430237 0.7522759313359257 -0.7862719315228649
v -0.09004030614617817 0.03928346414015217 -0.6792515190412889
v 0.3764036800577342 0.26952955588631405 0.8685293790262354
v -0.21583769609080383 -1.5927748175188978 -0.3035245963651239
v -0.7327683568652505 -0.8240802954769718 -0.8859152595558013
v 0.24954095650704922 -0.30119635404041717 0.43955404888988614
v 0.02776346365335483 -1.064450079561305 0.4583430802870404
v -0.7485429642222986 -0.275064960434743 -0.5557896748002341
v 0.8140187442401755 0.27216558620518255 -0.3759228087024453
v -0.7266523288985687 -0.6958788558625025 0.011386716221794005
v -0.408468066095662 -1.4238521174332188 -0.7789088012304259
v 0.7247605714281687 1.060410514491596 -0.4322452956600559
v -0.21726612567051912 0.7345073959810279 0.6872207817940588
v 0.42892349630028337 -1.0407762489507666 -0.12659349662916025
v 0.31479331647241504 -0.1821184757283674 -0.43623729759487423
v -0.8816611805250218 0.43999153184064765 -0.07609158189353188
v -0.011686221934799679 -0.5209663294291502 0.4091614936074379
v 0.2517519704837566 0.024253628679800132 -0.6993909941355677
v 0.3644953720647231 -1.5257923149321135 0.012130163721271459
v -0.4844160660559627 0.2919201799512695 -0.6277308357380369
v 0.9954554241192947 1.4891680676592347 -0.07154861152165728
v 0.42089891597093804 -0.2670836629420311 0.3507107003197069
v -0.21152075617755228 -0.5172190530673146 -0.2710706839916582
v -0.40914947806165863 0.06238177697968571 -0.5469370007144032
v 0.5986097977561561 0.429617758758132 -0.6702442743641459
v -0.051061549337092636 -0.9126544843051952 -0.8391216186436321
v 0.8922508495483145 1.2154466026347601 0.004534515343255038
v -0.18495317522709143 -1.596365450319862 0.21947585363833305
v -0.3097899549167317 -1.5951305554815103 -0.5930744124018898
v 0.8217984646374001 1.5832746475523611 -0.10660458054621276
v 0.4614184457933599 0.8018604610707144 0.6443867238760985
v 0.737633539644471 0.9971666892818086 0.13646795276614077
v -1.0338776653783361 1.0245699456829769 -0.13240022985991728
v -0.6771937512586751 -1.0880448494161479 0.17881875925265112
v 0.874039620027513 0.28282936389022323 -0.23040660293079465
v -0.006134579124822202 -0.7082612020889216 -0.612083063407363
v 0.30600427103555966 -1.1120462284112314 0.30283201339650156
v 0.6484454447200689 0.2777356170229183 -0.5982630744031868
v -0.03320207203985827 0.5339033485660049 0.7904804244175005
v -0.24517198121902473 -1.0726978496132105 0.258813406928655
v -0.850355597316641 -1.1867625773466575 -0.5060024163202028
v -0.08903691210278666 -1.1805617687638292 -0.8384688059798899
v -0.5620004067651198 -1.4049498212826395 0.2331479516197773
v 0.4047164518530815 -1.1058420992382758 0.13496199796373715
v -0.6245971391716159 -1.3658170889012822 0.16099181606100155
v 0.9677915493785217 1.2212961964305735 -0.2679775254966206
v 0.9130384347365018 1.1625615790606705 0.013452967824271148
v -0.35993602907216204 -0.5086445407856928 -0.6158156178464945
v 0.31593179903209295 0.917122002423941 -0.7037290476276649
v -0.5834234722882333 0.6187795324477533 0.39455475507298843
v -0.5299536985509345 0.5347027662435857 0.46583285366422744
v 0.5438624029745872 0.9626233771457863 -0.5462410779614909
v 0.5770860012677865 1.0724684601761345 -0.46844919077228203
v -0.06928466004453535 -0.8311926348410507 0.45661658455651355
v -0.5223589139102346 -0.4526636715338033 -0.363242377131052
v 0.7366085905564945 1.360135232892315 0.033033297768231815
v 0.7352738092960406 -0.06550677859045488 -0.013330950532706429
v -0.7381082112852445 0.2237554705024345 -0.6446773043035013
v -0.5420432186329283 -1.583474861862305 0.02678262275100292
v -0.3414752562435686 0.5017979062143039 -0.7374927120735711
v -0.6762400125138958 1.0864875694229867 -0.27969258666070707
v 0.10904859246256211 -1.3424337427473334 0.35001781024448325
v -0.2151792019549359 0.8249479484025489 0.669423531971931
v -0.9052914787748132 -0.42697349414351365 -0.8893140850900348
v -0.3081702747010009 1.1951277388969441 0.012723570451807303
v 0.8939392064777811 0.21752830833437448 0.07584257602229229
v -0.422519805418912 1.082806551310401 0.20013927036506313
v 0.7727760743422932 1.308088802281646 -0.36042981809887203
v -0.7921721979079077 -1.3749309187632701 -0.14723964003324494
v -0.8728418466996043 -0.927032486004097 -0.02013602974209462
v 0.36241806462459597 -0.9695344081326539 -0.2521373508801759
v -0.5152465361578304 -1.5610451968706478 0.27938739947557567
v -0.1491008403968065 -1.558449551069862 -0.1369096872239152
v -0.6473742568944205 -1.5172567092180553 0.021733943777451928
v -0.05291163628051637 -1.455083380844063 0.5011437403620992
v 0.5109443373614455 -0.771915513659792 -0.10043450181768616
v 0.22594286606207858 -0.04875904638441492 -0.6470011799562195
v 0.47391611054860083 -0.05027056749396876 -0.5290767172623402
v 0.19737490787513873 -0.7524523448842617 -0.3630788620599744
v -0.5206111318533988 0.8244778065841459 -0.5434418780664714
v 0.5872347419881336 0.6537018333240537 -0.6596611889386204
v -0.3145974976257038 -0.17399431608352137 0.3254545605279942
v 0.151251815032942 -0.2864953337793409 0.462535450085103
v -0.9124343176632427 -1.0028678354241753 -0.1148571299446024
v 0.4362870680584619 -1.592169606378371 -0.1082685033067064
v 0.38774802516561774 -0.14272802332595597 -0.4623914170890512
v -0.3319245096586157 -0.05924604583203047 -0.4319530261463455
v 0.15843398276051196 -0.8842531698378348 -0.43563291180333863
v 0.7362899098750645 1.35636874317373 -0.34095714821286105
v 0.7861170346307887 0.9049846504887806 -0.3990851148800435
v -0.7853544505512122 -1.3982091192945678 -0.19869892121038146
v 1.0339821392052968 1.2691433473446487 -0.15755034109750005
v -0.3074919146068555 0.1451951258198974 0.6172680593236058
v -0.4457605773331654 0.5245428737147756 -0.672555328316256
v 0.01045194130965059 -0.5232009138375143 -0.16463663398294853
v -0.24454494631563667 0.47321203987367044 0.6256771947003792
v -0.2596387175315656 0.7003508270269684 0.6678536989964382
v -0.5903196853815841 -1.5767182671076112 -0.01885982906585587
v -0.09554524955858176 -0.28506655870469905 -0.16968920937150467
v -0.5640594797507894 -1.5365793383351247 0.22374897327839877
v 0.4104990388273043 -0.6347995371734745 -0.1794611110977836
v 0.7134911603310244 0.5826543142079708 0.5202050601497108
v -0.3701492237904758 0.7830446538167515 0.5876484337743686
v -0.18094631701043085 0.951864050919388 -0.6804409429084723
v 0.2506730090222605 -1.599527631023562 -0.10010839299533515
v 0.05489329920847308 0.5187107849952414 -0.86011147191716
v -0.1290158383359491 0.9640693501901058 -0.693319189519486
v 0.5397693053854238 -0.9026452083702045 0.07065324222530468
v -0.46885789207624434 0.44202647776394544 0.4798944587870472
v 0.8539691287535713 0.12384563152197926 -0.08517009449635993
v -0.5241861981885051 -1.575027107830407 -0.6166787985321889
v 0.13873057984604426 -1.273003869265747 0.32046849291280166
v 0.6710698920736576 1.1200529389752083 0.06125405274813771
v -0.5249774391528238 0.2226021508550769 -0.61722698381567
v -0.23145790560400298 1.126366801175673 -0.44436161079302094
v 0.08591523108214495 -1.5001286254861939 0.4478064063466499
v 0.40354793042895515 1.3195787159185883 0.08008502339054414
v 0.41523903727813316 -0.24497720845417437 -0.2387732040432755
v -0.7878747592638445 -0.09652066811000286 -0.7295343324109881
v 0.36432291251388005 0.4412616863556714 -0.8041874749690155
v 0.08592722743376176 0.6411367778639702 0.7598456196090433
v 0.7802536594262378 0.24483805077541954 -0.4229439580237568
v -0.33971401907875953 0.5633778086635978 0.6001650431680828
v 0.407190848128806 -1.1225067207203143 0.0811000682906259
v 0.8183238989375987 0.7504663632697228 0.3482344805985367
v 0.7570115439206034 1.0632744371028586 0.03231025366358421
v -0.11001805122650009 -1.594647879874938 -0.49984573511716196
v -0.8720266322262146 -1.0947074119683287 -0.5434357743227687
v 0.9860572903210699 1.2877614547239666 -0.0007883522428494688
v -0.09196121954954747 1.0436570048426175 -0.6419929430832391
v -0.8846277919061241 -0.6901239468707301 -0.8361541435252134
v 0.04259525374413549 0.9556528250607365 0.6783501227778839
v -0.4525974228816348 0.25921756881316566 0.47757962358490746
v -0.9062879629196734 -0.9266272588435629 -0.09400236518736096
v 0.6773659420912419 -0.07743977027655267 -0.2192923766381652
v -0.03549830809845134 -1.5947007214045397 -0.35807832204619133
v -0.36467817726920065 -0.8154573371289806 -0.9312953655584227
v -0.0568542132466735 1.2283018546389948 0.3607105903091927
v -0.6196320891644559 0.16751396371677796 0.06592320554485841
v 0.27456158392382085 -0.956460016374165 -0.33494615070385453
v 0.637327801866499 1.106500286267542 0.15201960073057963
v 0.5720375526241867 0.21257364236917403 0.7359689450882868
v 0.6073942941764784 1.482016648980129 -0.036321507343477236
v -0.22858905009295566 0.2961602472433606 0.6696141875889063
v -0.860736184326875 0.943298233593418 -0.3972209202271184
v 0.5521203651268263 -0.8082398521422508 0.005099572295650057
v -0.8570036298877435 -0.6483840713851974 -0.8822622073381047
v 0.863844275880405 1.3737698062859018 -0.29967442009766
v 0.8110827475483994 1.1755991756094804 0.0016204959676408004
v -0.07665763694238142 1.061667847306012 0.579579822036049
v -0.10617501518751848 -1.0937626368974773 -0.874037393504653
v 0.1273134696677939 -1.4821669776615096 0.38162685316336253
v -0.6907530643407588 0.8136343331489669 -0.5096428387789174
v -0.3870113148172084 -0.8929719454454595 -0.9471522199021555
v 0.5046103020961019 -0.6819297093382793 0.35570285248443956
v -0.542564800807064 0.3638515710603155 -0.6093333076751671
v -0.01792914251034346 -0.2731480586113544 -0.26187103702874437
v -0.5521130329567182 -1.129804130200056 0.22139993407852915
v -0.9728429731173227 -0.467773949729557 -0.7836182809627417
v -0.3946356008858044 -0.5014164414270524 -0.20366648565284035
v 0.41409471969302886 -1.4247439166153302 -0.3722645740608502
v -0.19167600744979485 1.195842779035793 0.32318976450771847
v -0.8065268403109414 0.6370684407445438 -0.48450810206556677
v -0.16605473710319207 -0.7561105219433691 0.32322469788362657
v -0.7207137317708397 0.7297831175493578 -0.523135164233573
v 0.0956334083473432 -1.4013598794715283 0.40358253750409934
v -0.12235703783963547 -0.5731822828837866 0.21449600493181858
v -0.06621038860548328 -1.5415637744464974 -0.16690619015554586
v -0.2878106041735253 -0.5029035283676331 -0.4023180260728761
v 0.20202914680752948 1.1493311963428379 -0.5456153290669962
v -0.6573731295932893 -1.5634981724609254 -0.16300365221254495
v 0.7320660808445218 0.2803059265290893 0.5840985885689014
v -0.07726390376185047 -0.18891098276126117 0.5801992176627273
v 0.4947012388839772 -0.18902612854261985 -0.27070065892530837
v -0.48593589823791666 0.36798699177798294 0.44953706721045816
v -0.1034561812512502 -1.0863566844283072 0.39100803851602295
v 0.6129401979318424 0.096033193962784 0.6608290577612188
v 0.05991239997747769 -0.8001014504287653 -0.5455158457223084
v 0.8208292745917385 0.353685709146941 -0.38833651819053144
v -0.27734825003067126 -1.592701591788629 -0.4263259502774016
v -0.2586319453155588 -0.024781333791801106 -0.5370140985110534
v -0.6422770550778499 -1.5178281578265918 -0.562864796683057
v -0.04300556735775519 -0.7116231940251511 0.46021871466086717
v -0.8143362732718504 -0.6707945038259424 -0.11314652698069748
v -0.4423179891082337 1.1170802238504034 -0.14389284987378442
v -0.2697981877887987 -0.5176115736922162 -0.1911832165195394
v 0.8133795018493823 1.0108889032217672 0.04657796570426177
v 0.8675633752115632 0.35265594232415515 0.3445877240661685
v -0.8228765047790921 0.5252908510366235 -0.4361391962298927
v -0.9055733258582389 -0.6092445250761215 -0.8581241850995652
v -0.5658735584452002 -1.4602205641013022 0.2573674146901728
v 0.3432282783067904 0.9357027003803772 0.6567750778754075
v -0.4033333780795592 0.1248183916818821 0.5069411452298391
v -0.3998033028615566 1.000338044795225 -0.48098182729175637
v -0.10411340857238739 -1.3516215853002564 -0.7465919351778305
v -0.0007309233083895444 -1.5758510556477736 -0.03643369722379752
v 0.5402673171279028 -0.7556855056012078 -0.03663222244743358
v -0.5717267031610922 0.2905368182653082 -0.6165910620150042
v -0.15922493581239197 -1.3581656047043003 0.3672410586344505
v -0.9316361195268276 -0.7861867574263856 -0.3400708769495747
v -0.20193593995400766 0.5631798208765141 0.685276835395585
v -0.8607973369288768 -1.2599133927990103 -0.2441396423784522
v 0.7634485558682257 1.4987635366430152 -0.21740681888228092
v -0.9364013007189703 -0.9187185344795921 -0.23061720128269783
v -0.627089251659408 0.5109952498777074 -0.5679709237852305
v 0.8124937104401606 1.5266649007574755 -0.19031249252794838
v -0.8509121320608476 -1.2499212764453722 -0.39064751456015384
v -0.5354302729910347 0.6737922481387606 -0.5945300017216654
v -0.38616385415067267 0.7316924376785245 0.5865993960123453
v -0.481550665494181 0.07145328371316954 -0.5563562864797986
v -0.7711969130037835 0.40117909245037736 -0.43693318195946135
v 0.799166090094663 0.8311362999738583 -0.38325908636142525
v -0.5308245569016636 -0.533068671211752 -0.11140726713205036
v 0.9353485009010801 1.2929207112681806 -0.28277086967973974
v 0.42353033969078574 0.563134810565248 0.6455602357824975
v 0.37846352080990736 -1.1526846660708787 0.12023368360346233
v -0.6015513991434078 0.8362534637195193 0.12580081610264743
v -0.593787859425244 0.21251220185473346 0.25909091613133606
v 0.3192071869067303 -0.203342133096366 0.5380017917294487
v 0.32888904881631414 0.36650671876512053 0.8622958443961966
v -0.8528981712578741 -0.88580091033219 -0.7484587018485422
v 0.23481774779402248 -0.19019864235256428 0.6163954351099188
v 0.11721912520421802 0.44496986420831774 0.9410956938394928
v 0.7841700171663013 1.229200160642223 -0.384466571935603
v 0.6831798923271316 -0.03529136623452091 -0.3013946969195087
v 0.05811964599770095 -0.5750718714138141 0.5025754137552917
v -0.37665253237567314 -1.0460527818283862 0.21228420399444514
v 0.9305440100639594 1.5761607534611126 -0.06529885782423259
v -0.41330033088604595 -1.4330984254053813 0.3675809104772137
v 0.017785147902616663 1.2126518941737858 -0.4556353405767473
v 0.37208096270154406 1.1763207417636088 0.43338469953953784
v 0.6760748083565106 0.6650207269723472 -0.5762932247704609
v -0.13558335139499952 -1.5929453960418074 -0.4386238997709263
v 0.5437462782909366 0.32253920715808027 0.7223420301655721
v -0.014240446732722935 -0.418503090999763 -0.1010818633392537
v -0.7730329690143561 -0.5768946450638768 -0.22067441392690795
v -0.36833533703769095 -1.2445729190113524 0.2296216960401295
v -0.20215905289991748 -0.753533935946032 0.273889845815768
v -0.2707609094016686 -0.5664346134146958 -0.7018731640471398
v -0.1673822629701881 0.5491997909446886 -0.8118613203654109
v 0.5744261701873103 0.3766611217634307 0.6514893317997459
v -0.9265164989283554 -1.0449070054869254 -0.3587787938156367
v -0.16447605561874673 -1.1810576115659361 0.3113247009630156
v -0.8949872077550247 -0.1987172804268958 -0.6734104090653387
v -0.7038340780853403 -1.2121459936304837 -0.7301935943133594
v -0.5991893079129791 -1.419915970511528 0.18213011698797632
v 0.33052759689386796 -1.0689429147805025 0.3352098401094729
v 0.4645083220865951 -0.230982399017157 -0.21581600668708067
v 0.35133508642865796 -1.5985661762254229 -0.11167744416462322
v -0.9072204153381438 -1.1236153179688446 -0.16083027798867047
v 0.450754533749181 0.16873367597252353 0.8204765050775543
v -0.8216457366856965 -0.3859694460749114 -0.9157319515723181
v 0.23657825558065326 1.2718782276008396 -0.3226774339199497
v 0.4553979855621979 -0.37263038600851206 0.2687499369874416
v 0.25519018243961833 -1.5559665941976237 0.09483404825225021
v -0.6438664469050188 -0.5263267983797625 -0.17760553462386
v -0.4572876316747133 -0.05664320222027465 0.2475826912632858
v -0.7504047020224126 -1.0325096686195259 -0.7837728899423789
v -0.09119734946107759 -0.7416822123443271 0.41703434408153395
v 0.06359516475885887 -0.4504896639025635 -0.1630530004045558
v 0.7770666990586382 1.0070742745434142 0.06469362748954315
v -0.27969421816452694 -1.5553478895607986 -0.06422571219400039
v 0.7764539446122148 1.0512963583288442 -0.4125667875744633
v -0.9834032366835324 -0.40660468719464676 -0.7101638330524271
v 0.7180751870166723 1.5463251360002852 0.021007732635977508
v 0.7544226544650483 0.4620164303316726 0.5188923521762319
v -0.15677524242391683 -0.5981219685169294 0.1652915388104127
v 0.9123813609686653 0.3137978976035784 0.040792307664025126
v -0.736050385920143 -1.0999916033168207 -0.762622515887137
v -0.8829864030925074 0.45118675749939374 -0.1413900462374314
v -0.03524786266501779 -1.2236735470202589 0.36631685970589245
v -0.17783889725259122 -0.061851000801670844 -0.5391108880262062
v 0.02988184660141792 -1.5960072488576658 -0.2647037115433154
v 0.19312409185199897 -0.22165349856338312 0.562543563178003
v -0.7617849594084961 0.31777874772993375 0.020449432028813067
v -0.6832758055575783 0.860173094776145 -0.49387761736737446
v -0.846392578567329 -1.2863663845988276 -0.19089783771019772
v 0.9355028219682787 0.9026493926976483 -0.26409068837861577
v -0.03938193979130417 0.5078476375434108 -0.8471438764793044
v 0.01059697240215702 -0.3340348790437987 -0.17770941343178015
v -0.9179906822372165 -0.6539718951916511 -0.8179312439535591
v -0.07652082095146218 0.02660069088092326 0.8220626338970832
v 0.08026120660892909 -1.5785013856177694 0.40685116903350615
v -0.8584599101973723 -1.138236432931072 -0.010341594068938711
v -0.5840830796855313 0.41584556321879723 -0.5937749225596604
v -0.34809975677133953 -1.590497334157152 -0.0846359017574046
v 0.49745819242714295 -0.44991750511001133 0.19962438695367019
v -0.36477274690826617 0.8195529107651177 0.5774364290941351
v -0.31043842969972935 0.11037653100405383 0.6262332112021959
v -0.4824094699108056 0.012705652701032466 0.32887167809917306
v -0.23847548338739044 1.1282041623893015 0.40709589460648876
v -0.8201017582472082 -1.259337471950591 -0.02016777688701331
v 0.4446826523564489 -1.3783405506110398 -0.07485332807672737
v -0.5257196966142209 0.026090759563477728 0.16812557611052736
v 0.5183265082631707 0.2218167065278594 0.7806933784969406
v 0.6269959104467479 -0.1157605895804853 -0.23794036932863094
v 0.5189181491307486 0.13415792570172907 0.7598873669126698
v -0.5463068563566762 -0.4477315779038051 -0.43380474459358914
v -0.11074971351014919 -0.1306796363343859 0.6474825503597357
v 0.4408819010576462 -0.8909858486659451 -0.18407665459839914
v 0.7091865814584788 1.315002232538837 -0.36368416917131413
v 0.5065842681648614 -0.5218734263588434 0.017156884572823036
v -0.024922190153944923 -1.4073752340554422 0.473819371969163
v 0.23214793574900106 -1.047736954430409 0.4271558674793329
v -0.5399880996447516 -1.590688162521591 -0.1122712155842482
v -0.7045601548676765 -0.25319472850584296 -0.8085599052063057
v -0.9826315161825644 -0.456265014677491 -0.7427912030731904
v 0.26209486015866984 -0.6677736113530445 -0.2791494878303114
v 0.5189508175954716 -1.534578481244581 -0.1262352759728014
v 0.3185245657084907 -1.5795837828343684 0.0030812293229897786
v 0.14789116668809377 0.8971681924643649 -0.7601561619655365
v 0.8984867834486767 0.36311015814207226 0.23889397371427207
v -0.9122298614433672 -1.065016153804317 -0.13392766293025565
v -0.23806159965952967 1.2253818658788158 0.10633455706694055
v 0.10032371311123466 -0.9450374934420651 -0.5534020937218901
v 0.5183937838030378 0.9706938123295515 0.5562142688708184
v 0.2125642660207503 1.181506658999656 -0.5008746382026313
v -0.6436568082612449 0.5593252491458178 0.25652684472800574
v -0.1077518156440303 -1.2791990731530998 -0.800332730490856
v 0.33968586124224454 -1.2842794992715696 0.08852840115337253
v -0.5920563156299568 -1.5403061153313176 0.10931318399382221
v 0.6541670710339157 0.7840005231135779 0.5412923237983671
v 0.07625145007371789 -0.6492105912203507 0.532990963644519
v 0.8383015480471078 1.0333051898821013 -0.37893878746972104
v 0.5298355968685374 -1.4810804536999542 -0.27597007076860847
v 0.38472319788938947 0.08733194262560097 -0.6955884961679697
v -0.2125880475881955 -0.687519490949317 0.20658697346124627
v -0.4271892845163967 -0.006310138532923018 -0.4279326168508986
v 0.5701150077169973 -0.20182253124436306 0.21201047604179374
v -0.7143032077675875 1.1055516339758482 -0.06979779678713287
v -0.9451442801656172 -0.6850415629476765 -0.743798819832351
v 0.870469006738127 0.2149481138344712 -0.18593056118017767
v 0.6202721952925655 0.17409088191549593 -0.5857411866147612
v -0.25527200715472625 -1.5961516273486442 -0.5682170889204072
v 0.17297949191630935 0.47940152390057234 0.9051315530121393
v 0.08542783371157643 1.3196357993581218 0.0674574333487525
v 0.2872408062629712 -0.1467899495950783 -0.509227726624651
v -0.20521875596956612 -1.2852570963604444 0.256722433244766
v -0.82801620247163 0.3718292600504611 -0.0327809713068648
v -0.34484369741842713 -0.7708967834804936 -0.9127688911112944
v 0.11209157741659757 -1.310746099732661 -0.47793730680471397
v 0.4393992095802979 0.09787230184520805 -0.675125177162525
v 0.08950972190978908 -0.7871220313867563 -0.49027036242161
v -0.3137583672257308 1.1925062385591538 -0.057065752112543444
v 0.3248547429471544 -0.3554197289892019 -0.18807731310054415
v 0.08593244824598538 -0.930560315505077 -0.6393507322440175
v 0.7155703296049225 0.13312426246393805 -0.45605672922217955
v -0.6017450298555841 0.9700802517282995 0.027595437954069338
v -0.09515890945403313 0.785095089429257 0.721067422604828
v -0.20196384826640895 -1.5952006909516026 -0.49093854960958433
v -0.26616098994939874 0.8994757722730468 0.6096849447337587
v 0.7100782654756147 0.8207921050958891 -0.4756943345472995
v 0.5304120167651839 -0.7813899442542996 0.312498980635918
v -0.6657960463788001 -1.535481259487692 -0.49792086771629973
v 0.27226590449594285 0.6771357560964189 0.7197841392825948
v -0.5340991578156349 -1.5799965724949618 -0.5909219214269098
v 0.05803856985493398 -1.5373754738109031 -0.6364283442135155
v 0.16001018819798357 0.5282224522651675 0.8526165161160743
v 0.43299707342609595 0.1462462365514799 -0.7038661707251855
v 0.5775325918486954 -0.18086991464625374 -0.15125049063572357
v 0.49123335275275604 -0.9320943705615078 0.2834109374195242
v -0.685802409955539 0.6512046343831761 -0.5444184770588916
v -0.5737809776061151 0.19822571792304594 0.3004166199765692
v -0.32822867365251285 -1.590589658079195 -0.3265387044133888
v 0.1361030717353643 -1.5989828431068587 -0.01011625460016878
v -0.9171266762025309 -1.1033661290412191 -0.2357801047178033
v -0.1390248455526637 -1.5990288323204167 0.2571012492375806
v 0.6309841503256992 0.3771880783030908 0.6231760033736835
v 0.833560570693987 0.49397092978879054 -0.37379108581138437
v 0.8487944209084749 0.4590520646675931 0.38828540413556245
v 0.9910624561280365 1.0723730459939151 0.029783399741509828
v 0.718075532511599 0.39748817014989674 0.566816625235581
v 0.05980328116317131 -0.09415418141634183 -0.5979299405173291
v -0.04308787192692771 -0.8883988978208113 -0.8253064473742653
v 0.09179046827917454 -0.23173018439737908 0.5510563175296602
v 0.12063390108756127 -0.45525162047539175 -0.18531179896086458
v -0.48014448194890397 0.305508821713786 0.43815561978629425
v 0.01769965710245472 -0.5712514652925225 -0.2512301387855072
v -0.5518512053848705 0.06837726560532208 0.15530972972208368
v 0.32136063758983957 -1.3621357252937698 -0.35440237119252843
v -0.9747858830310165 -0.5756794818246642 -0.6213840363545728
v -0.12258562112188258 -1.4824548133236624 -0.659912191002769
v -0.5668507716508232 -1.590721790694443 -0.5107825497650009
v 0.14686214843764883 -1.5991669151260668 -0.3552992184394002
v 0.18411078181947854 1.2461107553178126 -0.39778459519980713
v -0.33061306849986744 0.11003796517018395 -0.6219757539988011
v -0.6020496412158378 -1.58840952751009 -0.4391382073574416
v -0.5692151469865996 -1.3545897322143654 0.20986788925470862
v -0.4726212723404904 0.012731795150475789 -0.4825549808573767
v -0.38901902422379553 0.3641956456188479 0.5085395775075863
v 0.09526251954367702 -0.3415526758983627 0.4238127434049265
v -0.5195180626824015 -1.4358418854522486 -0.7378507407883041
v 0.06342744616617475 0.8584794786461296 0.7227147616088466
v -0.7865330681048593 0.3592998673444639 -0.5093141771329424
v -0.32262706843732175 -0.034027852899752076 -0.482920149800592
v 0.08221780196054738 -1.5986597477680338 -0.3845326574373896
v -0.019997064004965648 -0.6605013270321292 -0.5516075546849928
v 0.328483591325829 0.6425656105210997 -0.8044810880741069
v -0.1638803072003753 1.133864060276269 -0.4927723215148092
v 0.22691620204685903 1.2684268292552805 0.31732594783742807
v 0.3756173719932003 -1.0942668291603095 0.23452490245543456
v 0.7373978737162293 1.401377039052881 -0.3116397539477167
v -0.1297331433859832 0.20157511848861825 0.8500369934118615
v -0.31979285838974375 0.2819457222272113 0.5583503488367865
v -0.6466449746869323 0.683301209031762 0.10449590984441857
v 0.6136238364206992 -0.037189285031111144 -0.40728042728559904
v 0.35887532125928606 -1.147855357181533 -0.21849769991874338
v 0.35030898569092617 -0.06813935396005777 -0.5879555979582464
v 0.7383282147768152 1.1862303616064485 0.01135658138653263
v -0.28598976913388396 -1.564854009717737 -0.01466661472463933
v 0.9197192509373026 0.7627619902695745 0.13351352967828117
v -0.7439676900747902 1.093761158946958 -0.28676910971739883
v 0.39180941399818764 -0.9696654082923093 0.3933288239085647
v -0.31729988216463517 0.6357646196683426 -0.7363689514365974
v 0.22793191874263136 -0.021178148008505107 0.7888870402045137
v -0.8393665553524032 0.41739662430328 -0.22497536510272464
v -0.13574375701173805 0.06127982091141061 0.8102420240329317
v 0.8461339180323082 0.22322899381683903 -0.27883238107021363
v -0.24669484607866737 -0.045546884081338744 0.6393136107335745
v -0.09964485396886212 1.1950227084392688 -0.4269243282960475
v -0.10273522931032457 0.1862352397200004 0.8698569432815567
v 0.37658343339036027 1.302236348555607 0.13897929780484497
v -0.5829340979189184 0.1366605757847814 0.17003182517368032
v 0.24322354338650576 1.288226510089284 0.25844192310594866
v -0.9601437312665942 0.565597517595957 -0.12089615093098581
v -0.803489191334105 -1.3417277430590628 -0.10781701821433791
v 0.3901390419990648 -0.19617069490568212 -0.3602015035349011
v 0.8401653972051063 0.15737535751427673 0.3080662423397799
v -0.5773053137695042 0.08445231918934241 0.023572245505047343
v 0.21788400495835314 -1.477019966993026 -0.4471847650029489
v 0.3577296792769632 0.5290190675950105 0.6809410276205107
v -0.41056216842805265 0.5470623481931768 0.5514415251786162
v -0.4252187542027403 0.1780764154175225 -0.6195516080407291
v 0.39891827921883827 -0.34906463772750035 0.3487211677850895
v 0.16246729053321723 -0.1653668663014849 -0.50793555640514
v 0.15477068085999385 0.16260613150828945 -0.7911271525317027
v 0.7399387201828296 0.3465471889450936 0.5651385755714233
v 0.6784373602468413 0.20357749191800628 -0.5405454789321118
v 0.1300780624876693 -0.599307899046522 0.5416221562882599
v -0.31760251652614246 -1.5584600694709596 -0.6907803392457947
v 0.044981817531862395 0.6491322790369963 0.7593946143707395
v -0.8441006803894805 -0.6810915770347609 -0.16056969803739105
v 0.6531982840656684 1.460366324571987 0.0767834738723009
v 0.1003787811636964 -1.5561837377589691 -0.5946114617476842
v -0.9378957966063096 -0.8225328428950552 -0.5448284643717471
v -0.3700989350844982 -1.5877202459374327 0.2941776533985183
v -0.11669869467983757 -0.8101864089468361 -0.8471740305087284
v 0.30649976834273984 -0.6208557266264504 -0.23795401637823022
v -0.02600783118402118 -1.5882584118680434 -0.252086563125971
v 0.46779405561486664 1.0941504933408703 0.4796253758217418
v -0.36373825832148393 0.036204528519591495 -0.5395360195333428
v 0.07426521893506545 -0.20505058631406115 -0.43012445585918163
v 0.9072453677495066 0.5180547861005097 -0.09917308064663931
v 0.3265986861714727 -0.8641255375418719 -0.2915129278065825
v 0.8692265110113908 1.598787772832488 -0.02215028435812391
v -0.2164518517110961 0.17273648422087828 0.7573046579774676
v 0.7604995647283782 0.2897445024278846 -0.46969199360561964
v -0.7056134345396313 -0.37113583253868504 -0.6567357682304296
v -0.41823743419247944 1.0472993467175908 0.29474459137884684
v 0.31251412483019914 1.3014080436633328 -0.21050885912013484
v 0.4132557428463565 0.048051645522275616 -0.6579590506004163
v -0.11619122021520316 -0.8308001717986369 0.4107811930173314
v -0.04091948818532582 0.4872961213608794 0.8610657480984915
v -0.8124405618039576 -1.124297305759719 0.06577018968071581
v 0.08771827313306825 -0.528317674505761 -0.20895981342272363
v 0.5409369246839085 -0.5813594184173724 0.142942508495783
v -0.5736616474973126 -0.504430519972232 -0.19560029237900667
v 0.6294448744570448 0.29770639462222115 0.6730853751160925
v -0.8857764281778105 -1.2030442944792508 -0.299052586812333
v -0.6358348031238414 -1.5727901241517195 -0.47096642841890035
v -0.6578654790578052 0.3043109332209017 -0.6558511860534508
v 0.0018263149730598574 -0.7190608552509149 0.5004036326469119
v -0.8583751871637139 0.5734055493829971 -0.01705528987025079
v -0.18473787430535443 -0.9830587686446669 0.3386323512403387
v 0.4609890147938036 -1.591729944890156 -0.13412215737974847
v 0.0813119526514224 1.2951300169644175 -0.24337582987247008
v -0.9252625634807176 -0.26221479488359395 -0.7491608627042953
v 0.5725152569426488 0.42228341970957334 0.6132517767731152
v -0.7742702055405435 -0.031044101131459723 -0.6237813104850233
v -0.144502437283381 -0.8943929852725788 0.38328672595555036
v 0.24823287432675367 -0.385887602165641 -0.20174060096136104
v 0.5469553119455111 -0.760129165375858 0.2706504661901436
v 0.15677443626908816 0.8067186571747532 -0.800729089948275
v 0.31368828933812604 -0.5964317305595291 0.5211567451190933
v 0.3055535153213695 -0.27591956132976103 -0.2669800624494685
v -0.7674230143384397 -0.5544549799135118 -0.2830751739333921
v -0.07724041010684413 -0.4243028759436636 0.09233732916543723
v -0.1420406899608013 1.2115453507006524 0.3368408448811301
v -0.6101589829671669 -0.6226652179160029 -0.0003408019538112955
v -0.7330806842788642 -0.8431979693259385 0.10245699072946517
v -0.2263159238061172 -0.10883197674068798 -0.44187278050703116
v 0.9676915669856067 0.7979899197967457 -0.08680273077183696
v -0.6932479599821261 0.2317256545750086 -0.23326613007882474
v 0.5942464655519321 -0.02682633745629457 -0.44524302593317283
v -0.3219453301705611 -1.590088901571466 -0.6361654801568882
v 0.6908537377235269 0.7034223345066078 0.5269451095362547
v 0.10343030752008302 -1.1626009270939737 -0.6016834741761681
v 0.06902492463640969 -0.8296503262947075 0.5423476188573935
v 0.6837453523569409 -0.12062857470744344 0.02846389703447512
v 0.562484234021447 1.0312194562045987 0.4645441767823073
v -0.4796719216660151 -1.5915133771536885 -0.585995336521574
v 0.9678741610542955 1.18641237985026 0.013429474169264793
v 0.15236989419779007 -0.229300932792059 -0.3884437367827417
v -0.37147304518409263 1.0886653966925814 0.2970479868600848
v -0.0168202573493745 1.2863140996999407 0.21744656999299827
v 0.18225535889885564 1.1651277042393975 -0.5299348498832742
v -0.5789360498228852 0.7951101044188614 0.29825155682509485
v -0.013082712427970378 -0.8367199970353557 -0.768670942013188
v -0.3151589268813699 0.345851880405384 -0.737496762041877
v 0.46920269601295483 -0.8018081761718278 -0.16465269949703376
v -0.1202857573665606 -1.4885856207955364 0.4844826506059765
v -0.638851165774369 0.21543313112887896 0.09261337961176165
v -0.5259928487419947 -1.595902794224868 -0.4130238581681446
v -0.08154980671419904 -0.45769593949834253 0.10054214268147331
v -0.6867312730656058 -0.19062237268583215 -0.782079293006526
v -0.1478684216054284 -0.8312433842069304 -0.8774219193877593
v -0.5998668234639707 -0.5020023240458541 -0.6569644090951644
v 0.7656699730810551 -0.03343575137227215 0.0508102401663426
v -0.893441578618554 0.9991612506870239 -0.34907856309245716
v -0.44789262652499023 0.11515150121911598 0.45878149415468716
v -0.3960157379524511 0.38514450016109014 -0.6991933134550855
v -0.513931947156418 1.039474884727376 0.08370999454837626
v -0.7683922043841014 -1.186418560370613 -0.6694163725492862
v 0.16993253377061845 0.5811863638474891 -0.852559758977305
v -0.13336561946138675 1.0552863832649162 -0.614717769329013
v 0.4254046496673941 0.3423230528079496 0.8117059628134327
v 0.4910011225796175 -0.7015447615223597 0.3843476640983773
v -0.9643303620100435 -0.3364170473682932 -0.6931642158507595
v 0.5401518258516176 0.8856275870440304 0.5880139674066729
v -0.0889793871975138 0.8087992468166828 -0.7864193426915321
v -0.45467210072148756 -0.045407937538372356 -0.15231114086611172
v -0.614397841027015 0.8577083147758766 0.01633712108290021
v -0.42936308101184806 0.68850887325402 0.5588905685427941
v -0.9457912961922582 -0.40798198352523063 -0.8327270449894894
v -0.12988690782246667 0.9029577085312813 0.6710242483550259
v -0.7934001252652405 0.9563949865513205 -0.41759632996791524
v -0.8207957423896993 1.0926365537668306 -0.29024749505555497
v 0.7028437360725077 1.238538101546575 0.024438420480105263
v 0.5408419135791035 -1.5339376841266181 -0.1626767372353653
v 0.2939941188158626 1.2799976270933642 0.2668396187618203
v 0.9089058739490598 0.4420865362986799 0.18331604751756897
v -0.29624549811649026 -1.5978923267594853 -0.25174665370072
v 0.4717051541543813 -1.0286516611337264 0.052503741131382606
v -0.8195252615739115 1.079486824920188 -0.06304494489414357
v -0.19654863756409902 -0.5425626990462609 -0.49380753947976974
v 0.14253424865756015 0.6286260226898448 0.7568179132084271
v -0.11242745606770536 0.3913871328241951 -0.8251280184388577
v 0.30919779580676393 -1.2757163115458738 0.1382111282239556
v 0.4196670730044376 -0.004133462913083599 -0.6142992214196435
v -0.055741719583138206 -1.591091335906728 0.02855706549967181
v -0.1305122152512219 0.4486859500559496 -0.8243395414339515
v 0.5673326602967291 1.347999493266812 -0.30145619501643706
v 0.608210257222209 1.0855704915287485 0.2901280113934516
v -0.15430192102129725 1.2673564475844608 -0.0915497926744978
v 0.8762900588141738 0.45501232685042114 0.31378673619803416
v -0.8137276263762205 -0.8705735093563313 -0.8053262646352948
v 0.3497068072280881 -0.8402677884654259 0.5062715952563211
v -0.16345126008407088 -0.7830692415390254 -0.8590115120417938
v -0.5179928369407606 0.9127882868125885 0.30141678940064615
v -0.9373475537403407 -0.937080092681774 -0.4411198127029106
v 0.2509526103886635 -0.6030997250597219 0.5425653766319416
v 0.26349835652118475 1.0776121694486531 0.5837758387250032
v -0.30625247075197065 -0.5190090430876788 -0.6037193990017579
v -0.579352256044419 -1.3521159309576811 -0.7514491139912521
v -0.2134387136798832 -0.2499711072877024 -0.02042231067707788
v -0.2004405035527016 1.1649401964650863 -0.3934280961174641
v 0.40345384064395434 1.1144479555874018 0.49790048351563243
v 0.826650384250273 0.8873084390559257 0.15676879318528758
v -0.2880375559519525 -1.249704363213978 0.23287301443488284
v 0.9247906366051938 0.8226391785557866 -0.23496897860104454
v 0.9541731182756704 1.3125028070750995 0.0021391990173885156
v -0.9163093119829313 -0.7300303383634767 -0.36130409301054156
v -0.6183690940720769 0.13995321921158432 -0.28193569327725965
v -0.39421446176448577 -0.12447884694572028 0.2371554048554781
v 0.08186044504150496 1.0905099749113427 0.5811950108177345
v 0.086062834192438 -1.2985146004300119 -0.5380379535317624
v -0.6389444685987038 -0.162829071706736 -0.7216749754331905
v 0.12113293012065744 1.103770895541851 0.5696128308412369
v -0.8798102682326069 -0.7088835152283134 -0.20858260973956635
v 0.5701411501664407 1.4021594507024098 -0.22488265729743004
v -0.22135974150207233 0.8425252523155936 -0.7246107993775034
v -0.15503678873009835 -1.5970430810358291 0.3705807277595913
v -1.0285556039470602 0.8791917843286512 -0.23596523241595374
v 0.4549119317830105 -1.4808032516038747 -0.3738771524364239
v -0.09500858077265273 1.2897731757105344 -0.001815220747084706
v -0.4187673658273405 0.6227105353338706 -0.6789395947050896
v -0.6553181065759255 0.5742645073529224 0.1958335782310875
v -0.5177913366219236 -0.5624166225837348 -0.7780719357416381
v -0.8582155301193162 -0.6285518756397717 -0.3463563125952484
v 0.27021343430220307 1.303135230383713 -0.21043521111828897
v -0.6683474112464979 -0.8228786833165457 0.1279273757639725
v -0.7831632257561321 -0.6171195636847525 -0.15303324445679256
v -0.668083088433514 -1.1753469067306013 0.17782672815351108
v 0.5592905940852672 1.1184352357582237 0.325854739623768
v 0.8578215891263831 0.1217930269691014 0.1539018954788241
v 0.29437840514501445 0.5946397827345812 -0.8232669140461091
v 0.2369637703362107 0.6052820821516871 0.735537172400895
v 0.5425005771390483 -0.6435001742974548 0.24733666048724723
v -0.7784037068419524 0.312667572563 -0.6015251991114766
v 0.6010238283905448 1.3234145157582746 -0.33949793119635646
v -0.9296232660846672 -0.993435171327457 -0.18951263338462812
v 0.06819406692051161 1.2339177019228251 -0.425222669811908
v 0.3419100808028116 0.801031753101026 -0.7508936157318254
v -0.3411845414570278 -0.07280883305754245 0.4957271092917579
v 0.03486991040951956 0.45792659575014916 0.9308866642544602
v 0.41604081583771213 -0.5167382201003508 0.4060010787666959
v 0.08661967604324587 -1.5980746713040606 -0.09202820717697566
v 0.27119508135938364 0.15324861255809857 -0.7668768252478676
v -0.8353404261965054 -1.2932030573998337 -0.13133551046706074
v -0.45900013486071434 -0.06485454175159026 0.18496467253048082
v 0.563718053986694 0.9985612027762331 -0.5084794421962017
v 0.9012788047268887 1.0073399217536165 0.05733053558542932
v -0.07730960506296983 -1.5944875894231751 -0.5459018403319305
v 0.48650581131344606 -1.5919581826774765 -0.1907575091875251
v -0.07940979194490054 -1.5717210092956304 -0.054953933568085075
v -0.7192607720513384 -0.9753216976767105 -0.8361145075794715
v -0.5699579802728743 0.23900277582489576 0.33705854507319044
v 0.5136720581949916 0.8351601834127333 -0.6438949310422977
v -0.36612017712186484 0.7303534337023017 -0.685964235940309
v 0.8250875955324497 0.3836600236266212 0.4484460902031827
v 0.07862864711010241 -0.9993325201997866 -0.6965892606110867
v -0.4996222958704881 0.0014378731077080015 -0.17967558667052935
v -0.35379925221572367 -0.1099852388055578 0.41505569463710346
v 0.6829782000666688 1.5287486958245569 -0.10038390600510716
v 1.0065391892758988 0.9218509642312824 -0.01306530332250408
v -0.9711037132686755 -0.4001132597960907 -0.7687630931877676
v 0.9133214910521705 0.5854306154670242 0.001039008812071418
v 0.03379991262195162 -1.598027779964861 -0.3334527488837827
v 0.5406444440344097 -0.813727117730912 0.2759319319675482
v -0.5464291615606797 -1.490752469004131 0.2867469980420987
v -0.004864846881375222 0.16533527270986687 -0.7811250360193568
v -0.423250220081993 -1.1719371597178558 -0.9014959482882341
v -0.76628192137265 -0.05253459574774105 -0.6939104848921372
v 0.4926408990835769 -0.32877926780339856 0.16428611018578693
v -0.1488365559721478 0.26948894103828025 0.8228981941828152
v -0.7150167123734293 0.8228668597123922 -0.06546866858063866
v -0.08291543299393003 0.6558785281380558 -0.8259563809136196
v 0.5303252975386163 -0.8041822637538731 -0.05933413744122296
v -0.11875143359185354 0.2583685534194604 -0.7933513145097821
v 0.6241174962427324 1.106622245976619 -0.4472592959362737
v -0.28796513637651217 1.1768888889761802 -0.23505992054338115
v -0.3827275232227444 -1.3108761785725123 -0.8489863433401812
v 0.1388320018011533 -1.5897145770126968 -0.49481780503336736
v -0.49643341608662983 -0.4778370844847665 -0.5737383089826845
v 0.7392478838830028 1.5673345673196517 -0.06164713000375437
v 0.014834314123160795 -1.6015464538502868 0.25966992723993176
v -0.3521999370064975 -0.5775491084256014 -0.7607009690764024
v -0.9238204100747526 -0.8491163550004633 -0.19284679378510647
v 0.14726021617553797 1.185450118897292 0.4725442653601918
v 0.2598445749253097 1.3185157623886898 0.10529540429864968
v 0.79293935019818 0.0014763957920198717 0.007229778847866658
v 0.33699885122754525 1.3156307837810695 0.08702202407939193
v 0.45004051090094926 0.3168371588900721 -0.750308366520389
v 0.7056296344128545 0.44593573366385175 0.5535730369338887
v -0.31351415989513803 0.7023479988382952 0.6371403516746755
v 0.13123733232542878 -1.2640371626599876 -0.43138693270917083
v 0.2991949499162398 -1.0077972034830864 -0.30534351198850657
v -0.35061655295221833 -1.5376455932609883 -0.7133179522078406
v -0.7177273312081105 -1.5099874575748289 -0.33071902027734695
v -0.8155160232810901 -1.1691734498294593 -0.6093198717613564
v -0.7783819022732537 0.2086559026494043 -0.5942156781151429
v 0.7715352293135395 0.2097320041806749 0.5133356996898192
v -0.6987346497459096 -1.213470122130702 0.15129214196853702
v 0.4114956381371401 -0.16552857712127933 -0.4047858771391584
v -0.020292097478088512 -0.2500594580180898 -0.31153564480984547
v 0.7660778874243515 0.2871792025981487 0.5413295796679483
v -0.6398869979525322 -0.1936976806096639 -0.7030355817275636
v -0.1657855965553989 0.6775567224702741 0.7133520986230825
v -0.43931448654663946 -0.5831671438439668 -0.7905322486564851
v 0.227116032473551 0.08377305696955546 0.8360830483469915
v 0.4280675902022094 1.0564026389843184 0.5460249708849252
v 0.25334383835789903 -1.5313729409275973 -0.4258675168981767
v 0.1847904663108424 0.047155182158655606 -0.7239486775449065
v 0.401167931044833 -0.17109997072455868 0.5387842033789776
v -0.6973476603632194 -1.467871011813504 -0.025327551673617138
v -0.1895005218680358 -0.5430593288090336 -0.14097679591693596
v 0.4765283976883494 1.108824219502748 -0.4774179895417635
v -0.33542216593600904 -1.59890138308084 -0.2041466468241136
v -0.736085280907726 -1.4329461389194171 -0.06829852155330945
v 0.47349618065952526 1.1421097573586152 0.4057611133460348
v 0.37744611502782743 -0.7921932443071843 -0.24403405529006178
v 0.8647811429562705 0.12838303558670366 0.07117754997052773
v -0.18793802106265123 0.8655497252116554 -0.7286197689520486
v -0.23828891612704606 0.5008651466892322 -0.7878682332485649
v 0.2470034306305765 -0.643318962208472 0.550790152077068
v -0.6733586424088419 0.7817183371819985 -0.038964716279153266
v 0.6858446946957178 1.2019282690897994 -0.4121165309085004
v 0.3556352506438086 1.2880607493011837 0.20050864282988495
v 0.6648626150580377 0.3455261938546099 0.6247168147753449
v -0.03740494104485601 -0.7551682229194916 -0.7324378909679924
v -0.9428201166004603 -0.8218931974268476 -0.47446009231047565
v -0.12934785896037687 1.0114339406625843 0.6036126602636123
v -0.881240789976044 -1.0243480419693103 -0.028672403222656392
v 0.6583931841698062 0.4153243841220758 0.5873625367226369
v -0.5327622076148087 0.7093327354094966 0.4500136390733277
v 0.29642995401895 1.2984962891989038 0.20107368058811736
v 0.23029022872303034 0.572630450709414 -0.8430319494166433
v 0.7187367522185542 0.6478567693506107 0.5114674550685883
v -0.9325328899970489 -0.7745073782105482 -0.6772599903137624
v 0.21331596701014005 -1.5781851809833132 0.12457960670222006
v -0.7351492007925267 0.2684162176796249 -0.1450414669513082
v -0.23960191201296382 -1.5477670974646245 0.37382168130654775
v 0.0020396197018878112 0.09790460562084173 -0.745364410897912
v -0.7907783945974993 -0.5223064274726407 -0.9266942368739098
v -0.43507075316949423 0.8206854047460685 0.5192035471342529
v -0.0951168358496427 -1.5511583221104734 -0.12759428026643993
v 0.5225978044577908 0.43391199197704333 -0.7243427528969777
v -0.16431062113141048 0.8563641667640803 0.6778541840049642
v -0.05314269560973718 0.06567157967042579 -0.7102433352738619
v 0.4153828399442341 1.2760300209391937 0.18350839222085202
v -0.6860114919685979 -0.5297306143962686 -0.21020432453653143
v 0.6404588112501578 0.5144757657679105 0.5570586392771776
v 0.017866972617724505 0.8202648606437901 -0.8002313661182346
v -0.48256663171406694 0.9982005828495509 -0.4098525794313785
v -0.6635858385569213 -0.7161415574805893 0.06432621282930519
v -0.8553687670894063 -0.6113216789629481 -0.3984038180790223
v -0.880409471600244 -0.4546834540686577 -0.5612501645320865
v 0.2893729706197717 -1.1746698518395118 0.24869764177963227
v -0.006635412409201541 -1.165527768170196 -0.7824839443421825
v -0.19105680376474227 1.2440882856001962 0.13870286347526883
v -0.6981845258520071 -1.3965492081140547 0.05336799669018184
v 0.7533291054399862 0.17497396694779288 -0.4283777678696134
v 0.9030979314860598 0.6306293174390369 -0.13285682059953388
v -0.19845999227450006 -1.5394164850895784 0.01391752414136127
v -0.43357706343698366 -0.5992035595786999 -0.003110634780072924
v 0.029450592156416003 -0.9291537480765482 -0.7598230664680038
v -0.8095574642242708 -0.7423743538472098 -0.8747774820256778
v -0.020849956619513457 0.3100708902774345 0.9060003575874715
v -0.8951399357067285 0.7536040138336367 -0.4155977377885568
v -0.932040540532533 -0.2822955358403571 -0.6344348576814052
v -0.14801965241245038 -1.3173006567319652 -0.7985980964353923
v -0.11941259571632104 1.1473817028313769 0.4661527435779004
v 0.534552888625026 -0.04369963787397786 -0.4863689185458766
v -1.0430737422270089 0.9345867709617389 -0.10658369729731824
v -0.3766324168932821 -0.05024085493028428 -0.3920702050852556
v -0.016574456903286974 -0.99790712329776 -0.822164957977834
v 0.680385529361084 0.2503552976460413 -0.557658341693042
v -0.237340743689417 -1.479344687188898 0.37441493448378294
v 0.23206998825473574 1.311203035967204 0.17139507137725057
v 0.45730646114821094 0.37153461046058994 -0.7549868284859644
v -0.7127863506808345 -0.6553783474552044 -0.020175627299511348
v -0.24355949881426392 -1.5527593264060073 0.01408341928859963
v 0.7770930718380326 0.050133674726399166 0.3356504421116547
v -0.3025178433432797 -1.36440040614907 -0.8154145437434933
v -0.2350670607718635 -1.5942066060770657 0.2760993050653058
v -0.4801409310288254 0.757920320339523 -0.6004023022118193
v -0.4380097825389592 0.7393766287285543 0.5431831215606376
v 0.0015729904152382776 -1.5885635222765244 0.005401496473141615
v -0.4552176180163692 -1.2893746857010686 -0.8438206759456631
v -0.2961057838070204 -0.20328881171269964 0.017710098726901977
v 0.6523786165465585 0.0617848193290713 0.5896765657699481
v 0.6810116045563427 0.26444477269293715 0.6380935913712276
v 0.33562879109625665 0.16385977904348858 -0.7516079648808212
v -0.556916544891547 0.12921842312497223 -0.6347502369668702
v -0.6573845117317033 0.6716216762626239 0.04034805877095189
v -0.7838329676712759 -1.3880244662960204 -0.37822610821287034
v -0.035087284300815993 0.6559162254733764 0.7505698485973099
v 0.5843798022449618 1.1761564589260276 0.13261723906212441
v -0.5473446847277486 0.037714494901975815 -0.0300418299465796
v -0.971801305913733 -0.6448186021313846 -0.6827498855026979
v 0.7119195614925736 0.23572583322308893 -0.5145891936717177
v 0.0629092421646543 0.41229924973924614 0.9512252020089276
v -0.639878418161856 -1.2602625730047907 -0.7606730991523262
v -0.6426542011785195 -1.5823034613137905 -0.3412720860325866
v -0.38108887917437767 -0.14391295575909413 0.1698401330719252
v -0.34308603036785923 -1.4020189686264366 0.35528676142788124
v 0.1127139673326396 -0.12210051745374315 0.7306036967911905
v 0.504641243086192 1.3952082655274103 -0.07824956239901168
v -0.8891697065990565 -0.6625087101379523 -0.394377900058913
v -0.871909720581898 -0.17788938749727598 -0.716530747918282
v 0.6108797429664665 -0.1136796736377918 0.3747856505399858
v 0.997220135427532 1.176870923239999 -0.23468826397321152
v -0.20786058292553589 0.3235708358146371 -0.7812704893834402
v -0.23254583073942708 -0.5662983540544916 -0.6692676945658882
v -0.36886620918651875 0.21105194835344915 -0.6616126786429906
v 0.8399902504715011 0.403723029177154 -0.356791737327993
v -0.26237033478011673 -0.8731598459882624 -0.9316253132132911
v -0.544532240860544 -1.4672129591433758 -0.7008680425291156
v 0.1683320477174744 -0.05161083828492251 -0.6509634117448655
v 0.4122763990886864 1.260230998607335 0.22437360891146346
v -0.8342786243163621 -0.42783838310967826 -0.923760639452457
v 0.13238794559586164 -0.09790865558914758 -0.603110061116275
v -0.5400117084647335 1.0694682782046678 -0.267984896055054
v 0.8438287950764373 0.8173189021816313 0.21687940168271863
v -0.8423755474444974 -0.5629531762046883 -0.9204013346989899
v -0.0750168047594798 1.0828310238676992 -0.6085310876498488
v 1.0077858693300787 1.235942570910765 -0.21532427143576752
v -0.34435785477502817 -0.6465471132489831 0.0665274761714184
v -0.5112926538299096 0.09470779864783509 -0.6148484239937418
v 0.7112239266521 0.8625318462222836 0.4474202773778898
v -0.4373446664169988 0.46981670767702777 0.5085555854391838
v 0.500928362663712 -0.9758004384799523 0.00821442019441078
v -0.43407409627717075 0.013034583065283753 -0.47760983519681927
v -0.477468700519318 1.0471102266336223 -0.33327790925677886
v -0.9393258768840074 -0.6850145567609168 -0.5098962593075519
v -0.12346655640796982 1.2722904222423927 0.12877679423509208
v -0.5734399933077594 -0.9834216534825344 -0.9056341329653141
v 0.2823021482293682 0.41172332889082697 -0.8328291579344517
v -0.789820010865374 0.45061695958883974 -0.4298408813011232
v -0.42054338249734147 -0.04085609946338263 -0.3112631068952744
v 0.11016813038376681 0.9185330804806776 -0.7547279376209927
v 0.6934699212782806 0.8150823791628461 0.4971449628878878
v -0.3721746686032933 -0.12091299380865576 -0.12300215364418035
v 0.3080614821874584 -0.7648347486931686 -0.29131570778600235
v 0.06407083449608682 0.5689860550590439 0.8015519053100489
v 0.06129871756447734 0.07365867380023892 0.8490874198003636
v -0.12279305243695894 0.7949809277046517 -0.7819017278084347
v 0.37551024937180294 1.3295867250388484 -0.09100629076668783
v 0.2660425043837499 -0.22888434268727342 0.5146171787607694
v 0.12855656041357028 -1.6007069395670621 -0.2786462168872835
v 0.45245688322317357 -0.2849436008991676 0.29006758816962813
v 0.01581160410543414 -1.0652851216046468 -0.790138403634365
v 0.409088267877169 -0.2381915537373241 0.3997461042570477
v -0.2899209255733019 -1.0950127527067606 0.2107756195917671
v -0.3535620507544751 -0.7410337567554921 0.14270931861451502
v 0.6910252375662406 0.7284535379069649 -0.5369216978123601
v 0.4662507297779064 -0.3847210193519359 -0.02431227644358437
v 0.547632155700812 1.1731492902793792 0.22246177434699776
v -0.770681684097464 -0.6783593263788443 -0.04826584277966389
v 0.2958619411655166 -1.5942926343137802 -0.046407867035416946
v -0.05633583649768976 -0.4932841050689443 0.3097173433996655
v 0.5050847434069243 -0.6214997675578905 0.3305527028585316
v 0.13664768690460427 -0.005087086492887333 -0.6883688806291928
v -0.08301190285509168 -0.14450628571297963 -0.4753620260104329
v -0.400398494649213 -0.47748433416474495 -0.4669142911726974
v 0.2252796501622143 0.046428049697377016 0.8102491258730888
v -0.08695202296843768 -1.5916981401627497 0.06851174950548698
v -0.06569811560020217 1.2833176989785036 0.165678915399741
v -0.17573011138582156 -1.551956780079925 -0.22379776483969466
v -0.48250018152319113 -1.5898206247609892 0.10098449135245043
v -0.5929464065315979 -1.5865360236883101 -0.11553251494354677
v -0.3137994427336667 -0.14391138183776203 0.41724463532683576
v 0.39529881678566864 0.045546135508997845 0.7817832230486232
v 0.18565214985185496 -0.12742328906903472 -0.5650338330261869
v -0.9026096319898498 -1.141742515445841 -0.3432473189160767
v -0.29808543134790555 -0.8639750936955158 0.22714257800040866
v -0.1905671990654762 0.5038391862112555 0.6810834675010679
v -0.11611613265116331 -1.4310700054973629 -0.6862718799782515
v -0.6255237757588223 0.6691776067637867 0.26711793411932994
v 0.6212253774066296 0.8640841165390094 -0.5434185955472535
v -0.07712499560720926 -0.22211559802766218 0.5134417090497866
v 0.39249750553276447 0.3355039042773852 -0.782846733209237
v -0.17355694829773555 -1.2959564792170837 -0.824153857105086
v -0.0622199413978345 -1.5997011846416727 0.1981879917964814
v 1.0049137124230667 0.9512811433957872 -0.14781820967610113
v 0.5618778328428398 1.0676098609946814 0.4141764868256489
v -0.462319458173513 -1.3641152960580043 -0.8030733881899855
v 0.08668679802981218 1.2770532809408626 -0.31667342308612473
v -0.8506545463989317 -1.2680156519043448 -0.33916163027367185
v 0.9559245472233976 0.8169020625527321 0.09009777346896321
v -0.7661754129644553 -1.4397280315804004 -0.2508619179704406
v -0.8232919240399599 -0.806432184298144 0.0032340148571812916
v 0.12800386450188117 -0.5401761544526965 0.5204194973341314
v -0.853866094488805 -1.0734607024110632 -0.6116010595964814
v -0.6955153280201885 -1.5386501965366226 -0.19993396960203397
v 0.28024616550387504 0.6856219944243037 -0.810694257697641
v 0.8133222456623856 0.08325349018249135 -0.19216843369096112
v -0.31805764850940244 -0.5704839675073237 -0.048695676856634375
v 0.4856290603548028 -0.11439317824363371 0.559229038405851
v -0.5377109617779324 -0.5232288605382408 -0.70588046372954
v 0.584842170427517 0.030998495801153297 -0.5263817416701674
v 0.6529189514175415 1.5148161906392965 -0.0769100977628866
v 0.27707060646885207 -0.2166644750471522 -0.38932960496861374
v 0.850921863501279 0.1404477568106352 0.24711763589796842
v 0.4158320217370921 1.2345186711534202 0.2820957533990715
v -0.9208652384145521 -1.0835181556941471 -0.29013186942013164
v 0.2538164562232757 0.5544100847672211 0.744773979262577
v -0.6787686131047657 0.12940719771401415 -0.3768036672118822
v 0.37456656836821917 0.5702268425053099 -0.7978292358646498
v -0.5859666604426692 -0.757484843178752 0.11727089186071483
v 0.4824833482426024 -0.6368706257049235 -0.10132935287164888
v -0.13917713203862797 1.2719875959392597 0.0585024543763336
v 0.07249400080571118 0.13128960762723418 -0.7758867763019353
v -0.1362881226568644 0.30283302109003746 0.828106376647463
v -0.3910195934019004 -0.5813147344068701 -0.7791927020892484
v 0.7895941723483767 0.9353868220466849 0.14540815223336778
v 0.5327825150388256 1.1273471430297977 -0.4516226857229855
v -0.26752383307555466 1.1349029827146089 -0.3880259182515506
v -0.304135181871175 -1.334600355471516 -0.8358421040240386
v 0.6029824583233974 -0.1713381702822618 0.22091841012171226
v 0.45556478283507784 -1.5985660610604473 -0.15866177908209306
v 0.2791362246639638 1.0400243752139133 0.6109886506449844
v -0.62489745103945 -1.39910663833713 -0.6802440491886561
v -0.10196437254667307 1.241174822855297 0.30058130589156457
v 0.6543867290305599 -0.13003484683060498 -0.10654822648485769
v 0.36238683572206715 0.38620751127347647 -0.8013990429992073
v 0.5101793540115457 1.1915154742747447 0.2501537109534726
v 0.6476963157484658 1.3163481080252661 -0.3564358583594698
v -0.05967496818627811 1.186551614305665 -0.47159044983876225
v -0.4223433534822509 1.0951394149856712 -0.2710118346891668
v 0.5070703795265366 0.5974087518235263 0.6050848525340256
v -0.7527183279923093 -0.6022818809860577 -0.1329588759620083
v 0.47692955568641515 -1.434262839278714 -0.08586256230000663
v -0.19120686372784645 -0.6926708970810329 -0.806312345544033
v -0.06232644980602907 -0.338886779462509 0.2928917020876854
v 0.44316550735725707 -0.7101633244071185 0.45062428216186656
v 0.2773817438443853 0.029774791159589656 0.7940659707653792
v -1.0154778532101187 0.7564888196937938 -0.21981524482119424
v -0.5645016556743032 0.2058120379380451 -0.626880457558788
v -0.8880426445661177 -0.8704570583719167 -0.06980704837349974
v 0.33786111059343543 -1.1212006731212532 0.25219437673722145
v 0.5346152504592707 -1.5008990407841059 -0.15265751872415448
v 0.5155913976770288 -1.506826524491697 -0.1120562409632752
v -0.635840638149268 0.6640534755371067 0.21811076479515445
v 0.5444690536773079 0.8131713315590464 -0.6325221017971353
v 0.6769815981796022 -0.11903472983455449 0.1499453067739786
v 0.005131146693105472 1.0481696292434424 -0.6615715455525669
v 0.26404410414601737 -1.3633670884062055 -0.3783115030422194
v 0.6537474290572789 0.9115277677671831 0.48234399862222166
v 0.22778047679982089 1.2021308826700663 0.4432807683035913
v -0.736076355622123 -1.3717290253371777 -0.5530294390552659
v -0.25249887293249973 -0.7932564857495217 0.23807971894901164
v 0.8717939413931738 0.37697893870754423 -0.27576780268326795
v -0.9506668438192757 -0.5630778806790153 -0.5727223427627987
v -0.15547462677286758 0.38875613137592435 0.753681471876756
v 0.5003657241758029 1.2862713159115347 -0.32912348631815036
v -0.3966482048038512 -0.07376019172616093 -0.2518640451991014
v -0.1361194059677258 -1.5697605367231695 0.45133045459760024
v 0.42842513906287777 0.8607595340256619 0.6505534436261725
v -0.2852413311521339 -0.7175788355692571 0.1648274815415498
v -0.3563028236185802 1.0772291307400694 -0.40302250942230217
v 0.13837186014145814 -0.8146973442613533 -0.44403895691993556
v 0.18429310716989128 -0.19941435482956335 -0.44442005701809795
v 0.915894986789331 0.3607531725588918 0.11834021785259223
v 0.07531556190014445 1.2398901575533574 0.37820896782568014
v 0.2461251057506011 -0.45946938415055694 0.4896281257414531
v -0.6792097141551746 -1.2744937777482281 -0.7127185760927401
v 0.025921898918119662 1.2827303384091828 -0.26571040698267184
v 0.057062143609977065 -0.1570753911413691 0.6805352822175867
v -0.7680286669447061 0.3704721943672438 -0.3622395397183755
v 0.881593751431854 0.886423165889094 -0.31872516390168615
v -0.3669853731946308 -1.3125040738898304 0.25703510615330616
v -0.27847112773616606 -0.49856226945038395 -0.2739453937222945
v 0.03615766597163561 -0.1475745301849794 0.6852538983712938
v -0.4132658005875522 -0.61142208362744 -0.8189655981812033
v 0.31151209357235127 -1.55617892002416 0.04025544693647022
v -0.1827988416125031 -0.2738280502093196 0.20750334117146885
v 0.18875920492060544 1.0652514934317945 0.6029145109878399
v 0.692650887166536 0.9270364208074274 0.4111783010470913
v -0.790796341139518 -0.9551090544346503 -0.7848347685991727
v -0.5548520207637027 -1.5612760642582426 -0.6133923164315763
v -0.6563927685450021 0.7481242339683846 -0.5374320897897077
v -0.3875003244974342 -0.6492259849387454 -0.8475303509429911
v 0.7189280412428949 1.0950014473449967 0.03770567518426711
v -0.7845753978801362 -0.24990005049780578 -0.8612473632648887
v 0.2122176194444313 0.27310560112371224 0.916244838790802
v -0.3246732813340582 -1.3084566008251357 -0.8521154525017439
v 0.2720665731174781 -1.6008838137753003 -0.19395869242960156
v 0.35913426970674556 1.2302515592862444 -0.37971521054052276
v 0.30199115552189576 0.44313530534242673 0.8179515129892508
v 0.5021189957631385 -0.9417619904024522 0.23345657456001168
v 0.4094089063631827 -0.9258325245416533 -0.21204425776794672
v -0.10057179766267009 -1.572899837985066 -0.027060842137699742
v -0.05773685681323096 -0.4551261866228865 -0.04335340397215455
v 0.15587277128740706 1.243524956122434 0.37823322924719
v -0.06959702584647416 -0.04607407095094986 -0.6101662383606247
v 0.7927415543527222 0.9132321902107352 0.1820218619109863
v -0.3322366067422783 1.0410789792830863 0.43562049318014484
v -0.0776573840948814 -0.5780682913294138 0.3396427511530744
v -0.7161421237083856 -0.7762068293659901 0.07857296484443789
v -0.564544688986823 0.5056418443789271 0.4236256962905174
v -0.6170593803879615 -1.042909008326607 -0.8700443934733801
v 0.873050468052761 0.7997350722533071 0.18164872739029747
v -0.3252030978039437 1.1139179279817277 -0.3613218859992596
v 0.5649960205258906 0.45885367380309505 0.6079415581401554
v -0.8997783586491476 -1.0504593584809185 -0.4985926058243526
v 0.24346753958131012 0.2838629695455265 -0.8214134873183953
v -0.7842445864879514 -1.352496551201779 -0.46090122069413136
v -0.9293285589123083 -0.7557478098529649 -0.3993871926108357
v 0.3227898157418958 -1.120872433746855 -0.2656686596790454
v 0.03445973115503803 0.7256707874092823 -0.831620463128031
v 0.8942349309407571 0.21738419856167224 0.00025012872975083145
v 0.5505284012818709 0.2839203600916612 0.7420115361889114
v 0.2720689148053137 -0.9795694234396737 0.46629174770335446
v -0.18439802246259118 -1.2041576902684277 -0.8749905564245546
v -0.1925582287447754 -1.5958093186530697 -0.5260690495674646
v -0.9229171135892517 1.1258640868633603 -0.21719159473719427
v -0.6397501243791253 -0.5997951620579525 -0.04287598756613119
v -0.3709555321724253 0.8654273048426763 0.5516304725151214
v 0.6057944991131875 0.6077544438461773 -0.65646079265721
v 0.316821429273832 -1.0573119432427092 -0.2790399275502655
v -0.2133731080321613 -0.557210570671134 -0.07634152827873816
v 0.2973886832460019 1.1637613485814882 -0.49633890403005204
v 0.5702391939489345 1.4180177446083364 0.06411476993424818
v 0.3599214990910837 0.46797270528314416 0.7171905472572058
v 0.5301845851326921 1.4092144187145164 -0.12450317554679918
v -0.8505272699068182 -0.15740894729880378 -0.5662276523566028
v 0.30940017905708 -0.704720953964748 0.5415156478800653
v 0.14949668161183555 -1.093244720808396 -0.41938061932199117
v 0.05739019104274934 -1.5985179988773297 0.07682011552867925
v -0.45831213929695036 -1.2498911991925985 -0.8618978726291204
v 0.23494550414020077 -1.5115820510200586 0.1554470639553927
v -0.3279377093418584 -1.0629679447146716 -0.9401217436415096
v -0.700670054742032 0.2531477220016677 -0.29417210628553075
v 0.7779733737167545 0.9711498272442906 -0.40949957958724326
v -0.09743512600104809 -1.310052806580023 0.35970466263633977
v 0.10423550264060243 1.314012293603419 0.141182845252306
v -0.3202789121689312 0.9463660365996783 -0.6028782916030384
v -0.17924137632448905 0.32995097545851443 0.7490889805654074
v -0.8813213286822585 1.1142340174512084 -0.25078481501932914
v -0.9898158720446693 1.1123719533503305 -0.1863159031882718
v -0.6385846548268502 0.973284410065577 -0.42221141280862867
v -0.38535397565448204 0.13350626468774207 -0.6097083232237896
v -0.11110442163475465 -0.3198775718263209 0.22075986633874467
v 0.8306490465595091 0.8056070272485343 0.26096240456604414
v 0.7366530826253708 0.883478934901568 -0.4350715785184855
v 0.807610178041507 1.5998001497439702 -0.05540129191549738
v -0.6036156929413011 -0.035235626386368624 -0.44316147658311394
v 0.22830434307930442 -1.1026722600637036 0.3759746905239176
v -0.48572794868045044 0.3981692174268042 -0.642218839182724
v 0.0852832248906469 0.8015515118297161 -0.8096181561663705
v -0.6006382176641746 0.7869975572423804 0.22357087064375514
v -0.5888120990753605 -1.5918373746181549 -0.24940968762911764
v 0.896296134478474 0.3104093217521663 0.23103087387477012
v 0.048589014895139046 -1.2240873539714694 0.36620697312508255
v 0.8418392241534948 0.32747502445562043 -0.33825280586934586
v -0.04454766476830993 -0.7654888665599667 0.4718339661795018
v 0.7857687181623246 0.027262678354381994 -0.15605511583198245
v 0.3416653168415038 1.0329921714786345 -0.6114873917656419
v -0.9131066699844983 -1.0634211188933476 -0.42052207697687
v -0.701792452593462 0.17739410132588423 -0.3658782538966198
v 0.5239087849566368 -0.5897767880898955 0.2598424251791
v 1.0224177330233546 1.1275215987735498 -0.18425364397161273
v 0.36407404100177865 -1.2636980785837277 -0.25395144876874925
v 0.4688520378566553 -1.4356710765993879 -0.3433378385868364
v -0.2362207834966354 -1.2090866552499242 0.2331391223049873
v -0.6217542149742235 -0.9082938968662212 0.17589825225008254
v 0.37343223174766005 0.0292966645695506 -0.6636950341478781
v 0.5451851111067739 -0.1392507512492299 -0.31845759727522516
v 0.8607110783622113 0.7682314628695176 0.2290952961311844
v 0.06778617177137793 1.1799463847171314 -0.5198246126530764
v 0.0008959163299862571 1.1036942532506415 0.5572157243037885
v -0.04320497551287024 0.46463249872145085 -0.8463437294235453
v -0.1505782918677686 -1.0769338477428332 -0.8988168462685207
v 0.19347494194992448 0.2160542542301902 0.90659378351217
v -0.21208796287615705 -0.5832352063444999 0.01829208493069863
v 0.025206935555921156 -0.8478221501997181 0.5234437679796446
v -0.1354375909243148 -1.3989736995670532 0.4433955877841861
v 0.49035541175603237 -0.4707512330650575 0.24872355389912454
v 1.014291001360722 1.3519151408228598 -0.01687129462769299
v -0.9832359787507503 -0.515586493568488 -0.735862359903442
v -0.7747489463437853 -1.3594457017955441 -0.04740792129451832
v 0.455847723985771 -0.5625469893360249 -0.10414198868047925
v -0.289345407802297 -1.596978780591163 -0.19516114913318156
v 0.9616076700470951 1.1092305791188748 0.027208118947228757
v -0.47120921538146177 -1.556610347216625 0.3192138280869854
v 0.7002675339584225 0.5904038997699339 -0.5686830080230411
v 0.6854097933598244 0.6257043064550332 0.5309283973212586
v 0.11640417944910449 -0.61991221837033 -0.2995990638153439
v -0.05554167802065779 0.5699508880297984 0.7607209310054927
v 0.9704159096465373 0.8577196969142907 -0.1621138108350174
v -0.08131680877455695 -1.1543978986350583 0.37553003855343
v 0.24323196962388138 1.0041474142730293 -0.6719414798025651
v -0.22914525853639817 -1.5708852570682728 -0.6552392761501812
v -0.32595222677554686 -0.18669705127184064 0.06931742448007107
v -0.2432848495418083 -1.5918317699226794 0.12337344552526082
v -0.47501512991000033 -1.5968871476589732 -0.5256995043551795
v -0.6244498431679242 -0.9889993619653049 0.1921629441604612
v 0.7321144885225661 0.713612093152403 -0.4924874993361826
v -0.48646412159230745 -1.5955226154465096 -0.40729929514742197
v -0.08062520470822666 0.3121667776669458 0.8777975299554218
v -0.5136090629533815 -1.3551447122314024 0.24858082610612853
v 0.4039183585727193 -1.1416967565622338 -0.07820447531109512
v 0.5363229359104624 -1.478997579952677 -0.21485403364655165
v -0.4997805709351795 -1.3081629301375566 -0.8194828808629196
v 0.03405268054905816 1.316346630074747 -0.07952942916030453
v -0.9667117817621971 -0.3583821560428602 -0.7418232606480968
v 0.9365769848891279 1.234708251897291 -0.2962867463718894
v -0.5152451925664494 -1.1165277390745028 -0.8916492852986793
v 0.13127771684351158 -0.639546195998721 0.550314578310653
v -0.4638842430842455 1.0344163015659305 0.21614075272388794
v -0.9491756109395761 0.73413226526743 -0.3458251717281444
v 0.21286396367538174 -0.2637026303965156 -0.3183574613290094
v 0.7158994711049622 0.9571639047045509 0.30906679564710854
v 0.6681483677804719 1.0438470270522275 -0.45159268524686225
v 0.35218755677162883 -0.6999210505324855 0.5215409162832696
v -0.4043796902704949 -0.768446091995564 -0.9187082368113642
v 0.46824544473642227 0.2949767927607416 0.8053742692359246
v 0.43290895302565957 -1.4903904862919053 -0.387829696327425
v -0.08365707624212432 -1.508358199471967 0.4980861678444978
v 0.2923059922163469 -0.9207848244703942 0.4961599184639294
v -0.47812702190772266 -1.4699771104975115 0.3547061763979535
v 0.44514736222683976 1.33551102251545 0.06197761509517512
v 0.5651178074875044 -0.15120581622230259 0.3689419109637613
v -0.8275233539588868 -0.6251409193947832 -0.22770385370277416
v 0.4090618759036121 0.4121422222951229 0.7385331316565926
v -0.5787955677469119 -1.4835851575584034 -0.6654013376193635
v 0.4461143257496414 -0.2348760884512054 0.3655343136972255
v 0.1486628296065739 -1.4470224467707782 0.3357106158113645
v 0.10983685833167993 0.4623856300490312 -0.8617132247850348
v 0.6279401480810467 0.6446954523842272 -0.6272469508992217
v -0.3173996534217618 -0.054181147791093565 0.5470884234630511
v 0.1889395532722717 -0.4431299309769024 -0.19680547465367398
v 0.7451009518222445 0.042895402461587795 -0.3042832648355327
v -0.3288335776864382 -0.10641063313035365 0.46599588888124044
v -0.027574708258475574 -0.34031062163736603 0.3438118576260818
v -0.8004117912465513 0.22247466322717485 -0.4538827023967772
v -0.2922749744496066 0.21938150473213736 0.5854298764917645
v 0.4352146326122454 -0.5855645139452301 0.4197366902321402
v -0.8240272140203379 -0.3203295943552418 -0.898901434943041
v 0.06119121105982825 0.6023087144253542 0.7743515120132615
v 0.33217564608190225 -0.10063702902422156 -0.5557706725792732
v 0.0394751082565008 -0.6275699790584776 0.5054884734227767
v 0.9335541538058086 0.9455596898294037 0.08113170027056905
v -0.5920785232760698 0.473027334447097 0.3800189389692974
v -0.9387042547344688 -0.9696354270103487 -0.3488354498291318
v -0.3753500932791781 -1.5933204115904296 -0.6124700945017647
v -0.2700540843644069 -0.8382191187158785 0.24122892439880284
v -0.2771532757271138 -0.8370371421837787 -0.9248362803238256
v -0.9003343175684764 -0.2688142854175141 -0.5858557757654048
v 0.49020433450231105 0.7368222887656555 -0.7013293358385659
v 0.991830568126438 0.8644339685404804 0.0018808263948065923
v -0.31384182344465855 -1.0030395080143526 0.2070175944988828
v -0.409418330697013 -0.6730814882981686 0.07390285233958784
v -0.5368851713209573 0.7334379356300125 -0.5773964092651416
v -0.09252159312627128 0.5314123301454803 0.7506755124623506
v -0.10368390079618088 0.7154040409773511 0.7315028665317354
v -0.18696704595986896 -1.593401526121522 -0.5724369639534569
v -0.46124631254328086 1.0900867820146274 0.06908239195919481
v 0.31811555729792695 -0.9236198598669636 -0.2996844778388555
v 0.35172610990887776 -0.1536470641792395 0.6100554496541731
v -0.5042862662433104 0.022166973682493166 -0.28183739997065227
v 0.5201148475855526 1.4025527774821398 0.0231550603812216
v -0.050769529347495915 1.11973798196132 -0.5743675128264448
v 0.5300567328157008 1.2048934409087075 0.18227564712870997
v 0.013473428801588742 -1.1353119719310103 -0.7750180868915785
v 0.061150308299355624 -1.5971973061322147 -0.2018284910318463
v 0.8836163938969337 0.9522152657064028 -0.3345371039049656
v 0.04228185145741699 0.49697322311814174 0.9097901682135998
v -0.05728306842135206 -0.5375559977062873 0.34760128436895826
v 0.6593313180604022 1.4618798034861242 -0.2216432392834805
v -0.22571608703111473 -0.5183523340089315 -0.20596684845638957
v 0.4085561673019356 -0.3025128240697632 0.3393817873185432
v 0.4813535414444138 -0.30330694415847 0.22281723104394402
v 0.706618210562729 -0.07053983351566015 0.2506192845611799
v 0.7595452885470465 0.6142610154390143 0.4864809932612213
v 0.7159217747218882 0.9846118835045464 -0.4409572381457998
v 0.787450261164073 0.30767114010001045 -0.43382161626250304
v -0.647853899823304 0.6720614529158143 -0.5541173258023648
v -0.2967293253728176 -0.09827639655014951 -0.39504672065425267
v 0.887367777809563 0.5613886792063947 0.24948719365764338
v -0.2405891445714572 0.7730965304837625 -0.7417415702921271
v -0.17998555320214477 1.0679140692775209 0.5295037489915729
v -0.9794345364620946 -0.6062713492914146 -0.6628293774152101
v 0.5466941369751914 0.5464765807393506 0.6006736308941473
v 0.7965287353785759 0.6827275914828531 -0.4030491893082979
v -0.4156216921034652 -0.7223831536589145 0.1071404239831505
v -0.8953510139126962 -0.7637451344714369 -0.7735140515054335
v -0.676789272670482 -0.9963979438760419 -0.8565001861972523
v 0.08066384255751398 -0.24382125920654235 -0.35673728348873407
v 0.5783166733903692 -0.2084100830091542 -0.008487169244770332
v -0.116302316028256 -0.6490909156166216 -0.6965736365627411
v 1.0136769992937305 1.440947590282845 -0.0973318614063307
v 0.15427838897796564 -0.5588076785516628 -0.2383021217109058
v 0.2892264039942583 -0.8665712961270167 -0.3229580525769698
v 0.34846703707243926 -1.1729077701315487 0.15942902734317815
v -0.28842752375323005 1.1424722007307433 0.3216862089756382
v -0.09872906208351712 -0.35563669980308393 0.033834135813843993
v -0.6473535463929894 0.7723312592214239 -0.013088528259234192
v 0.10467865746640821 0.24359409629232676 0.899405070575158
v -0.6099331444501697 0.18310605378178735 0.1416135430665929
v 0.27534819909495617 -1.5193559363918567 0.09227874858122208
v -0.1679363984440712 0.4003224185857999 -0.8092438699959265
v 0.03551028525590548 -0.38184508119489396 0.3918678026407769
v -0.0708635910530943 1.0085356988886163 -0.679301922912242
v 0.2849929586882597 0.7616194193532656 -0.7863305696895678
v 0.0801430473440443 -0.8573302089670778 -0.5225232543303033
v -0.5370123326480954 0.04946671596483042 -0.34057247800045753
v -0.700891209883358 -0.14218171907040833 -0.7797611947967464
v -0.15621275748930846 -1.5467860646206466 -0.009704290288566675
v -0.8527498387694027 0.7128301229686138 -0.4533103900509243
v 0.9176776638337496 0.44279637481946765 -0.018153464688496268
v -0.2468740235864159 0.4500744365833217 -0.7839255219232698
v -0.7893735930319284 -0.3492722225958774 -0.8956311911039769
v -0.17215523699234125 0.7927859984361921 -0.7654496624828832
v -0.4923685147223065 -1.5789637154119993 -0.6277782069313013
v 0.17980180748370056 0.43999588891555474 -0.8572922141222371
v -0.6589916197709399 1.0336426808428663 -0.35937536758299937
v -0.2779870125673999 0.7695056097703595 0.649745043080501
v -0.19515045798462066 0.01647496396151786 -0.6162984662005299
v 0.021867592731544344 0.7053233627575372 0.7516438963531837
v -0.018174290354903033 1.1793003283986199 0.4586928171235357
v 0.8298663278033789 1.4590644996886946 -0.2528624487602203
v -0.5622696048954006 1.091987752683069 -0.059832552261116355
v -1.026089941015313 0.8008278919001909 -0.08499350820056067
v -0.21210658121386633 0.15965082548895082 -0.7137524120779944
v -0.4542271800327238 -1.5355116822353923 0.34277875101900585
v -0.18909366320368182 -0.8573837990690203 0.3279729114360426
v 0.3626316956541879 1.0618372741791664 -0.5752502331696526
v -0.30284007494478815 0.739800685362586 -0.719984564728327
v -0.07735574782982867 -0.6798170270565046 0.40645772708880035
v 0.5267598282848036 0.016648172084701846 0.6831780688816858
v 0.6344819601563932 0.8679690150465931 0.525182183285138
v 0.3270235297661706 0.9516741246805908 -0.6773968254988442
v 0.09707043691189739 -0.7244641463782583 -0.4313267206211358
v -0.14173396724266302 -0.6124175312875205 -0.6620664094523818
v -0.134558958937738 1.0103295853239858 -0.6558406484581906
v -0.3338212576112881 -0.4854352472980818 -0.3336416770261253
v -0.6555355380497095 0.5084670331700892 0.22568061621865415
v -0.097268846970558 0.5713021378817519 -0.8313873500234132
v 0.2845766948842381 -1.6007246749732924 -0.2550030777427216
v 0.346178382708068 0.220323515843576 0.881995312507334
v -0.9523183479565756 -0.7171629748426498 -0.5445317226181541
v 0.8678378517365555 0.21870844222686597 0.2834239510617581
v 0.04414543189713929 -1.5974536825618875 -0.44193617882605557
v -0.5439709651581786 -1.5942643805064522 -0.29435258899633515
v -0.38075536140526806 -0.9849597968955962 -0.9477763180986677
v -0.7959462309323896 -0.7481500885053891 -0.008336168767699395
v -0.06004599134908241 -0.4364932613500514 0.2387119938587859
v 0.809514334940938 0.8160435076602213 0.30438842965234614
v 0.24461110859407353 1.076051319341251 -0.6116449950346428
v 0.1674086933320702 1.1375511437442323 0.5331964947374993
v -0.3016335106904146 1.0016109248813363 -0.5659960172025044
v 0.48932815936854546 1.3779804105384221 -0.12316925802366169
v -0.01105423493746422 -0.10178007979459515 -0.5694466669757224
v 0.027976192557305185 -0.7476389863440258 -0.5857818590452827
v 0.3400639094685556 -0.24554871464519856 -0.29724931443145863
v -0.29863338630143565 0.4671830766284827 -0.7603465872525609
v 0.09285048510219733 -0.9275546823914356 -0.5961750566203362
v -0.31278871652016704 1.1892747093460276 0.07932086538963547
v -0.39263821793868897 -1.5656053076297125 -0.686901678841052
v -0.6312213709811105 -1.5522446157420777 -0.03633805271162713
v 0.9035164793954291 0.2576469488770068 0.025457419377679882
v 0.16885806374316775 -1.6014870671112431 -0.20371166871156982
v 0.09584686662947185 -0.9854647185366066 -0.6463054683390956
v -0.9360058625813555 0.6656236348133634 -0.3427310343308149
v -0.0854309047775904 -0.34337347254967887 -0.06606568381374084
v 0.3888703654345601 -1.1915891414707533 0.022316275476175165
v -0.1197661329970087 -0.9581630760321732 -0.8918471579207874
v 0.18148872485097328 -1.3555594405024172 0.2713679631818036
v 0.12231377419716459 -0.21128669296188662 -0.4227523235044894
v 0.5253232987684767 -0.8791114759523877 0.26772903786777086
v 0.6596618223459857 0.798095007836909 -0.5408045425445469
v 0.9691425689005241 1.5293035606766183 -0.09289791387794957
v 0.05243600493161353 -0.7107213946843319 0.5314318410117498
v -0.650734713297643 0.4141998173302734 0.23360573239747429
v -0.017695722299124472 -1.0334545972436777 0.4596347898466493
v 0.563399142975313 -0.08743067739794785 0.5087499071412133
v -0.5490746929900288 0.057373866407469234 -0.2504052120658485
v -0.48521396739469913 1.106135558790066 -0.09358926842016622
v 0.24499019330516436 0.755804720545035 -0.8003997757007719
v -0.6773025053838924 -0.48859418418830464 -0.47683932392809436
v 0.6683544555041672 0.032147112878677095 0.5363165826426463
v 0.26451666442890626 1.1843363776131886 0.4639118634842079
v -0.6162465843790577 0.4512106542318144 -0.5760241609993181
v -0.5373906112043575 1.0616380963540022 0.023831002010880994
v 0.5989244092751176 0.32713933774613857 0.6793421346828614
v 0.19919171214063686 0.9849218116478368 -0.6974684684225412
v -0.24364472089614964 -0.6626772732737902 -0.80930429321975
v 0.7659608990033844 0.8841438590819025 0.31952621308308676
v -0.10764868540845102 -1.5933018892235333 -0.3816068336517845
v -0.4045666798024163 -1.5963072152305735 -0.5578278069545215
v -0.46645564665768396 -0.46283335308553264 -0.3188931128243213
v 0.6800591902087819 1.5222650612560111 0.027219827386406784
v -0.1238321668169246 -0.532956846020521 -0.03690606556506053
v 0.13219986199667283 0.4862467381039298 -0.8610686464170423
v 0.5568918995867854 0.7544887687580788 0.6003032411387084
v -0.30707764699574297 -0.5318782684422767 -0.6523250072504534
v 0.6726350224793166 -0.04613986854029767 0.40572199564268285
v 0.2760703602681248 -1.3116928134139334 0.16405858258248213
v 0.04145490935068663 0.04188122129882246 -0.7169734420841857
v 0.6888609613754324 0.1499238381031252 0.6055068937809858
v -0.5523160880027247 0.05090249690881647 -0.15472895275053006
v -0.3407748804449361 0.9703456686085506 0.5052901017524413
v -0.5342121346566213 -0.46082239986546836 -0.5155484219469968
v 0.7806731286554114 0.42278440654725336 0.505599914730756
v -0.2651214916861813 -1.204484202168193 -0.8950750210488596
v -0.1514246200787117 1.257211929579883 -0.16702628803085193
v 0.3077126282824419 -0.17139446676112913 0.6080572797463917
v -0.6221249310304263 0.7847419168376586 0.10003962031078632
v 0.8268108858378245 0.7724619138861526 -0.34600703641865505
v -0.576524783147909 -1.5873021970762904 -0.05915542059337656
v -0.7229234789328164 -0.6162727172314196 -0.07816140361025017
v 0.5263892273935763 0.9280128854407094 -0.5813189859138832
v 0.33804149733342687 0.5761296809081394 0.6816518834319156
v 0.5266943953845449 -0.5690727550914488 0.22454422582269817
v -0.09007510516294817 1.2586938340965652 -0.25122203884889555
v -0.003923085294050187 -0.9730081292893014 0.4870798511339317
v 0.1476904725240854 -1.560281653082942 -0.5462295998522639
v 0.34168650719699967 -0.7498747607904702 0.5291953179929644
v -0.6048182072273688 -1.3126950174192444 0.1880943959052464
v -0.040654128887562264 0.347496877721567 0.900943713036447
v 1.0065627597075555 1.3462357992491918 -0.18411567633093828
v -0.3119427913866383 -1.1118618108970968 -0.927721949921299
v 0.31552113992354675 -0.6596847689673583 0.534013244743896
v -0.023410880180179533 -0.8785608338160954 0.4937955431281529
v 0.15973003020086557 0.08286139182916667 -0.7481665091114822
v -0.777921319147819 -1.3107801885654151 -0.535697782035008
v -0.6367884267036452 0.3343724275870515 0.24257048119864988
v -0.011205139443722235 1.2829300920592241 -0.23771253461872477
v -0.07069120827890157 -0.572373613619839 -0.31302691607787014
v 0.3037577670522292 -0.22112158992977565 -0.37596597637410323
v 0.189780065651951 0.30025647348102563 -0.8351370640438975
v 0.7923598400413571 0.11687206595340348 0.3979927750872243
v 0.12351845742360466 0.033293081161763896 -0.7173603196252869
v -0.4672574827997507 0.8658095373964314 0.4544915412340328
v 0.25145902917435564 -0.7287472085945441 -0.31535937152126464
v -0.7866519375537598 0.750921303311357 -0.49449401870468934
v -0.10268137049010578 -1.5962238165941334 0.1198752901996402
v -0.3177799089767704 -1.266209289263294 -0.8739539180915626
v 0.6416452600221403 1.1487331830132812 0.07335267086319765
v 0.0606904161637741 1.018425299219878 0.6397302776150103
v 1.0227348781717776 1.183759074785063 -0.18508718887027298
v -0.4934991852578116 0.9465748307002985 -0.4624222813024909
v -0.7951580802282473 -1.052180019186019 -0.7245973634636926
v 0.9743017294739252 1.1017931674172246 -0.26519807639490295
v -0.002401314501674953 -1.3249050000656335 -0.6703154847073431
v 0.40663060891122027 1.1240005256178005 -0.4938362347528371
v -0.4041995722487797 -1.1186748172956333 -0.9221040872503968
v 0.8205036840117772 0.10685021784191824 0.2957686575353444
v 0.5870424740615009 0.3355940976473809 -0.6657448555471809
v -0.3387910869649322 -1.5985664065553737 -0.492937084206455
v -0.17515541896380793 1.2395578106281655 0.2108499777776287
v 0.4551187872732092 -0.3480385369897686 -0.06029021787383781
v -0.2762222052883496 -0.14866441312498735 0.46746927118973414
v -0.8801282579241836 -1.1518168979803263 -0.0671198656113372
v 0.3758900250727468 1.0923545339359415 0.5343836920818227
v 0.8618088117147172 1.5557038069176468 -0.14462163303304548
v -0.487442236923572 0.8889849531870764 -0.5173089681219528
v 0.812450293244389 1.3858341628207442 -0.3131080689972875
v -0.4078428930260449 -0.10081586103704347 0.2945814793851836
v -1.0313750344894463 0.9578663726669053 -0.2225394147346617
v -0.38315453575781455 -0.11050133144919369 0.34835876280128675
v 0.5507086344685616 0.6212903592440676 -0.6964091809776967
v 0.08399857878286994 -0.19674640461831286 0.6238591236201504
v -0.10254664666290852 -0.8003587673724051 0.41923403350231514
v -0.437279655788317 0.12809155303365938 -0.5853352108818861
v -1.0094666061769986 1.0910043205687676 -0.13893922039336362
v -0.40240305621313593 -0.05966048619060628 0.41381398587103313
v 0.6068683165391102 0.7819067662761138 0.5738179839515826
v 0.4133239013177026 -1.0769115441259072 0.18168074325349237
v -0.9283089649956934 -0.941803680123591 -0.17871541788128348
v -0.15211207820592326 -0.2990620591315696 0.1503946421201373
v 0.4471009057066067 -1.5652333823412667 -0.06933878758303033
v -0.014396015420489558 -1.5967681630450972 -0.4865930679765661
v -0.014803699433834795 1.2973425088916444 -0.16500151501372504
v 0.9100772169150865 1.1908773259512186 -0.3277388770116209
v -0.657764671315899 0.7179825271967842 -0.004443227905991928
v -0.3023064580307105 -0.8937307482750064 -0.9430365691719524
v 0.6859801479010934 -0.008884920278976818 0.4480551243054507
v 0.6408338459929428 -0.16041665338200456 0.055871414539737665
v 0.4174375174666713 -1.1210509010705878 -0.008952858017453116
v 0.5233385263861808 1.376639794252542 0.07956482319611467
v -0.39346633088933713 -0.4766922870455975 -0.3999834784657596
v 0.5233682581440279 -0.26395735612820603 0.030163041083315648
v -0.33433894337041875 1.1521466153052433 0.2030242489726834
v 0.21956042311869084 1.03282548937073 0.626040674557287
v -0.9550969909034646 0.572427779546659 -0.17421302396911753
v -0.06710664083331486 -1.59717419636046 -0.33382513483213067
v 0.43922331427435174 -1.5828431051949206 -0.3442628244760605
v -0.7079902860810893 0.13542800344010264 -0.4112470161491524
v 0.40774978214333585 -1.1376793799444755 0.029169455257006052
v -0.053908389143652806 0.23674087812317068 -0.8028616189941645
v -0.6229961348760821 -1.14955862797533 0.20094849625972577
v 0.8791705075994235 0.214089059893733 0.22721359640198013
v -0.7998103421618915 -1.298288992242966 -0.49896117213434577
v -0.2584921158411134 -0.5878660283985346 -0.003272153658241475
v -0.937898195876633 0.987517572613598 -0.32615783464517745
v -0.17391443957591612 -1.405231725948553 0.41404851934368225
v 0.10988284754523807 -0.6925426032983022 -0.388914838309274
v -0.6903109843880579 0.47298547197849505 -0.5348641219713722
v 0.7379772879022394 0.035535477594300785 0.409906956493987
v -0.07578292056497234 -0.4223552058776482 0.033565647867578804
v 0.5806344261052222 0.5686341876705013 -0.6833124280197941
v 0.6232070019462613 1.424719424863869 -0.24439373470277725
v 0.46965464176522553 0.9102058082073372 0.6171780195069109
v -0.14690575757504623 0.012873352099554008 0.7710654137959005
v -0.5308668992243303 -0.04428490627957687 -0.5266833971293827
v -0.26144108778679837 0.36393518083254395 -0.7678024253502944
v -0.36936591001530544 1.1492512142673386 -0.17315360216513498
v -0.4508575680139475 -0.03904305725375156 -0.1981763601339538
v 0.606590999278055 -0.036659775667827015 0.5343161286295169
v 0.48061640882442735 0.5960221079357626 -0.7433316531091491
v 0.29628743736174246 -1.383052487196167 0.10544116476933442
v -0.6018407319502423 -1.0949389703457766 0.20839373917971143
v -0.6116053015064131 0.791313191952576 0.1503693442138478
v 0.11586014010474206 -1.5970464016259565 -0.4527580588283244
v 0.40515576784637 1.2433842437165097 -0.35586387231438094
v -0.262250313681461 0.8092277564964347 -0.7186652347687555
v 0.11474495925844462 1.290906936506216 0.2596623263515474
v -0.46286883349507457 0.08448805872007915 0.43480717892885123
v -0.9449235281017055 -0.7756267241901269 -0.5084983292521872
v -0.39139263195177626 0.6199221225582248 0.5831494180348178
v 0.7252283715587361 1.0549577983955913 0.06495923631142035
v -0.7200309570192994 -0.7112414221312982 -0.9193722396718946
v -0.3927736135615768 0.06811825957537478 0.522189774949519
v -0.04921180788859546 -0.26419250381405784 0.42674526595327433
v -0.3376261740433722 0.568526182117625 -0.7358028771935853
v 0.8057376915103445 0.14124322049072308 -0.3012572091328989
v -0.27370705980545323 -0.7424308230735404 -0.8819581142202407
v -0.4141032610953801 -0.11104425753212604 0.023969507088107897
v 0.8411762961660693 0.07802976044614805 0.04233657401495218
v -0.4724371043504694 0.7897085215719881 0.49395234024232504
v 0.17107391464884697 -1.1228518893461141 0.38965308419069034
v -0.37302001791194445 0.6116926445432646 -0.7094440327612567
v -1.022224946854332 1.0660056704681582 -0.16874643049356253
v 0.7586283258177837 -0.0396405523409184 0.0991579364523582
v 0.42314678273981216 0.2720130693892672 -0.7546672456788929
v 0.29823543372852185 1.311685385273012 -0.1632823322591438
v -0.543852844281619 -0.6857638008974954 -0.8939188222771141
v -0.8807531430813619 -0.8868706202073191 -0.7007301900534166
v -0.23491623304225584 0.20708152065737845 0.7128844136574907
v -0.5171303472449194 0.6061012890108949 0.487468206625552
v -0.5441052859079615 0.5304083026947234 -0.6108561725348098
v -0.3209088261967072 -0.5151716309383352 -0.18581393744829983
v 0.4876991315956347 -0.8724299879558964 -0.12781086719707022
v 0.44088762091809713 -1.069373996478041 0.09762860315992374
v -0.640319231299826 0.4633033413506349 0.2797357543323648
v 0.5794506069335141 0.615781980076561 0.566135040522121
v -0.2583870661892754 -1.5959387256972306 -0.5120947394960901
v -0.49081854770509115 -0.03544336480804637 0.04169495154799811
v -0.6851764499252558 -1.5019306310523375 -0.054082902469892676
v -0.16814143048882424 -1.5946088581423987 -0.4784637451019842
v 0.1994417928849812 0.7513706386575157 -0.8131849498174019
v -0.16388854149612508 0.35336050245023154 -0.8038876045669208
v 0.539090638184677 -1.5070623247790766 -0.24356865442981784
v -0.01798966170497988 -1.5956798156380962 0.05713686648492779
v 0.007479936368861399 1.1409835398688304 -0.5635740017964794
v 0.6974592168361742 0.5060007944134642 0.5379417715830396
v -0.2442780322907036 1.0321128485022046 0.5256404247227371
v -0.6850884063014698 0.597446679488798 0.008682930508993825
v 0.08169021201352196 -1.2328672245986083 -0.6036388602955434
v 0.47456936467808264 1.2339744398674322 0.20835226059436124
v 0.08025909525104453 -1.085082537527465 -0.6963725777096434
v -0.6886027423061513 0.2930775495669329 0.09267174906018837
v -0.3232051006436255 -0.6041374958483066 0.012410974319917445
v 0.04732079899053644 -1.2381602260677278 -0.6740475209040848
v 1.0004465014109225 1.1323701402138073 0.017113409794563786
v 0.20371381845777947 -0.961399000708532 -0.39124180422216864
v 0.12449950946174503 -0.7391403293929472 0.561742206890001
v 0.6846506450353509 -0.11242796471301389 -0.048599571684561894
v -0.06427742126800942 -0.5910896496166752 -0.40704712223935563
v 0.1865052152138661 -1.557116823584805 0.21365704727930884
v 0.8851974362633773 0.3248712979123856 0.28391971708721453
v 0.828436996098022 0.6126671705661254 0.3950753583448322
v 0.25588585566841704 -1.151803154959914 0.30656652564021697
v -0.4696334514097296 -1.1703843135762522 0.23046819699853588
v -0.1880066018055741 0.021299243980265697 0.7438470547629317
v -0.5635551723229818 -1.5553528032664208 0.18061982430482798
v -0.9142802010850598 0.5006750093146465 -0.1605149178973681
v -0.8263945068688275 -1.042615894269743 0.062026176326519925
v -0.9645241654696831 -0.6456617057230131 -0.7255309675319183
v 0.8580750480433428 0.7080513331151969 -0.29120012053890415
v -0.5218255849085957 -0.9070964114507513 -0.9325069202950689
v 0.08794230739878227 1.300486167228448 0.2131439681191991
v 0.13789943421770734 1.2207714088312858 -0.4540008424674994
v -0.8553637958012964 -0.1433872468400022 -0.606755570028075
v -0.1264622853337164 0.19011889060701587 -0.7627929408567459
v 0.46432115980721034 -1.4770029033824863 -0.05880088521623439
v 0.9094369380395135 0.3025876429155268 0.1355828715409348
v 0.8834208245743361 0.46956597433115543 -0.23955265979176588
v 0.10901471476559628 -0.17812401694073793 -0.4850595311625251
v -0.8493452933747184 -0.2207623519827997 -0.8229256418353145
v 0.038725326683369685 0.9530536475340349 -0.736040769644687
v -0.7468471791519107 0.9736365653665583 -0.41382281518582326
v 0.5367128269350896 -0.6781329120369695 0.283351569874643
v -0.1551762727096172 0.4508419343685205 0.7112838700218589
v 0.3785109879739847 -1.3686454447292709 0.01626865550495281
v -0.3810340798401921 0.015411837684156021 0.5179965030258147
v -0.8188547326981015 -1.3425844169236403 -0.2500019427098983
v -0.3166871277182118 -0.49702481702717527 -0.4555274885771717
v 0.19195883343551234 -1.5236802660577042 0.22845250282031254
v -0.3651541349188674 -0.030043567018293672 0.5072614958034141
v -0.21051252520518893 1.2008758339609982 -0.2824163918850854
v -0.10296857274489321 -0.8889200769175328 0.42740017078073866
v 0.40128992914223516 -1.1113036254549078 -0.13162319257591282
v -0.9010379179864235 -1.1009943639528466 -0.10384939286600492
v -0.71695336499012 -1.5159467652039889 -0.2642496160448351
v -0.5372619143442126 -1.5611415323726714 0.2340564881116644
v -0.3934115699434768 -1.5085525787564842 0.3634095198988584
v 0.16304486207961888 0.7006536533301014 -0.8325882711939864
v -0.5623439630812622 -0.1149170253289547 -0.5609295836285605
v -0.11859229478984575 1.1058615621191386 -0.5631069310440905
v 0.6082520045258355 0.9941374473481855 0.45459914370949484
v -0.7355908776678133 0.02940824023666809 -0.4963623401025706
v 0.9979291102110034 1.406758468029038 -0.1680593946379279
v 0.09393779602441867 -1.5998527801377835 -0.21493288326645854
v -0.37734833996361 1.061038720238902 0.3401951975406498
v -0.533874048676816 0.08858866122681404 0.2843379195016574
v -0.6411467876197593 0.7437029545873108 0.03415842119074926
v -0.09288411327504961 -1.5953661062447764 0.44061013090957857
v -0.6431444968676386 -0.7089411744927243 -0.9160794043034658
v 0.7591875477447523 0.004957948167002832 -0.19571002540651583
v -0.9625806989252742 -0.5924344886183246 -0.7710179274376607
v 0.6914865884581788 1.540284483510082 -0.06669076091254501
v -0.24944855580835607 1.052173742694853 -0.5459203626988268
v -0.723005687531176 0.45698612017171736 0.05761792978184262
v 0.22383164253666044 -1.4041869684847867 0.1957502371771353
v 0.46510322596181264 0.5630025435908617 -0.7559101444830434
v -0.6056701401337873 -1.4755094631740893 0.16444618950176149
v 0.7800743283651886 0.5081927485867228 0.4911242723267748
v 0.47284847364303106 -0.9959375718863956 0.20177906606318502
v -0.3640247887805808 0.6651093848093359 -0.7038222352870241
v 0.4089616247924208 -0.9023631501509904 0.435252329947566
v 0.2457283432157678 -0.5509318337882031 0.5279256433320052
v 0.2049100946410065 1.3047633560309821 -0.21214969130303646
v 0.4141626094460986 0.7970505958680693 -0.7196685712296592
v -0.7065655225864281 -1.4991086860746523 -0.45322006232179046
v -0.1150058463163255 1.2088467474117508 -0.38036435711921085
v -0.5154400325108688 0.0009993824634108306 -0.44570025008015474
v 0.39773298209661095 -0.817263814935007 0.48336301671395887
v -0.856445329280579 -0.8684533413511476 -0.012126996684444669
v 0.22179880797124701 -1.6008176898851885 -0.1594020211564185
v -0.5185439205427924 0.0038236307406062514 0.11895024672792832
v -1.0294762327613773 0.7965489180405362 -0.20464358369348778
v -0.3791633975603127 -0.07444448281654562 -0.30533806084633186
v -0.373745384510265 0.8684935531217671 -0.6196918022042637
v -0.9416148575491425 -0.9158215403261923 -0.2886988332413955
v 0.2591460609604482 -0.254295340982737 -0.3200536686709742
v 0.43212667573526886 -0.7023906290734007 -0.18267168028536504
v 0.32863946712019704 -0.31234697246531135 -0.21404286914146772
v -0.596798847710247 -1.5918384111029344 -0.3205382828879676
v 0.6398071118478457 1.493661939363212 -0.12756445253777993
v -0.5607486210636915 -1.0780706987986912 0.21733439930684056
v 0.056598047952788985 -1.0932030886697448 -0.7358219753853592
v -0.676958757126124 0.20782189709084198 -0.32224193756501607
v 0.32640693648722985 1.2044379826246836 -0.43032873933159377
v -0.9851700017671664 0.7767401391734665 -0.2978258494930806
v -0.9419955929582159 -0.6289867961698277 -0.7947869419004675
v 0.07732657270269655 -1.188930462040032 -0.6532337932664541
v -0.9207058692825932 -0.8659014006585721 -0.6138369684020639
v -0.9176569533323186 -1.0886561259120522 -0.32664058702839993
v 0.7633231028215578 0.08684439170173176 -0.3289355178839371
v 0.11716705144111984 -1.5816382876093424 -0.5474165476724737
v -0.14809074759067217 0.6273153301034374 -0.8102049984933017
v -0.22001019993058918 -0.5420196961866781 -0.5801859161080547
v 0.5628970044878777 0.8675987788444548 -0.5900777813505016
v -0.09302507520508763 -0.8655369610935352 -0.8581114785639327
v -0.6926744575981928 0.3210506806553055 -0.6565179912617188
v -0.6624990842654152 0.34574921082970683 -0.6340109929889992
v -0.5343939225704817 -1.4313878224414762 0.2985584906790215
v 0.46623310953665165 -1.0285586462218306 -0.0215585859080583
v -0.19499563786919494 -1.1570609159465237 -0.8946326147953948
v 0.15197249825559145 -1.3327446830267795 -0.4153743753185334
v 0.7932529444265244 1.5871188160469352 -0.007948273935981229
v -0.21524037375110028 1.2383965829858221 -0.1087119076566258
v -0.5459746821789476 -1.2493849531543697 -0.8284482630714606
v -0.5469520489378713 0.8269009160574383 0.3468619252261118
v 0.33452263150637507 -0.818203254028659 -0.28071411918774314
v -0.5933876035528198 0.13588975740945508 0.11348657076508652
v -0.8232365488808966 -0.14724095483338212 -0.7583712583982578
v -0.11443236312655485 -0.330382153126866 0.15001488561335596
v 0.5254855854131487 -0.6125304505460191 -0.007007356891810007
v 0.023089051656085324 1.242868035907898 0.3609730896767308
v -0.619208262860375 -0.6053890512197837 -0.8647804519664174
v -0.7007196524581565 -0.42846084980237065 -0.669868951708922
v 0.41207376631425674 -0.3224286295874173 -0.1432656038346079
v 0.6514577574022904 0.512801247829669 -0.627692965655253
v 0.03101272827271144 -1.4902100611635887 -0.6492725403801001
v -0.43371361070962666 -0.49025532379522313 -0.597756271734243
v 0.3126586184861531 1.0917180938928859 -0.5703447810373249
v 0.15382542593507803 1.0540368432805107 -0.653911942224811
v 0.19278093861327084 -0.09036005210363159 -0.6087306109699393
v 0.2802918092225066 0.8114251426177054 -0.7691660362429539
v 0.29059886339587027 0.9814795497236691 -0.6722265323111428
v -0.5832282868488874 0.7300750223739789 0.3487708806661895
v 0.4261153135371732 -0.0327427653262356 0.7097352082076995
v 0.4615532080088822 -1.362843913116575 -0.1432451620514529
v -0.07338547368705868 0.8714757309687273 0.6993255804294716
v 0.2972960714115202 0.33232164647961937 0.8902380536886417
v 0.01898841076102528 -1.5989741481512068 0.10461587336058654
v 0.4771683310689959 -0.2041894210154384 0.38686979625645523
v 0.0818416539563324 -0.6594897562754757 -0.3758861286577418
v -0.8533879295104408 -0.5126030681009596 -0.5299602821487018
v -0.4864642175631204 -0.8427732217020534 0.16526714302976475
v -0.2786949892544168 -0.665725402263399 0.11626014645305259
v -0.671313101307796 -0.884022935857605 0.1502553116939192
v 0.0903424030711329 -0.7084626064369457 0.5487275281713199
v -0.4153096909906156 -1.2111603733816476 -0.8909554163211637
v 0.4990132650916065 -1.4161873700698895 -0.14663813336609743
v 0.5838043804447698 0.8892495831066616 0.5602027966622084
v 0.016601424701721462 0.4339768682465869 0.9323110054775445
v -0.21923890170119814 -1.3771191492689867 0.3251303327335767
v -0.33305318400121176 -0.9808094239252736 -0.9491651501209663
v -0.9082783399974447 -0.8212126491981674 -0.6988599876276018
v -0.4530924403347503 -1.3121188662408743 0.250037912570586
v -0.6985868930823158 -1.4862590579600559 -0.49395301203801567
v -0.4181558590014852 0.7983292533971192 -0.625231467856787
v -0.7962847007954466 0.427205973840766 0.03806280177335851
v 0.40101835093579347 -1.6014871822762187 -0.21343383836258617
v -0.48588489934792334 -1.4850419944987472 -0.7228060490461099
v -0.7210905323765827 0.2715941951791339 -0.3337712184294241
v 0.7204278347191082 -0.08360562628931016 0.06352762050071566
v 0.2694922136430012 -0.7785347549870141 0.5531152369620292
v -0.45071305516383087 -0.02519295260847665 -0.2716660677209405
v 0.4211892084859019 1.1433717735487021 0.44915427802598806
v 0.5073082143951505 -1.5711061818796477 -0.2950919865275068
v 0.610051783569119 0.019335258876051448 0.6018183131683407
v 0.3419676824847348 0.8719278494684611 -0.718797252219028
v 0.12947789941190285 1.080073955159558 -0.6344191376622464
v 0.008638995070832454 -0.5921384762429098 0.46936273694060426
v -0.4922299136742667 -0.004102829029594954 0.25669116595391195
v -1.0024698732541804 1.0114073951357265 -0.2536454170404641
v 0.45106668841533143 -0.1739871374667139 0.4838935241736976
v -0.06558563780744309 0.2451249843119307 0.8927901095461928
v -0.3426699585054635 -0.17593432767866463 0.1431751417463359
v -0.6286022699136435 0.5836386676420762 0.29758669022724804
v -0.9757413492504285 1.0730674907963083 -0.08500105150645731
v -0.8041632711299935 0.36247026314975106 -0.18976649537900211
v -0.5457520490871025 0.000668954954477774 -0.6206631803844602
v 0.5309668432289201 0.07482577485633389 -0.604744136953946
v 0.3959338364606928 -0.697898350484918 0.491698657642187
v 0.5285274762999168 -0.5620565784819301 0.057260899163564125
v -0.10760557531928089 0.3195249174771122 0.8541512621623581
v -0.5161758023453115 0.12276500016833818 0.36448395153798396
v -0.9614308534213449 -0.654747051447722 -0.5748643153366809
v -0.07451230539004637 -1.5903921885345014 -0.2783840822088346
v -0.8572002356951208 -0.8240480876721511 -0.03568280238923638
v 0.1956786621448488 -1.4895028138547501 0.23106669018215725
v 0.8088421553671457 0.5697098285418698 -0.41738872590537557
v -0.3086687279092194 -0.5077910147637795 -0.547673787839463
v -0.031490470979498836 -0.29214966535915815 0.38827768808220253
v 0.35720270354314054 1.1185403813808745 -0.522654849508999
v 0.3495085123344031 -1.2202721302740762 0.11347916181832797
v 0.3658452975194581 0.2626890250586279 -0.7774838265999763
v -0.10988167670132033 -1.6022019920851165 0.38766932909901153
v -0.21515321305879326 -0.9459807137857468 -0.9297180468595211
v 0.2924039016397026 0.8246496903101115 0.7051446747009346
v 0.3518494324034985 0.04247885074512742 0.793018238206412
v -0.329084291838148 0.8067648191357747 0.6075383463666929
v 0.28870871823512767 1.3236910460586637 0.020386264039739657
v -0.7301708876190192 -1.3117517394930749 -0.6202801992583643
v -0.7128662751738462 -1.1469705254804408 -0.7584283418377912
v 0.23452662993006734 -0.803860108929015 0.5525322718559407
v -0.5612195306485979 -0.8320998277415567 0.1617304266315071
v 0.23876331904954318 -1.122288329538401 -0.3381141472388183
v 0.5284305073905279 1.2323287131730707 0.147661220620303
v -0.04052009605021811 -1.575388514717755 -0.638363461297199
v -0.04045873231242787 -1.5953378524374484 -0.41049234006456164
v 0.011491746679469388 -0.28203319002611965 0.42925973964048025
v -0.8345004512533786 0.3822295210773466 -0.10527974186197886
v 0.13544528778351206 -1.0896135883243732 0.43036586084203665
v -0.5596979709920111 -0.5921883426773105 -0.829307912031239
v -0.5567624925426247 0.09759012846101837 0.21000067447148463
v 0.7127563885930362 -0.019602748725862144 0.3736553254994073
v 0.59122190699398 0.7868421421079145 -0.6080619055395752
v 0.12355358274113863 -0.6643926939725044 -0.34465649675071736
v -0.7199560230085603 -1.0382992422689301 0.15400669560654845
v -0.020066642844343074 0.6372822061332739 -0.8409554865196699
v 0.3565184892294062 0.0008829314789962628 0.7626284276892137
v 0.12117402482275595 -0.8618119499603002 -0.4726908127915426
v 0.561260778903997 0.9666701400264649 0.5288376731614831
v -0.9796595880184257 -0.4799194207954915 -0.644656133142168
v -0.13838051670878487 -0.6952955452614874 -0.771300120016013
v -0.8460675446180828 -0.12821470278081676 -0.6467272984502674
v 1.0089208969404913 1.2988572546205128 -0.199468242441026
v 0.022157367004118397 -0.21762316588587882 0.5676535099185314
v -0.2030850368855961 -1.4953516014957349 0.4261911304793913
v -0.8536603906483615 -0.9983844245388078 0.019529206291910503
v -0.390811605456109 -1.5913052740429217 -0.25923178209056125
v 0.11354044877946785 1.3209478163417476 -0.11311412723425084
v -0.11043036103302876 -1.1579379548176059 -0.8592732244486659
v 0.38469978101103347 -1.0989755603202844 -0.18080007668568143
v -0.6775764444723322 -1.545645336343946 -0.445210914099165
v -0.11633588661862045 -0.9415979187006597 0.4110870711923158
v 0.06297166158138681 -1.0185944957630815 -0.7301592175681664
v -0.17759488186362427 -0.6568525167243642 -0.7613042224123453
v 0.554117824850592 -0.8453740307325751 0.046947568499034656
v 0.2708633102590695 -1.319304028257808 -0.3517941340210857
v -0.943711627870133 1.1377577497103175 -0.12348933987896042
v -0.6213997179854064 -1.4560603061372475 -0.6422527552680151
v 0.534387300584389 -0.9109021916201517 0.15219040958344016
v 0.406810707738773 1.0836302687978168 -0.53265091986013
v 0.7505732267699252 0.9280390854726405 -0.4235748317596622
v 0.9169524507887297 0.6436901005362519 0.0362711802491744
v -0.07336553095213091 1.2853813593690315 -0.15164024730121267
v -0.07337923558421794 0.8979055362201398 -0.7512046187482206
v 0.9713784201236187 1.2445717673615968 0.0052839514214595845
v 0.8647301056779519 1.1467345140572724 0.008842568359228864
v 0.42959391001111774 1.2172708158470167 -0.3902886029139418
v 0.04917708564847574 1.3125762631353193 -0.13625988804369912
v -0.6611346864120896 -0.48216961005803866 -0.4038420041939488
v -0.8369508740200321 0.8678655201219245 -0.4406187298944177
v 0.03358846972689458 1.2949839109988066 -0.2195887728968317
v 0.12276499057125685 -1.4871942167554508 -0.5833943739377516
v -0.4543282564929063 0.9493776582920467 0.3822915086254208
v -0.16463544394486818 -0.6269667833050223 0.20437713032845672
v 0.010710678621321669 -1.3639554662661435 0.4285012823058598
v -0.08528343602643543 -1.5674239161464938 0.4785370284147409
v 0.2826350709794376 1.0575520814108335 -0.614263289947281
v -0.8027269143611299 1.1386235791904489 -0.19288426079047605
v -0.8148229412642406 -0.6520939191299886 -0.14877357992470025
v -0.2917468278718662 0.18048240369778734 -0.6903476068502737
v 0.35113936355275954 1.3114955741991905 -0.17123931074785814
v -0.9393278730769165 -0.8493191413281936 -0.31003343286914625
v 0.31303075491038745 -1.0217913603185758 0.4073345356299314
v 0.4378200674359505 -0.9201823005126297 0.39144977297379724
v -0.16775265272562706 -1.490311099235446 0.45496271953721545
v -0.5759560601104599 0.7998640186375656 -0.5374216289710979
v 0.9023150399824663 0.4153806614067805 0.2234971074769338
v -0.696352481421415 -0.43800161542277843 -0.7537266549354857
v -0.1046476396996679 -0.597440959628347 0.29981119770025394
v -0.9715752370667848 -0.5549879058377365 -0.764389703242348
v 0.8560604095440617 0.5445911189542791 -0.3148338161554734
v 0.6818186998989582 0.45813686780128826 -0.597364422905032
v 0.836355797397351 0.1445866516717309 -0.22028907191881386
v -0.8283775517764905 1.1322283913231035 -0.2284467061832114
v -0.5847455470130547 0.9022079077639876 0.09010190021391938
v 0.026735904159266466 -1.5968017912179495 0.04176061477820782
v -0.2257999655216194 -1.190030249167935 -0.8924738281350862
v 0.11402274050278828 1.0131653692928957 0.6461016647207481
v -0.5125425968917297 1.0881879802865582 -0.20818072236332236
v 0.19281017132289063 0.5058466268995665 0.8617056238966502
v -1.0445267019465103 0.8458695664280805 -0.1705692617261129
v 0.6431521745326734 1.0647363221079627 0.2449963930196799
v 0.3107704311299944 -0.8750319294420107 0.5112071246414225
v -0.533198318182945 0.025171282398916056 -0.10229146027131601
v -0.2039865675081391 0.4368326141445874 0.6627664589502501
v 0.7945683203886029 0.6194795243631341 0.45156721459310933
v 0.8346737937357006 1.3034965413002482 -0.3430788325568891
v 0.025379030417675072 -1.1707419584077334 -0.7475573055851374
v -0.5531158511752321 -1.5450524670499626 0.24942243255307528
v 0.3085345799068997 -1.1891913107095877 -0.2915449244756148
v 0.399942710064425 -0.19709383815529788 0.48666809795811805
v -0.8871390025856902 -0.3097604055034292 -0.8582342444278385
v -0.041850673789065485 -0.29302071565151316 -0.2037444523412682
v -0.4848026940729501 -0.003942327442043508 -0.22587658861866622
v -0.8055967295803065 -1.006934349098156 -0.7372863748257623
v -0.19568919974010907 0.7433950418310922 -0.7701860908194708
v 0.3351095889982817 0.29461538587339337 -0.7968429438201232
v -0.05199446241546512 -1.3169230115830683 -0.730389681878347
v -0.20996671999786853 0.6496999655896658 0.6932926439926282
v 0.7212992113122272 0.9936956169195984 0.19695637915993192
v -0.8369323900414608 -0.22698454286274966 -0.5431803000187374
v 0.6507503373459886 0.4300743686919112 -0.6283623620754701
v -0.023951138274512316 1.2631240963457298 0.2931471955858793
v -0.6183703033043199 1.1054076969506093 -0.1366196634272275
v -0.029639635463734208 -0.20540993942601266 0.5706727324992842
v 0.10110288094728627 -0.1335770335651999 -0.5571153196392966
v -0.4258684958004686 -1.059354086976977 -0.9302532952774186
v -0.8005383767488118 -1.0924215791458576 -0.6928225405625505
v 0.8393118711831931 0.6965962952716748 0.33566460740364373
v -0.8564343502195794 -0.6414501417623635 -0.281250749585347
v -0.03447512487343277 0.15630413130030324 0.896263466013751
v -0.44222259412017695 -0.6320227944486816 0.03193871225839005
v -0.3528995258444639 1.1703246005364443 0.011628063622161372
v -0.6696234967577612 -0.20447608583367338 -0.5391135368206432
v 0.5946445332898213 1.1286056082998062 0.21783838043388415
v 0.029425870075004107 -1.5931320016904769 -0.5833793257142835
v -0.19789549195282002 0.08814208984006779 0.7669615674756886
v -0.6520329296783688 -1.411534244398929 -0.6415952592286015
v -0.9414465631315809 -0.7710442522316486 -0.6346921746250448
v -0.27184491892792495 -0.5078829931908959 -0.2240009926331645
v -0.23483680759747133 -0.6331359599079074 -0.7713705817868695
v 0.5139385691425103 0.3064520420574676 0.7591280650348956
v -0.733957320072532 -1.464320187705745 -0.12493243379889206
v -0.09360364484794381 -0.2310135703371981 -0.308607325783104
v 0.7798415799496602 1.5705894174403212 -0.10785028169810097
v -0.7247688057239186 1.059032719112785 -0.33173823031071004
v -0.26078242090346715 0.10819098768109926 0.6964078757746407
v -0.626421006888946 -1.0405933093871509 0.19830083427832962
v 0.6793011359515758 1.4099041801412384 -0.2950766120032747
v 0.7520885867119964 0.7690489998365804 -0.44314577575811787
v 0.8301125313268807 1.104927535779336 -0.3850791728287257
v 0.1842383462240309 -0.6329979922672329 -0.28738990651794616
v -0.020977962489805328 1.1593312014972992 -0.5322649060563454
v -0.11150703838917694 0.26142495509314406 0.8629668339319087
v -0.22589950644879492 -0.14805718659738898 0.5294437480393265
v -0.49509009342382476 -1.0600221014174882 -0.9139867991157569
v -0.1529533199637808 -0.14614218499609644 0.5953035840564042
v -0.005493455706095392 -1.6008390721823103 0.19564666547581644
v 0.5223823115944278 -1.445297774485697 -0.17556137550252038
v 0.10121535874004538 -0.43081221149591326 0.4608929672042189
v 0.28009328399887057 -0.910350359445779 -0.3322281229224149
v -0.8432346781618859 0.5173823570026037 -0.39596504616905914
v -0.5924596617625573 0.37895234814558865 0.35981009617142945
v -0.5094369621910105 0.03449999091106404 0.2755284706699721
v -0.12309724152563574 0.8306924541581993 0.7018588643960125
v -0.540419795555493 0.9835187375568989 0.10965819906632128
v 0.8834218418649532 0.2503866992960334 -0.15989559904733996
v -0.7034267971494094 -0.5260971018360853 -0.8734305124719812
v -0.30250300625560006 -0.801620092572639 -0.9196344703211564
v 0.1568774321455293 0.6405612025104775 -0.8464060144811397
v -0.5258031720273112 0.7832193015021295 -0.562192367585151
v -0.35269768003070034 -0.6961071512323108 0.11062424126931873
v 0.5716089853619468 0.11180187032359261 0.7071521537775707
v -0.5789236503938541 -1.5914261972672188 -0.1923665174488577
v 0.3511394211352473 0.4739493452411201 -0.8102452102639212
v -0.08092169693770612 0.4648059947570736 0.8240683471107614
v -0.349372905575727 0.06100626570622243 0.576922294255083
v 0.25952869659161754 -1.4873475205320326 -0.4189922830245335
v -0.1137657114715875 -0.5395907132996342 0.07840964171498617
v -0.5868092074035827 1.0417863417569007 -0.33308644748497473
v 0.9084174592878741 0.8829175440342271 0.10926335594774665
v -0.5733772283961003 0.16723706872729965 0.2671644415752779
v -0.9217569800141757 -0.8976275855517191 -0.15693363265358373
v -0.507592998185452 0.2733938014749541 -0.6176049744594935
v -0.6066258750714755 -1.2157807730053976 0.20285827704879472
v 0.3010027713136472 1.2510527723298683 0.33566871495443734
v -0.08145316410557411 -0.37628854387345684 0.16676639906942553
v -0.2602690154425934 -1.5903061602977868 -0.3587786594564986
v 0.7352401811231883 0.16388979871377451 0.5474872589674437
v -0.19981809444249699 0.6226071171858525 -0.7921097401028501
v 0.31129531470009514 -1.31917360392303 0.1122168769099647
v -0.28029470754105734 1.158834456569551 -0.3057066079621625
v -0.30037836601053364 0.0635534846348015 0.6375076511699379
v 0.08860110864125158 -0.05235190570823918 0.773149957435323
v 0.5190897065559501 -1.4436592456023059 -0.25481631854075126
v -0.8913877072509454 -0.9257303156258783 -0.64832525087395
v -0.15498490690862604 -0.0421131251711971 0.7198717030523161
v 0.9779295413678201 0.9987871372640432 0.04931069621424296
v 0.34965457991168925 -0.9372719383368296 0.4563505342688967
v -0.8982034584147319 -1.057605729095264 -0.0755007279866201
v 0.0983815133815565 0.07487988320066628 -0.7431964302337245
v -0.07838674307902008 0.7644634376179255 -0.8040548816938654
v -0.5473567578560156 0.6072767395277152 0.4517383113584088
v 0.7276802722759087 1.195071672748028 -0.4071997926085716
v -0.23875370277408725 -1.4077258922117417 0.3441785237139789
v -0.6765994807908229 0.3513550771489922 0.12547493761024742
v -0.2453399877241476 0.6353777997097293 -0.7716445400694718
v -0.5350933962434725 1.0342102522305603 -0.34056641264508003
v 0.12352006973326195 0.509150671658946 0.9008486443491543
v 0.01165530013887215 -1.5964093857580235 -0.39672782219026154
v 0.47770020131427826 0.6579161612441159 -0.7334811704812394
v -0.16510662224805078 0.7671766476645558 0.7045251063267929
v -0.7278105046690607 0.08016987118625947 -0.49944164041222044
v 0.18060928670956783 0.8437921246288151 0.7220390119208131
v 0.016352438024644513 0.03455864827192953 0.8300060229186862
v 0.942256787122698 1.3996031721290898 -0.23156863672796668
v -0.0723649392564771 -0.37248328194644625 0.22818384212658405
v 0.548853940926117 -0.6275023772178465 0.19307718131863666
v 0.38396005717909787 1.1952096403887025 -0.4226966220446623
v -0.6115752626419646 -0.8182822572018665 0.1455335093092227
v 0.3411877852705049 -0.050672973112602604 0.7379077282570246
v -0.5435601333021691 0.25857254897943366 0.3786212392438837
v 0.7969031942964834 1.5479811699599555 0.03825629812639682
v 0.4254920598838147 -0.8272512863012992 0.4579806561090749
v -0.5365356072319252 0.02560727780207693 0.08664483959039725
v -0.16946745921113848 1.219802046038161 0.2891604336574472
v 0.22683787066934202 0.6934061486730858 -0.8241831473971936
v -0.6685581439575392 -0.12998338728070957 -0.7561413573655649
v 0.3666839288712038 0.756555576991271 0.6868215624064142
v 0.23391022859275246 0.8880008300829221 0.7000418681888886
v -0.4795368331497286 -0.4978836982204502 -0.196016613765516
v -0.5303348946199099 -1.3669975299003747 -0.7730449269776477
v -0.6163346663911689 -1.3459219746908966 -0.7269364025048545
v 0.7224192482816592 -0.006515650431740697 -0.27155289893832824
v -0.14718390018509264 1.1828662583123346 -0.41094868128006456
v 0.7520805827461977 1.00444910812057 0.09544707141694984
v -0.5646955167164307 -1.5353444243026102 -0.6344817106322796
v -0.5352861056358448 0.9226816683938797 0.23475442625164838
v -0.08876262751942021 -0.5068628810318911 0.1738332098798484
v -0.9212813870535981 -0.927605489339803 -0.5445496115776851
v 0.35631478158187174 1.1645151801229252 -0.4708389407909983
v 0.618769023643737 0.7219090578430187 0.5678717859354693
v -0.8485035333744709 -1.1346317116147688 -0.5662535644760951
v 0.09965894248420083 -1.0895923211922272 -0.6483651939262932
v 0.550294328469124 0.21242435017257333 -0.6602311595966376
v -0.044813292784349694 -1.2911658465653506 0.36749850993722827
v 0.04242406100802314 -1.263154749423381 0.3605766726368241
v -0.5476177792730346 0.1415017466666057 0.30943668635432026
v -0.03765427321685952 0.8552617500359032 -0.7797440927978816
v 0.4004097040401636 -1.032793396730885 -0.18514795758902303
v 0.803911885182593 0.8597786739291474 0.25551529316551486
v 0.09997530067195771 1.1432431918535328 0.5248485695452155
v 0.09549563264829462 -1.595584631785828 0.2921083499241899
v -0.7278158982287477 -1.422425472910624 -0.5112175278775447
v -0.12781852566794238 -0.5812813941464567 -0.5523096387640956
v -0.0026738332220834077 -0.7977116812158864 -0.7271657151652798
v 0.7249672541709042 0.8464885781715071 -0.4520912344258937
v -0.939717936849007 -0.8268195136139074 -0.3536441441878591
v -0.1464023330787177 -1.5628684887631004 -0.08454365461201208
v 0.4108374319137109 -1.2975110336391573 -0.17910170040334433
v 0.11429946274480325 -1.5197893213889058 -0.5937167642470221
v -0.6153824055969088 -0.4949082575245579 -0.26030797959264473
v 0.43385056105968395 -0.12583886852997592 -0.4569964946165956
v 0.23240033898701845 1.3155106667116008 -0.151453737623356
v 0.2360846776897318 -0.8754156975287726 0.5328572763021014
v 0.17799682682235596 0.07795329090240193 -0.7431775431777391
v 0.09791098767990185 -0.9398239366118928 -0.4946323318402904
v -0.2582572560677004 0.017067564537225063 0.6694559701067028
v -0.33028814971559683 0.7623934239595813 0.6186905387129192
v -0.7213822644537408 0.26770048655092293 -0.23660785297936232
v -0.8172581430599626 -0.8651489510968414 0.03862555542624309
v -0.21581529650306497 -0.09959824094501986 0.6100218598696461
v -0.31918384680502476 -1.590804172040266 0.09514032950464897
v 0.751647274525799 1.10538573882861 -0.4182748436153612
v 0.42456985714816575 -1.3192745076357493 -0.1129098821501639
v -0.15126001094036667 0.53560846199941 0.7113089184040348
v -0.3626285670056863 -1.4412994000889 -0.7716870935279271
v -0.4122465521658639 -1.4845983406247143 -0.7443046244048402
v -0.760904484782311 -0.4292186929237883 -0.8918548739741473
v -0.7710698668416208 -1.009050409552546 0.11358901001081266
v -0.42429824055339893 1.1225176038105011 0.04201138651240534
v -0.5279679472663468 -1.3052201771005498 0.22661416270439194
v -0.9938120199186063 0.6461099086135792 -0.0836358858866284
v 0.32901722743406936 0.43304668073930175 -0.8175726969964363
v -0.24347828831235885 -0.1186439558784483 -0.4081083291004588
v 0.02762102377279764 -1.4362452699731745 0.4790859430764003
v -0.9364657739110998 1.0989680170143876 -0.24676573012110076
v 0.49699542116717343 -0.5771727108972728 -0.04695733832779142
v 0.6876718830031755 1.541918789677704 -0.020502945354105323
v -0.6923375808506306 -1.325512034651606 0.1114542160537378
v -0.11256707440636231 0.04801375624532914 0.8183726329164068
v -0.3840222846542046 -0.028087681850691076 -0.4344055986592087
v -0.7164650271055846 0.6455943342123331 -0.03149379156962637
v -0.6656616104640416 0.8244230648324482 -0.5103389150851304
v 0.2592562354536968 -0.545949509034715 -0.22182379877093522
v -0.3331389243254873 -0.14711396625370732 -0.14060751942292707
v -0.8646147871491301 -1.2359780417232258 -0.13476424050660463
v -0.14701368635127224 -1.3025776207664017 0.3150102680921345
v -0.8136732877019371 1.0481427574158206 -0.3400781899255203
v 0.048264595159095675 -1.5945458245124637 -0.012773820769459793
v 0.2795361734297865 0.3404154025709278 -0.8247685693560933
v -0.6251814094807603 -1.5802839474972126 -0.15860807381517497
v -0.44411020565145803 0.4175041500020917 0.48817522360443966
v 0.5820481913447211 1.0338534327480704 0.4358105729722427
v 0.8840683588433669 0.2979024821872087 -0.19695136948349684
v 0.45811175223954326 -0.07923663180712301 -0.5064115782840674
v -0.123370048158483 0.84865719224306 -0.7612730510923041
v -0.989585676452765 0.7025199017584233 -0.25647446385830625
v 0.32054674751366835 -1.4152872214270529 0.07079758232795798
v 0.31070352027921655 0.5537283848887857 0.7047768569632823
v -0.44180955493547 -1.5873065541511977 -0.09234846177973767
v -0.7713853420978988 -0.03112865141765491 -0.5265352565825372
v 0.1637374834365663 0.9447347055272571 -0.731006447904751
v -0.4842675992083532 0.8922841994058092 0.40116668342426487
v -0.5074330916169407 1.098798225452144 -0.15591528635753704
v 0.39564264182008735 -1.1895121027489022 -0.020255820510799313
v -0.517459584715772 0.17446107972930902 0.38484087730020955
v 0.24930041526151048 -0.2602922307822422 0.4727746145053968
v -0.18155413855706942 1.1938347241342793 -0.34506395043411153
v 0.48999181673414915 -1.4041824962449039 -0.26579716459756453
v 0.42390220739674384 0.017344094837614177 0.7497802199426484
v 0.2974857673203663 1.2295425845027728 -0.39981481935910873
v -0.4550901687767923 -1.592512260568872 -0.31598941990817886
v -0.07372668831536555 -0.7265942185713369 -0.7436471859479147
v 0.3230045600329177 -1.1681179244404818 0.20943571348990253
v 0.009019404179141738 -0.32984719262140716 0.3827111506020576
v -0.5338031838285453 -1.1731411519544426 -0.8662842570226114
v -0.9446417002124425 -0.8767944718098757 -0.3885884607686467
v 0.47674719194767723 -0.27909036021246253 -0.09495485631157206
v 0.909899478969532 1.5806183673919634 -0.025215073880858058
v 0.394614986355186 0.16557548765464164 -0.7307502442225413
v 0.53059674138592 -0.15965259135190882 0.4077005875046257
v -0.2985017335402523 0.5249241849487265 -0.7591712902890413
v 0.8777536520997482 0.19374482147297734 -0.10917339290770205
v 0.621145683243569 0.08468391595511564 -0.5339366024526867
v -0.6477322280266659 -0.9414299697780245 0.17594570021999728
v -0.672199526124383 -1.4385156706889255 -0.594036980461459
v 0.4891128968351336 -0.8808490659088897 0.3469484525110535
v 0.8058738932880609 0.05811241939548702 0.25669997607453937
v 0.030521722399576595 -1.5982872466547104 0.3965175117507971
v -0.1775267425864409 -0.543777132907295 -0.3986301748384094
v -0.8531205740197683 -1.0745474567025695 0.018168416941151386
v 0.521421586174467 0.005071942298606288 -0.5525858043753954
v 0.5166116058068464 -0.9522108126606825 0.08883558453141287
v 0.36609111715970816 -0.8798561518782707 0.48162020594523325
v 0.31244596635885313 -0.5378959263257009 0.501455319203372
v -0.7785752066846661 -0.3101597976385369 -0.880108910208296
v 0.2371222949250157 0.3545926333291708 -0.8381656917643179
v 0.7817065615632514 1.2328907950302648 0.0028642777032703154
v 0.5441898361941566 -0.03804569017741235 0.6103816736414998
v -0.5584428838946178 -1.5650305384310486 0.12328964381140652
v -0.9498201125309182 -0.30705243546318506 -0.739479250318825
v -0.6804735537907074 -1.5440192836662363 -0.1386045125861737
v -0.8810930908949381 0.4453983738880697 -0.030530628491016953
v 0.20841658023318982 -1.173634365156275 0.32371424500040485
v 0.8328278527313956 0.9607757086668484 -0.37455595399630875
v -0.612517005035127 0.009134693916719838 -0.4172999145150861
v -0.744500193727438 -1.476053579295102 -0.2906291133961072
v -0.7718137366126753 -1.26198849291044 -0.6010580323882747
v 0.20666144681208332 -0.15447559940146455 -0.5207041083769697
v 0.6057813511118154 0.5152263151075451 -0.6673725013403853
v 0.37206637513797797 -1.2190585217620333 0.05682899211703428
v 0.752895547695474 0.949893175110805 0.2175481071130828
v 0.4905504052537524 -0.11174891362901541 -0.43399866321820435
v -0.7993955755025518 -1.240518017805737 -0.5699071541303442
v -0.022288463134586826 -0.9074490082174721 -0.812120057677082
v 0.7141407675696146 0.31504668901564314 -0.5374937030516116
v -0.8842725655391287 -0.9764266864226743 -0.6230382468687976
v -0.041102005477364416 -1.0514949603291308 -0.8414033823036348
v 0.8099621347540898 0.2895213127053244 0.47225790764855813
v 0.13200943670964843 0.7541574583176667 0.7451662695575276
v 0.35860357030538104 -1.0375742595538613 0.34690271282160895
v 0.4846728647572124 -0.03237356560887706 0.6711074742440026
v -0.21588071020916105 0.051220083522978896 0.7334007469400003
v 0.11260433027594337 -1.4395565317376866 -0.5788616340545358
v -0.7276000022879704 1.1224027267474188 -0.21577581411062374
v 0.528019502787055 -0.19793964812385112 0.3162618042694491
v -0.0024620256379372374 1.0077342850181266 -0.6946347958115157
v 0.34274679273829867 0.8596630674878867 0.6834824499119885
v 0.026011708404863665 1.3135235334473068 0.05396919625072798
v 0.14622269491106704 1.3147664514456199 -0.1645163057776914
v -0.8333129276082912 -1.1523745075976377 0.028233950966684337
v -0.7258073250848441 0.7801307304119502 -0.5103226192410941
v 0.15389790309300605 -1.2730555783397561 -0.3971821672128555
v -0.1793933748980145 -0.5818789852044365 0.08085561143591945
v 0.505064781477834 1.0190976707352961 0.5295965911560057
v -0.27064017811899715 0.3200409717324229 0.6060765189440764
v 0.11839874085431963 -1.1126761424390075 -0.5665900573404056
v 0.267380529457681 -0.3190354087486591 -0.23242769066870486
v 0.8002640345829575 1.127972258516927 -0.3978548458348751
v 0.07250246543141199 -0.5183335621179215 0.48615555623456075
v -0.7395752979084098 -0.11200170075028457 -0.7797647457168251
v 0.5750571206998661 -0.17097528544439433 0.29459337976598743
v -0.1350167013271098 -0.8817959523376255 -0.8883863160472357
v -0.04090511175754825 -0.589905600115016 0.40942170886962814
v -0.6569337368233507 0.19165751387414237 -0.2833724723177002
v -0.1990744358072311 -1.5531028827221498 -0.18317955782741377
v -0.38059587710833376 0.010575100653889308 -0.501277754005281
v -0.5648203939382208 0.932892425453545 0.10823547015289432
v -0.0450604368218183 -0.6097108472561698 -0.45992045656842984
v -0.19993571627082934 -0.19707362670209388 -0.2835607094701897
v -0.2034097061457531 -0.22163094542234357 -0.21485284360847126
v -0.8092336395072677 0.821537337652487 -0.4679177619927392
v 0.8834732054440357 0.3961745984391013 0.29559399065580383
v -0.5322899928268464 0.464861312333649 0.44624636239407656
v -0.5246159362946626 -0.509498757797459 -0.1634692066260896
v -0.9838030318960543 0.6621525048686652 -0.23821519134854985
v -0.008928884508382098 1.3072947013871017 -0.10500443998799532
v -0.47915247004392647 0.23213483573303562 -0.6175907899733417
v 0.8950149049316374 0.2594851546337893 -0.09662707095030323
v 0.5099253768521962 -0.5433991806517968 0.26113933635677
v -0.5313615327941942 0.6538545612757576 0.4663462591251013
v 0.5336453118412682 1.1127203082071198 0.37891972766627224
v -0.7741702231476285 -0.02794207493330704 -0.5698824128547697
v 0.06058037602966354 0.7969289240714311 0.7390446368953703
v -0.9099461015904556 -1.0971066247092003 -0.377914836478199
v 0.4428466539283639 0.09562600899766603 0.7944186251145878
v 0.4283377864289449 0.6548590493864165 -0.7584658088431607
v -0.8819846597470984 -0.9717985131630765 -0.03121104236055909
v -0.9816604834972944 1.0632131309475563 -0.2457886512746158
v -0.44303602353644617 -0.7296173951495827 -0.905723942452058
v -0.9883248694949209 0.6345847544941273 -0.1782099396095581
v -0.9326594754993094 -0.39945549503840105 -0.5955272920213543
v 0.49164689098569025 1.0076187361593536 -0.5493369812217783
v 0.9090872587855058 0.46790383662778234 -0.10600282435495163
v -0.5388700012857409 0.7588282042298822 0.4191436673848561
v -0.3419483731571725 1.0596894089973699 0.3948255463187641
v -0.6042232457696634 0.5852845670839006 -0.5782214703439383
v 1.0449823905604854 1.1337462081179857 -0.07788809792917564
v -0.1870400989426746 0.4621678530803206 -0.8078829654801919
v -0.029562551706785317 1.3016310222501049 0.09184732138875688
v -0.5213023136481523 -1.0112142250834524 -0.9170149661762753
v 0.4513711846106096 0.9869339932943068 0.5877856144543768
v 0.8328366052695352 0.2546157875271249 -0.32847462765190105
v -0.010136811548299339 -0.8752577103765201 -0.78618411822903
v 0.21870722339754162 -0.23414223803302137 -0.3737620834317156
v 0.39071910878660276 -1.2661606704494612 -0.01658614614830238
v 0.341162276228427 -1.1890851477963198 -0.25416826602933057
v 0.1313678910193447 -1.192752538053469 0.35860596957570445
v 0.006616947624792896 -0.7625746552427266 -0.6708844956572311
v 0.6821732352761003 -0.09186280148088323 -0.1643568982574074
v -0.8049344925827342 1.1295087320378439 -0.09025128838133309
v 0.20570337018655943 0.9248874231700382 0.6903878186208932
v -0.6003657565262539 0.10965170184228566 -0.1620570920845732
v -0.16160146105308593 -1.0927155953283634 0.33935837044018724
v -0.6494727546900436 1.0882583460866015 -0.04329764492983966
v -0.046175828803904216 0.9578599618166014 -0.7233920852182124
v 0.002428762154174119 0.22873351495766575 0.9086070976142326
v 0.5717202347283004 -0.21385001579287605 0.1522536159608388
v 0.1289656264066218 0.9541065241285752 0.68128166642394
v -0.5674913768271601 0.4528289908561641 0.4085633843070683
v -0.5613642546345029 0.6877851381595194 0.4145069527229073
v 0.07735210093893709 1.3215021053689313 -0.07649227923169549
v 0.7091112443703254 0.09967373158647404 0.5411652776362046
v 0.700300778248023 1.4852911731174498 -0.21135499538945204
v -0.47708961580822723 -1.4319810180362238 -0.7579615014153531
v 0.7866939919639876 0.6510560331764286 -0.4313205592949454
v -0.911471346526259 -0.7449814969513852 -0.2829664390023374
v -0.37646625302776754 -0.10156606488175149 -0.2030859390112377
v -0.21734747053156228 -1.5322314382376203 -0.684016642650944
v -0.962860127544214 0.7983787359482681 -0.058844897431046095
v -0.2408185723968581 1.2136760563010964 -0.17717186171437216
v -0.24980099902177627 -0.14739921070391088 -0.34302418677600427
v 0.19607279507940767 -1.3196313463124019 0.25877862710604765
v -0.000965763887639963 0.9225864845416113 0.6900299050711357
v -0.08163522073771062 -0.9282107004803298 -0.8654680252586044
v 0.5773305540933059 1.1265992616787626 0.2671128476662444
v 0.09244846336681521 1.2650087135876473 0.329308786763764
v 0.07336274779855576 0.983661964398122 -0.7161470374140079
v -0.5698594758304785 0.025848356484168084 -0.3996947790662904
v 0.5079283585941698 1.396694738254788 -0.027814251407559776
v -0.7272734328057173 0.32456231028306215 -0.6439889248564856
v 0.46550417282408985 -0.020663283791274765 -0.5685642921274412
v 0.6770068193092414 -0.10518257141388278 0.22581418839609624
v 0.46243076512235415 1.3103329837713034 0.11229025619353432
v 0.1860896423996976 -1.4316272696197476 0.25806329905475994
v -0.3062605323002571 0.4906387847753838 0.5856296301418061
v -0.11616926209320379 0.5694225111221068 0.7308980584686229
v -0.22277999436852558 -1.5941594652137525 0.17712969213916868
v -0.17476017276781902 -1.4342969281114684 -0.7282160773245214
v 0.03692291803981175 -0.08740656952973874 0.7389176483156955
v 0.6777094024365714 -0.12445706157118419 0.0989708893379491
v -0.6475037599093942 0.18761065502265079 0.008240082789789424
v 0.362272035435635 -1.3298158841459733 -0.3145040412480683
v 0.05410630015408602 -0.9273322796295415 0.5225312774902646
v 0.39299686086662466 0.9594063779137382 0.6293986549135355
v 0.4480170814752034 -1.3794315276183153 -0.3007673357153567
v -0.7257276309217834 0.41644572629456367 -0.5334491474996305
v -0.3328491692470758 -1.5859159370717786 -0.02389651168779007
v 0.8981762218980209 1.535023286768369 0.010587221767562896
v -0.8969776999977714 -0.2776965377078914 -0.8167953717999931
v -0.6482070724149026 -1.068043226797568 -0.8446491343912379
v 0.2545113616855709 -1.5732007256777778 0.0760364946469075
v 0.0595755808124032 1.3120583470462377 0.12104770803877173
v 0.45210685847423937 1.1996817843006315 0.31983963456396786
v -0.9243431822869688 -0.3194485630983416 -0.6024152324306301
v 0.37132941526545493 -0.854504540321851 -0.2535774313165814
v -0.09052044812328884 1.138577244481964 -0.5318428648093851
v -0.6091832093237378 0.5875908800778519 0.3477202305945091
v -0.888850584451887 -0.8310691395989668 -0.7298865836827824
v -0.035038319992056866 -0.4176658992102113 0.3043826714035701
v -0.16460147027708938 -1.5938990772040988 0.12199073644082749
v -0.026000076742336082 -0.482085731567534 -0.09460373749537035
v 0.013101810619744247 -1.3065540370411997 0.37592102364532465
v -0.5112459352381733 -0.6071483881624966 0.002415326240363308
v -0.5593237615982174 1.0219999240892446 0.043575230909170995
v -0.4120782769424648 -1.597576218095842 -0.4768873093345616
v 0.37814908203840913 1.1412490911082196 0.4784934960539937
v 0.6192395685395541 1.4817950523730634 0.023715606705408718
v 0.9093764188448771 0.6296688799315149 0.1381987479890871
v 0.49407234214681817 1.3413497524152393 -0.24189496184056747
v -0.6594701302442307 0.14163453188338165 -0.6204184548114775
v -0.4568849765319658 0.9374350311363303 -0.4976143561339499
v -0.3507432920077795 0.3811032460050739 0.532991942546811
v -0.22375561445865388 0.3970152835662439 -0.7889446226922744
v 0.12182862254361874 0.46750043291269405 0.9339035451473776
v 0.6544331213215324 -0.10756214852642806 0.2889583767078952
v 0.10647020221394198 -0.58553409119753 0.5285528125945314
v 0.09847767613611676 -0.527556549182541 0.5046956393429631
v 0.5158211901915188 -0.6582267611830966 -0.056866152015802536
v -0.7581911787648677 -0.5043977747308588 -0.5329129393736035
v -0.7437292601871361 0.3492737197405592 -0.6079189090283029
v -0.6038800733367727 0.6506561227989309 0.3418177952690939
v -0.627401982150436 -0.7089015961294702 0.07301994005475416
v 0.4688775468987332 -0.9760657977777157 0.26497317839187245
v 0.9102805214852067 1.3499503303696543 -0.28280553433737166
v -0.6264968622194892 0.14659935156059062 -0.04350668855457333
v -1.0377975740384784 0.7775051033292039 -0.1496299466826763
v -0.6757875869075606 -0.2873287251247004 -0.6048829683319368
v 0.6582188819793547 0.9837949031681988 -0.4667964006260888
v -0.015435532877869553 -1.1153651486466158 0.4216181404372309
v 0.011189381036238337 -0.17229045027068446 -0.47484512721196837
v -0.7623551028139767 -0.774117717515872 0.04304541443928546
v 0.9060628153925292 0.5271130104734835 0.1718235042803522
v -0.1955054924099901 -0.09250747581968861 -0.48789598692712577
v 0.20458446567272015 0.11859752519915064 -0.7634082673209559
v -0.4668083202010552 -1.2598899567264918 0.23765556634416685
v 0.05850418185096641 -0.8747852652586067 -0.6755912114301343
v -0.9268356978521752 -0.796385383775296 -0.2842039250526385
v -0.44430613966314486 -0.8798254220239692 0.18269225642765813
v -0.4297605921190223 -0.9906686015088351 0.20680043174337487
v 0.1868640692775903 -0.08621614756610073 0.7621937950715965
v 0.7124539653673174 -0.07887336308600382 0.18988022079232925
v -0.6047135222646199 -1.5420692143298975 -0.5842238496739435
v -0.7544072991349788 -1.0804924454864397 0.12895219049281093
v -0.2790672984261144 0.12702001971308446 -0.6612969730567617
v -0.06198769203053331 1.2354617187496386 -0.3558354841479149
v 0.5672267661017373 -0.7532832217943224 0.18466604974895423
v -0.6830256096482583 -0.8982936037993211 -0.8846506713479276
v 0.5437885630311154 -0.8578222129366672 0.22397868901623852
v -0.22894254898531813 -1.5890473495328516 0.3255904743932719
v 0.8468102819335445 0.7481919125856659 0.2775806145629479
v -0.19797796926945588 -1.1834082054929753 0.27969821055034494
v 0.43458986262004257 -0.060380516811727736 -0.5463851301517054
v -0.6735166871435823 -1.3858387310314402 0.0954449216707401
v 0.04200315221665556 -0.6141094775253909 -0.33866221735732394
v 0.6087208987236703 1.0088178146903182 -0.479862462118015
v 0.29346290117210827 -0.04325853682356888 0.7570070716807207
v 0.1730488404257357 -0.15780398235900428 0.6918581682516981
v 0.2776476021903761 1.2847287770352402 -0.2755668014126582
v -0.5203683256966749 -0.8833951907702013 0.1853945641899391
v -0.8608597947339345 -0.768971148313128 -0.8144394035074297
v 0.12934780137788904 -1.1167090855226236 -0.4863685538567874
v -0.7134940202612499 -1.2671015299111448 0.11966661126399568
v -0.44341771865364876 -0.01902172223019484 0.38103012584269913
v 0.06619992778687338 -0.46721864341175606 0.4561412795083747
v 0.5952936798685095 1.3699391504817888 0.09588917056381334
v -0.5096822252005456 -0.45059943531839786 -0.4555716159569589
v -0.329431168744418 -0.4775343349582838 -0.3741854490758943
v -0.7582864201996238 -0.42932182315936757 -0.5804052286097724
v -0.15665516374277333 -0.19956879106173733 -0.3251904296566363
v -0.6690600521150234 -0.4920226071212471 -0.6212688905732142
v -0.842331842336287 -0.3151957700764554 -0.5623293179352084
v 0.9915173193930201 1.4591580712313055 -0.020596228984277543
v 0.4360952224034061 -0.3408368679930104 0.2927035225176837
v 0.3178291420038056 -1.457145563284072 -0.3993430460368859
v -0.04291351215398854 -0.5531677042054605 -0.1799972232529976
f 1 265 2400
f 3852 265 1
f 1231 604 1
f 1 604 3852
f 1 882 1185
f 2400 882 1
f 1 1185 1231
f 980 665 2
f 2 665 2495
f 2660 980 2
f 2 2495 2660
f 1067 94 3
f 3 94 3565
f 1523 1067 3
f 3 1125 1523
f 3349 1125 3
f 3682 3349 3
f 3 3565 3682
f 3761 814 4
f 4 814 3781
f 2080 1639 4
f 4 1639 3761
f 3781 2080 4
f 5 1244 1277
f 2557 1244 5
f 5 1277 1588
f 5 1588 2819
f 5 2372 2557
f 2819 2372 5
f 6 270 1354
f 3270 270 6
f 2980 1202 6
f 6 1202 3270
f 6 1354 3302
f 6 2759 2980
f 3302 2759 6
f 7 18 952
f 1621 18 7
f 952 637 7
f 7 637 3035
f 3035 1621 7
f 2109 1269 8
f 8 1269 3811
f 8 1662 2548
f 3811 1662 8
f 2548 2109 8
f 9 383 997
f 2524 383 9
f 9 997 3495
f 9 2113 2524
f 3843 2113 9
f 3495 2465 9
f 9 2465 3843
f 1038 354 10
f 10 354 1436
f 1436 720 10
f 10 720 3463
f 10 942 1038
f 3463 942 10
f 528 468 11
f 11 468 925
f 3711 528 11
f 11 925 1966
f 11 1966 2921
f 2921 2670 11
f 11 2670 3711
f 12 380 568
f 750 380 12
f 12 568 582
f 12 582 2541
f 2429 750 12
f 2541 2429 12
f 13 450 2063
f 2518 450 13
f 618 460 13
f 13 460 1803
f 2063 618 13
f 13 1803 2518
f 14 183 983
f 3147 183 14
f 14 575 2007
f 3032 575 14
f 14 983 3032
f 14 2007 2601
f 14 2601 3147
f 15 36 643
f 3370 36 15
f 15 434 1251
f 2184 434 15
f 15 643 1230
f 15 1230 2184
f 15 1251 3370
f 897 660 16
f 16 660 3398
f 2982 897 16
f 2965 1645 16
f 16 1645 2982
f 3398 2965 16
f 329 67 17
f 17 67 1186
f 3539 329 17
f 17 1186 1606
f 17 1606 3539
f 945 721 18
f 18 721 952
f 3004 945 18
f 18 1621 3004
f 19 455 1511
f 2423 455 19
f 1911 1170 19
f 19 1170 3806
f 19 1511 1911
f 3806 2423 19
f 295 157 20
f 20 157 1493
f 381 295 20
f 3630 381 20
f 20 1493 3630
f 21 291 993
f 1428 291 21
f 21 993 2502
f 2146 1428 21
f 21 2006 2146
f 2995 2006 21
f 21 2502 2995
f 3011 351 22
f 22 351 3044
f 22 1330 2855
f 3044 1330 22
f 2855 1860 22
f 22 1860 3527
f 3527 3011 22
f 23 1121 1694
f 1701 1121 23
f 23 1694 2776
f 2776 1701 23
f 24 815 1974
f 2234 815 24
f 1591 1447 24
f 24 1447 2234
f 1851 1591 24
f 1974 1851 24
f 25 947 1344
f 1705 947 25
f 25 1344 3786
f 2935 1705 25
f 2976 2935 25
f 3786 2976 25
f 1095 498 26
f 26 498 1718
f 26 649 2219
f 2708 649 26
f 2219 1095 26
f 26 1718 1854
f 26 1854 2708
f 27 328 1433
f 3719 328 27
f 805 596 27
f 27 596 3719
f 2096 805 27
f 27 1433 2096
f 28 563 1566
f 3265 563 28
f 1566 1397 28
f 28 1397 3637
f 3637 3265 28
f 29 30 1779
f 3334 30 29
f 29 127 1122
f 1779 127 29
f 29 1122 3334
f 30 1227 1930
f 3334 1227 30
f 2789 1779 30
f 30 1930 2789
f 2252 1503 31
f 31 1503 3709
f 3364 2252 31
f 31 3034 3364
f 3709 3034 31
f 1405 790 32
f 32 790 2401
f 2407 1405 32
f 32 2401 2407
f 2955 432 33
f 33 432 3530
f 2589 682 33
f 33 682 2955
f 33 705 1913
f 3530 705 33
f 33 1913 2589
f 1429 1010 34
f 34 1010 1572
f 3617 1429 34
f 34 1572 2761
f 34 2761 3617
f 2323 390 35
f 35 390 3499
f 35 918 2548
f 3482 918 35
f 2810 2323 35
f 35 2548 2810
f 35 2802 3482
f 3499 2802 35
f 36 495 643
f 3822 495 36
f 3370 2940 36
f 36 2940 3822
f 37 215 544
f 3358 215 37
f 37 544 2675
f 37 2675 2699
f 37 2699 3358
f 922 374 38
f 38 374 2405
f 1393 922 38
f 2438 1393 38
f 38 2405 2438
f 1906 1537 39
f 39 1537 2837
f 2640 1562 39
f 39 1562 3387
f 2813 1906 39
f 2837 2640 39
f 3387 2813 39
f 992 393 40
f 40 393 2180
f 40 710 3849
f 3851 710 40
f 3849 992 40
f 40 2180 2327
f 40 2327 3851
f 41 1553 1585
f 2416 1553 41
f 41 1585 2958
f 41 2246 2854
f 2958 2246 41
f 3626 2416 41
f 41 2854 3626
f 3017 708 42
f 42 708 3205
f 42 1778 3017
f 3472 1778 42
f 3276 2444 42
f 42 2444 3472
f 42 3205 3276
f 3012 124 43
f 43 124 3630
f 43 513 1005
f 3043 513 43
f 43 1005 2515
f 43 1278 3043
f 3630 1278 43
f 43 2515 3012
f 1505 851 44
f 44 851 3606
f 3149 1505 44
f 44 1733 2611
f 3606 1733 44
f 44 2611 3149
f 639 469 45
f 45 469 2648
f 2683 639 45
f 45 1568 1918
f 2648 1568 45
f 45 1918 2224
f 45 2224 2784
f 2784 2683 45
f 46 116 2097
f 3184 116 46
f 2223 1590 46
f 46 1590 3184
f 46 2097 3171
f 3171 2223 46
f 47 1453 2277
f 2346 1453 47
f 47 2277 3759
f 3840 2346 47
f 47 3759 3840
f 1885 403 48
f 48 403 3482
f 2310 1885 48
f 2802 2310 48
f 3482 2802 48
f 49 173 273
f 3861 173 49
f 49 273 2647
f 49 1239 1951
f 3623 1239 49
f 49 1951 3861
f 49 2647 3623
f 1153 1085 50
f 50 1085 1514
f 1601 1153 50
f 50 1514 3118
f 3118 1601 50
f 51 581 898
f 2546 581 51
f 51 898 3848
f 51 1513 2975
f 3848 1513 51
f 2626 2546 51
f 2988 2626 51
f 51 2975 2988
f 1453 309 52
f 52 309 3306
f 52 1200 1453
f 1882 1200 52
f 2517 1882 52
f 2906 2517 52
f 52 2550 2906
f 3306 2550 52
f 1626 732 53
f 53 732 2128
f 53 969 1520
f 2128 969 53
f 53 1520 1626
f 54 194 1568
f 2033 194 54
f 2648 469 54
f 54 469 3401
f 54 1568 2648
f 3401 2033 54
f 55 1014 1187
f 2847 1014 55
f 55 1187 1703
f 55 1703 3850
f 3850 2847 55
f 973 266 56
f 56 266 3471
f 56 314 1804
f 2222 314 56
f 56 779 973
f 1804 779 56
f 3471 2222 56
f 57 403 2266
f 3482 403 57
f 57 786 918
f 2266 786 57
f 57 918 3482
f 58 1049 2211
f 3624 1049 58
f 58 1595 3624
f 3808 1595 58
f 58 2211 2758
f 58 2758 3808
f 1695 1144 59
f 59 1144 2499
f 59 1285 2181
f 2499 1285 59
f 2709 1695 59
f 59 2181 2709
f 1333 1066 60
f 60 1066 2509
f 60 1250 1333
f 2832 1250 60
f 60 2509 3876
f 3876 2832 60
f 1361 360 61
f 61 360 1939
f 1528 1361 61
f 2176 1528 61
f 61 1939 2176
f 416 272 62
f 62 272 1373
f 686 321 62
f 62 321 734
f 734 416 62
f 62 520 686
f 1373 520 62
f 63 951 1880
f 3275 951 63
f 63 1880 2052
f 63 2052 3275
f 64 137 303
f 1259 137 64
f 64 303 2959
f 2071 1259 64
f 2480 2071 64
f 64 2477 2480
f 2521 2477 64
f 2993 2521 64
f 64 2959 2993
f 65 1735 1945
f 3134 1735 65
f 65 1945 3384
f 3384 2707 65
f 65 2707 3656
f 3656 3134 65
f 3096 1110 66
f 66 1110 3632
f 2451 1317 66
f 66 1317 3313
f 3632 2451 66
f 3313 3096 66
f 67 329 1915
f 2710 1186 67
f 67 1915 3074
f 3074 2710 67
f 68 525 638
f 1814 525 68
f 68 638 1981
f 68 1458 1814
f 1981 1458 68
f 69 1389 2689
f 3628 1389 69
f 2689 2447 69
f 69 2447 2763
f 69 2763 3235
f 69 3235 3628
f 2055 419 70
f 70 419 3326
f 70 478 944
f 3326 478 70
f 70 944 3247
f 3247 2055 70
f 71 677 2243
f 3159 677 71
f 71 2243 3224
f 3309 3159 71
f 71 3224 3309
f 72 260 1559
f 2741 260 72
f 2515 534 72
f 72 534 3589
f 72 1559 2515
f 3589 2741 72
f 73 1013 1073
f 1989 1013 73
f 1860 1065 73
f 73 1065 1989
f 73 1073 1217
f 73 1217 2186
f 2186 1860 73
f 1831 1068 74
f 74 1068 3618
f 74 1615 1831
f 1891 1615 74
f 2218 1891 74
f 3618 2218 74
f 75 467 1084
f 2641 467 75
f 75 554 2641
f 3088 554 75
f 2947 957 75
f 75 957 3088
f 75 1084 2947
f 2878 1100 76
f 76 1100 3847
f 76 1405 1700
f 2884 1405 76
f 76 1700 2878
f 3381 2884 76
f 3847 3381 76
f 77 92 505
f 704 92 77
f 505 123 77
f 77 123 2345
f 2573 704 77
f 77 2345 2573
f 78 235 427
f 3825 235 78
f 78 427 3806
f 2187 656 78
f 78 656 3825
f 3806 2187 78
f 79 474 2543
f 3730 474 79
f 2543 1575 79
f 79 1575 2721
f 79 2721 3730
f 80 108 2883
f 3829 108 80
f 2432 1134 80
f 80 1134 3402
f 2883 2432 80
f 80 3402 3829
f 471 104 81
f 81 104 3745
f 81 179 828
f 3745 179 81
f 3828 471 81
f 81 828 3828
f 2687 905 82
f 82 905 3127
f 82 1101 2687
f 3324 1101 82
f 3127 1640 82
f 82 1640 3324
f 1119 429 83
f 83 429 2424
f 2424 506 83
f 83 506 3839
f 3839 1119 83
f 84 404 2417
f 3670 404 84
f 84 1301 1740
f 2417 1301 84
f 84 1740 3350
f 3350 1849 84
f 84 1849 3670
f 2637 136 85
f 85 136 2948
f 85 489 2772
f 2948 489 85
f 85 1679 2637
f 2772 1679 85
f 2880 1058 86
f 86 1058 3553
f 2623 1172 86
f 86 1172 2880
f 2347 1300 86
f 86 1300 2623
f 3553 2347 86
f 2137 594 87
f 87 594 2259
f 87 1091 2551
f 3193 1091 87
f 2551 2137 87
f 87 2259 3193
f 2308 1111 88
f 88 1111 3202
f 88 1605 2308
f 3109 1605 88
f 3202 3109 88
f 89 248 631
f 2171 248 89
f 89 631 3762
f 89 1494 2171
f 3762 1494 89
f 3498 1580 90
f 90 1580 3573
f 3573 3498 90
f 2106 1613 91
f 91 1613 2726
f 2247 2106 91
f 2726 2247 91
f 803 505 92
f 92 704 2286
f 877 803 92
f 2558 877 92
f 92 2286 2558
f 2537 1133 93
f 93 1133 2602
f 93 1181 2285
f 2602 1181 93
f 2285 2016 93
f 93 2016 3295
f 3824 2537 93
f 93 3295 3824
f 1067 350 94
f 94 350 1211
f 94 1211 3097
f 94 3097 3565
f 3324 382 95
f 95 382 3411
f 95 477 1101
f 3685 477 95
f 95 1101 3324
f 95 1189 1489
f 3411 1189 95
f 95 1489 3685
f 96 232 1560
f 2275 232 96
f 96 298 984
f 3170 298 96
f 96 984 2365
f 96 1560 3170
f 2365 2275 96
f 1988 655 97
f 97 655 3303
f 3177 1988 97
f 3549 3177 97
f 97 3303 3549
f 1020 715 98
f 98 715 2286
f 98 811 1020
f 3243 811 98
f 98 2286 3331
f 3331 3243 98
f 611 547 99
f 99 547 3250
f 2946 611 99
f 99 1589 2751
f 3250 1589 99
f 99 2751 2946
f 2121 143 100
f 100 143 3483
f 100 533 1261
f 1916 533 100
f 100 1261 2859
f 3483 1916 100
f 2859 2121 100
f 2751 1589 101
f 101 1589 2909
f 101 2717 3253
f 3378 2717 101
f 3253 2751 101
f 101 2909 3378
f 102 675 2157
f 3374 675 102
f 1628 834 102
f 102 834 3374
f 2157 1628 102
f 1926 1289 103
f 103 1289 3016
f 103 1728 2705
f 3016 1728 103
f 3631 1926 103
f 2705 2153 103
f 103 2153 3631
f 104 471 1443
f 3697 591 104
f 104 591 3745
f 1443 1212 104
f 104 1212 2191
f 104 2191 3697
f 105 462 2475
f 3315 462 105
f 1079 559 105
f 105 559 1607
f 2475 1079 105
f 105 1607 3315
f 1025 415 106
f 106 415 3352
f 2168 1025 106
f 3352 2168 106
f 107 733 1960
f 2742 733 107
f 1984 1072 107
f 107 1072 2376
f 107 1960 1984
f 107 2376 2742
f 1500 120 108
f 108 120 2883
f 3829 1500 108
f 109 415 2357
f 3352 415 109
f 2357 1427 109
f 109 1427 3196
f 109 3196 3352
f 110 521 2997
f 3259 521 110
f 2525 2248 110
f 110 2248 3115
f 2997 2525 110
f 110 3115 3259
f 111 939 2412
f 2619 939 111
f 2492 982 111
f 111 982 2588
f 2588 1078 111
f 111 1078 2662
f 111 2412 2492
f 2662 2619 111
f 1622 910 112
f 112 910 2306
f 2134 1622 112
f 3837 2134 112
f 112 2306 3837
f 113 181 350
f 1815 181 113
f 113 350 3319
f 2350 1815 113
f 3319 2350 113
f 114 1026 1532
f 3843 1026 114
f 1532 1082 114
f 114 1082 3522
f 114 2113 3843
f 3859 2113 114
f 114 3522 3859
f 825 191 115
f 115 191 2056
f 115 469 1636
f 3401 469 115
f 1636 825 115
f 115 2056 3401
f 116 145 1813
f 3184 145 116
f 116 1813 2097
f 2490 813 117
f 117 813 3104
f 117 1806 2490
f 3356 1806 117
f 2336 1844 117
f 117 1844 3356
f 3104 2336 117
f 118 324 3156
f 3738 324 118
f 118 840 1991
f 3156 840 118
f 1991 1016 118
f 118 1016 3738
f 119 318 2353
f 3081 318 119
f 119 1907 2231
f 2353 1907 119
f 119 2231 3081
f 120 1494 2883
f 3584 1494 120
f 120 1500 3584
f 121 745 1759
f 2876 745 121
f 1759 1593 121
f 121 1593 3481
f 3481 2876 121
f 634 246 122
f 122 246 2293
f 122 569 634
f 3640 569 122
f 122 2293 2562
f 122 2562 3640
f 123 505 2956
f 1937 1299 123
f 123 1299 2345
f 2956 1937 123
f 124 3012 3245
f 124 3245 3630
f 125 517 1706
f 3874 517 125
f 1706 756 125
f 125 756 3422
f 125 3422 3874
f 126 811 3243
f 3469 811 126
f 3243 1165 126
f 126 1165 3469
f 127 1075 2809
f 3512 1075 127
f 2809 1122 127
f 127 1779 3022
f 127 3022 3512
f 128 550 2733
f 2900 550 128
f 128 571 896
f 2733 571 128
f 128 896 965
f 128 965 2900
f 129 512 810
f 2633 512 129
f 129 810 3331
f 129 2286 2367
f 3331 2286 129
f 129 2367 2633
f 130 480 1802
f 2381 480 130
f 130 1802 1805
f 130 1805 3748
f 3608 2381 130
f 130 3365 3608
f 3748 3365 130
f 542 218 131
f 131 218 2533
f 1739 542 131
f 131 1689 1739
f 2718 1689 131
f 131 2533 3717
f 3717 2718 131
f 515 356 132
f 132 356 1093
f 132 401 515
f 2700 401 132
f 1093 444 132
f 132 444 2700
f 133 888 1097
f 2538 888 133
f 133 1097 2050
f 133 2050 2931
f 2931 2538 133
f 134 677 1867
f 3642 677 134
f 2631 1721 134
f 134 1721 3642
f 134 1867 2896
f 2896 2631 134
f 135 406 1141
f 1660 406 135
f 135 1141 1519
f 135 1205 1660
f 3392 1205 135
f 135 1519 3149
f 135 3149 3392
f 1594 831 136
f 136 831 2908
f 136 1060 1594
f 2488 1060 136
f 2637 2488 136
f 136 2908 2948
f 317 303 137
f 2654 317 137
f 137 1259 2654
f 138 190 576
f 2644 190 138
f 138 576 1921
f 2460 1159 138
f 138 1159 2644
f 138 1921 2460
f 2512 1108 139
f 139 1108 3135
f 1935 1319 139
f 139 1319 2512
f 3135 1935 139
f 140 486 1792
f 3086 486 140
f 1792 1688 140
f 140 1688 2284
f 140 2284 3093
f 3093 3086 140
f 141 343 3185
f 3507 343 141
f 141 622 1973
f 3277 622 141
f 141 1973 3123
f 141 3123 3507
f 141 3185 3277
f 2746 2194 142
f 142 2194 3543
f 3107 2746 142
f 3543 3107 142
f 3332 294 143
f 143 294 3483
f 143 2121 3332
f 144 1022 2203
f 3143 1022 144
f 2203 1048 144
f 144 1048 3769
f 144 3078 3143
f 3769 3078 144
f 1600 788 145
f 145 788 1813
f 3184 1600 145
f 1663 267 146
f 146 267 3051
f 833 425 146
f 146 425 1663
f 3051 833 146
f 147 232 852
f 1560 232 147
f 147 852 1363
f 1363 1219 147
f 147 1219 2452
f 3298 1560 147
f 147 2452 2487
f 147 2487 3298
f 737 684 148
f 148 684 992
f 148 710 737
f 3849 710 148
f 148 992 3849
f 2322 178 149
f 149 178 3446
f 149 1728 1904
f 3446 1728 149
f 1904 1901 149
f 149 1901 3756
f 3211 2322 149
f 149 2829 3211
f 3756 2829 149
f 150 1209 1808
f 3090 1209 150
f 1808 1473 150
f 150 1473 2670
f 2670 2380 150
f 150 2380 3090
f 1511 1046 151
f 151 1046 1858
f 1911 1511 151
f 151 1858 3532
f 3707 1911 151
f 151 3532 3707
f 152 767 1057
f 3823 767 152
f 152 1057 3228
f 3228 3227 152
f 152 3227 3773
f 152 3773 3823
f 2725 482 153
f 153 482 3323
f 153 2289 3265
f 3521 2289 153
f 3265 2725 153
f 153 3323 3521
f 3099 536 154
f 154 536 3416
f 3003 1482 154
f 154 1482 3669
f 3416 3003 154
f 3497 3099 154
f 3669 3497 154
f 155 376 2273
f 3000 376 155
f 155 1126 1478
f 2273 1126 155
f 155 1478 3000
f 156 619 1862
f 2886 619 156
f 156 1862 1936
f 156 1936 2610
f 156 2610 2806
f 156 2806 2886
f 157 295 2058
f 157 1278 1493
f 2849 1278 157
f 2058 1617 157
f 157 1617 2849
f 158 617 1002
f 1747 617 158
f 158 1002 2946
f 3253 1747 158
f 2946 2751 158
f 158 2751 3253
f 1798 868 159
f 159 868 2328
f 3188 1798 159
f 2328 1889 159
f 159 1889 3188
f 160 221 1439
f 2608 221 160
f 160 924 2608
f 2653 924 160
f 1439 959 160
f 160 959 2653
f 161 377 1130
f 2402 377 161
f 985 616 161
f 161 616 2402
f 1355 985 161
f 161 1130 1165
f 161 1165 1355
f 1824 225 162
f 162 225 1847
f 1847 451 162
f 162 451 2107
f 2107 798 162
f 162 798 2642
f 2642 1824 162
f 163 1405 2884
f 3146 1405 163
f 163 1507 1609
f 3381 1507 163
f 163 1609 3146
f 163 2884 3381
f 2450 1351 164
f 164 1351 2960
f 164 1404 1870
f 3490 1404 164
f 164 1870 2450
f 164 2960 3490
f 165 428 707
f 930 428 165
f 165 707 1569
f 3287 930 165
f 165 1569 1630
f 165 1630 3287
f 166 589 2790
f 3573 589 166
f 2790 2302 166
f 166 2302 2793
f 166 2793 3013
f 166 3013 3456
f 166 3456 3573
f 2772 489 167
f 167 489 3664
f 167 1491 1679
f 3403 1491 167
f 167 1679 2772
f 3421 3403 167
f 3664 3421 167
f 2411 981 168
f 168 981 3503
f 3503 2228 168
f 168 2228 3550
f 3550 2411 168
f 2234 437 169
f 169 437 3600
f 169 1357 3153
f 3600 1357 169
f 3153 2234 169
f 170 229 2660
f 2767 229 170
f 2660 2495 170
f 170 2495 3733
f 3457 2767 170
f 3733 3457 170
f 171 414 551
f 1369 414 171
f 171 430 1369
f 2977 430 171
f 171 551 2341
f 171 2341 3222
f 3222 2977 171
f 172 212 1322
f 1419 212 172
f 172 224 1419
f 2797 224 172
f 172 1322 2304
f 172 2304 2797
f 487 273 173
f 1506 487 173
f 173 1238 1506
f 3382 1238 173
f 173 2158 3382
f 3861 2158 173
f 894 268 174
f 174 268 1470
f 174 723 894
f 3517 723 174
f 1470 824 174
f 174 824 3517
f 175 760 908
f 3669 760 175
f 175 908 3541
f 175 3219 3497
f 3541 3219 175
f 175 3497 3669
f 176 1265 1837
f 2127 1265 176
f 176 1837 3784
f 3828 2127 176
f 176 3784 3828
f 177 199 637
f 1922 199 177
f 177 637 3691
f 177 936 1922
f 3691 936 177
f 178 2322 3183
f 178 2343 2705
f 3183 2343 178
f 178 2705 3446
f 2457 828 179
f 3405 2457 179
f 179 2961 3405
f 3745 2961 179
f 180 194 576
f 1568 194 180
f 180 576 3258
f 1918 1568 180
f 3258 1918 180
f 2506 350 181
f 181 1063 1138
f 2781 1063 181
f 181 1138 2506
f 181 1815 2781
f 182 1555 2594
f 3525 1555 182
f 182 2594 3300
f 182 2774 2978
f 3300 2774 182
f 182 2978 3199
f 182 3199 3525
f 1717 983 183
f 183 1293 1717
f 3147 1293 183
f 2790 589 184
f 184 589 3569
f 3161 2790 184
f 184 3157 3161
f 3478 3157 184
f 3494 3478 184
f 3569 3494 184
f 185 844 1356
f 3597 844 185
f 185 979 1345
f 1356 979 185
f 185 1345 3597
f 1633 1262 186
f 186 1262 2294
f 2496 1633 186
f 186 2294 2567
f 3585 2496 186
f 186 2567 3476
f 186 3476 3585
f 187 963 1999
f 2385 963 187
f 187 1766 1922
f 1999 1766 187
f 187 1922 3505
f 3505 2385 187
f 188 337 884
f 976 337 188
f 188 884 3813
f 1375 976 188
f 1756 1375 188
f 3813 1756 188
f 1392 727 189
f 189 727 1765
f 2202 1330 189
f 189 1330 3044
f 3044 1392 189
f 189 1765 2157
f 189 2157 2202
f 1701 236 190
f 190 236 3258
f 2644 550 190
f 190 550 2900
f 3258 576 190
f 2900 1701 190
f 191 825 2503
f 2503 1637 191
f 191 1637 3510
f 3510 2056 191
f 915 485 192
f 192 485 1192
f 1602 915 192
f 192 1192 2013
f 3568 1602 192
f 192 2013 3568
f 193 400 1206
f 2580 400 193
f 193 1129 2260
f 3015 1129 193
f 193 1206 2369
f 193 2260 2580
f 193 2369 3015
f 2033 576 194
f 369 209 195
f 195 209 3875
f 3524 369 195
f 195 1096 3791
f 3875 1096 195
f 3791 3524 195
f 196 209 369
f 2269 209 196
f 369 217 196
f 196 217 1659
f 1659 1167 196
f 196 1167 2269
f 2520 224 197
f 197 224 2797
f 1135 706 197
f 197 706 1853
f 2797 1135 197
f 197 1853 2520
f 198 708 3017
f 3205 708 198
f 198 1892 2911
f 3814 1892 198
f 2911 2696 198
f 198 2696 3205
f 198 3017 3814
f 199 588 1334
f 3408 588 199
f 3035 637 199
f 199 1334 3035
f 199 1922 3408
f 200 1498 1933
f 2925 1498 200
f 200 1933 3804
f 200 2652 2856
f 3804 2652 200
f 200 2856 2925
f 201 385 1738
f 2172 385 201
f 1738 1168 201
f 201 1168 3746
f 201 1627 2172
f 3746 1627 201
f 202 813 1712
f 3104 813 202
f 202 1488 3104
f 3551 1488 202
f 202 1712 3551
f 2643 1039 203
f 203 1039 3693
f 2004 1471 203
f 203 1471 2643
f 2213 2004 203
f 2867 2213 203
f 3693 2867 203
f 204 208 1594
f 3407 208 204
f 964 855 204
f 204 855 2834
f 1060 964 204
f 1594 1060 204
f 204 2834 3407
f 205 443 946
f 1550 443 205
f 205 946 3288
f 3288 1550 205
f 206 1727 2032
f 2805 1727 206
f 206 1878 3010
f 3108 1878 206
f 206 2032 3108
f 2950 2805 206
f 3808 2950 206
f 206 3010 3808
f 1992 1111 207
f 207 1111 3290
f 2077 1992 207
f 3332 2077 207
f 207 3177 3332
f 3465 3177 207
f 207 3290 3465
f 1823 1594 208
f 3430 1823 208
f 3407 3133 208
f 208 3133 3430
f 2269 1827 209
f 209 1827 2738
f 209 2738 3875
f 2209 816 210
f 210 816 2616
f 2778 2209 210
f 210 2616 3377
f 3377 2778 210
f 2958 1585 211
f 211 1585 3765
f 3072 2958 211
f 3186 3072 211
f 3765 3186 211
f 2132 1322 212
f 212 1419 2737
f 212 1952 2132
f 2737 1952 212
f 2130 921 213
f 213 921 3101
f 3101 1749 213
f 213 1749 3706
f 213 1807 2489
f 3706 1807 213
f 2489 2130 213
f 1094 848 214
f 214 848 2976
f 3353 1094 214
f 214 2976 2984
f 214 2984 3163
f 214 3163 3353
f 3395 544 215
f 3358 557 215
f 215 557 3743
f 215 1599 3379
f 3743 1599 215
f 215 3379 3395
f 216 613 3087
f 3735 613 216
f 216 1081 2420
f 3087 1081 216
f 1820 1707 216
f 216 1707 3735
f 2420 1820 216
f 217 369 472
f 217 472 1754
f 1754 1659 217
f 218 542 1905
f 1905 886 218
f 218 886 2167
f 218 2167 2533
f 219 966 2420
f 2459 966 219
f 219 999 1509
f 2045 999 219
f 219 1509 2136
f 2420 2045 219
f 219 2136 2459
f 220 310 1320
f 2432 310 220
f 2242 562 220
f 220 562 3296
f 220 1320 1400
f 220 1400 2242
f 220 1557 2432
f 3296 1557 220
f 221 1309 1439
f 2942 1309 221
f 221 2608 2942
f 549 435 222
f 222 435 3539
f 2769 549 222
f 222 1628 2769
f 3539 1628 222
f 223 607 888
f 1750 607 223
f 223 888 2538
f 2972 1750 223
f 223 2538 3225
f 3225 2972 223
f 224 1204 1419
f 2520 1204 224
f 1581 1143 225
f 225 1143 3367
f 1885 1581 225
f 225 1824 1885
f 3367 1847 225
f 226 355 2375
f 3368 355 226
f 226 2375 3006
f 226 3006 3542
f 3520 3368 226
f 3542 3520 226
f 227 374 688
f 2405 374 227
f 227 688 3062
f 1723 1062 227
f 227 1062 2405
f 3662 1723 227
f 227 3062 3662
f 517 417 228
f 228 417 2415
f 3871 517 228
f 228 2415 3262
f 228 3262 3822
f 228 3822 3871
f 3628 671 229
f 229 671 3793
f 3793 2660 229
f 229 2767 3628
f 2834 1800 230
f 230 1800 3117
f 2352 1964 230
f 230 1964 3189
f 3117 2352 230
f 3189 2834 230
f 2260 862 231
f 231 862 2910
f 2636 2260 231
f 231 2276 2636
f 2910 2276 231
f 3529 852 232
f 232 2275 3529
f 233 695 2068
f 3133 695 233
f 2839 1459 233
f 233 1459 3133
f 233 2068 2253
f 233 2253 2839
f 3505 936 234
f 234 936 3575
f 234 1710 2773
f 3575 1710 234
f 234 2338 2385
f 2773 2338 234
f 234 2385 3505
f 2568 427 235
f 235 514 2568
f 3825 514 235
f 236 1701 2776
f 2224 1918 236
f 236 1918 3258
f 2776 2224 236
f 2963 667 237
f 237 667 3873
f 2940 1329 237
f 237 1329 2963
f 3822 2940 237
f 3873 3822 237
f 238 1001 1883
f 2588 1001 238
f 238 1078 2588
f 3068 1078 238
f 238 1883 3068
f 239 466 1158
f 1524 466 239
f 239 1158 2612
f 2493 1524 239
f 3304 2493 239
f 239 2612 3304
f 2151 678 240
f 240 678 2421
f 240 1090 2325
f 2421 1090 240
f 240 1368 2151
f 2325 1368 240
f 241 378 739
f 2281 378 241
f 241 739 994
f 241 994 1385
f 1385 1104 241
f 241 1104 2281
f 242 774 1755
f 3742 774 242
f 242 1755 3129
f 3129 2583 242
f 242 2583 3742
f 243 651 1164
f 2144 651 243
f 243 1164 3574
f 2443 2144 243
f 3780 2443 243
f 3574 2754 243
f 243 2754 3780
f 244 847 2393
f 3091 847 244
f 244 1401 2445
f 3713 1401 244
f 244 2393 3713
f 244 2445 3091
f 245 1059 1096
f 3631 1059 245
f 245 1096 3875
f 245 1719 2932
f 3875 1719 245
f 2932 1926 245
f 245 1926 3631
f 246 634 1678
f 246 1678 3090
f 2380 2293 246
f 3090 2380 246
f 247 1029 1316
f 2914 1029 247
f 247 1316 2041
f 2041 1876 247
f 247 1876 2914
f 652 631 248
f 3594 652 248
f 2171 691 248
f 248 691 3594
f 249 629 1514
f 2233 629 249
f 1514 1085 249
f 249 1085 2049
f 249 1670 1761
f 2049 1670 249
f 249 1761 2406
f 2406 2233 249
f 913 299 250
f 250 299 1721
f 1721 585 250
f 250 585 3878
f 2989 913 250
f 250 2076 2989
f 3878 2076 250
f 2383 594 251
f 251 594 2768
f 251 1053 2383
f 3282 1053 251
f 251 2768 3266
f 3266 3128 251
f 251 3128 3282
f 1644 307 252
f 252 307 1772
f 3188 784 252
f 252 784 3856
f 1772 1157 252
f 252 1157 3188
f 3856 1644 252
f 253 302 1861
f 1887 302 253
f 253 1070 2497
f 3059 1070 253
f 1861 1690 253
f 253 1690 3059
f 2497 1887 253
f 1427 1099 254
f 254 1099 2666
f 2666 1105 254
f 254 1105 3555
f 3196 1427 254
f 3275 3196 254
f 3555 3275 254
f 1280 655 255
f 255 655 3866
f 3157 1280 255
f 255 3027 3161
f 3866 3027 255
f 3161 3157 255
f 256 635 756
f 1318 635 256
f 256 756 3435
f 2706 1318 256
f 3170 2706 256
f 3435 3170 256
f 819 353 257
f 257 353 916
f 1004 503 257
f 257 503 1213
f 1213 819 257
f 257 916 1004
f 1602 339 258
f 258 339 2687
f 2687 477 258
f 258 477 3864
f 258 915 1602
f 3864 915 258
f 259 486 1527
f 1792 486 259
f 1377 523 259
f 259 523 1792
f 2219 649 259
f 259 649 2708
f 2708 1377 259
f 259 1527 2219
f 1286 340 260
f 260 340 1559
f 1604 1286 260
f 2741 1604 260
f 1683 364 261
f 261 364 1990
f 261 481 1425
f 1990 481 261
f 261 1425 1577
f 261 1577 1683
f 1883 1028 262
f 262 1028 2042
f 2042 1116 262
f 262 1116 3068
f 3068 1883 262
f 263 2090 2476
f 3533 2090 263
f 263 2262 3533
f 3534 2262 263
f 263 2476 2785
f 2785 2581 263
f 263 2581 3534
f 1618 391 264
f 264 391 2681
f 3249 1618 264
f 264 2681 3311
f 3311 3249 264
f 265 535 2400
f 2616 535 265
f 265 2280 3314
f 3852 2280 265
f 3179 2616 265
f 3314 3179 265
f 1064 331 266
f 266 331 3169
f 266 973 2669
f 2669 1064 266
f 266 3169 3471
f 1663 789 267
f 267 789 2571
f 2571 2329 267
f 267 2329 3051
f 268 548 1904
f 2881 548 268
f 268 894 2881
f 268 1289 1470
f 3016 1289 268
f 268 1904 3016
f 269 1237 2001
f 2736 1237 269
f 269 2001 3376
f 269 2694 2736
f 3376 2694 269
f 270 555 2161
f 3270 555 270
f 1481 1354 270
f 3477 1481 270
f 270 2161 3477
f 271 621 1415
f 2179 621 271
f 271 1415 3596
f 271 1462 2791
f 3596 1462 271
f 2791 2179 271
f 272 416 1631
f 272 787 1373
f 3690 787 272
f 272 1631 3690
f 273 487 3076
f 3076 2647 273
f 274 1151 1201
f 3181 1151 274
f 274 1201 2555
f 274 2555 2716
f 274 2716 3181
f 275 736 1431
f 3316 736 275
f 275 1297 3316
f 3530 1297 275
f 275 1431 2053
f 275 2053 3530
f 276 433 532
f 1221 433 276
f 276 532 631
f 276 631 2334
f 276 940 1221
f 2334 940 276
f 1515 880 277
f 277 880 3032
f 277 983 1717
f 3032 983 277
f 2008 1515 277
f 277 1717 2634
f 2634 2008 277
f 2975 2966 278
f 278 2966 3364
f 2988 2975 278
f 3034 2988 278
f 3364 3034 278
f 2085 849 279
f 279 849 2211
f 279 1025 2085
f 3210 1025 279
f 2211 1049 279
f 279 1049 3210
f 280 841 1414
f 2311 841 280
f 280 1414 3326
f 3437 2311 280
f 280 3326 3437
f 3247 865 281
f 281 865 3676
f 281 2055 3247
f 3562 2055 281
f 281 3373 3562
f 3676 3373 281
f 282 659 1360
f 3131 659 282
f 935 874 282
f 282 874 2398
f 3554 935 282
f 282 1360 3554
f 282 2398 3131
f 283 1043 2258
f 2389 1043 283
f 283 2258 3629
f 3629 2389 283
f 2292 658 284
f 284 658 3796
f 3714 2292 284
f 284 2378 3714
f 3796 2378 284
f 285 882 2436
f 3168 882 285
f 2464 1927 285
f 285 1927 3168
f 285 2436 3506
f 3506 2464 285
f 286 1394 2890
f 3622 1394 286
f 3474 1995 286
f 286 1995 3718
f 286 2890 3474
f 3718 3622 286
f 1232 633 287
f 287 633 2624
f 1322 1232 287
f 1335 1322 287
f 3647 1335 287
f 287 2624 3647
f 2669 973 288
f 288 973 3337
f 288 981 2669
f 3503 981 288
f 2335 1042 288
f 288 1042 3503
f 3337 2335 288
f 289 644 773
f 2263 644 289
f 871 761 289
f 289 761 1624
f 289 773 3031
f 3031 871 289
f 289 1624 2448
f 2448 2263 289
f 290 946 1868
f 3288 946 290
f 2909 1589 290
f 290 1589 3250
f 1868 1618 290
f 290 1618 2909
f 290 3250 3288
f 1409 993 291
f 3208 1409 291
f 291 1428 1799
f 291 1799 3208
f 1647 804 292
f 292 804 2229
f 292 1345 1647
f 2501 1345 292
f 292 2229 3760
f 3760 2501 292
f 293 461 1539
f 2727 461 293
f 1994 663 293
f 293 663 2727
f 293 867 1923
f 2104 867 293
f 293 1539 2104
f 1923 1833 293
f 293 1833 1994
f 3332 3177 294
f 294 3177 3549
f 3549 3483 294
f 295 381 1946
f 1872 663 295
f 295 663 2058
f 1946 1872 295
f 296 1222 2029
f 2846 1222 296
f 1979 1829 296
f 296 1829 3863
f 3217 1979 296
f 296 2029 3217
f 3863 2846 296
f 1412 1129 297
f 297 1129 3809
f 1929 1309 297
f 297 1309 2942
f 2942 1412 297
f 3809 1929 297
f 3830 984 298
f 298 3170 3435
f 298 3435 3830
f 299 913 3642
f 3642 1721 299
f 2678 1669 300
f 300 1669 3246
f 3062 2678 300
f 3662 3062 300
f 300 3246 3662
f 562 557 301
f 301 557 3358
f 3296 562 301
f 301 3026 3296
f 3358 3026 301
f 302 1139 1634
f 1887 1139 302
f 302 1634 1861
f 303 317 1700
f 303 1700 2407
f 303 2407 2959
f 1363 852 304
f 304 852 3529
f 304 875 1363
f 3693 875 304
f 3529 2867 304
f 304 2867 3693
f 2739 689 305
f 305 689 2842
f 305 1962 2005
f 3341 1962 305
f 305 2005 2739
f 2842 2079 305
f 305 2079 3341
f 3447 1357 306
f 306 1357 3600
f 2235 2110 306
f 306 2110 3447
f 3600 2235 306
f 307 341 2373
f 2419 341 307
f 307 1644 2419
f 2373 1772 307
f 2237 575 308
f 308 575 2312
f 308 1137 2237
f 3285 1137 308
f 2312 1379 308
f 308 1379 3285
f 309 1453 1516
f 309 1516 2598
f 309 2598 3306
f 3762 1320 310
f 310 2432 2883
f 310 2883 3762
f 2029 1222 311
f 311 1222 2397
f 2397 1656 311
f 311 1656 3140
f 3140 2029 311
f 1702 447 312
f 312 447 2949
f 312 1387 1702
f 2949 1387 312
f 313 962 1781
f 2089 962 313
f 1781 1587 313
f 313 1587 3328
f 3627 2089 313
f 313 3328 3627
f 2222 1616 314
f 314 1616 2954
f 2788 1804 314
f 2954 2788 314
f 315 712 1685
f 1777 712 315
f 1685 974 315
f 315 974 1786
f 315 1196 1777
f 1786 1196 315
f 316 565 2145
f 3342 565 316
f 2256 1229 316
f 316 1229 2592
f 316 2145 2256
f 316 2592 3342
f 2878 1700 317
f 317 2654 2878
f 1821 1477 318
f 318 1477 1899
f 318 1795 2353
f 3420 1795 318
f 3081 1821 318
f 318 1899 3420
f 2923 485 319
f 319 485 3545
f 319 541 2319
f 3545 541 319
f 319 2319 2923
f 320 492 1106
f 1316 492 320
f 320 1106 3857
f 2893 1316 320
f 3058 2893 320
f 3261 3058 320
f 3857 3261 320
f 321 686 1978
f 2363 734 321
f 321 1855 2363
f 3414 1855 321
f 321 1978 3414
f 1483 1190 322
f 322 1190 1930
f 2757 1483 322
f 322 1930 2514
f 322 2514 2757
f 323 512 754
f 810 512 323
f 323 754 3722
f 3098 810 323
f 3722 3098 323
f 2926 758 324
f 324 758 3663
f 2018 1177 324
f 324 1177 3156
f 3663 2018 324
f 3738 2926 324
f 325 696 1302
f 3612 696 325
f 325 1072 1535
f 2376 1072 325
f 325 1302 3348
f 325 1535 3612
f 3348 2376 325
f 326 595 2569
f 3208 595 326
f 326 687 1774
f 3821 687 326
f 326 1774 2208
f 326 2208 3208
f 326 2569 3821
f 327 1184 1363
f 1696 1184 327
f 1363 1207 327
f 327 1207 2331
f 2177 1696 327
f 2331 2177 327
f 2567 1433 328
f 3187 2567 328
f 328 3071 3187
f 3512 3071 328
f 3719 3512 328
f 329 435 3467
f 3539 435 329
f 3396 1915 329
f 3700 3396 329
f 329 3467 3700
f 1109 675 330
f 330 675 3374
f 330 1034 1109
f 2994 1034 330
f 3615 2994 330
f 330 3374 3615
f 331 1064 2709
f 2709 2181 331
f 331 2181 3112
f 331 3112 3169
f 1264 445 332
f 332 445 3790
f 2108 836 332
f 332 836 3574
f 3574 1264 332
f 3790 2108 332
f 333 425 833
f 1323 425 333
f 333 833 2245
f 2731 1323 333
f 333 2245 2731
f 334 1880 3638
f 3845 1880 334
f 3359 2785 334
f 334 2785 3538
f 3638 3359 334
f 334 3538 3845
f 1571 592 335
f 335 592 3279
f 335 1530 1571
f 2919 1530 335
f 335 2356 2919
f 3579 2356 335
f 335 3279 3579
f 1808 673 336
f 336 673 2555
f 3635 1808 336
f 3394 2030 336
f 336 2030 3635
f 336 2555 3394
f 2597 884 337
f 337 976 2169
f 2169 1896 337
f 337 1896 2597
f 338 385 700
f 2811 385 338
f 338 700 2806
f 2534 1056 338
f 338 1056 2811
f 2806 2534 338
f 339 905 2687
f 3568 905 339
f 339 1602 3568
f 1415 621 340
f 340 621 2043
f 340 1286 1415
f 3245 1559 340
f 340 2043 3245
f 2419 481 341
f 341 481 2740
f 2377 2373 341
f 2740 2377 341
f 1115 586 342
f 342 586 2471
f 1507 1115 342
f 1609 1507 342
f 2471 1609 342
f 785 448 343
f 343 448 3185
f 1228 785 343
f 3507 1228 343
f 1310 1152 344
f 344 1152 3496
f 2023 1310 344
f 3496 2023 344
f 345 940 1032
f 1221 940 345
f 345 1032 2230
f 1563 1221 345
f 2046 1563 345
f 2230 2046 345
f 346 1508 1955
f 1988 1508 346
f 346 1955 3019
f 3866 1988 346
f 346 3019 3021
f 346 3021 3027
f 346 3027 3866
f 347 1552 2408
f 3776 1552 347
f 347 2408 3121
f 3121 2823 347
f 347 2823 3325
f 347 3325 3776
f 2109 918 348
f 348 918 2661
f 1499 1269 348
f 348 1269 2109
f 2728 1499 348
f 2661 2482 348
f 348 2482 2728
f 349 359 1422
f 3264 359 349
f 349 1422 3055
f 3124 2486 349
f 349 2486 3264
f 349 3055 3124
f 350 1067 3319
f 2506 1211 350
f 351 1076 1392
f 2918 1076 351
f 351 1392 3044
f 2418 2012 351
f 351 2012 2918
f 3011 2418 351
f 1941 560 352
f 352 560 3599
f 352 1009 1941
f 2750 1009 352
f 2694 1969 352
f 352 1969 2750
f 3599 2694 352
f 353 464 916
f 1780 464 353
f 353 819 1780
f 354 1038 3138
f 3708 1436 354
f 3138 3046 354
f 354 3046 3723
f 3723 3708 354
f 355 801 1088
f 1242 801 355
f 355 1088 2575
f 3368 1242 355
f 2575 2375 355
f 356 515 3002
f 356 766 1093
f 3387 766 356
f 3017 1778 356
f 356 1778 3387
f 356 3002 3017
f 3328 1587 357
f 357 1587 3345
f 357 2539 3085
f 3345 2539 357
f 357 3085 3328
f 2771 416 358
f 358 416 2848
f 2848 2201 358
f 358 2201 3737
f 3737 2771 358
f 3686 1422 359
f 3375 1965 359
f 359 1965 3686
f 3264 2025 359
f 359 2025 3375
f 1361 527 360
f 360 527 1932
f 360 1932 2945
f 2945 1939 360
f 1615 866 361
f 361 866 2102
f 361 1476 1831
f 2088 1476 361
f 1831 1615 361
f 3815 2088 361
f 361 2102 3815
f 2523 791 362
f 362 791 3869
f 2951 1474 362
f 362 1474 3042
f 1996 1753 362
f 362 1753 2951
f 3869 1996 362
f 3042 2523 362
f 363 857 1835
f 1852 857 363
f 363 1835 2038
f 3037 1852 363
f 363 2038 2807
f 2807 2475 363
f 363 2475 3037
f 364 717 1990
f 3014 717 364
f 364 1683 3683
f 364 1982 3014
f 3683 1982 364
f 365 811 909
f 1020 811 365
f 365 909 1023
f 1420 1020 365
f 365 1023 3389
f 3244 1420 365
f 3389 3244 365
f 838 615 366
f 366 615 2630
f 2760 838 366
f 366 2630 3274
f 3274 2760 366
f 1879 693 367
f 367 693 2093
f 367 1424 1879
f 2149 1424 367
f 367 2093 3699
f 3699 2149 367
f 1081 412 368
f 368 412 1255
f 1386 999 368
f 368 999 2045
f 2045 1081 368
f 368 1255 1386
f 3524 472 369
f 2300 581 370
f 370 581 2546
f 370 762 2083
f 2546 762 370
f 370 2083 3144
f 3144 2300 370
f 2315 2061 371
f 371 2061 3549
f 3618 2315 371
f 3549 3303 371
f 371 3303 3618
f 1391 587 372
f 372 587 3088
f 372 957 2256
f 3088 957 372
f 2214 1391 372
f 2256 2214 372
f 1254 401 373
f 373 401 2700
f 3509 1254 373
f 373 2700 2876
f 373 2876 3481
f 373 3481 3509
f 3187 688 374
f 374 922 3187
f 375 524 1549
f 2454 524 375
f 375 933 2454
f 2547 933 375
f 375 1054 2547
f 3158 1054 375
f 375 1549 3158
f 2276 2273 376
f 2636 2276 376
f 3399 2636 376
f 376 3000 3399
f 2402 893 377
f 377 893 3580
f 377 909 3469
f 3580 909 377
f 3469 1130 377
f 3291 739 378
f 378 2281 3020
f 378 3020 3291
f 3325 770 379
f 379 770 3868
f 379 3041 3776
f 3868 3041 379
f 3776 3325 379
f 1540 568 380
f 380 750 3781
f 380 814 1540
f 3781 814 380
f 381 1816 1946
f 3245 1816 381
f 3630 3245 381
f 382 1640 2679
f 3324 1640 382
f 2679 2668 382
f 382 2668 3411
f 383 741 997
f 2524 741 383
f 2679 1372 384
f 384 1372 3551
f 384 2105 2668
f 3351 2105 384
f 384 2668 2679
f 3551 3351 384
f 2172 700 385
f 2811 1738 385
f 2193 923 386
f 386 923 2752
f 2752 1414 386
f 386 1414 2816
f 2032 1727 386
f 386 1727 2193
f 2816 2032 386
f 2258 1107 387
f 387 1107 2804
f 2804 1612 387
f 387 1612 3206
f 3629 2258 387
f 387 3206 3629
f 3236 670 388
f 388 670 3615
f 388 834 2257
f 3615 834 388
f 2257 1606 388
f 388 1606 3236
f 1972 556 389
f 389 556 2073
f 389 1587 1781
f 2073 1587 389
f 389 1781 3619
f 2507 1972 389
f 3619 2507 389
f 390 474 1578
f 2323 474 390
f 390 1578 2069
f 390 2069 3499
f 391 1618 1868
f 391 1868 2015
f 391 2015 2681
f 901 850 392
f 392 850 1170
f 1954 901 392
f 392 1170 1911
f 392 1911 3707
f 2165 1954 392
f 3707 2165 392
f 393 992 2296
f 393 1374 2180
f 3154 1374 393
f 393 2296 3154
f 808 698 394
f 394 698 1714
f 1666 808 394
f 3655 1666 394
f 394 1714 3655
f 395 1257 1586
f 2875 1257 395
f 1586 1323 395
f 395 1323 2788
f 395 2788 2875
f 396 631 1400
f 3762 631 396
f 1400 1320 396
f 396 1320 3762
f 397 1536 3038
f 3070 1536 397
f 3038 2941 397
f 397 2941 3070
f 398 789 1663
f 2134 789 398
f 1663 1586 398
f 398 1586 2991
f 398 1622 2134
f 2991 1622 398
f 399 418 454
f 2167 418 399
f 399 454 1948
f 399 1948 2064
f 399 2064 2564
f 2533 2167 399
f 2564 2533 399
f 620 608 400
f 400 608 1890
f 714 620 400
f 3045 714 400
f 3787 1206 400
f 400 1890 3787
f 400 2580 3045
f 1254 515 401
f 3135 1108 402
f 402 1108 3842
f 1856 1245 402
f 402 1245 3135
f 402 1430 3212
f 3842 1430 402
f 3212 1856 402
f 403 1885 1959
f 403 1959 3537
f 2574 2266 403
f 3537 2574 403
f 2824 2417 404
f 404 2510 2824
f 3670 2510 404
f 405 1046 2556
f 3103 1046 405
f 2374 1884 405
f 405 1884 3103
f 2680 2374 405
f 405 2556 3055
f 3055 2680 405
f 3141 1141 406
f 406 1660 3141
f 407 448 785
f 869 448 407
f 407 785 1326
f 3119 869 407
f 1326 1267 407
f 407 1267 3119
f 408 1034 2677
f 2962 1034 408
f 408 1074 1153
f 2677 1074 408
f 408 1153 2962
f 409 1561 1764
f 3053 1561 409
f 409 1764 3148
f 409 2712 3053
f 3148 2712 409
f 1193 661 410
f 410 661 3771
f 410 729 2271
f 2937 729 410
f 2566 1193 410
f 2271 1652 410
f 410 1652 2566
f 410 2866 2937
f 3771 2866 410
f 2143 899 411
f 411 899 3440
f 411 1043 2143
f 3541 1043 411
f 3440 3219 411
f 411 3219 3541
f 867 764 412
f 412 764 1255
f 1923 867 412
f 412 1081 3221
f 3535 1923 412
f 3221 2792 412
f 412 2792 3535
f 413 1390 2753
f 3089 1390 413
f 2463 1605 413
f 413 1605 3089
f 3294 2463 413
f 413 2753 3294
f 2082 551 414
f 414 552 793
f 2370 552 414
f 414 793 2082
f 414 1369 2370
f 415 781 1268
f 2462 781 415
f 415 1025 2462
f 415 1268 2357
f 416 734 2848
f 2771 1631 416
f 417 517 3874
f 3724 2415 417
f 3874 3724 417
f 3598 454 418
f 418 1900 1975
f 2167 1900 418
f 418 1975 3598
f 2142 1283 419
f 419 1283 3437
f 419 2055 2142
f 3437 3326 419
f 1080 901 420
f 420 901 1954
f 1315 1080 420
f 2409 1315 420
f 420 1954 2409
f 421 1145 1550
f 2822 1145 421
f 421 1313 2484
f 2605 1313 421
f 421 1550 2605
f 421 2484 2822
f 2207 1095 422
f 422 1095 2219
f 422 1527 1534
f 2219 1527 422
f 422 1534 2207
f 2582 1642 423
f 423 1642 3011
f 3527 2582 423
f 423 3011 3527
f 666 501 424
f 424 501 2154
f 1235 666 424
f 2115 1235 424
f 3136 2115 424
f 424 2154 3438
f 3438 3136 424
f 425 1323 1663
f 426 988 2844
f 3451 988 426
f 426 1483 2757
f 3758 1483 426
f 426 2757 3451
f 426 2844 3758
f 2568 1169 427
f 427 1169 2845
f 2845 2812 427
f 427 2812 3433
f 427 3433 3806
f 1542 707 428
f 930 826 428
f 428 826 1497
f 428 1497 1542
f 429 653 1501
f 3354 653 429
f 429 1119 2319
f 429 1501 2424
f 429 2319 3354
f 430 497 969
f 2977 497 430
f 430 969 2128
f 2370 1369 430
f 430 2128 2370
f 431 1019 1135
f 2182 1019 431
f 431 1135 2797
f 2797 1335 431
f 431 1335 3647
f 3647 2182 431
f 432 1485 1729
f 2955 1485 432
f 432 1729 3530
f 2242 532 433
f 1563 716 433
f 433 716 2242
f 433 1221 1563
f 2409 1251 434
f 1934 1315 434
f 434 1315 2409
f 2184 1934 434
f 435 549 3467
f 436 450 874
f 2063 450 436
f 436 874 970
f 436 970 2688
f 436 1362 2063
f 2688 1362 436
f 2217 728 437
f 437 728 3600
f 437 1843 2217
f 2234 1843 437
f 438 496 1261
f 3507 496 438
f 1261 533 438
f 438 533 2987
f 2987 2934 438
f 438 2934 3507
f 1224 526 439
f 439 526 1997
f 1997 573 439
f 439 573 2632
f 2632 1224 439
f 746 724 440
f 440 724 1584
f 3180 746 440
f 1584 1556 440
f 440 1556 3083
f 440 3083 3180
f 441 1266 1886
f 2318 1266 441
f 441 1886 3705
f 2253 2068 441
f 441 2068 2318
f 3705 2253 441
f 442 1674 1784
f 2800 1674 442
f 442 1784 2035
f 442 2035 2800
f 443 459 946
f 2729 459 443
f 1550 1145 443
f 443 1145 3116
f 3116 2729 443
f 815 491 444
f 444 491 2700
f 1093 815 444
f 1535 1072 445
f 445 1072 1984
f 445 1264 1525
f 445 1525 1535
f 445 1984 3790
f 1533 646 446
f 446 646 3826
f 446 735 1529
f 3826 735 446
f 446 1529 1533
f 447 1702 3489
f 447 1878 2048
f 3489 1878 447
f 447 1931 2949
f 3111 1931 447
f 447 2048 3111
f 448 869 3185
f 1485 641 449
f 449 641 2227
f 2617 1485 449
f 449 2227 3064
f 3064 2617 449
f 1480 874 450
f 2518 1480 450
f 451 1847 3650
f 3650 2107 451
f 1213 778 452
f 452 778 1496
f 452 819 1213
f 3013 819 452
f 452 1496 3456
f 3456 3013 452
f 453 645 684
f 2164 645 453
f 453 684 702
f 453 702 3241
f 3301 2164 453
f 453 3241 3301
f 454 717 3014
f 3598 717 454
f 3165 1948 454
f 454 3014 3165
f 455 1046 1511
f 2556 1046 455
f 2423 1551 455
f 455 1551 3124
f 3124 2556 455
f 2184 1230 456
f 456 1230 2287
f 456 1934 2184
f 2783 1934 456
f 456 2287 3431
f 3431 2783 456
f 457 1028 1442
f 3582 1028 457
f 457 1442 2944
f 2944 2817 457
f 457 2817 3582
f 458 845 1956
f 2314 845 458
f 458 1014 2314
f 2638 1014 458
f 458 1956 2638
f 459 753 946
f 2729 753 459
f 460 618 2922
f 3201 1803 460
f 460 2922 3201
f 2727 692 461
f 461 692 3665
f 461 1015 1539
f 3665 1015 461
f 462 1324 3272
f 3315 1324 462
f 3037 2475 462
f 3272 3037 462
f 3340 2014 463
f 463 2014 3734
f 3064 2227 463
f 463 2227 3269
f 3734 3064 463
f 463 3269 3340
f 464 601 761
f 1780 601 464
f 464 761 2635
f 2635 916 464
f 465 574 885
f 949 574 465
f 465 885 2144
f 1770 949 465
f 2144 1231 465
f 465 1231 2744
f 2744 1770 465
f 643 495 466
f 466 495 3262
f 2414 643 466
f 3262 1158 466
f 466 1524 2414
f 1299 1084 467
f 2345 1299 467
f 2573 2345 467
f 2633 2573 467
f 2641 2633 467
f 468 528 851
f 468 851 1505
f 2870 925 468
f 468 1505 3726
f 3726 2870 468
f 469 639 2565
f 2565 1636 469
f 1662 648 470
f 470 648 2190
f 470 1223 1662
f 2810 1223 470
f 470 2190 2810
f 471 907 1443
f 3784 907 471
f 3828 3784 471
f 2141 1754 472
f 472 1963 2141
f 3524 1963 472
f 473 2735 2984
f 3786 2735 473
f 2984 2976 473
f 473 2976 3786
f 3730 1578 474
f 2323 1684 474
f 474 1684 2543
f 475 1269 1499
f 2839 1269 475
f 1499 1459 475
f 475 1459 2839
f 1730 1011 476
f 476 1011 1839
f 3421 1730 476
f 476 1839 3403
f 476 3403 3421
f 2687 1101 477
f 2354 1449 477
f 477 1449 3864
f 3685 2354 477
f 2080 944 478
f 1414 1296 478
f 478 1296 2080
f 3326 1414 478
f 479 1938 2898
f 3731 1938 479
f 479 1977 2731
f 2898 1977 479
f 2731 2249 479
f 479 2249 3731
f 480 538 1680
f 3077 538 480
f 480 1680 1802
f 2381 2279 480
f 480 2279 3077
f 481 540 1425
f 2419 540 481
f 481 1990 2740
f 1667 509 482
f 482 509 3862
f 2725 1667 482
f 3862 3323 482
f 1125 664 483
f 483 664 2034
f 1523 1125 483
f 483 1399 1523
f 2034 1399 483
f 1097 888 484
f 484 888 3831
f 2704 1097 484
f 3362 2704 484
f 484 2835 3362
f 3831 2835 484
f 485 915 3689
f 2923 1192 485
f 3689 3545 485
f 1758 1527 486
f 3086 1758 486
f 1506 977 487
f 487 977 3076
f 702 684 488
f 488 684 737
f 1895 702 488
f 488 737 1844
f 488 1844 1895
f 3552 830 489
f 489 830 3664
f 489 2948 3552
f 490 1161 3453
f 3596 1161 490
f 2852 1462 490
f 490 1462 3596
f 490 2747 2852
f 3453 2747 490
f 491 815 3153
f 491 1357 2876
f 3153 1357 491
f 2876 2700 491
f 1316 625 492
f 492 625 2095
f 3701 1106 492
f 2095 1253 492
f 492 1253 3701
f 493 721 945
f 2826 721 493
f 493 945 1976
f 493 1976 2629
f 493 2629 2826
f 2652 1008 494
f 494 1008 3480
f 2212 2185 494
f 494 2185 3061
f 3540 2212 494
f 3061 2652 494
f 494 3480 3540
f 3822 3262 495
f 2210 1261 496
f 3123 2210 496
f 3507 3123 496
f 1520 969 497
f 3373 1520 497
f 497 2977 3562
f 3562 3373 497
f 498 1095 1115
f 498 1115 2473
f 3710 1718 498
f 2473 2131 498
f 498 2131 3710
f 499 526 1224
f 3498 526 499
f 499 1224 1980
f 499 1980 3592
f 499 3065 3498
f 3592 3065 499
f 500 547 1132
f 3288 547 500
f 500 1132 1550
f 500 1550 3288
f 501 666 2101
f 2101 902 501
f 501 902 2154
f 502 784 1743
f 3591 784 502
f 502 1281 2361
f 2979 1281 502
f 502 1743 2979
f 502 2361 3865
f 3865 3591 502
f 503 1004 1423
f 3085 1213 503
f 503 1423 3310
f 3310 3085 503
f 504 1583 2936
f 3633 1583 504
f 2936 2557 504
f 504 2557 3292
f 3292 3260 504
f 504 3260 3633
f 505 803 3248
f 505 1746 2956
f 3248 1746 505
f 3557 914 506
f 506 914 3839
f 506 2206 3557
f 3736 2206 506
f 506 2424 3736
f 507 2120 2350
f 2386 2120 507
f 2350 2348 507
f 507 2348 2437
f 2394 2386 507
f 2437 2394 507
f 1011 672 508
f 508 672 1811
f 1839 1011 508
f 508 1416 1839
f 2999 1416 508
f 508 1811 2999
f 1667 1430 509
f 509 1430 3842
f 3842 3841 509
f 509 3841 3862
f 651 574 510
f 510 574 949
f 751 651 510
f 510 731 2528
f 3652 731 510
f 2528 751 510
f 510 949 3167
f 3167 3137 510
f 510 3137 3652
f 511 759 2845
f 3841 759 511
f 2845 1169 511
f 511 1169 3323
f 3323 3263 511
f 511 3263 3841
f 2641 754 512
f 512 2633 2641
f 2332 1005 513
f 513 1180 2332
f 3043 1180 513
f 2658 2289 514
f 514 2289 3521
f 514 2413 2658
f 3825 2413 514
f 3521 2568 514
f 515 1254 3002
f 2748 1504 516
f 516 1504 2799
f 2455 1597 516
f 516 1597 2748
f 2799 2139 516
f 516 2139 2879
f 2879 2455 516
f 3830 1706 517
f 517 2156 3830
f 3871 2156 517
f 518 538 1371
f 3276 538 518
f 1341 579 518
f 518 579 2444
f 2317 1341 518
f 518 1371 2317
f 518 2444 3276
f 3057 802 519
f 519 802 3346
f 519 953 2736
f 3386 953 519
f 519 2736 3057
f 519 3346 3386
f 799 686 520
f 1958 799 520
f 520 1373 2791
f 2074 1958 520
f 2791 2074 520
f 2542 1017 521
f 521 1017 2997
f 3459 2542 521
f 521 3259 3459
f 1697 623 522
f 522 623 3308
f 1877 1697 522
f 2474 1877 522
f 522 2067 2474
f 3308 2067 522
f 1377 1006 523
f 523 1006 1432
f 523 1432 3102
f 523 1688 1792
f 3102 1688 523
f 2454 598 524
f 524 598 3659
f 2549 1549 524
f 3659 2549 524
f 1112 638 525
f 2778 1112 525
f 525 1773 2778
f 3587 1773 525
f 525 1814 3587
f 3498 1997 526
f 1361 1069 527
f 527 1069 2784
f 3443 1932 527
f 527 2224 2776
f 2784 2224 527
f 527 2776 3443
f 3606 851 528
f 528 3468 3606
f 3711 3468 528
f 529 913 3130
f 3642 913 529
f 529 1253 3556
f 3701 1253 529
f 3224 2243 529
f 529 2243 3642
f 529 3130 3701
f 3556 3224 529
f 1910 1087 530
f 530 1087 3451
f 530 1788 1910
f 2704 1788 530
f 3558 2704 530
f 530 3451 3558
f 531 907 912
f 2399 907 531
f 531 912 1973
f 2037 1149 531
f 531 1149 2399
f 531 1973 2037
f 1400 631 532
f 2242 1400 532
f 1916 1197 533
f 533 1197 2987
f 534 1005 1307
f 2515 1005 534
f 534 1307 2000
f 534 2000 3589
f 2616 816 535
f 535 816 3346
f 3346 2400 535
f 536 1919 2254
f 3099 1919 536
f 536 2254 2638
f 536 2638 3416
f 537 866 1615
f 2796 866 537
f 537 1175 1791
f 1891 1175 537
f 537 1615 1891
f 537 1791 2796
f 3077 1371 538
f 2696 1680 538
f 3205 2696 538
f 3276 3205 538
f 539 680 2617
f 3787 680 539
f 539 2617 3064
f 539 3064 3787
f 3591 1425 540
f 540 2419 3856
f 3856 3591 540
f 3354 2319 541
f 541 3122 3213
f 3545 3122 541
f 541 3213 3354
f 1739 1402 542
f 542 1402 1905
f 543 799 1498
f 1978 799 543
f 543 1498 2925
f 543 1654 1797
f 2925 1654 543
f 543 1797 3414
f 3414 1978 543
f 2698 2675 544
f 3395 2698 544
f 1474 1272 545
f 545 1272 1858
f 2896 1474 545
f 545 1858 3103
f 545 2631 2896
f 3103 2631 545
f 546 609 1348
f 3604 609 546
f 546 1348 3778
f 546 1821 2130
f 3778 1821 546
f 546 2130 2489
f 546 2489 3604
f 547 611 3770
f 3770 1132 547
f 3288 3250 547
f 548 792 1456
f 2881 792 548
f 548 1456 1901
f 548 1901 1904
f 549 1174 2220
f 2769 1174 549
f 549 2220 3467
f 550 2644 2733
f 551 2082 3075
f 3075 2341 551
f 552 740 793
f 3048 740 552
f 1236 1194 552
f 552 1194 3048
f 2370 1236 552
f 1840 1351 553
f 553 1351 2450
f 2671 1840 553
f 2450 2166 553
f 553 2166 2671
f 895 754 554
f 554 754 2641
f 2038 895 554
f 3088 2038 554
f 555 783 2161
f 2827 783 555
f 555 2303 2827
f 3270 2303 555
f 556 1243 3023
f 3860 1243 556
f 1972 1920 556
f 556 1920 3860
f 3023 2073 556
f 557 562 2242
f 557 2242 3743
f 558 765 1881
f 3289 765 558
f 2170 941 558
f 558 941 2801
f 558 1881 2170
f 558 2801 3289
f 559 1079 1391
f 559 1391 2214
f 3695 1607 559
f 559 2214 3695
f 560 1941 3854
f 2724 2036 560
f 560 2036 3599
f 3854 2724 560
f 561 796 1530
f 2805 796 561
f 2138 923 561
f 561 923 2193
f 561 1530 2919
f 2356 2138 561
f 561 2193 2805
f 2919 2356 561
f 563 1378 1566
f 2188 1378 563
f 3265 2188 563
f 2154 902 564
f 564 902 2333
f 2333 1641 564
f 564 1641 2697
f 2697 1842 564
f 564 1842 3100
f 3100 2154 564
f 565 919 958
f 2388 919 565
f 565 958 2145
f 3625 2388 565
f 565 3342 3625
f 876 571 566
f 566 571 2733
f 2733 876 566
f 567 1396 1614
f 1716 1396 567
f 567 1613 1716
f 2726 1613 567
f 567 1614 2024
f 567 2024 2726
f 2577 582 568
f 568 1540 2442
f 568 2442 2577
f 1018 634 569
f 1332 1018 569
f 3640 1332 569
f 570 743 865
f 1041 743 570
f 570 865 3247
f 570 944 2080
f 3247 944 570
f 2536 1041 570
f 570 2080 2536
f 876 741 571
f 571 741 2368
f 2368 896 571
f 572 1340 1528
f 1913 1340 572
f 572 1528 2843
f 2589 1913 572
f 2843 2589 572
f 1997 1871 573
f 573 1871 3426
f 573 2627 2632
f 3023 2627 573
f 3345 3023 573
f 3426 3345 573
f 574 651 885
f 575 880 2173
f 3032 880 575
f 2237 2007 575
f 575 2173 2312
f 3817 1921 576
f 576 2033 3817
f 1996 837 577
f 577 837 3370
f 3370 1251 577
f 577 1251 3563
f 577 1486 1753
f 3563 1486 577
f 577 1753 1996
f 2527 835 578
f 578 835 3305
f 2404 1771 578
f 578 1771 2527
f 2147 1866 578
f 578 1866 2404
f 3305 2147 578
f 579 1341 1611
f 579 1611 1906
f 579 1906 2813
f 2813 2444 579
f 580 728 858
f 3600 728 580
f 580 858 3588
f 2698 2235 580
f 580 2235 3600
f 3588 2698 580
f 2300 898 581
f 582 1490 2541
f 2673 1490 582
f 582 2577 2645
f 582 2645 2998
f 3398 2673 582
f 2998 2965 582
f 582 2965 3398
f 2430 722 583
f 583 722 2880
f 1217 1073 583
f 583 1073 2430
f 583 1172 1836
f 2880 1172 583
f 1836 1217 583
f 2093 693 584
f 584 693 2189
f 584 1785 2093
f 2838 1785 584
f 584 2189 3586
f 3586 2838 584
f 2374 1682 585
f 585 1682 3878
f 585 1721 2830
f 2830 2374 585
f 586 1115 2207
f 586 2207 3067
f 3067 2471 586
f 1391 1079 587
f 587 1079 2807
f 587 2038 3088
f 3470 2038 587
f 587 2807 3470
f 588 1077 1334
f 3408 1077 588
f 589 2117 3569
f 3573 2117 589
f 590 1451 1762
f 1888 1451 590
f 590 1762 2479
f 2483 1888 590
f 2479 2402 590
f 590 2402 2483
f 2271 729 591
f 591 729 3745
f 3697 2271 591
f 592 1571 3538
f 2785 2476 592
f 592 2476 3279
f 3538 2785 592
f 593 914 3741
f 3839 914 593
f 1876 1052 593
f 593 1052 3839
f 2914 1876 593
f 3741 2914 593
f 594 2137 2768
f 2383 2259 594
f 595 1799 2741
f 3208 1799 595
f 2741 2569 595
f 596 805 2301
f 596 823 2809
f 3195 823 596
f 2809 1075 596
f 596 1075 3512
f 596 2301 3195
f 596 3512 3719
f 597 870 1327
f 1439 870 597
f 2563 968 597
f 597 968 3487
f 597 1327 3796
f 3487 1439 597
f 3796 2563 597
f 598 1427 2357
f 2454 1427 598
f 598 2357 3659
f 599 694 3257
f 3766 694 599
f 1681 1342 599
f 599 1342 3766
f 3257 1681 599
f 600 776 1370
f 1541 776 600
f 600 1370 2848
f 3445 1541 600
f 2848 2363 600
f 600 2363 3445
f 3294 761 601
f 1780 846 601
f 601 846 2272
f 601 2272 2463
f 601 2463 3294
f 2340 937 602
f 602 937 3267
f 602 1645 2965
f 3267 1645 602
f 2645 2340 602
f 2998 2645 602
f 602 2965 2998
f 3561 1155 603
f 603 1155 3788
f 603 2722 3561
f 3785 2722 603
f 3788 3785 603
f 604 1231 2144
f 604 2144 2443
f 604 2443 3852
f 605 647 1355
f 1646 647 605
f 1355 1165 605
f 605 1165 3243
f 3243 1646 605
f 606 853 2732
f 3231 853 606
f 606 1030 2673
f 3350 1030 606
f 2732 1849 606
f 606 1849 3350
f 606 2673 3231
f 3858 888 607
f 607 1750 2309
f 607 2309 3858
f 608 620 3744
f 1098 680 608
f 608 680 1890
f 3531 1098 608
f 3744 3531 608
f 3815 1348 609
f 3604 2088 609
f 609 2088 3815
f 2910 862 610
f 610 862 2942
f 2608 2347 610
f 610 2347 2910
f 2942 2608 610
f 3614 2499 611
f 611 2499 3770
f 611 2946 3614
f 612 776 1541
f 2522 776 612
f 612 782 1114
f 1541 782 612
f 612 1114 2522
f 613 2116 3087
f 3735 2116 613
f 780 656 614
f 614 656 2187
f 2439 780 614
f 614 1308 2439
f 2676 1308 614
f 614 2187 2676
f 615 838 1927
f 2464 1349 615
f 615 1349 2630
f 615 1927 2464
f 616 985 3083
f 2425 1845 616
f 616 1845 2483
f 2483 2402 616
f 3083 2425 616
f 617 856 1210
f 3252 856 617
f 1210 1002 617
f 617 1747 3287
f 3287 3252 617
f 2063 1362 618
f 618 1362 2305
f 618 2305 3175
f 3175 2922 618
f 619 817 1862
f 1957 817 619
f 619 1092 2160
f 2886 1092 619
f 3024 1957 619
f 619 2160 3024
f 620 714 3744
f 2179 1298 621
f 621 1298 3209
f 3209 2043 621
f 3277 821 622
f 622 821 3655
f 2037 1973 622
f 3655 2037 622
f 1359 827 623
f 623 827 1383
f 1697 1359 623
f 623 1383 3308
f 624 1385 2427
f 2770 1385 624
f 2869 1634 624
f 624 1634 2924
f 624 2427 2869
f 2924 2770 624
f 1316 1029 625
f 625 1029 2095
f 626 783 800
f 2161 783 626
f 626 800 1504
f 626 1504 1737
f 626 1737 2161
f 627 955 2092
f 2297 955 627
f 2092 1070 627
f 627 1070 3789
f 3823 2297 627
f 627 3789 3823
f 1794 1348 628
f 628 1348 3688
f 3406 1794 628
f 3688 3406 628
f 629 694 1478
f 2233 694 629
f 629 1478 2390
f 2390 1514 629
f 630 1003 1852
f 3142 1003 630
f 630 1852 2905
f 630 2905 3428
f 3733 3142 630
f 630 3428 3457
f 630 3457 3733
f 631 652 2334
f 632 1270 3029
f 3105 1270 632
f 632 1742 1822
f 3029 1742 632
f 632 1822 3105
f 633 1232 1526
f 633 1526 1658
f 633 1658 2624
f 634 1018 3095
f 3095 1678 634
f 3422 756 635
f 635 927 2685
f 3613 927 635
f 635 1318 3613
f 635 2685 3422
f 636 2591 3147
f 3268 2591 636
f 2601 2600 636
f 636 2600 3460
f 3147 2601 636
f 3460 3268 636
f 637 952 3452
f 637 3452 3691
f 638 1112 3377
f 3641 1981 638
f 3377 3179 638
f 638 3179 3641
f 2683 2129 639
f 639 2129 3611
f 3611 2565 639
f 640 1938 2382
f 3491 1938 640
f 3086 2112 640
f 640 2112 3508
f 640 2382 3634
f 3634 3086 640
f 3508 3491 640
f 3028 752 641
f 641 752 3269
f 641 1485 2955
f 3269 2227 641
f 641 2955 3028
f 3417 904 642
f 642 904 3508
f 642 2112 2888
f 3508 2112 642
f 2888 2840 642
f 642 2840 3417
f 2414 1230 643
f 2856 773 644
f 2263 1654 644
f 644 1654 2925
f 2925 2856 644
f 992 684 645
f 3519 992 645
f 645 2164 3519
f 3029 1270 646
f 646 1270 3190
f 646 1533 2099
f 646 2099 3029
f 646 3190 3826
f 647 654 746
f 3098 654 647
f 647 746 3180
f 1646 810 647
f 647 810 3098
f 3180 1355 647
f 648 1090 1413
f 3363 1090 648
f 648 1413 2190
f 648 1662 3363
f 650 1800 2746
f 3117 1800 650
f 3107 2410 650
f 650 2410 3117
f 650 2746 3107
f 651 751 1164
f 2144 885 651
f 652 1252 2334
f 3594 1252 652
f 2434 1501 653
f 2510 2434 653
f 3213 2510 653
f 3354 3213 653
f 654 725 746
f 3098 725 654
f 655 1280 3079
f 655 1988 3866
f 655 3079 3303
f 656 780 2413
f 656 2413 3825
f 657 1270 1565
f 3190 1270 657
f 657 1565 3360
f 2930 2649 657
f 657 2649 3190
f 3851 2930 657
f 657 3360 3851
f 658 2292 3768
f 658 2516 2585
f 3768 2516 658
f 658 2585 3796
f 1458 1360 659
f 3131 1458 659
f 897 853 660
f 660 853 3231
f 660 3231 3398
f 661 1193 1318
f 661 1318 3658
f 661 3658 3771
f 1547 1266 662
f 662 1266 3671
f 2360 1276 662
f 662 1276 2992
f 2992 1547 662
f 3671 2360 662
f 1994 1352 663
f 663 1352 2058
f 663 1872 2727
f 664 1125 3754
f 2764 1675 664
f 664 1675 3681
f 3681 2034 664
f 3754 2764 664
f 665 980 3850
f 665 1556 1584
f 3850 1556 665
f 665 1584 3142
f 3142 2495 665
f 1235 906 666
f 666 906 2119
f 2119 2101 666
f 667 877 2215
f 2342 877 667
f 667 2215 3873
f 2963 2342 667
f 1841 1492 668
f 668 1492 2684
f 2821 1841 668
f 2912 2466 668
f 668 2466 3772
f 668 2684 2912
f 3772 2821 668
f 669 806 2035
f 2532 806 669
f 669 2035 3661
f 3661 2532 669
f 670 1294 2994
f 3727 1294 670
f 3236 1693 670
f 670 1693 3727
f 670 2994 3615
f 671 1154 2461
f 3235 1154 671
f 2461 1518 671
f 671 1518 3793
f 3628 3235 671
f 672 1011 3082
f 3082 1811 672
f 1808 1209 673
f 673 1209 2716
f 2716 2555 673
f 1931 1825 674
f 674 1825 3033
f 2949 1931 674
f 3327 2949 674
f 674 3033 3327
f 675 1109 1452
f 675 1452 2656
f 3176 2157 675
f 675 2656 3728
f 3728 3176 675
f 2395 1182 676
f 676 1182 3528
f 676 2096 2294
f 2554 2096 676
f 676 2294 2395
f 3528 2554 676
f 3159 1867 677
f 3642 2243 677
f 2151 1519 678
f 678 1519 2421
f 679 1156 1665
f 2732 1156 679
f 679 1665 2927
f 2927 1673 679
f 679 1673 3670
f 679 1849 2732
f 3670 1849 679
f 680 1098 3680
f 680 1297 2617
f 3680 1297 680
f 3787 1890 680
f 2604 772 681
f 681 772 3750
f 681 1347 3039
f 3750 1347 681
f 3783 2604 681
f 681 3039 3783
f 682 2589 3107
f 3107 2955 682
f 1532 1026 683
f 683 1026 3860
f 1588 1532 683
f 1920 1588 683
f 3860 1920 683
f 685 1249 1790
f 2851 1249 685
f 685 1790 3344
f 3174 2851 685
f 685 2981 3174
f 3344 2981 685
f 686 799 1978
f 687 702 1895
f 3821 702 687
f 1895 1774 687
f 688 3022 3062
f 3071 3022 688
f 3187 3071 688
f 689 2458 2842
f 3140 2458 689
f 689 2739 3391
f 3182 3140 689
f 3391 3182 689
f 3341 1311 690
f 690 1311 3724
f 2226 1962 690
f 690 1962 3341
f 2428 2226 690
f 3797 2428 690
f 690 3724 3797
f 1055 869 691
f 691 869 3119
f 2171 1055 691
f 691 3119 3594
f 1872 1381 692
f 692 1381 2125
f 2727 1872 692
f 692 2125 2362
f 692 2362 3564
f 692 3564 3665
f 693 1879 1970
f 693 1970 3836
f 3836 2189 693
f 3766 1478 694
f 694 2233 3257
f 2318 2068 695
f 2964 2318 695
f 3189 2964 695
f 695 3133 3407
f 3407 3189 695
f 2003 1302 696
f 3612 2003 696
f 2328 903 697
f 697 903 2780
f 697 1889 2328
f 3229 1889 697
f 697 2780 3229
f 698 808 2123
f 1968 1714 698
f 3138 1968 698
f 698 2123 3138
f 699 1191 1208
f 2511 1191 699
f 699 1208 3619
f 1704 1232 699
f 699 1232 2132
f 3619 1704 699
f 699 1720 2511
f 2831 1720 699
f 699 2132 2831
f 2172 1475 700
f 700 1475 2178
f 700 2178 2886
f 2886 2806 700
f 701 1274 2814
f 3477 1274 701
f 3155 1481 701
f 701 1481 3477
f 701 2814 3155
f 3821 3241 702
f 703 1114 1970
f 2522 1114 703
f 703 1970 2654
f 3833 2522 703
f 703 2654 2913
f 703 2913 3833
f 2367 2286 704
f 2573 2367 704
f 2129 1913 705
f 705 2053 2973
f 3530 2053 705
f 2973 2129 705
f 706 1135 2594
f 706 1555 2225
f 2594 1555 706
f 2225 1853 706
f 707 1542 2972
f 2316 1569 707
f 3225 2316 707
f 707 2972 3225
f 709 1290 1582
f 2004 1290 709
f 709 1471 2004
f 3648 1471 709
f 709 1582 3580
f 3580 2872 709
f 709 2872 3648
f 3356 737 710
f 710 1806 3356
f 3360 1806 710
f 3851 3360 710
f 2924 1226 711
f 711 1226 3609
f 711 2770 2924
f 3216 2770 711
f 3609 3216 711
f 712 1408 1685
f 2502 1408 712
f 712 1777 2995
f 2995 2502 712
f 713 1247 1314
f 3314 1247 713
f 713 1314 2344
f 713 2344 3641
f 3641 3314 713
f 714 3045 3399
f 714 3399 3751
f 3751 3744 714
f 715 1020 1420
f 715 1420 2215
f 715 2215 2558
f 2558 2286 715
f 716 1563 3747
f 716 2028 3743
f 3747 2028 716
f 3743 2242 716
f 717 1241 1990
f 3598 1241 717
f 718 1337 1655
f 3835 1337 718
f 1655 1368 718
f 718 1368 2325
f 718 2325 3363
f 718 3363 3811
f 718 3811 3835
f 1024 890 719
f 719 890 1336
f 2051 1024 719
f 719 1233 2051
f 3639 1233 719
f 719 1336 3639
f 1634 1139 720
f 720 1139 3463
f 720 1436 2924
f 2924 1634 720
f 2022 952 721
f 3657 2022 721
f 721 2826 3657
f 722 863 1058
f 2430 863 722
f 722 1058 2880
f 1846 894 723
f 3827 1846 723
f 723 3517 3827
f 746 725 724
f 724 725 857
f 724 857 1003
f 724 1003 1584
f 2775 857 725
f 3722 2775 725
f 725 3098 3722
f 1869 1463 726
f 726 1463 2920
f 3654 1869 726
f 726 2920 3110
f 726 3110 3654
f 1392 1076 727
f 727 1076 3582
f 727 1174 1765
f 2817 1174 727
f 3582 2817 727
f 2217 858 728
f 729 2937 2961
f 729 2961 3745
f 730 2046 2230
f 3807 2046 730
f 730 2230 3396
f 730 3396 3700
f 3700 3467 730
f 730 3467 3807
f 731 1366 1796
f 3652 1366 731
f 1757 1376 731
f 731 1376 2528
f 1796 1757 731
f 1626 1123 732
f 732 1123 3232
f 732 1629 2128
f 3232 1629 732
f 1771 812 733
f 733 812 1960
f 3698 1771 733
f 733 2742 3698
f 734 2363 2848
f 3385 1529 735
f 735 2059 3639
f 3826 2059 735
f 3639 3385 735
f 3316 1098 736
f 736 1098 3531
f 3672 1431 736
f 3531 3515 736
f 736 3515 3672
f 3356 1844 737
f 738 1842 2697
f 3688 1842 738
f 2697 2613 738
f 738 2613 3155
f 738 3155 3406
f 738 3406 3688
f 3056 994 739
f 739 1346 3056
f 3291 1346 739
f 2899 793 740
f 3048 1546 740
f 740 1546 3278
f 3278 2899 740
f 741 876 2504
f 2504 997 741
f 2524 2368 741
f 742 995 1688
f 1906 995 742
f 742 1537 1906
f 3729 1537 742
f 742 1688 3102
f 742 3102 3729
f 1150 865 743
f 743 1041 3419
f 3125 1150 743
f 743 3005 3125
f 3419 3005 743
f 1525 1376 744
f 744 1376 1757
f 3612 1525 744
f 744 1757 2970
f 2970 2003 744
f 744 2003 3612
f 2110 1759 745
f 3447 2110 745
f 745 2876 3447
f 747 1128 1654
f 3703 1128 747
f 1654 1356 747
f 747 1356 3703
f 748 1430 1667
f 3212 1430 748
f 748 1667 2756
f 748 2756 3449
f 748 3073 3212
f 3449 3073 748
f 2091 950 749
f 749 950 3751
f 749 1342 2091
f 3766 1342 749
f 3751 1830 749
f 749 1830 3766
f 2429 1893 750
f 750 1893 3781
f 1264 1164 751
f 2528 1264 751
f 752 2020 2500
f 3028 2020 752
f 752 2500 2891
f 752 2891 3269
f 2204 946 753
f 2729 1124 753
f 753 1124 3144
f 753 1643 2015
f 3144 1643 753
f 753 2015 2204
f 754 895 3722
f 755 1449 1579
f 3864 1449 755
f 755 1579 2195
f 755 2195 3689
f 755 3689 3864
f 756 1706 3435
f 2258 1043 757
f 757 1043 3541
f 3541 2258 757
f 758 1822 1914
f 3050 1822 758
f 758 1914 3312
f 758 2926 3050
f 758 3312 3663
f 759 1056 2534
f 3841 1056 759
f 759 1495 2513
f 2534 1495 759
f 759 2513 2845
f 2664 908 760
f 2552 1826 760
f 760 1826 2664
f 3669 2552 760
f 761 871 2635
f 3294 1624 761
f 1484 1050 762
f 762 1050 1951
f 1951 1239 762
f 762 1239 2083
f 2546 1484 762
f 3014 1982 763
f 763 1982 3643
f 763 2391 3501
f 3643 2391 763
f 3165 3014 763
f 3501 3165 763
f 764 867 2104
f 2104 1255 764
f 2889 1881 765
f 3696 2889 765
f 765 3289 3696
f 1974 1093 766
f 3387 1562 766
f 766 1562 3595
f 3595 1974 766
f 2943 1057 767
f 767 1070 3059
f 3789 1070 767
f 3059 2943 767
f 3823 3789 767
f 768 1859 3785
f 3788 1859 768
f 768 3785 3788
f 769 807 1943
f 2221 807 769
f 2625 1000 769
f 769 1000 3320
f 769 1943 2625
f 3660 2221 769
f 769 3320 3660
f 770 798 2236
f 2999 798 770
f 770 2236 3868
f 770 2456 2999
f 3325 2456 770
f 2667 1295 771
f 771 1295 3080
f 2389 1623 771
f 771 1623 2667
f 3080 2389 771
f 2578 2027 772
f 772 2027 3750
f 3775 2578 772
f 772 2604 3775
f 773 2856 3240
f 3240 3031 773
f 774 1209 2349
f 2716 1209 774
f 2349 1755 774
f 3181 2716 774
f 3742 3181 774
f 3320 1000 775
f 775 1000 3638
f 775 2609 3320
f 3638 2609 775
f 3833 1370 776
f 776 2522 3833
f 777 2496 3585
f 3602 2496 777
f 2584 2540 777
f 777 2540 3418
f 3585 2584 777
f 777 3418 3602
f 778 1213 2539
f 778 1350 1496
f 2539 1350 778
f 3337 973 779
f 779 1804 1977
f 779 1977 2898
f 779 2898 3337
f 780 1708 2413
f 2439 1708 780
f 781 961 1268
f 1677 961 781
f 2711 1677 781
f 781 2462 3210
f 3210 2711 781
f 2189 1114 782
f 782 1541 3872
f 3586 2189 782
f 3764 3586 782
f 3872 3764 782
f 2827 800 783
f 3188 1743 784
f 784 3591 3856
f 785 1228 2897
f 2285 1326 785
f 2897 2285 785
f 2661 918 786
f 2266 987 786
f 786 987 2482
f 786 2482 2661
f 787 1298 2179
f 3690 1298 787
f 2179 1373 787
f 788 1600 2619
f 2576 1813 788
f 2619 2576 788
f 789 2134 2571
f 790 1405 3146
f 790 2329 2401
f 3051 2329 790
f 3146 3051 790
f 2523 883 791
f 791 883 3248
f 791 2342 2963
f 3248 2342 791
f 791 2963 3869
f 2881 894 792
f 792 894 3018
f 2100 1456 792
f 3018 2100 792
f 2508 2082 793
f 2922 2508 793
f 2899 2646 793
f 793 2646 2922
f 3495 997 794
f 794 997 3516
f 1980 1224 794
f 794 1224 3782
f 3516 1980 794
f 794 2465 3495
f 3782 2465 794
f 795 1245 3486
f 3838 1245 795
f 3486 2979 795
f 795 2979 3583
f 795 3583 3838
f 2874 1530 796
f 2805 2199 796
f 796 2199 2874
f 797 2195 3218
f 3545 2195 797
f 3213 3122 797
f 797 3122 3545
f 3218 3125 797
f 797 3125 3409
f 3409 3213 797
f 798 1811 2642
f 2999 1811 798
f 798 2107 2236
f 1933 1498 799
f 1958 1933 799
f 2503 1504 800
f 800 1637 2503
f 2827 1637 800
f 801 881 963
f 2298 881 801
f 801 963 1088
f 801 1242 2614
f 2614 2298 801
f 802 2436 3346
f 3506 2436 802
f 802 3057 3506
f 803 877 3248
f 804 967 2229
f 3405 967 804
f 804 1647 3089
f 3109 2457 804
f 804 2457 3405
f 804 3089 3109
f 805 2096 2554
f 2864 2301 805
f 805 2554 2864
f 1775 1613 806
f 806 1613 2106
f 3251 1775 806
f 2800 2035 806
f 806 2106 2800
f 806 2532 3251
f 3321 1943 807
f 3003 1967 807
f 807 1967 3321
f 807 2221 3429
f 3429 3003 807
f 808 1465 2123
f 3584 1465 808
f 808 1666 3584
f 2098 1538 809
f 809 1538 3078
f 2653 2098 809
f 3769 2653 809
f 809 3078 3769
f 810 1646 3243
f 810 3243 3331
f 3469 909 811
f 812 1033 1960
f 3560 1033 812
f 812 1771 3560
f 813 1358 1712
f 3230 1358 813
f 813 2490 3230
f 814 1444 1540
f 3761 1444 814
f 815 1093 1974
f 815 2234 3153
f 816 2209 3386
f 3386 3346 816
f 817 1288 1596
f 2889 1288 817
f 817 1596 1862
f 817 1957 2889
f 818 955 2297
f 2359 955 818
f 818 1375 1756
f 2297 1375 818
f 818 1756 2359
f 2530 1780 819
f 3013 2530 819
f 820 920 1141
f 1380 920 820
f 820 1141 3141
f 820 1148 2268
f 3141 1148 820
f 2268 1380 820
f 821 1055 2171
f 3277 1055 821
f 2171 1666 821
f 821 1666 3655
f 1378 1086 822
f 822 1086 3581
f 1566 1378 822
f 3581 1566 822
f 2316 1122 823
f 823 1122 2809
f 823 1569 2316
f 3195 1569 823
f 824 1470 2932
f 2932 2851 824
f 824 2851 3174
f 824 3174 3517
f 825 1636 2244
f 825 2244 2799
f 2799 2503 825
f 826 930 2892
f 826 1303 1497
f 2717 1303 826
f 3253 2717 826
f 826 2892 3253
f 827 1359 3393
f 2745 1383 827
f 827 1669 2745
f 3246 1669 827
f 3393 3246 827
f 2457 2127 828
f 828 2127 3828
f 2092 955 829
f 829 955 2795
f 829 1909 2092
f 2628 1909 829
f 3280 2628 829
f 829 2795 3280
f 3552 2655 830
f 830 2655 3664
f 831 1594 1823
f 831 1823 2908
f 832 849 2081
f 2211 849 832
f 832 2081 2755
f 2758 2211 832
f 832 2755 3808
f 3808 2758 832
f 2337 1403 833
f 833 1403 3113
f 3113 2245 833
f 3051 2337 833
f 834 1628 2257
f 3615 3374 834
f 1702 1387 835
f 835 1387 3305
f 2527 1702 835
f 836 2108 2440
f 2440 2422 836
f 836 2422 3803
f 836 2754 3574
f 3803 2754 836
f 1996 1329 837
f 837 1329 3370
f 2780 1927 838
f 838 2760 3229
f 3229 2780 838
f 2042 1653 839
f 839 1653 2570
f 3234 2042 839
f 2283 2252 839
f 839 2252 3234
f 2570 2283 839
f 840 1293 3147
f 3156 1293 840
f 2591 1991 840
f 3147 2591 840
f 2816 1414 841
f 2311 1825 841
f 841 1825 2674
f 841 2674 2816
f 1386 1255 842
f 842 1255 2192
f 3636 1386 842
f 842 2192 2431
f 842 2431 3644
f 842 2559 3636
f 3644 2559 842
f 1398 956 843
f 843 956 1593
f 843 1321 3425
f 3677 1321 843
f 3425 1398 843
f 843 1593 1759
f 843 1759 3677
f 3703 1356 844
f 3760 1406 844
f 844 1406 3764
f 844 3597 3760
f 844 3702 3703
f 3764 3702 844
f 845 1518 1967
f 3793 1518 845
f 1967 1956 845
f 845 2314 2847
f 845 2847 3793
f 846 1780 3021
f 3019 2272 846
f 3021 3019 846
f 3091 1294 847
f 847 1294 3727
f 3727 2393 847
f 848 1094 1874
f 1874 1664 848
f 848 1664 2935
f 848 2935 2976
f 2085 2081 849
f 850 901 1080
f 850 1080 1308
f 2676 1170 850
f 850 1308 2676
f 853 897 1324
f 1324 1156 853
f 853 1156 2732
f 854 1045 3369
f 3682 1045 854
f 3369 3349 854
f 854 3349 3682
f 855 964 2194
f 855 2194 2396
f 855 2396 2834
f 1285 1210 856
f 2181 1285 856
f 3112 2181 856
f 856 2939 3112
f 3252 2939 856
f 1852 1003 857
f 2775 1835 857
f 3056 1346 858
f 858 1346 3721
f 858 2217 3056
f 3721 3588 858
f 859 1198 2912
f 3812 1198 859
f 1492 1448 859
f 859 1448 2278
f 2684 1492 859
f 859 2278 3812
f 2912 2684 859
f 860 1343 1445
f 3800 1343 860
f 860 1445 2803
f 3504 1748 860
f 860 1748 3800
f 2803 2659 860
f 860 2659 3504
f 2114 942 861
f 861 942 2628
f 1421 1312 861
f 861 1312 3297
f 2628 1421 861
f 3297 2114 861
f 862 1129 1412
f 2260 1129 862
f 862 1412 2942
f 2730 1058 863
f 863 1848 2730
f 2841 1848 863
f 863 2430 2841
f 864 996 1722
f 2087 996 864
f 864 1722 3699
f 2491 2087 864
f 3699 2491 864
f 865 1150 3676
f 2796 2102 866
f 1770 903 868
f 868 903 2328
f 3410 1770 868
f 868 1798 3410
f 869 1055 3185
f 1439 1309 870
f 870 1309 1929
f 1929 1327 870
f 3031 2635 871
f 1832 1782 872
f 872 1782 3501
f 3720 1832 872
f 3501 2391 872
f 872 2391 3720
f 873 1870 2135
f 2450 1870 873
f 2135 2070 873
f 873 2070 2387
f 2387 2166 873
f 873 2166 2450
f 874 935 970
f 874 1480 2398
f 875 1207 1363
f 3693 1207 875
f 3432 2504 876
f 876 2733 2858
f 876 2858 3749
f 3749 3432 876
f 2558 2215 877
f 877 2342 3248
f 1533 1529 878
f 878 1529 3673
f 2099 1533 878
f 1945 1735 878
f 878 1735 2599
f 3673 1945 878
f 2599 2099 878
f 879 1558 1865
f 2519 1558 879
f 879 1865 3390
f 2828 2519 879
f 879 2657 2828
f 3390 2657 879
f 880 1515 1783
f 880 1783 2173
f 2586 963 881
f 881 2298 2586
f 3168 1185 882
f 882 2400 2436
f 883 2523 3159
f 883 3159 3309
f 3309 3248 883
f 1219 1184 884
f 884 1184 3813
f 2452 1219 884
f 2597 2452 884
f 886 1905 2547
f 2547 2167 886
f 1768 1086 887
f 887 1086 3572
f 3200 1768 887
f 3572 3200 887
f 3858 3831 888
f 889 974 1685
f 3127 974 889
f 889 1685 2853
f 889 1838 3127
f 3462 1838 889
f 889 2853 3462
f 890 1024 1555
f 3525 1336 890
f 890 1555 3525
f 3095 1018 891
f 891 1018 3844
f 891 2604 3783
f 3844 2604 891
f 3281 3095 891
f 3783 3281 891
f 2894 1146 892
f 892 1146 3556
f 892 1253 2095
f 3556 1253 892
f 1632 1598 892
f 892 1598 2850
f 2095 1632 892
f 892 2850 2894
f 2479 1950 893
f 893 1950 2872
f 893 2402 2479
f 893 2872 3580
f 894 1846 3018
f 895 2038 2775
f 895 2775 3722
f 896 911 965
f 3317 911 896
f 896 2368 2595
f 896 2595 3317
f 2691 1324 897
f 2982 2691 897
f 2300 1928 898
f 898 1928 2587
f 2587 2118 898
f 898 2118 3848
f 899 1567 1656
f 2901 1567 899
f 899 1656 3440
f 899 2143 3080
f 3080 2901 899
f 3152 1144 900
f 900 1144 3550
f 3748 3152 900
f 3550 3365 900
f 900 3365 3748
f 902 2101 3455
f 3455 2333 902
f 903 1770 2744
f 903 2744 2885
f 2885 2780 903
f 1699 1042 904
f 904 1042 3223
f 3417 1699 904
f 904 3223 3491
f 904 3491 3508
f 905 1786 3127
f 3568 1786 905
f 906 1235 2115
f 906 1248 3432
f 3592 1248 906
f 906 2115 3592
f 3432 2119 906
f 3784 912 907
f 2399 1443 907
f 1661 990 908
f 908 990 3541
f 2664 1661 908
f 1582 1023 909
f 3580 1582 909
f 910 1317 2306
f 2665 1317 910
f 910 1622 2665
f 1121 965 911
f 1949 1121 911
f 3718 1949 911
f 3317 2531 911
f 911 2531 3718
f 3123 1973 912
f 912 2210 3123
f 3784 2210 912
f 2989 1106 913
f 913 1106 3130
f 914 3557 3741
f 3864 3689 915
f 2702 1004 916
f 916 2635 2702
f 917 2557 2936
f 3651 2557 917
f 917 2936 3070
f 917 3070 3651
f 918 2109 2548
f 2206 958 919
f 3557 2206 919
f 919 2388 3557
f 2421 1141 920
f 920 1380 2190
f 2190 1413 920
f 920 1413 2421
f 921 2130 3081
f 3081 2231 921
f 921 2231 3101
f 922 1393 1818
f 922 1818 3476
f 922 2567 3187
f 3476 2567 922
f 2138 1564 923
f 923 1564 2752
f 924 1300 2347
f 2653 1300 924
f 924 2347 2608
f 1655 1337 925
f 925 1337 2622
f 2870 1655 925
f 2622 1966 925
f 2862 1554 926
f 926 1554 3867
f 926 2089 2862
f 3461 2089 926
f 3867 3461 926
f 927 1044 3145
f 3715 1044 927
f 3145 2685 927
f 927 3613 3715
f 1577 1225 928
f 928 1225 3846
f 2162 1577 928
f 3139 2162 928
f 3846 3139 928
f 1367 1083 929
f 929 1083 2656
f 3118 1367 929
f 929 1452 1601
f 2656 1452 929
f 929 1601 3118
f 930 1747 2892
f 3287 1747 930
f 931 1155 3561
f 3621 1155 931
f 931 3256 3268
f 3561 3256 931
f 931 3268 3460
f 931 3460 3496
f 931 3496 3621
f 932 2133 2621
f 3150 2133 932
f 932 2621 2929
f 932 2929 3150
f 1905 1402 933
f 933 1402 2666
f 2547 1905 933
f 2666 2454 933
f 934 1442 2882
f 2944 1442 934
f 3747 1563 934
f 934 1563 3807
f 934 2882 3747
f 3807 2944 934
f 2688 970 935
f 935 1450 3259
f 3459 1450 935
f 935 2344 3459
f 3554 2344 935
f 3259 2688 935
f 3505 1922 936
f 3691 3575 936
f 937 2340 2447
f 937 2447 2689
f 937 2689 3267
f 938 1415 1604
f 3596 1415 938
f 1604 1428 938
f 938 1428 2146
f 938 2146 3596
f 939 1600 1892
f 2619 1600 939
f 939 1892 2412
f 2334 1032 940
f 941 2021 2801
f 2933 2021 941
f 941 2170 2933
f 2114 1038 942
f 942 2497 2628
f 3463 2497 942
f 943 2076 2163
f 3857 2076 943
f 943 2163 2852
f 2852 2747 943
f 943 2747 3857
f 1575 1544 945
f 945 1544 1976
f 3004 1575 945
f 2204 1868 946
f 2672 1344 947
f 947 1705 3330
f 947 2002 2672
f 3092 2002 947
f 3330 3092 947
f 948 1787 1999
f 2100 1787 948
f 948 1999 2586
f 3450 2100 948
f 2586 2298 948
f 948 2298 3450
f 949 1770 3167
f 950 2091 3515
f 950 3515 3531
f 950 3531 3744
f 950 3744 3751
f 3638 1880 951
f 3555 2609 951
f 951 2609 3638
f 951 3275 3555
f 952 2022 3452
f 1773 1237 953
f 953 1237 2736
f 2778 1773 953
f 953 2209 2778
f 3386 2209 953
f 954 1187 2254
f 2425 1187 954
f 954 2254 3863
f 3863 2425 954
f 2359 1407 955
f 955 1407 2795
f 956 1398 3400
f 2481 1593 956
f 3400 2481 956
f 957 1229 2256
f 2592 1229 957
f 2947 2592 957
f 958 2072 3226
f 3667 2072 958
f 3226 2145 958
f 958 2206 3736
f 3736 3667 958
f 959 1439 3487
f 959 2098 2653
f 3487 2098 959
f 960 1284 2549
f 3444 1284 960
f 2553 1698 960
f 960 1698 3444
f 960 2549 3659
f 3166 2553 960
f 3659 3166 960
f 2553 1268 961
f 961 1677 1869
f 961 1869 3654
f 3654 2553 961
f 1658 1526 962
f 962 1526 1704
f 3461 1658 962
f 962 1704 1781
f 962 2089 3461
f 2385 1088 963
f 2586 1999 963
f 964 1060 2500
f 964 2020 2194
f 2500 2020 964
f 965 1121 2900
f 2155 1820 966
f 966 1820 2420
f 2459 2155 966
f 2320 2229 967
f 2961 2320 967
f 3405 2961 967
f 2386 2238 968
f 968 2238 3487
f 2478 2386 968
f 2563 2478 968
f 971 1163 2860
f 3610 1163 971
f 1717 1293 971
f 971 1293 3610
f 2634 1717 971
f 2860 2634 971
f 972 1538 2122
f 2437 1538 972
f 972 2122 2238
f 972 2238 2394
f 972 2394 2437
f 3127 1786 974
f 3723 1500 975
f 975 1500 3829
f 3203 2596 975
f 975 2596 3609
f 3829 3203 975
f 975 3609 3708
f 975 3708 3723
f 976 1375 3227
f 3227 2169 976
f 2614 1242 977
f 977 1242 3076
f 977 1506 2614
f 978 1183 2715
f 2735 1183 978
f 2715 1752 978
f 978 1752 2984
f 2984 2735 978
f 1390 1345 979
f 979 1356 2263
f 2448 1390 979
f 979 2263 2448
f 980 2660 2847
f 980 2847 3850
f 2411 1064 981
f 981 1064 2669
f 982 1001 2588
f 3400 1001 982
f 982 2481 3400
f 3509 2481 982
f 982 2492 3509
f 984 1384 2365
f 3830 1384 984
f 985 1355 3180
f 3180 3083 985
f 2650 1769 986
f 986 1769 2818
f 2208 1998 986
f 986 1998 2650
f 3798 2208 986
f 986 2818 3798
f 987 2266 2655
f 3552 2482 987
f 987 2655 3552
f 988 1087 2969
f 3451 1087 988
f 2969 1148 988
f 988 1148 3141
f 988 1660 2844
f 3141 1660 988
f 3040 1510 989
f 989 1510 3230
f 989 1822 3050
f 3105 1822 989
f 989 2241 3105
f 3230 2241 989
f 3050 3040 989
f 990 1661 2258
f 990 2258 3541
f 3423 1214 991
f 991 1214 3668
f 2435 1736 991
f 991 1736 3009
f 3668 2435 991
f 991 3009 3423
f 3519 2296 992
f 993 1409 2379
f 993 2379 3237
f 3237 2502 993
f 1395 1385 994
f 1843 1395 994
f 2217 1843 994
f 3056 2217 994
f 995 1611 1688
f 1906 1611 995
f 1908 1218 996
f 996 1218 3025
f 2701 1722 996
f 2087 1908 996
f 3025 2701 996
f 997 2504 3516
f 998 2279 2381
f 3077 2279 998
f 998 2381 3608
f 2873 2840 998
f 998 2840 3077
f 3608 2873 998
f 999 1386 3636
f 3636 1509 999
f 1000 2581 3439
f 3534 2581 1000
f 1000 2625 3534
f 1000 3439 3638
f 3616 1883 1001
f 1001 3400 3616
f 1002 1210 3614
f 3614 2946 1002
f 3142 1584 1003
f 2593 1423 1004
f 2702 2593 1004
f 1985 1307 1005
f 2332 1985 1005
f 1006 1377 2708
f 1854 1432 1006
f 2708 1854 1006
f 1007 1716 1775
f 2371 1716 1007
f 1007 1775 2477
f 2993 2371 1007
f 1007 2477 2521
f 1007 2521 2993
f 1008 1682 2953
f 3804 1682 1008
f 1008 2652 3804
f 1008 2953 3480
f 2750 1874 1009
f 1009 1874 3746
f 3746 1941 1009
f 1010 1429 3561
f 2105 1572 1010
f 3739 2105 1010
f 3561 2722 1010
f 1010 2722 3739
f 1011 1730 3537
f 3537 3082 1011
f 2437 1399 1012
f 1012 1399 2695
f 1012 1538 2437
f 3078 1538 1012
f 1012 2695 3143
f 3143 3078 1012
f 2430 1073 1013
f 1989 1367 1013
f 1013 1367 2841
f 2841 2430 1013
f 2254 1187 1014
f 2638 2254 1014
f 2847 2314 1014
f 2104 1539 1015
f 2192 2104 1015
f 2431 2192 1015
f 3665 2431 1015
f 3576 1429 1016
f 1016 1429 3738
f 1016 1991 3576
f 1017 1314 2065
f 2542 1314 1017
f 2065 1726 1017
f 1017 1726 3780
f 3803 2997 1017
f 1017 3780 3803
f 1018 1332 2833
f 1018 2833 3844
f 3300 1135 1019
f 1019 2182 2983
f 2983 2774 1019
f 1019 2774 3300
f 1021 1257 2875
f 3649 1257 1021
f 1021 1633 2496
f 2875 1633 1021
f 1021 2496 3649
f 3732 2203 1022
f 3143 2695 1022
f 1022 2695 3795
f 3795 3732 1022
f 1582 1290 1023
f 1023 1290 3389
f 1024 1374 1853
f 2051 1374 1024
f 2225 1555 1024
f 1024 1853 2225
f 2168 2085 1025
f 3210 2462 1025
f 3843 2465 1026
f 1026 2465 3860
f 1027 1548 2064
f 2299 1548 1027
f 1027 1948 2011
f 2064 1948 1027
f 1027 2011 2299
f 2938 1442 1028
f 1028 1883 2938
f 3434 2042 1028
f 3582 3434 1028
f 1029 1734 2095
f 2914 1734 1029
f 1740 1301 1030
f 1030 1301 2017
f 2541 1490 1030
f 1030 1490 2673
f 3350 1740 1030
f 1030 2017 2541
f 1246 1102 1031
f 1031 1102 2047
f 2879 1246 1031
f 1031 2047 2815
f 2815 2455 1031
f 1031 2455 2879
f 2857 2230 1032
f 1032 2334 2384
f 1032 2384 2857
f 1033 1466 1960
f 2422 1466 1033
f 2868 2422 1033
f 1033 2651 2868
f 3560 2651 1033
f 2962 1109 1034
f 1034 2403 2677
f 2994 2403 1034
f 1035 1173 1942
f 2428 1173 1035
f 1035 1942 2175
f 1035 2175 3653
f 1035 2226 2428
f 3653 2226 1035
f 1036 1061 2040
f 3299 1061 1036
f 1036 1110 1434
f 2057 1110 1036
f 1036 1434 3546
f 1036 1468 3299
f 3546 1468 1036
f 1036 2040 2057
f 1037 1059 2153
f 3524 1059 1037
f 1037 2153 3233
f 1037 3233 3524
f 2114 1968 1038
f 1038 1968 3138
f 1039 2643 3151
f 1039 3151 3239
f 1039 3239 3693
f 3114 1137 1040
f 1040 1137 3285
f 1040 1194 1310
f 3285 1194 1040
f 1040 1310 2023
f 1040 2023 3114
f 1041 1893 3419
f 3781 1893 1041
f 1041 2536 3781
f 1042 1699 3503
f 1042 2335 3223
f 2389 2143 1043
f 2177 1502 1044
f 1044 1502 3343
f 3715 2177 1044
f 3343 3145 1044
f 1045 1484 2174
f 3682 1484 1045
f 1045 2174 3372
f 3372 3369 1045
f 3103 1858 1046
f 1047 2148 2198
f 2378 2148 1047
f 1047 2198 2544
f 3714 2378 1047
f 1047 2544 3714
f 1048 2203 3424
f 3424 3242 1048
f 1048 3242 3769
f 1049 2904 3210
f 3624 2904 1049
f 1050 1484 3194
f 3861 1951 1050
f 3194 2288 1050
f 1050 2288 3861
f 1051 1287 2196
f 3566 1287 1051
f 1051 1344 3566
f 3786 1344 1051
f 1051 2196 3786
f 1052 1876 2865
f 1052 2013 2917
f 3568 2013 1052
f 2917 2044 1052
f 1052 2044 3839
f 1052 2865 3568
f 2686 2383 1053
f 3282 2686 1053
f 1054 1900 2167
f 3158 1900 1054
f 1054 2167 2547
f 3277 3185 1055
f 3842 2811 1056
f 1056 3841 3842
f 1854 1671 1057
f 1057 1671 3228
f 1983 1854 1057
f 2943 1983 1057
f 2730 1275 1058
f 1058 1275 3553
f 3791 1096 1059
f 3631 2153 1059
f 1059 3524 3791
f 1060 2488 2500
f 2159 2040 1061
f 2247 2159 1061
f 3774 2247 1061
f 1061 3299 3644
f 1061 3644 3774
f 1062 1328 2405
f 3009 1328 1062
f 1062 1723 3009
f 3772 1138 1063
f 1063 2781 2821
f 1063 2821 3772
f 2411 1695 1064
f 1064 1695 2709
f 1065 1860 2855
f 2855 1989 1065
f 1066 1333 3678
f 2786 1720 1066
f 1066 1720 3876
f 3876 2509 1066
f 3260 2786 1066
f 3678 3260 1066
f 1067 1523 3319
f 1068 1831 2075
f 1068 2075 3523
f 1068 3523 3618
f 1069 1361 2784
f 2092 1909 1070
f 1070 1909 2497
f 1071 1834 2326
f 3047 1834 1071
f 1071 1971 2147
f 2326 1971 1071
f 1071 2147 3305
f 3305 3047 1071
f 2049 1153 1074
f 1074 1670 2049
f 3318 1670 1074
f 2677 1986 1074
f 1074 1986 3318
f 1076 2918 3434
f 1076 3434 3582
f 3827 1334 1077
f 3408 1846 1077
f 1077 1846 3827
f 3068 2339 1078
f 1078 2339 3493
f 3493 2662 1078
f 1079 2475 2807
f 2971 1308 1080
f 1080 1315 2590
f 1080 2590 2971
f 1081 2045 2420
f 1081 3087 3221
f 1588 1277 1082
f 1082 1277 3522
f 1082 1532 1588
f 1083 1367 1989
f 1083 1989 2855
f 3728 2656 1083
f 1083 2855 3728
f 1084 1299 2947
f 1085 1153 2049
f 1086 1378 3572
f 1086 1768 3347
f 3347 3139 1086
f 1086 3139 3581
f 1087 1910 2969
f 2338 1751 1088
f 1088 1751 2575
f 2385 2338 1088
f 1089 1168 1738
f 3854 1168 1089
f 1089 1319 2267
f 2512 1319 1089
f 1089 1738 2512
f 1089 2267 2724
f 1089 2724 3854
f 2421 1413 1090
f 3363 2325 1090
f 1658 1574 1091
f 1091 1574 2551
f 2624 1658 1091
f 3193 2624 1091
f 2178 2160 1092
f 2886 2178 1092
f 3353 1627 1094
f 1094 1627 3746
f 3746 1874 1094
f 2207 1115 1095
f 3558 2050 1097
f 1097 2704 3558
f 1098 3316 3680
f 1099 1427 2454
f 1099 2454 2666
f 1100 1424 2084
f 2878 1424 1100
f 1100 2084 3847
f 1102 1246 3716
f 1102 1681 2047
f 2091 1681 1102
f 3716 2091 1102
f 2399 1149 1103
f 1103 1149 3329
f 3297 2399 1103
f 3329 3297 1103
f 1104 1166 2281
f 3216 1166 1104
f 1104 1385 3216
f 2986 2609 1105
f 1105 2609 3555
f 1105 2666 3054
f 3054 2986 1105
f 2989 2076 1106
f 1106 2076 3857
f 3701 3130 1106
f 1940 1638 1107
f 1107 1638 2804
f 2258 1661 1107
f 1107 1661 2718
f 2718 1940 1107
f 2512 1925 1108
f 1108 1925 3842
f 2962 1452 1109
f 3096 1434 1110
f 1110 2057 3632
f 2308 1955 1111
f 1111 1955 3290
f 1111 1992 3202
f 1112 2778 3377
f 1113 1554 1715
f 3867 1554 1113
f 1113 1715 3289
f 3289 1924 1113
f 1113 1924 3692
f 1113 3692 3867
f 3836 1970 1114
f 1114 2189 3836
f 1115 1507 3381
f 3381 2473 1115
f 1116 2042 3234
f 1116 2339 3068
f 3763 2339 1116
f 1116 3234 3763
f 1117 1146 2894
f 3224 1146 1117
f 1117 1188 2472
f 2894 1188 1117
f 1117 2472 3224
f 1928 1124 1118
f 1118 1124 2729
f 2587 1928 1118
f 3454 2587 1118
f 1118 2729 3454
f 1119 2044 2923
f 3839 2044 1119
f 2923 2319 1119
f 1120 1710 1961
f 2835 1710 1120
f 1120 1961 2693
f 1120 2693 2835
f 1949 1694 1121
f 1121 1701 2900
f 1122 2316 2603
f 1122 2603 3334
f 1626 1171 1123
f 1123 1171 2039
f 1123 2039 3232
f 1124 1928 2300
f 1124 2300 3144
f 1125 3349 3754
f 1848 1478 1126
f 2730 1848 1126
f 1126 2273 2730
f 1864 1760 1127
f 1127 1760 3548
f 3376 1864 1127
f 3805 3376 1127
f 1127 3548 3805
f 1797 1654 1128
f 1128 1657 3414
f 3445 1657 1128
f 3414 1797 1128
f 3872 3445 1128
f 3703 3702 1128
f 1128 3702 3872
f 3015 2265 1129
f 1129 2265 3809
f 3469 1165 1130
f 1668 1458 1131
f 1131 1458 3160
f 2787 1668 1131
f 3777 2787 1131
f 1131 3160 3307
f 1131 3307 3777
f 2605 1550 1132
f 3679 2605 1132
f 3770 3679 1132
f 1133 1521 2602
f 2710 1521 1133
f 1133 2205 2710
f 3254 2205 1133
f 1133 2537 3254
f 2432 1142 1134
f 1134 1142 3020
f 3020 2281 1134
f 1134 2281 3402
f 3300 2594 1135
f 1136 1154 3235
f 3533 1154 1136
f 3235 2763 1136
f 1136 2763 3533
f 3114 2237 1137
f 1138 1198 1238
f 2912 1198 1138
f 1138 1238 2506
f 1138 2466 2912
f 3772 2466 1138
f 1139 1887 3463
f 1140 1598 1632
f 2388 1598 1140
f 1140 1632 1734
f 1140 1734 3741
f 3741 2388 1140
f 2421 1519 1141
f 1142 1454 3020
f 3094 1454 1142
f 2432 1731 1142
f 1142 1731 3094
f 2310 1512 1143
f 1143 1512 2743
f 1143 1581 2310
f 2743 1745 1143
f 1143 1745 3367
f 1144 1695 2411
f 1144 2411 3550
f 3152 2499 1144
f 1145 2822 3116
f 1146 3224 3556
f 2931 2050 1147
f 1147 2050 3451
f 2757 2514 1147
f 1147 2514 2931
f 3451 2757 1147
f 1148 1240 2629
f 2969 1240 1148
f 1148 1976 2268
f 2629 1976 1148
f 1149 2037 3329
f 2274 1171 1150
f 1150 1171 3676
f 3120 2274 1150
f 3125 3120 1150
f 2792 1201 1151
f 3535 2792 1151
f 1151 3181 3535
f 1152 1310 2723
f 1152 2723 3788
f 3621 3496 1152
f 3788 3621 1152
f 1153 1601 2962
f 3533 2262 1154
f 1154 2262 3534
f 3534 2461 1154
f 1155 3621 3788
f 1156 1324 1665
f 1157 1772 2019
f 3137 1798 1157
f 1157 1798 3188
f 1157 2019 3137
f 1158 1311 2612
f 3262 1311 1158
f 1159 1202 1651
f 2460 1202 1159
f 1159 1651 2858
f 2733 2644 1159
f 2858 2733 1159
f 1160 1991 2591
f 3576 1991 1160
f 1160 2591 3268
f 3268 3256 1160
f 1160 3256 3576
f 2006 1676 1161
f 1161 1676 3453
f 2146 2006 1161
f 3596 2146 1161
f 1810 1760 1162
f 1162 1760 1864
f 2928 1810 1162
f 1162 1864 2787
f 1162 2787 3777
f 3777 2928 1162
f 1163 2690 2860
f 3186 2690 1163
f 1163 3072 3186
f 3610 3072 1163
f 1164 1264 3574
f 3203 2281 1166
f 1166 2596 3203
f 3609 2596 1166
f 1166 3216 3609
f 1659 1271 1167
f 1167 1271 1725
f 1167 1725 3366
f 3366 2269 1167
f 1168 1941 3746
f 3854 1941 1168
f 1169 2568 3323
f 2676 2187 1170
f 1170 2187 3806
f 1171 1626 3676
f 2274 2039 1171
f 3242 1836 1172
f 1172 2623 3242
f 3145 1942 1173
f 1173 2428 2808
f 2808 2685 1173
f 1173 2685 3145
f 2769 1765 1174
f 2817 2220 1174
f 1987 1791 1175
f 1175 1891 3084
f 3478 1987 1175
f 1175 3084 3478
f 2128 1629 1176
f 1176 1629 2606
f 3479 2128 1176
f 1176 2606 3877
f 3877 3479 1176
f 1177 2018 3156
f 1178 1246 2879
f 3716 1246 1178
f 2139 1819 1178
f 1178 1819 2244
f 2879 2139 1178
f 1178 2244 3672
f 1178 3672 3716
f 1179 1183 2735
f 2933 1183 1179
f 2735 2196 1179
f 1179 2196 3128
f 3266 2933 1179
f 1179 3128 3266
f 1180 1250 2332
f 3750 1250 1180
f 3043 1347 1180
f 1180 1347 3750
f 2103 1291 1181
f 1181 1291 2285
f 1181 1521 2103
f 2602 1521 1181
f 2395 2222 1182
f 1182 2222 3471
f 1182 3471 3528
f 1183 2170 2715
f 2933 2170 1183
f 1184 1219 1363
f 1184 1696 3813
f 2885 1231 1185
f 3168 2885 1185
f 2205 1606 1186
f 2710 2205 1186
f 2425 1703 1187
f 1188 1299 1937
f 3442 1299 1188
f 1188 1937 2472
f 2894 2850 1188
f 1188 2850 3355
f 1188 3355 3442
f 1189 1435 3357
f 3411 1435 1189
f 3357 1489 1189
f 1190 1483 2745
f 2745 1930 1190
f 3412 1208 1191
f 1191 2511 3292
f 1191 3292 3412
f 2917 2013 1192
f 1192 2044 2917
f 2923 2044 1192
f 3173 1318 1193
f 1193 2566 3049
f 1193 3049 3514
f 3514 3173 1193
f 1194 1236 2777
f 2282 1310 1194
f 2777 2282 1194
f 3285 3048 1194
f 1777 1196 1195
f 1195 1196 2041
f 1195 1676 1777
f 3335 1676 1195
f 1195 2041 2893
f 1195 2893 3058
f 1195 3058 3335
f 1196 1786 2620
f 2620 2041 1196
f 2315 1279 1197
f 1197 1279 2987
f 1197 1916 2061
f 1197 2061 2315
f 1506 1238 1198
f 3812 1506 1198
f 2035 1713 1199
f 1199 1713 2561
f 3661 2035 1199
f 2621 2133 1199
f 1199 2133 3661
f 1199 2561 3737
f 3737 2621 1199
f 2277 1453 1200
f 1200 1882 2140
f 1200 2140 2277
f 3394 2555 1201
f 1201 2792 3221
f 3221 3087 1201
f 1201 3087 3394
f 2426 1651 1202
f 2980 2426 1202
f 1202 2460 3270
f 1203 1249 1543
f 1790 1249 1203
f 1203 1543 1578
f 1203 1578 3730
f 3001 1790 1203
f 1203 2721 3001
f 3730 2721 1203
f 2720 1419 1204
f 2520 1853 1204
f 1204 1853 3154
f 1204 2296 2720
f 3154 2296 1204
f 2844 1660 1205
f 3758 2844 1205
f 3392 3308 1205
f 1205 3308 3758
f 3734 2369 1206
f 3787 3734 1206
f 1207 1817 2331
f 3693 1817 1207
f 2372 1917 1208
f 1208 1917 2507
f 3412 2372 1208
f 1208 2507 3619
f 3090 2349 1209
f 1210 1285 2009
f 1210 2009 3614
f 1211 2506 3382
f 3382 3097 1211
f 1212 1443 2399
f 3571 2191 1212
f 1212 2399 3571
f 3085 2539 1213
f 1214 1359 1697
f 3393 1359 1214
f 1214 1697 3668
f 3423 3393 1214
f 1215 1649 1912
f 3344 1649 1215
f 1215 1912 3827
f 3174 2981 1215
f 1215 2981 3344
f 3517 3174 1215
f 3827 3517 1215
f 1585 1553 1216
f 1216 1553 3656
f 3765 1585 1216
f 3740 1810 1216
f 1216 1810 3765
f 1216 3656 3740
f 1217 1836 2582
f 2582 2186 1217
f 2452 1812 1218
f 1218 1812 3710
f 1218 1908 2487
f 1218 2131 2701
f 3710 2131 1218
f 2487 2452 1218
f 1218 2701 3025
f 3388 2239 1220
f 1220 2239 3835
f 2839 2253 1220
f 1220 2253 3388
f 3835 2839 1220
f 3273 2397 1222
f 1222 2846 3801
f 3801 3273 1222
f 2548 1662 1223
f 2810 2548 1223
f 2632 1282 1224
f 1224 1282 3782
f 1225 1577 2361
f 2291 1732 1225
f 1225 1732 3336
f 2361 2291 1225
f 1225 3336 3846
f 2924 1436 1226
f 1226 1436 3708
f 3708 3609 1226
f 2514 1930 1227
f 2931 2514 1227
f 3334 2931 1227
f 2934 2897 1228
f 3507 2934 1228
f 2414 2287 1230
f 2885 2744 1231
f 1232 1322 2132
f 1704 1526 1232
f 2327 2051 1233
f 2930 2327 1233
f 3639 2930 1233
f 1234 1385 1395
f 2427 1385 1234
f 1234 1395 3371
f 2869 2427 1234
f 2996 2869 1234
f 3704 2996 1234
f 1234 3371 3704
f 1236 2370 3479
f 3877 2777 1236
f 1236 3479 3877
f 1237 1773 2001
f 3382 2506 1238
f 1239 1643 2083
f 3623 1643 1239
f 1240 1687 2629
f 2969 1687 1240
f 2740 1990 1241
f 2307 2124 1241
f 1241 2124 2740
f 3598 2307 1241
f 3368 3076 1242
f 1243 2465 2627
f 3860 2465 1243
f 1243 2627 3023
f 3674 1277 1244
f 1244 2557 3651
f 1244 3651 3674
f 1245 1856 3052
f 1245 3052 3486
f 3838 3135 1245
f 2065 1314 1247
f 2443 2065 1247
f 1247 2280 2443
f 3314 2280 1247
f 1248 1980 3516
f 3592 1980 1248
f 1248 2504 3432
f 3516 2504 1248
f 2738 1543 1249
f 3875 2738 1249
f 1249 2851 3875
f 2027 1333 1250
f 3750 2027 1250
f 2832 2332 1250
f 1251 2409 3563
f 1252 1469 2384
f 3594 1469 1252
f 2384 2334 1252
f 1254 2412 3002
f 3509 2412 1254
f 1255 2104 2192
f 1256 1782 1832
f 2299 1782 1256
f 1256 1832 3484
f 3030 2299 1256
f 3484 3030 1256
f 2991 1586 1257
f 3649 2991 1257
f 1258 1290 1455
f 3389 1290 1258
f 1455 1384 1258
f 1258 1384 3830
f 1258 2156 3244
f 3830 2156 1258
f 1258 3244 3389
f 1259 2071 2913
f 2913 2654 1259
f 1260 2026 2433
f 3198 2026 1260
f 1260 2433 2498
f 1260 2498 3283
f 1260 2820 2866
f 3283 2820 1260
f 1260 2866 3771
f 3771 3198 1260
f 1261 2210 2859
f 1262 1633 2395
f 2395 2294 1262
f 1263 1407 2359
f 3514 1407 1263
f 1263 1696 3514
f 3813 1696 1263
f 2359 1756 1263
f 1263 1756 3813
f 2528 1525 1264
f 3238 1837 1265
f 1265 2077 3238
f 3526 2077 1265
f 1265 2127 3526
f 1266 1547 2902
f 3132 1886 1266
f 1266 2318 3671
f 1266 2902 3132
f 1326 1291 1267
f 1267 1291 2103
f 1267 2103 2453
f 1267 2453 3119
f 3166 2357 1268
f 1268 2553 3166
f 1269 2839 3811
f 3105 1565 1270
f 1271 1659 3650
f 1847 1725 1271
f 3650 1847 1271
f 1272 1474 2951
f 2951 1486 1272
f 1272 1486 3532
f 3532 1858 1272
f 3330 1705 1273
f 1273 1705 3832
f 1273 1969 2713
f 3832 1969 1273
f 1273 2713 3740
f 3740 3330 1273
f 2161 1737 1274
f 1274 1737 2814
f 3477 2161 1274
f 1275 2273 2276
f 2730 2273 1275
f 1275 2276 3553
f 1276 1460 2992
f 3755 1460 1276
f 1276 2360 3490
f 1276 3490 3755
f 1277 3255 3522
f 3674 3255 1277
f 3630 1493 1278
f 1278 2849 3043
f 1279 1672 2987
f 3464 1672 1279
f 1279 2315 3464
f 3084 3079 1280
f 3157 3084 1280
f 1281 2291 2361
f 3486 2291 1281
f 1281 2979 3486
f 2632 2465 1282
f 1282 2465 3782
f 3222 1570 1283
f 1283 1570 3437
f 1283 2142 2977
f 1283 2977 3222
f 1284 1767 1789
f 3444 1767 1284
f 1284 1789 2549
f 2499 2009 1285
f 1604 1415 1286
f 3128 2196 1287
f 3322 3128 1287
f 3566 3322 1287
f 1288 1339 1596
f 3390 1339 1288
f 1288 2657 3390
f 3696 2657 1288
f 1288 2889 3696
f 2932 1470 1289
f 1289 1926 2932
f 2004 1455 1290
f 1291 1326 2285
f 1292 2135 2364
f 2964 2135 1292
f 1292 2318 2964
f 3671 2318 1292
f 1292 2364 3671
f 3156 1411 1293
f 1293 1411 3610
f 3091 2994 1294
f 2467 1524 1295
f 1295 1524 2493
f 1295 2270 2467
f 2667 2270 1295
f 1295 2493 2901
f 1295 2901 3080
f 1296 1414 2752
f 1296 1639 2080
f 2752 1639 1296
f 1297 1729 2617
f 3530 1729 1297
f 3680 3316 1297
f 3690 3209 1298
f 3442 2947 1299
f 2653 2623 1300
f 1301 1417 1692
f 2417 1417 1301
f 1301 1692 2017
f 1302 2003 3475
f 1302 2711 2904
f 3475 2711 1302
f 1302 2904 3624
f 3624 3348 1302
f 3725 1497 1303
f 1303 2717 2887
f 1303 2887 3361
f 1303 3361 3725
f 2308 1605 1304
f 1304 1605 2463
f 1304 1955 2308
f 3019 1955 1304
f 2463 2272 1304
f 1304 2272 3019
f 1305 1406 3204
f 3764 1406 1305
f 1305 2433 2838
f 3204 2433 1305
f 1305 2838 3764
f 1306 2175 2468
f 3151 2175 1306
f 1306 2468 3239
f 3239 3151 1306
f 1307 1985 2164
f 3301 2000 1307
f 1307 2164 3301
f 2971 2439 1308
f 1310 2282 2723
f 3262 2415 1311
f 1311 2415 3724
f 3341 2612 1311
f 1312 1421 3571
f 3571 3297 1312
f 1313 1828 2484
f 2863 1828 1313
f 1313 2605 3679
f 3679 2863 1313
f 3459 2344 1314
f 1314 2542 3459
f 1315 1934 2590
f 2893 2041 1316
f 2451 2306 1317
f 1317 2665 3418
f 3418 3313 1317
f 1318 2706 3658
f 1318 3173 3613
f 1319 1935 2267
f 3677 1599 1321
f 1321 1599 3743
f 3743 2028 1321
f 1321 2028 3747
f 3747 3425 1321
f 1322 1335 2304
f 1323 1586 1663
f 2731 1804 1323
f 1323 1804 2788
f 3315 1665 1324
f 1324 2691 3272
f 1325 1882 2517
f 2590 1882 1325
f 2517 2439 1325
f 1325 2439 2971
f 2971 2590 1325
f 1327 1929 3284
f 3284 2378 1327
f 1327 2378 3796
f 1328 1434 2351
f 3009 1434 1328
f 1328 2351 2438
f 2438 2405 1328
f 1329 1996 2963
f 1329 2940 3370
f 1330 2202 2855
f 3209 1816 1331
f 1331 1816 3245
f 3245 3209 1331
f 1332 2441 3333
f 3640 2441 1332
f 3333 2833 1332
f 1333 2027 3694
f 3694 3678 1333
f 1334 1912 2766
f 3827 1912 1334
f 1334 2766 3035
f 2797 2304 1335
f 1336 3192 3385
f 3525 3192 1336
f 1336 3385 3639
f 2239 1437 1337
f 1337 1437 2622
f 3835 2239 1337
f 1338 1866 2147
f 2404 1866 1338
f 2305 1894 1338
f 1338 1894 2313
f 1338 2147 2825
f 2825 2305 1338
f 1338 2313 2404
f 2025 1596 1339
f 3375 2025 1339
f 3390 3375 1339
f 1340 1361 1528
f 2683 1361 1340
f 1340 1913 2129
f 1340 2129 2683
f 2284 1611 1341
f 3191 2284 1341
f 1341 2317 3191
f 1342 1681 2091
f 3106 1445 1343
f 1343 2016 2897
f 3295 2016 1343
f 1343 2897 3106
f 3800 3295 1343
f 1344 2672 2779
f 1344 2779 3566
f 1345 1390 3089
f 3089 1647 1345
f 1345 2501 3597
f 1346 3291 3721
f 1347 2849 3039
f 3043 2849 1347
f 1348 1794 3778
f 3815 3688 1348
f 1349 2036 2267
f 3271 2036 1349
f 1349 2267 2630
f 1349 2464 3506
f 3506 3271 1349
f 3458 1496 1350
f 1350 1871 1997
f 3426 1871 1350
f 1350 1997 3458
f 1350 2539 3426
f 1351 1840 3474
f 1351 1875 2960
f 3474 1875 1351
f 1352 1617 2058
f 2583 1617 1352
f 1994 1833 1352
f 1352 1833 3742
f 3742 2583 1352
f 1353 1384 1455
f 2275 1384 1353
f 1353 1455 2004
f 1353 2004 2213
f 1353 2213 2275
f 1481 1365 1354
f 1354 1365 2572
f 1354 2572 3302
f 1356 1654 2263
f 3447 2876 1357
f 1358 1510 3040
f 3230 1510 1358
f 3164 1712 1358
f 3040 2761 1358
f 1358 2761 3164
f 1360 1458 1981
f 1360 1981 3641
f 3641 3554 1360
f 1361 2683 2784
f 3601 2305 1362
f 1362 2688 3397
f 1362 3397 3601
f 1364 1963 3233
f 3590 1963 1364
f 2705 2343 1364
f 1364 2343 3590
f 3233 2705 1364
f 1365 1481 2613
f 1365 1641 2572
f 2697 1641 1365
f 1365 2613 2697
f 2019 1772 1366
f 1366 1772 2920
f 2920 1796 1366
f 3652 2019 1366
f 3118 2841 1367
f 1368 1655 2870
f 3726 2151 1368
f 1368 2870 3726
f 1370 2150 2848
f 3833 2150 1370
f 2888 2317 1371
f 3077 2888 1371
f 2650 1488 1372
f 1372 1488 3551
f 1372 1769 2650
f 2679 1769 1372
f 1373 2179 2791
f 3154 1853 1374
f 1374 2051 2180
f 1375 2297 3773
f 3773 3227 1375
f 1376 1525 2528
f 2188 1467 1378
f 1378 1467 3572
f 3278 1546 1379
f 1379 1546 3285
f 1379 2312 2579
f 1379 2579 3278
f 2268 1592 1380
f 1380 1592 2749
f 2749 2190 1380
f 1872 1816 1381
f 1381 1816 2915
f 2915 2125 1381
f 1789 1767 1382
f 1382 1767 2124
f 3158 1789 1382
f 2307 1975 1382
f 1382 1975 3158
f 1382 2124 2307
f 2745 1483 1383
f 1383 1483 3308
f 1384 2275 2365
f 1385 2770 3216
f 1387 2949 3047
f 1387 3047 3305
f 2467 2270 1388
f 1388 2270 3759
f 1388 2277 3431
f 3759 2277 1388
f 1388 2287 2467
f 3431 2287 1388
f 2767 2330 1389
f 1389 2330 3267
f 3267 2689 1389
f 3628 2767 1389
f 1390 2448 2753
f 2584 1818 1393
f 1393 2438 2540
f 1393 2540 2584
f 3674 2890 1394
f 3622 3255 1394
f 1394 3255 3674
f 1395 1843 3371
f 1716 1464 1396
f 1396 1464 3837
f 2306 1614 1396
f 3837 2306 1396
f 1397 1566 3336
f 3336 1732 1397
f 1397 1732 3449
f 3449 2756 1397
f 1397 2756 3637
f 1398 2882 2938
f 3425 2882 1398
f 1398 2938 3616
f 3616 3400 1398
f 2348 1523 1399
f 1399 2034 2695
f 2437 2348 1399
f 1401 2231 2445
f 3101 2231 1401
f 3713 3101 1401
f 1402 1739 3054
f 3054 2666 1402
f 2337 1609 1403
f 1403 1609 2471
f 1403 2471 3113
f 2364 1870 1404
f 1404 2360 2364
f 3490 2360 1404
f 2407 1700 1405
f 1406 2615 3204
f 3760 2615 1406
f 3049 2795 1407
f 3514 3049 1407
f 2853 1685 1408
f 1408 2502 3237
f 3237 2853 1408
f 1409 2208 2379
f 3208 2208 1409
f 1410 1748 3504
f 3753 1748 1410
f 1410 3504 3713
f 1410 3713 3753
f 3156 2018 1411
f 1411 2018 3492
f 3492 3072 1411
f 1411 3072 3610
f 2456 1839 1416
f 2999 2456 1416
f 3419 1692 1417
f 1417 2417 3409
f 3125 3005 1417
f 1417 3005 3419
f 3409 3125 1417
f 2232 1603 1418
f 1418 1603 3413
f 1418 1762 2232
f 2479 1762 1418
f 1418 1950 2479
f 2798 1950 1418
f 3413 2798 1418
f 1419 2720 3712
f 3712 2737 1419
f 3873 2215 1420
f 1420 3244 3873
f 1421 2628 3280
f 3280 2692 1421
f 1421 2692 3571
f 1422 2734 3055
f 3686 2734 1422
f 1423 2593 2794
f 1423 2794 3310
f 1424 1722 2084
f 2149 1722 1424
f 2878 1879 1424
f 3865 1577 1425
f 1425 3591 3865
f 2474 2067 1426
f 1426 2067 3392
f 2611 2474 1426
f 3149 2611 1426
f 3392 3149 1426
f 1428 1604 1799
f 3576 3561 1429
f 1429 3617 3738
f 2295 2053 1431
f 1431 2244 2295
f 3672 2244 1431
f 1432 1854 1983
f 2943 1903 1432
f 1432 1903 3102
f 1432 1983 2943
f 2567 2096 1433
f 3096 2351 1434
f 1434 3009 3546
f 3739 2722 1435
f 1435 2722 3785
f 3785 3357 1435
f 1435 3411 3739
f 1437 2010 2712
f 3388 2010 1437
f 1437 2239 3388
f 3148 2622 1437
f 1437 2712 3148
f 1438 1517 1554
f 3802 1517 1438
f 1438 1554 2862
f 3627 2794 1438
f 1438 2794 3802
f 1438 2862 3627
f 1440 1839 2456
f 3436 1839 1440
f 1440 2456 2823
f 2823 2516 1440
f 1440 2516 3436
f 1441 1591 3684
f 3704 1591 1441
f 1441 1863 2996
f 3684 1863 1441
f 1441 2996 3704
f 2938 2882 1442
f 2356 1540 1444
f 1444 1564 2138
f 3761 1564 1444
f 1444 2138 2356
f 2934 1672 1445
f 1445 1672 3464
f 3464 2803 1445
f 3106 2934 1445
f 3219 2397 1446
f 1446 2397 3273
f 3273 3099 1446
f 1446 3099 3497
f 3497 3219 1446
f 1447 1591 3371
f 1447 1843 2234
f 3371 1843 1447
f 1448 1492 3211
f 3063 2278 1448
f 1448 2829 3063
f 3211 2829 1448
f 2354 1579 1449
f 3459 3259 1450
f 2232 1762 1451
f 1451 1857 2232
f 3391 1857 1451
f 1451 1888 3217
f 3217 3182 1451
f 1451 3182 3391
f 2962 1601 1452
f 2346 1516 1453
f 3094 2699 1454
f 1454 2699 3721
f 3291 3020 1454
f 3721 3291 1454
f 3756 1901 1456
f 1456 2100 3450
f 3450 2829 1456
f 1456 2829 3756
f 2075 1873 1457
f 1457 1873 3706
f 3523 2075 1457
f 1457 3464 3523
f 3752 3464 1457
f 1457 3706 3752
f 1458 1668 1850
f 1850 1814 1458
f 1458 3131 3160
f 1459 1499 3430
f 3430 3133 1459
f 1460 2941 3038
f 3755 2941 1460
f 3060 2992 1460
f 1460 3038 3060
f 3458 1997 1461
f 1461 1997 3498
f 3573 3458 1461
f 1461 3498 3573
f 1462 2163 2791
f 2852 2163 1462
f 1463 1796 2920
f 2970 1796 1463
f 1463 1869 3603
f 1463 2529 2970
f 3603 2529 1463
f 1464 1716 2371
f 1464 2371 3567
f 1464 3567 3837
f 3584 1500 1465
f 1465 1500 3723
f 3723 2123 1465
f 2108 1960 1466
f 2440 2108 1466
f 1466 2422 2440
f 1467 2188 2658
f 1467 2550 3572
f 3834 2550 1467
f 1467 2658 3834
f 2031 1509 1468
f 1468 1509 3636
f 3546 2031 1468
f 3636 3299 1468
f 2857 2384 1469
f 3036 2857 1469
f 3119 3036 1469
f 3594 3119 1469
f 3648 2643 1471
f 1914 1742 1472
f 1472 1742 3029
f 2854 1914 1472
f 1472 2099 2854
f 3029 2099 1472
f 1473 1808 3635
f 3635 2670 1473
f 1474 2896 3042
f 2172 1627 1475
f 1475 1627 3353
f 3353 2178 1475
f 2075 1831 1476
f 1476 1873 2075
f 3604 1873 1476
f 1476 2088 3604
f 1477 1794 2535
f 3778 1794 1477
f 1477 1821 3778
f 2535 1899 1477
f 1478 1830 3000
f 3766 1830 1478
f 1478 1848 2390
f 2575 1751 1479
f 1479 1751 3858
f 1479 2309 3725
f 3858 2309 1479
f 1479 2375 2575
f 3725 2375 1479
f 2518 2008 1480
f 1480 2008 3794
f 3794 2398 1480
f 3155 2613 1481
f 1482 2358 2552
f 3429 2358 1482
f 1482 2552 3669
f 1482 3003 3429
f 3758 3308 1483
f 2546 2174 1484
f 3682 3194 1484
f 2617 1729 1485
f 2951 1753 1486
f 3563 2165 1486
f 1486 2165 3707
f 3707 3532 1486
f 1487 1791 1987
f 2796 1791 1487
f 1487 1987 3448
f 1487 2154 3100
f 3448 2154 1487
f 3100 2796 1487
f 2650 1998 1488
f 1488 1998 3104
f 2606 1629 1489
f 1489 1629 3232
f 3357 2606 1489
f 1489 3232 3685
f 1491 1610 1648
f 2251 1610 1491
f 1491 1648 1679
f 3403 2251 1491
f 1492 1841 2560
f 1492 2560 3211
f 1494 1666 2171
f 3584 1666 1494
f 3762 2883 1494
f 2618 2513 1495
f 1495 2534 2806
f 1495 2610 2618
f 2806 2610 1495
f 3458 3456 1496
f 3725 1542 1497
f 1499 2728 3853
f 3853 3430 1499
f 2434 1608 1501
f 1501 1608 3667
f 3667 2424 1501
f 2331 1817 1502
f 1502 1817 3239
f 1502 2177 2331
f 3239 2468 1502
f 1502 2468 3343
f 2283 1675 1503
f 1503 1675 3709
f 1503 2252 2283
f 2748 1737 1504
f 1504 2503 2799
f 3149 1519 1505
f 1505 1519 3726
f 3812 2614 1506
f 3290 1955 1508
f 1508 1988 3290
f 1509 2031 2136
f 1512 2069 2743
f 3499 2069 1512
f 1512 2310 2802
f 1512 2802 3499
f 1513 2966 2975
f 3162 2966 1513
f 3620 3162 1513
f 1513 3197 3620
f 3848 3197 1513
f 1514 2390 2841
f 1514 2841 3118
f 1947 1783 1515
f 2518 1947 1515
f 1515 2008 2518
f 1516 1832 2598
f 3484 1832 1516
f 1516 2346 3484
f 1715 1554 1517
f 2828 1715 1517
f 1517 2519 2828
f 3802 2519 1517
f 2461 1943 1518
f 1518 1943 3321
f 3321 1967 1518
f 1519 2151 3726
f 3676 1626 1520
f 1520 3373 3676
f 3178 2103 1521
f 1521 2710 3074
f 3074 2968 1521
f 1521 2968 3178
f 2442 1540 1522
f 1522 1540 3578
f 1522 1709 2340
f 3578 1709 1522
f 1522 2340 2645
f 2577 2442 1522
f 2645 2577 1522
f 1523 2348 3319
f 2467 2414 1524
f 3612 1535 1525
f 2916 1534 1527
f 1527 1758 2916
f 1528 2176 2663
f 1528 2663 2843
f 1529 2111 3384
f 3385 2111 1529
f 1529 3384 3673
f 2874 1571 1530
f 1531 2084 2701
f 3381 2084 1531
f 2701 2473 1531
f 1531 2473 3381
f 3067 2207 1534
f 2916 2871 1534
f 1534 2871 3816
f 3816 3067 1534
f 1536 1576 1583
f 3070 1576 1536
f 1536 1583 2469
f 1536 2469 2957
f 1536 2957 3038
f 3729 2837 1537
f 1538 2098 2122
f 1540 2356 3578
f 1541 3445 3872
f 1542 1750 2972
f 3725 1750 1542
f 3126 1578 1543
f 2738 1827 1543
f 1543 1827 3366
f 3366 3126 1543
f 1544 1575 2543
f 1544 1592 1976
f 2543 1592 1544
f 1545 2478 2563
f 3121 2478 1545
f 1545 2563 3796
f 1545 2585 3121
f 3796 2585 1545
f 1546 3048 3285
f 1547 2126 2902
f 2992 2126 1547
f 1548 1612 1638
f 2299 1612 1548
f 1548 1638 2564
f 2564 2064 1548
f 2549 1789 1549
f 1549 1789 3158
f 1551 2423 3433
f 1551 2486 3124
f 3433 2486 1551
f 1552 1815 2120
f 3776 1815 1552
f 1552 2120 2408
f 1553 2416 3134
f 1553 3134 3656
f 1556 1703 3083
f 3850 1703 1556
f 1557 1731 2432
f 3026 1731 1557
f 3296 3026 1557
f 3540 1865 1558
f 1558 2519 2907
f 1558 2907 3540
f 3012 2515 1559
f 3245 3012 1559
f 3298 3170 1560
f 2380 1764 1561
f 1561 2293 2380
f 2562 2293 1561
f 3053 2562 1561
f 2640 1851 1562
f 1562 1851 3595
f 1563 2046 3807
f 3761 2752 1564
f 3105 2241 1565
f 1565 2241 3645
f 3645 3360 1565
f 3581 3336 1566
f 2458 1656 1567
f 2842 2458 1567
f 3304 2842 1567
f 1567 2901 3304
f 3195 1630 1569
f 1570 2341 3075
f 3222 2341 1570
f 1570 2903 3033
f 3075 2903 1570
f 1570 3033 3437
f 1571 1809 2639
f 2874 1809 1571
f 1571 2639 3538
f 1572 2105 3351
f 3164 2761 1572
f 3351 3164 1572
f 1573 1733 2116
f 2611 1733 1573
f 1573 2116 3735
f 2714 2611 1573
f 3735 2714 1573
f 1574 1658 3461
f 3820 2551 1574
f 1574 3461 3820
f 3004 2721 1575
f 2936 1583 1576
f 3070 2936 1576
f 2162 1683 1577
f 3865 2361 1577
f 3126 2069 1578
f 1579 2039 2274
f 2354 2039 1579
f 3120 2195 1579
f 1579 2274 3120
f 3569 2117 1580
f 1580 2117 3573
f 3498 3136 1580
f 1580 3136 3569
f 1581 1885 2310
f 2782 2469 1583
f 3633 2782 1583
f 1587 2073 3345
f 1588 1920 2967
f 2967 2819 1588
f 1802 1680 1590
f 1590 1680 2696
f 2895 1802 1590
f 1590 2223 2895
f 1590 2696 2911
f 1590 2911 3184
f 1591 1851 3684
f 3704 3371 1591
f 2268 1976 1592
f 1592 2543 2749
f 1593 2481 3481
f 1595 1620 1878
f 3808 1620 1595
f 1595 1878 2062
f 1595 2062 3348
f 1595 3348 3624
f 1936 1862 1596
f 2025 1936 1596
f 2815 2366 1597
f 1597 2366 3779
f 1597 2455 2815
f 3779 2748 1597
f 1598 2388 3625
f 3625 2850 1598
f 3677 3379 1599
f 2911 1892 1600
f 3184 2911 1600
f 3653 2175 1603
f 1603 2175 3792
f 1603 2232 2324
f 1603 2324 2765
f 1603 2765 3653
f 3792 3413 1603
f 2741 1799 1604
f 3109 3089 1605
f 1606 2205 3236
f 1606 2257 3539
f 2927 1665 1607
f 1607 1665 3315
f 3695 2927 1607
f 2434 1673 1608
f 1608 1673 3767
f 1608 1724 3667
f 3767 1724 1608
f 1609 2337 3146
f 2544 1648 1610
f 1610 2251 2292
f 1610 2292 3714
f 3714 2544 1610
f 2284 1688 1611
f 2804 1638 1612
f 2299 1902 1612
f 1612 1902 3206
f 1775 1716 1613
f 3632 2024 1614
f 1614 2306 2451
f 1614 2451 3632
f 2395 1633 1616
f 1616 1633 2875
f 1616 2222 2395
f 1616 2875 2954
f 1617 2197 3039
f 3129 2197 1617
f 1617 2583 3129
f 3039 2849 1617
f 3249 2909 1618
f 2203 1642 1619
f 1619 1642 2582
f 3424 2203 1619
f 1619 2582 3424
f 3808 1878 1620
f 1621 1744 2470
f 2766 1744 1621
f 1621 2470 3004
f 3035 2766 1621
f 2991 2665 1622
f 1623 1898 2667
f 3559 1898 1623
f 1623 2389 3629
f 3629 3559 1623
f 2753 2448 1624
f 3294 2753 1624
f 2081 1691 1625
f 1625 1691 3845
f 1625 2054 2081
f 2639 2054 1625
f 3845 2639 1625
f 1628 2157 2769
f 3539 2257 1628
f 3195 2301 1630
f 1630 2301 3287
f 1631 2771 3207
f 1631 3207 3690
f 2095 1734 1632
f 2869 1861 1634
f 1635 1690 1861
f 2060 1690 1635
f 1635 1861 2996
f 1635 1863 2060
f 2996 1863 1635
f 2295 2244 1636
f 2565 2295 1636
f 1637 2827 3510
f 1638 1940 2564
f 1639 2752 3761
f 1640 1838 2355
f 3127 1838 1640
f 1640 2355 2679
f 1641 2333 2572
f 1642 2203 2526
f 2526 2494 1642
f 1642 2494 3011
f 2681 2015 1643
f 3144 2083 1643
f 3215 2681 1643
f 3623 3215 1643
f 3856 2419 1644
f 1645 2330 3007
f 3267 2330 1645
f 1645 2691 2982
f 3007 2691 1645
f 3172 1679 1648
f 1648 2544 3605
f 3605 3172 1648
f 2485 1744 1649
f 1649 1744 2766
f 2766 1912 1649
f 3344 2485 1649
f 1650 1953 2690
f 3794 1953 1650
f 3131 2398 1650
f 1650 2398 3794
f 1650 2690 3131
f 1651 2426 3749
f 3749 2858 1651
f 1652 2271 3697
f 2719 2566 1652
f 3214 2719 1652
f 3697 3214 1652
f 2042 1763 1653
f 1653 1763 2918
f 1653 2012 2418
f 2918 2012 1653
f 1653 2418 2494
f 1653 2494 2570
f 1656 2397 3440
f 1656 2458 3140
f 2363 1855 1657
f 1657 1855 3414
f 3445 2363 1657
f 1659 1754 2236
f 1659 2236 3650
f 1661 2664 2718
f 3811 3363 1662
f 1664 1874 2750
f 2750 1969 1664
f 1664 1969 3832
f 3832 2935 1664
f 1667 2725 3637
f 3637 2756 1667
f 2787 1850 1668
f 1669 1930 2745
f 2789 1930 1669
f 1669 2678 2789
f 2877 1761 1670
f 3318 2877 1670
f 1671 1854 1896
f 1671 1896 2169
f 1671 2169 3228
f 1672 2934 2987
f 1673 2434 3670
f 1673 2927 3767
f 3564 1784 1674
f 2800 2106 1674
f 1674 2106 3855
f 3607 3564 1674
f 3855 3607 1674
f 1675 2283 3732
f 1675 2764 3709
f 3732 3681 1675
f 2995 1777 1676
f 1676 2006 2995
f 3335 2747 1676
f 1676 2747 3453
f 3603 1869 1677
f 3475 2529 1677
f 1677 2529 3603
f 1677 2711 3475
f 1678 2216 2349
f 3095 2216 1678
f 1678 2349 3090
f 3172 2637 1679
f 3466 2047 1681
f 1681 3257 3466
f 3804 1793 1682
f 1682 1793 3878
f 1682 2374 2953
f 1683 2162 3683
f 1684 2190 2749
f 2810 2190 1684
f 1684 2323 2810
f 2749 2543 1684
f 3488 2212 1686
f 1686 2212 3540
f 1686 2907 3488
f 3540 2907 1686
f 1910 1788 1687
f 1687 1788 3657
f 2969 1910 1687
f 2826 2629 1687
f 3657 2826 1687
f 1826 1739 1689
f 2664 1826 1689
f 2718 2664 1689
f 1690 1903 3059
f 3729 1903 1690
f 1690 2060 3729
f 2052 1880 1691
f 1691 1880 3845
f 2168 2052 1691
f 1691 2081 2168
f 1692 1893 2017
f 3419 1893 1692
f 3236 2205 1693
f 1693 2205 3254
f 1693 3254 3727
f 1694 1949 1993
f 1694 1993 2776
f 1696 2177 3715
f 1696 3173 3514
f 3613 3173 1696
f 3715 3613 1696
f 1697 1877 2836
f 2836 2155 1697
f 1697 2155 3668
f 1698 2553 3654
f 1698 3110 3444
f 3654 3110 1698
f 2873 2505 1699
f 1699 2505 3503
f 3417 2873 1699
f 2240 2062 1702
f 1702 2062 3489
f 2742 2240 1702
f 1702 2527 3698
f 3698 2742 1702
f 1703 2425 3083
f 3619 1781 1704
f 1705 2935 3832
f 3830 3435 1706
f 1707 1820 2836
f 1707 1877 2714
f 2836 1877 1707
f 1707 2714 3735
f 2658 2413 1708
f 1708 2439 2517
f 1708 2517 2906
f 3834 2658 1708
f 1708 2906 3834
f 2545 2340 1709
f 3757 2545 1709
f 1709 3578 3579
f 1709 3579 3757
f 3691 1961 1710
f 2835 2773 1710
f 1710 3575 3691
f 1711 1761 2877
f 3513 1761 1711
f 2877 1795 1711
f 1711 1795 3420
f 3420 2366 1711
f 1711 2366 3513
f 1712 3164 3351
f 1712 3351 3551
f 2035 1784 1713
f 1713 1784 2362
f 2362 2125 1713
f 1713 2125 2915
f 2990 2561 1713
f 1713 2915 2990
f 1714 1968 3329
f 3329 2037 1714
f 1714 2037 3655
f 1715 2828 3696
f 3696 3289 1715
f 3485 1854 1718
f 3710 3485 1718
f 1719 2851 2932
f 3875 2851 1719
f 2786 2511 1720
f 1720 2831 3876
f 1721 2631 2830
f 2701 2084 1722
f 1722 2149 3699
f 3423 3009 1723
f 3662 3423 1723
f 3226 2072 1724
f 1724 2072 3667
f 3767 3226 1724
f 1725 1745 2200
f 3367 1745 1725
f 1725 1847 3367
f 1725 2200 3366
f 1726 2065 2443
f 1726 2443 3780
f 2805 2193 1727
f 3016 1904 1728
f 3446 2705 1728
f 1730 2574 3537
f 3664 2574 1730
f 1730 3421 3664
f 1731 3026 3094
f 1732 2291 3052
f 1732 3052 3073
f 1732 3073 3449
f 1733 2030 2116
f 3468 2030 1733
f 3606 3468 1733
f 1734 2914 3741
f 1735 2416 2599
f 3134 2416 1735
f 2435 2031 1736
f 1736 2031 3546
f 3546 3009 1736
f 1737 2748 2814
f 2811 2512 1738
f 1739 1826 3544
f 3544 2358 1739
f 1739 2358 3666
f 3666 3054 1739
f 1944 1889 1741
f 1741 1889 3229
f 2086 1944 1741
f 2760 2086 1741
f 3229 2760 1741
f 1914 1822 1742
f 1743 1944 2086
f 3188 1944 1743
f 1743 2086 2979
f 2485 2470 1744
f 2743 2200 1745
f 1746 2261 2956
f 3309 2261 1746
f 1746 3248 3309
f 3253 2892 1747
f 1748 3753 3824
f 3824 3800 1748
f 3504 2659 1749
f 1749 2659 3706
f 1749 3101 3504
f 3725 2309 1750
f 1751 2338 2773
f 1751 2773 3858
f 3024 2160 1752
f 1752 2160 3163
f 1752 2715 3024
f 3163 2984 1752
f 1754 2141 3868
f 3868 2236 1754
f 1755 2197 3129
f 3281 2197 1755
f 2349 2216 1755
f 1755 2216 3281
f 1757 1796 2970
f 3634 2916 1758
f 1758 3086 3634
f 1759 2110 3677
f 1760 1810 3548
f 3466 2406 1761
f 3513 3466 1761
f 1763 2042 3434
f 3434 2918 1763
f 1764 2380 2670
f 1764 2670 2921
f 1764 2921 3148
f 2769 2157 1765
f 1999 1787 1766
f 1766 1787 3018
f 3408 1922 1766
f 1766 3018 3408
f 2377 2124 1767
f 3444 2377 1767
f 2598 1832 1768
f 1768 1832 3720
f 3200 2598 1768
f 3720 3347 1768
f 2679 2355 1769
f 1769 2355 2818
f 3410 3167 1770
f 2404 2313 1771
f 1771 2313 3560
f 3698 2527 1771
f 1772 2373 3110
f 3110 2920 1772
f 3587 2001 1773
f 1774 1895 2336
f 3104 2208 1774
f 1774 2336 3104
f 3251 2477 1775
f 1776 2431 3607
f 3644 2431 1776
f 1776 3607 3855
f 3774 3644 1776
f 3855 3774 1776
f 3472 3387 1778
f 2789 2678 1779
f 1779 2678 3022
f 1780 2530 3021
f 2299 2011 1782
f 1782 2011 3501
f 1783 1947 2579
f 2579 2173 1783
f 3564 2362 1784
f 3593 2093 1785
f 2838 2433 1785
f 1785 2433 3593
f 3339 2620 1786
f 3568 3339 1786
f 1787 2100 3018
f 3362 2693 1788
f 1788 2693 3657
f 1788 2704 3362
f 3001 2485 1790
f 1790 2485 3344
f 1793 1958 2163
f 3804 1958 1793
f 2163 2076 1793
f 1793 2076 3878
f 3406 2535 1794
f 2877 2353 1795
f 1798 3137 3167
f 1798 3167 3410
f 1800 2396 2746
f 2834 2396 1800
f 2445 1907 1801
f 1801 1907 3570
f 1801 1986 2445
f 3318 1986 1801
f 3570 3318 1801
f 2895 1805 1802
f 1803 1947 2518
f 2646 1947 1803
f 3201 2646 1803
f 2731 1977 1804
f 2895 2863 1805
f 1805 2863 3748
f 3645 2490 1806
f 1806 3360 3645
f 1807 1873 3604
f 3706 1873 1807
f 3604 2489 1807
f 1809 2054 2639
f 2874 2054 1809
f 1810 2713 3548
f 3740 2713 1810
f 1810 2928 3765
f 3082 2642 1811
f 2597 1896 1812
f 1812 1896 3485
f 1812 2452 2597
f 1812 3485 3710
f 3536 2097 1813
f 2576 2264 1813
f 1813 2264 3536
f 1814 1850 1864
f 1814 1864 3587
f 2350 2120 1815
f 3776 2781 1815
f 1816 1872 1946
f 3209 2915 1816
f 3693 3239 1817
f 1818 2584 3585
f 3585 3476 1818
f 1819 2139 2799
f 2799 2244 1819
f 1820 2155 2836
f 3081 2130 1821
f 3853 2908 1823
f 1823 3430 3853
f 1959 1885 1824
f 3082 1959 1824
f 1824 2642 3082
f 1825 1931 3111
f 1825 2311 3033
f 3111 2674 1825
f 1826 2552 3544
f 1827 2269 3366
f 1828 2223 2484
f 2895 2223 1828
f 1828 2863 2895
f 1888 1845 1829
f 1829 1845 2425
f 1979 1888 1829
f 1829 2425 3863
f 3399 3000 1830
f 3751 3399 1830
f 1833 1923 3535
f 3535 3181 1833
f 1833 3181 3742
f 3511 2326 1834
f 3047 2949 1834
f 1834 2949 3327
f 1834 3327 3511
f 2775 2038 1835
f 3424 2582 1836
f 1836 3242 3424
f 3238 2210 1837
f 1837 2210 3784
f 2818 2355 1838
f 3462 2818 1838
f 3436 3403 1839
f 1840 1993 1995
f 2671 1993 1840
f 1840 1995 3474
f 3590 2560 1841
f 1841 2821 3810
f 3810 3590 1841
f 1842 2796 3100
f 3688 2796 1842
f 2336 1895 1844
f 1845 1888 2483
f 3408 3018 1846
f 2841 2390 1848
f 2787 1864 1850
f 1851 1974 3595
f 1851 2640 3684
f 3272 2905 1852
f 1852 3037 3272
f 3485 1896 1854
f 3073 3052 1856
f 3212 3073 1856
f 1857 2005 2324
f 2739 2005 1857
f 2324 2232 1857
f 3391 2739 1857
f 1859 2078 3785
f 3877 2078 1859
f 2723 2282 1859
f 1859 2282 2777
f 3788 2723 1859
f 1859 2777 3877
f 1860 2186 3527
f 1861 2869 2996
f 2837 2060 1863
f 1863 2640 2837
f 3684 2640 1863
f 1864 3376 3587
f 1865 1965 3375
f 3480 1965 1865
f 1865 3375 3390
f 3540 3480 1865
f 3870 2896 1867
f 1867 3159 3870
f 2204 2015 1868
f 2364 2135 1870
f 1875 2449 2960
f 3286 2449 1875
f 1875 2890 3286
f 3474 2890 1875
f 1876 2041 2865
f 1877 2474 2714
f 3108 2048 1878
f 3489 2062 1878
f 3808 3010 1878
f 2878 1970 1879
f 1881 1957 2715
f 2889 1957 1881
f 2715 2170 1881
f 3380 2140 1882
f 2590 2290 1882
f 1882 2290 3380
f 3616 2938 1883
f 1884 2374 2830
f 1884 2830 3441
f 3441 3103 1884
f 1886 3132 3705
f 1887 2497 3463
f 1888 1979 3217
f 1889 1944 3188
f 1891 2218 3084
f 3002 2412 1892
f 3814 3002 1892
f 2429 2017 1893
f 1894 2305 3601
f 2446 2313 1894
f 3601 2446 1894
f 2736 2694 1897
f 1897 2694 3599
f 3057 2736 1897
f 3506 3057 1897
f 1897 3271 3506
f 3599 3271 1897
f 1898 2270 2667
f 3759 2270 1898
f 3559 3383 1898
f 1898 3383 3840
f 3840 3759 1898
f 1899 2535 3577
f 3577 3420 1899
f 3158 1975 1900
f 1902 2299 3030
f 1902 2346 3383
f 3484 2346 1902
f 1902 3030 3484
f 3383 3206 1902
f 1903 2943 3059
f 3729 3102 1903
f 2445 2231 1907
f 1907 2353 3570
f 1908 2087 3066
f 3298 2487 1908
f 1908 3066 3298
f 2628 2497 1909
f 1914 2854 3312
f 1915 2230 2968
f 3396 2230 1915
f 1915 2968 3074
f 3483 2061 1916
f 1917 1920 2507
f 2967 1920 1917
f 1917 2372 2819
f 1917 2819 2967
f 3863 2254 1919
f 1919 3099 3801
f 1919 3801 3863
f 1920 1972 2507
f 3817 2460 1921
f 2801 2021 1924
f 1924 2021 3819
f 3289 2801 1924
f 3820 3692 1924
f 1924 3819 3820
f 1925 2512 2811
f 1925 2811 3842
f 1927 2780 3168
f 3809 3284 1929
f 1932 2671 2945
f 3443 2671 1932
f 1933 1958 3804
f 1934 2290 2590
f 2783 2290 1934
f 2630 2267 1935
f 3274 2630 1935
f 1935 3135 3838
f 3838 3274 1935
f 1936 2025 2610
f 2956 2472 1937
f 3731 2382 1938
f 3223 2898 1938
f 3491 3223 1938
f 1939 2066 2176
f 2945 2066 1939
f 3220 2564 1940
f 1940 2718 3717
f 3717 3220 1940
f 2468 2175 1942
f 3343 2468 1942
f 1942 3145 3343
f 1943 2461 2625
f 3673 3384 1945
f 3278 2579 1947
f 1947 2646 3278
f 3165 2011 1948
f 1995 1993 1949
f 3718 1995 1949
f 1950 2798 2872
f 1952 1985 2332
f 2737 1985 1952
f 3876 2132 1952
f 1952 2332 2832
f 1952 2832 3876
f 1953 2634 2860
f 3794 2634 1953
f 2860 2690 1953
f 1954 2165 3563
f 3563 2409 1954
f 1956 1967 3003
f 3416 2638 1956
f 1956 3003 3416
f 3024 2715 1957
f 1958 2074 2163
f 1959 3082 3537
f 3790 1984 1960
f 1960 2108 3790
f 1961 2022 2693
f 3452 2022 1961
f 3691 3452 1961
f 2324 2005 1962
f 1962 2226 2765
f 2765 2324 1962
f 2952 2141 1963
f 3590 2952 1963
f 3524 3233 1963
f 2352 2070 1964
f 1964 2070 2964
f 1964 2964 3189
f 1965 3480 3686
f 1966 2622 3148
f 3148 2921 1966
f 1968 2114 3297
f 1968 3297 3329
f 1969 2694 3547
f 3548 2713 1969
f 1969 3547 3805
f 3805 3548 1969
f 2878 2654 1970
f 2825 2147 1971
f 1971 2326 2508
f 1971 2508 3175
f 3175 2825 1971
f 1975 2307 3598
f 3683 3643 1982
f 2974 2164 1985
f 1985 2737 2974
f 1986 2403 2445
f 2677 2403 1986
f 3494 3448 1987
f 1987 3478 3494
f 1988 3177 3465
f 3465 3290 1988
f 1992 2077 3202
f 1993 2671 2776
f 3869 2963 1996
f 1998 2208 3104
f 3301 3241 2000
f 2000 3241 3589
f 3587 3376 2001
f 3384 2672 2002
f 3092 2707 2002
f 2002 2707 3384
f 2970 2529 2003
f 2003 2529 3475
f 2007 2237 2601
f 2008 2634 3794
f 2009 2499 3614
f 3132 2712 2010
f 3705 3132 2010
f 2010 3388 3705
f 2011 3165 3501
f 2014 3340 3687
f 2014 3687 3734
f 2016 2285 2897
f 2017 2429 2541
f 3312 2246 2018
f 2018 2246 3492
f 3663 3312 2018
f 3652 3137 2019
f 3543 2194 2020
f 2020 3028 3543
f 2768 2137 2021
f 2021 2137 3819
f 3266 2768 2021
f 2021 2933 3266
f 3657 2693 2022
f 2023 2762 3114
f 3496 2762 2023
f 2057 2040 2024
f 2024 2040 2159
f 3632 2057 2024
f 2024 2159 2726
f 2618 2610 2025
f 3264 2618 2025
f 2026 2087 2491
f 3198 2087 2026
f 3593 2433 2026
f 2026 2491 3699
f 3699 3593 2026
f 2027 2578 3694
f 2029 3140 3217
f 3394 2116 2030
f 2030 3468 3635
f 2435 2136 2031
f 2816 2674 2032
f 2032 2674 3108
f 2033 3401 3510
f 2033 3510 3817
f 3795 2695 2034
f 2034 3681 3795
f 2724 2267 2036
f 2036 3271 3599
f 3470 2807 2038
f 2039 2354 3232
f 2041 2620 3339
f 3339 2865 2041
f 2043 3209 3245
f 3513 2815 2047
f 2047 3466 3513
f 3108 2674 2048
f 2048 2674 3111
f 3558 3451 2050
f 2327 2180 2051
f 2052 2168 3352
f 2052 3196 3275
f 3352 3196 2052
f 2053 2295 2973
f 2199 2081 2054
f 2874 2199 2054
f 3562 2142 2055
f 3510 3401 2056
f 2059 2649 2930
f 3826 2649 2059
f 2059 2930 3639
f 2060 2837 3729
f 2061 3483 3549
f 2062 2240 2376
f 2062 2376 3348
f 2392 2176 2066
f 2066 2387 2392
f 2945 2387 2066
f 2067 3308 3392
f 3126 2743 2069
f 2070 2135 2964
f 2070 2352 2392
f 2392 2387 2070
f 2071 2480 3427
f 3427 2913 2071
f 2073 3023 3345
f 2791 2163 2074
f 2077 2121 3238
f 3332 2121 2077
f 3526 3202 2077
f 2078 2606 3357
f 3877 2606 2078
f 2078 3357 3785
f 3304 2612 2079
f 2079 2612 3341
f 2079 2842 3304
f 3781 2536 2080
f 2081 2085 2168
f 2081 2199 2755
f 2326 2094 2082
f 2082 2094 3075
f 2508 2326 2082
f 2084 3381 3847
f 2086 2760 3583
f 3583 2979 2086
f 3198 3066 2087
f 3627 2862 2089
f 3279 2476 2090
f 3757 3279 2090
f 2090 3533 3757
f 3716 3515 2091
f 2093 3593 3699
f 2094 2326 3511
f 2094 2903 3075
f 3511 2903 2094
f 2567 2294 2096
f 2097 2118 2587
f 3536 2118 2097
f 2097 2587 3799
f 3799 3171 2097
f 2238 2122 2098
f 3487 2238 2098
f 2099 2599 3626
f 3626 2854 2099
f 2101 2119 3455
f 2102 2796 3688
f 2102 3688 3815
f 3178 2453 2103
f 3739 2668 2105
f 2106 2247 3855
f 3650 2236 2107
f 2110 2235 3395
f 2110 3395 3677
f 3385 3192 2111
f 2111 3192 3500
f 3500 3384 2111
f 3191 2888 2112
f 2112 3086 3093
f 2112 3093 3191
f 2595 2524 2113
f 3859 2595 2113
f 3136 3065 2115
f 2115 3065 3592
f 3394 3087 2116
f 3536 3197 2118
f 2118 3197 3848
f 3432 3293 2119
f 2119 3293 3455
f 2120 2386 2408
f 2121 2859 3238
f 2123 3046 3138
f 3723 3046 2123
f 2124 2377 2740
f 2126 2562 2902
f 3008 2562 2126
f 2126 2992 3008
f 2127 2457 3526
f 3479 2370 2128
f 2129 2973 3611
f 2131 2473 2701
f 3876 2831 2132
f 3427 2532 2133
f 2133 2532 3661
f 2133 3150 3427
f 2985 2571 2134
f 3837 2985 2134
f 2136 2435 2459
f 2137 2551 3819
f 2783 2277 2140
f 3380 2783 2140
f 3810 2682 2141
f 2141 2682 3868
f 2141 2952 3810
f 3562 2977 2142
f 2143 2389 3080
f 2145 2214 2256
f 3226 2214 2145
f 3687 2198 2148
f 2148 2265 2369
f 3284 2265 2148
f 2148 2369 3687
f 2148 2378 3284
f 2929 2848 2150
f 3150 2929 2150
f 3833 3150 2150
f 2152 2818 2853
f 3798 2818 2152
f 2152 2853 3237
f 2152 3237 3798
f 2153 2705 3233
f 3448 3438 2154
f 2155 2459 3668
f 3871 3244 2156
f 3176 2202 2157
f 2158 2288 3097
f 3861 2288 2158
f 2158 3097 3382
f 2159 2247 2726
f 2160 2178 3163
f 2162 3139 3643
f 2162 3643 3683
f 2164 2974 3519
f 2166 2387 2945
f 2945 2671 2166
f 2169 3227 3228
f 2579 2312 2173
f 2174 2546 2626
f 2174 2626 3372
f 2175 3151 3792
f 2176 2392 2410
f 2176 2410 2663
f 3353 3163 2178
f 2182 2259 2983
f 3193 2259 2182
f 3647 3193 2182
f 3207 2915 2183
f 2183 2915 3209
f 3690 3207 2183
f 2183 3209 3690
f 2185 2212 3488
f 2185 2856 3061
f 3488 2856 2185
f 2186 2582 3527
f 2188 2289 2658
f 3265 2289 2188
f 3571 2692 2191
f 2191 2692 3697
f 2746 2396 2194
f 2195 3120 3218
f 2195 3545 3689
f 2196 2735 3786
f 3783 3039 2197
f 2197 3281 3783
f 3605 2544 2198
f 3340 3172 2198
f 2198 3172 3605
f 3687 3340 2198
f 2950 2755 2199
f 2199 2805 2950
f 2200 2743 3126
f 2200 3126 3366
f 2929 2621 2201
f 2201 2621 3737
f 2201 2848 2929
f 3176 2855 2202
f 3732 2526 2203
f 3798 2379 2208
f 3238 2859 2210
f 3529 2275 2213
f 2213 2867 3529
f 2214 3226 3695
f 2216 3095 3281
f 2218 3079 3084
f 3618 3079 2218
f 2220 2817 2944
f 2220 2944 3807
f 3807 3467 2220
f 2221 2358 3429
f 3660 2358 2221
f 3171 2484 2223
f 3653 2765 2226
f 3503 2505 2228
f 2228 2505 3608
f 3608 3550 2228
f 2229 2320 3069
f 2229 3069 3760
f 2230 2857 3178
f 3178 2968 2230
f 2233 2406 3466
f 3466 3257 2233
f 2235 2698 3395
f 2237 2600 2601
f 2762 2600 2237
f 3114 2762 2237
f 2238 2386 2394
f 2742 2376 2240
f 3230 2490 2241
f 2241 2490 3645
f 2245 2249 2731
f 2861 2249 2245
f 3113 2861 2245
f 3312 2854 2246
f 2246 2958 3492
f 2247 3774 3855
f 2248 2313 2446
f 2651 2313 2248
f 2248 2446 3115
f 2248 2525 2651
f 2249 2861 3731
f 2250 2278 3063
f 3812 2278 2250
f 2250 2298 2614
f 3450 2298 2250
f 2250 2614 3812
f 2250 3063 3450
f 3768 2292 2251
f 2251 3403 3768
f 2252 2966 3234
f 3364 2966 2252
f 3705 3388 2253
f 3199 2978 2255
f 2255 2978 3282
f 3646 3199 2255
f 2255 3282 3404
f 2255 3404 3646
f 2259 2383 2983
f 3045 2580 2260
f 2260 2636 3045
f 3224 2956 2261
f 3309 3224 2261
f 2264 2576 3620
f 3620 3536 2264
f 3015 2369 2265
f 2265 3284 3809
f 2266 2574 2655
f 2276 2910 3553
f 2277 2783 3431
f 3852 2443 2280
f 2281 3203 3402
f 2570 2494 2283
f 2283 2494 3732
f 3191 3093 2284
f 2287 2414 2467
f 3565 3097 2288
f 2288 3194 3565
f 2290 2783 3380
f 3486 3052 2291
f 2295 2565 3611
f 3611 2973 2295
f 2974 2720 2296
f 3519 2974 2296
f 3823 3773 2297
f 2301 2864 3252
f 2301 3252 3287
f 2302 2790 3161
f 3027 2793 2302
f 3161 3027 2302
f 3270 2460 2303
f 2303 2460 3817
f 3817 2827 2303
f 2305 2825 3175
f 3437 3033 2311
f 2313 2651 3560
f 3523 3464 2315
f 3618 3523 2315
f 3225 2603 2316
f 2317 2888 3191
f 2961 2937 2320
f 2320 2937 3415
f 3415 3069 2320
f 2321 2530 2793
f 3021 2530 2321
f 2321 2793 3027
f 3027 3021 2321
f 2322 2560 3183
f 3211 2560 2322
f 2327 2930 3851
f 2571 2401 2329
f 2330 2767 3457
f 3428 3007 2330
f 3457 3428 2330
f 3455 2572 2333
f 2335 2898 3223
f 3337 2898 2335
f 2337 3051 3146
f 2339 3162 3493
f 3763 3162 2339
f 2545 2447 2340
f 2343 3183 3590
f 2344 3554 3641
f 3840 3383 2346
f 3553 2910 2347
f 2348 2350 3319
f 2540 2438 2351
f 3096 2540 2351
f 2410 2392 2352
f 3117 2410 2352
f 2353 2877 3570
f 3685 3232 2354
f 3579 3578 2356
f 2357 3166 3659
f 3544 2552 2358
f 2358 3660 3666
f 3671 2364 2360
f 2366 2815 3513
f 2366 3420 3779
f 2367 2573 2633
f 2368 2524 2595
f 3734 3687 2369
f 2993 2985 2371
f 2371 2985 3567
f 3292 2557 2372
f 3412 3292 2372
f 2373 2377 3110
f 2374 2680 2953
f 3361 3006 2375
f 3725 3361 2375
f 3444 3110 2377
f 3798 3237 2379
f 2382 2871 2916
f 3731 2871 2382
f 2382 2916 3634
f 2383 2686 2983
f 2478 2408 2386
f 3741 3557 2388
f 3643 3347 2391
f 2391 3347 3720
f 3753 3713 2393
f 2393 3727 3753
f 2397 3219 3440
f 2399 3297 3571
f 3346 2436 2400
f 2959 2407 2401
f 2401 2571 2959
f 3091 2445 2403
f 2403 2994 3091
f 2408 2478 3121
f 2843 2663 2410
f 3107 2843 2410
f 3509 2492 2412
f 3626 2599 2416
f 2417 2824 3409
f 3011 2494 2418
f 2868 2525 2422
f 2422 2525 3803
f 3806 3433 2423
f 2424 3667 3736
f 2426 2980 3293
f 2426 3293 3749
f 3797 2808 2428
f 3665 3607 2431
f 3204 2498 2433
f 2434 2510 3670
f 3668 2459 2435
f 3008 2992 2441
f 2441 2992 3060
f 3640 3008 2441
f 2441 3060 3333
f 2444 2813 3472
f 3397 3115 2446
f 3601 3397 2446
f 2447 2545 2763
f 3286 2941 2449
f 2449 2941 3755
f 3755 2960 2449
f 2453 3036 3119
f 3178 3036 2453
f 3325 2823 2456
f 2457 3109 3526
f 3534 2625 2461
f 2632 2627 2465
f 2469 2782 3694
f 3818 2957 2469
f 2469 3694 3818
f 2470 2485 3001
f 3001 2721 2470
f 2470 2721 3004
f 2471 3067 3816
f 3816 3113 2471
f 2472 2956 3224
f 2474 2611 2714
f 3251 2480 2477
f 3251 2532 2480
f 2480 2532 3427
f 3509 3481 2481
f 2482 2703 2728
f 3552 2703 2482
f 3171 2822 2484
f 3433 2812 2486
f 2486 2812 3473
f 3473 3264 2486
f 2607 2500 2488
f 2637 2607 2488
f 3304 2901 2493
f 2494 2526 3732
f 2495 3142 3733
f 2496 3602 3649
f 3204 2615 2498
f 2498 2615 3283
f 2499 3152 3770
f 2500 2607 2891
f 3760 3597 2501
f 2505 2873 3608
f 2508 2922 3175
f 3213 2824 2510
f 2511 2786 3260
f 2511 3260 3292
f 2513 2618 3473
f 3473 2845 2513
f 2823 2585 2516
f 3768 3436 2516
f 3802 2907 2519
f 2523 3042 3159
f 2868 2651 2525
f 2525 2997 3803
f 3013 2793 2530
f 2531 3317 3338
f 2531 3338 3622
f 2531 3622 3718
f 2533 2564 3220
f 2533 3220 3717
f 3406 3155 2535
f 2535 3155 3577
f 3824 3254 2537
f 2538 2931 3334
f 3334 3225 2538
f 2539 3345 3426
f 2540 3096 3313
f 2540 3313 3418
f 3533 2763 2545
f 3757 3533 2545
f 3834 2906 2550
f 3306 3200 2550
f 2550 3200 3572
f 3820 3819 2551
f 2939 2864 2554
f 3528 2939 2554
f 3124 3055 2556
f 2559 3299 3636
f 3644 3299 2559
f 3590 3183 2560
f 2990 2915 2561
f 2561 2915 3207
f 2561 3207 3737
f 3053 2902 2562
f 2562 3008 3640
f 2566 2719 3049
f 3521 3323 2568
f 2569 2741 3589
f 2569 3589 3821
f 3502 2959 2571
f 2571 2985 3502
f 3455 3302 2572
f 3664 2655 2574
f 2576 2619 2662
f 2576 2662 3493
f 2576 3493 3620
f 3818 3694 2578
f 2578 3775 3818
f 2581 2785 3359
f 2581 3359 3439
f 2585 2823 3121
f 2587 3454 3799
f 2589 2843 3107
f 2592 2947 3355
f 3355 3342 2592
f 2593 2702 3518
f 3802 2794 2593
f 2593 3518 3802
f 3338 3317 2595
f 3859 3338 2595
f 2598 3200 3306
f 2600 2762 3460
f 2603 3225 3334
f 3844 3775 2604
f 2607 2637 3172
f 3269 2891 2607
f 2607 3172 3340
f 3340 3269 2607
f 2609 2986 3660
f 3660 3320 2609
f 2615 3069 3283
f 3760 3069 2615
f 2616 3179 3377
f 2618 3264 3473
f 2623 2653 3769
f 3769 3242 2623
f 2624 3193 3647
f 2626 2988 3372
f 3441 2830 2631
f 2631 3103 3441
f 3031 2702 2635
f 3399 3045 2636
f 3845 3538 2639
f 2643 2798 3151
f 3648 2798 2643
f 2646 2899 3278
f 3201 2922 2646
f 2647 3076 3368
f 3520 3215 2647
f 2647 3215 3623
f 2647 3368 3520
f 3826 3190 2649
f 3061 2856 2652
f 3696 2828 2657
f 2659 2803 3752
f 3752 3706 2659
f 3793 2847 2660
f 2665 2991 3649
f 3602 3418 2665
f 3649 3602 2665
f 3739 3411 2668
f 2670 3635 3711
f 3443 2776 2671
f 3500 2779 2672
f 2672 3384 3500
f 3398 3231 2673
f 2675 2698 3588
f 3588 2699 2675
f 3062 3022 2678
f 2680 2734 2953
f 3055 2734 2680
f 2681 3215 3542
f 3542 3311 2681
f 2682 2821 3041
f 3810 2821 2682
f 2682 3041 3868
f 2685 2808 3422
f 2978 2774 2686
f 2686 2774 2983
f 3282 2978 2686
f 2688 3259 3397
f 3160 3131 2690
f 3307 3160 2690
f 2690 3186 3307
f 2691 2905 3272
f 3428 2905 2691
f 2691 3007 3428
f 3280 3214 2692
f 2692 3214 3697
f 3362 2835 2693
f 2694 3376 3547
f 3094 3026 2699
f 2699 3026 3358
f 2699 3588 3721
f 2702 3031 3240
f 2702 3240 3488
f 2702 3488 3518
f 3853 2728 2703
f 3552 2908 2703
f 2703 2908 3853
f 3170 3066 2706
f 2706 3066 3198
f 2706 3198 3771
f 3771 3658 2706
f 2707 3092 3656
f 3210 2904 2711
f 2712 2902 3053
f 3132 2902 2712
f 3249 2887 2717
f 3378 3249 2717
f 2719 2795 3049
f 3280 2795 2719
f 2719 3214 3280
f 2720 2974 3712
f 2725 3265 3637
f 2729 3116 3454
f 3480 2953 2734
f 3686 3480 2734
f 3712 2974 2737
f 2747 3335 3857
f 3779 2814 2748
f 3803 3780 2754
f 2755 2950 3808
f 3293 2980 2759
f 3455 3293 2759
f 2759 3302 3455
f 2760 3274 3583
f 2761 3040 3617
f 3496 3460 2762
f 2764 3369 3709
f 3754 3369 2764
f 3737 3207 2771
f 2773 2835 3831
f 2773 3831 3858
f 2779 3404 3566
f 3646 3404 2779
f 2779 3500 3646
f 2780 2885 3168
f 3041 2821 2781
f 3776 3041 2781
f 3633 3260 2782
f 2782 3260 3678
f 2782 3678 3694
f 2954 2875 2788
f 3627 3310 2794
f 3648 2872 2798
f 3413 3151 2798
f 2803 3464 3752
f 3874 3422 2808
f 3797 3724 2808
f 2808 3724 3874
f 2812 2845 3473
f 2813 3387 3472
f 3577 3155 2814
f 3779 3577 2814
f 3462 2853 2818
f 2937 2866 2820
f 3415 2937 2820
f 2820 3283 3415
f 3454 3116 2822
f 2822 3171 3799
f 3799 3454 2822
f 2824 3213 3409
f 3817 3510 2827
f 3450 3063 2829
f 2833 3333 3818
f 3818 3775 2833
f 2833 3775 3844
f 2834 3189 3407
f 2838 3586 3764
f 3835 3811 2839
f 2840 2873 3417
f 2840 2888 3077
f 3863 3801 2846
f 2850 3342 3355
f 3625 3342 2850
f 2855 3176 3728
f 3488 3240 2856
f 2857 3036 3178
f 2861 3113 3816
f 3816 3731 2861
f 2863 3679 3748
f 2864 2939 3252
f 2865 3339 3568
f 2871 3731 3816
f 2877 3318 3570
f 2882 3425 3747
f 2887 3249 3311
f 2887 3311 3361
f 3651 3286 2890
f 3674 3651 2890
f 3870 3042 2896
f 2897 2934 3106
f 3511 3033 2903
f 3518 3488 2907
f 3802 3518 2907
f 3552 2948 2908
f 2909 3249 3378
f 2913 3427 3833
f 3617 3050 2926
f 3738 3617 2926
f 2927 3695 3767
f 2928 3186 3765
f 3777 3186 2928
f 3528 3112 2939
f 3286 3070 2941
f 3442 3355 2947
f 2952 3590 3810
f 3543 3028 2955
f 2955 3107 3543
f 3333 3038 2957
f 3818 3333 2957
f 2958 3072 3492
f 3502 2993 2959
f 3755 3490 2960
f 2966 3162 3763
f 3763 3234 2966
f 2985 2993 3502
f 3837 3567 2985
f 2986 3054 3666
f 3666 3660 2986
f 2988 3034 3372
f 3814 3017 3002
f 3361 3311 3006
f 3006 3311 3542
f 3022 3071 3512
f 3511 3327 3033
f 3034 3369 3372
f 3709 3369 3034
f 3333 3060 3038
f 3040 3050 3617
f 3870 3159 3042
f 3058 3261 3335
f 3064 3734 3787
f 3065 3136 3498
f 3066 3170 3298
f 3415 3283 3069
f 3070 3286 3651
f 3618 3303 3079
f 3084 3157 3478
f 3085 3310 3328
f 3092 3330 3740
f 3740 3656 3092
f 3099 3273 3801
f 3713 3504 3101
f 3109 3202 3526
f 3528 3169 3112
f 3397 3259 3115
f 3120 3125 3218
f 3322 3282 3128
f 3136 3438 3675
f 3675 3569 3136
f 3139 3347 3643
f 3846 3581 3139
f 3140 3182 3217
f 3833 3427 3150
f 3151 3413 3792
f 3748 3679 3152
f 3152 3679 3770
f 3620 3493 3162
f 3528 3471 3169
f 3179 3314 3641
f 3777 3307 3186
f 3646 3500 3192
f 3192 3525 3646
f 3682 3565 3194
f 3197 3536 3620
f 3646 3525 3199
f 3829 3402 3203
f 3206 3383 3629
f 3215 3520 3542
f 3767 3695 3226
f 3821 3589 3241
f 3244 3871 3873
f 3246 3393 3423
f 3246 3423 3662
f 3753 3727 3254
f 3824 3753 3254
f 3622 3522 3255
f 3256 3561 3576
f 3857 3335 3261
f 3263 3323 3841
f 3838 3583 3274
f 3757 3579 3279
f 3282 3322 3566
f 3566 3404 3282
f 3293 3432 3749
f 3295 3800 3824
f 3627 3328 3310
f 3862 3841 3323
f 3336 3581 3846
f 3338 3522 3622
f 3859 3522 3338
f 3349 3369 3754
f 3638 3439 3359
f 3365 3550 3608
f 3805 3547 3376
f 3677 3395 3379
f 3383 3559 3629
f 3403 3436 3768
f 3420 3577 3779
f 3438 3448 3675
f 3448 3494 3569
f 3448 3569 3675
f 3456 3458 3573
f 3461 3692 3820
f 3867 3692 3461
f 3711 3635 3468
f 3716 3672 3515
f 3564 3607 3665
f 3681 3732 3795
f 3702 3764 3872
f 3873 3871 3822
