v -0.018831770880401718 -0.18743908506006174 0.9851615706056043
v 0.4596104257086702 0.33789052863677427 -0.10246326974522597
v 0.20263596265200456 0.30994143978966343 0.9239359476873082
v -0.0872382865000129 0.39472632990981704 -0.6314600270353138
v 0.09455438468412883 0.16689771747060478 1.26922651005836
v 0.008735518431964618 0.05833393599674222 0.635140070750483
v -0.04180376893153831 -0.7348548940869015 0.662365549210894
v 0.08711781190544605 -0.5037611099217463 -0.49742111531218325
v -0.055243627881359725 -0.30478042478501455 -0.8239160813891293
v 0.48567835131068937 0.6270908523657441 0.2176219291836405
v 0.14122826324289067 0.3504941172652553 0.9801873276683452
v -0.22297489495113973 -0.014599217147220178 -1.16953511375018
v -0.10608904310518104 0.40980760647493436 -1.428934681066495
v -0.060254774321133714 -0.816440248843876 0.2796836020532574
v -0.21045591145864906 0.09286652832508513 -1.448095328773855
v -0.004593206221813424 -0.7057215028513261 0.5104672238915814
v -0.45122054917669413 0.6303426832297307 -0.1352313254234708
v 0.13844146397490123 -0.01457996019781424 -0.8596339931983351
v 0.2679300568723424 -0.17108474784319677 -0.16071179540782923
v 0.09870029062075365 -0.4460259277440547 -0.6429261334287273
v 0.3326541216581088 0.7994982186877909 0.3436780556071746
v -0.26616313005510855 0.6113519408074903 1.4292729659981362
v -0.29781957154828015 0.1772621771844474 0.6677844310415666
v -0.3792761963107223 0.3886739181758453 -0.3529132715343751
v 0.3431751457951144 0.26053963466122804 -1.058564722146775
v -0.4471430766069282 0.5605781458400423 0.7560125349119683
v -0.20682204373835827 -0.748733323278827 0.34531391311736037
v -0.32881512335264096 0.8105348747676041 0.244433451037984
v 0.1391551238076386 -0.007611927983902492 0.8615567555225133
v -0.48501154553442916 -0.29400939933653125 0.17671977876002698
v 0.08172801891736199 -0.3010621214441332 -1.5417538754251885
v -0.25001827996919296 -0.3887673042095401 1.0444895872850375
v 0.030655164881763088 -0.4426988659456811 -0.726229001263923
v -0.16964741829336982 -0.16937386281710376 0.15615340764911423
v -0.42355177099452734 0.5294984296397304 1.1689831377056763
v -0.19359828302007456 0.508006538349535 -1.3015923395961966
v -0.1878148583223469 0.6290875742588113 1.3239800689191867
v -0.06593842225459787 -0.1502902259558277 0.10423519726675098
v 0.4760819150182679 0.2076340479302317 -0.271325492707185
v 0.2798298175612687 0.6386852310621106 0.6873616458921494
v 0.2241488399486827 0.34107931672361247 -0.10114177854378402
v -0.1442036144899665 -0.1505533816623221 0.44010478873561076
v -0.1857622641535385 -0.4376452898013623 0.14382684108682312
v 0.2715895044664479 -0.09338560143050667 -1.3150685256961736
v -0.007817270463329218 0.17464948718348994 -0.12125439083277961
v 0.03327712737508416 -0.1268532641148537 0.061047352048201456
v -0.25233333483135706 -0.2666004035044049 0.6717202056887231
v -0.08603226918884666 -0.8104578300184404 -0.10098514631446115
v -0.015798767445887884 -0.7481324420415101 0.5584639158719029
v 0.00408591443667097 -0.047968950785160475 0.9153601636164812
v -0.010009392757630787 -0.1726123019645141 0.38933575715089436
v -0.43071389834109564 -0.2727976830989603 -0.006828326097248915
v 0.0992739476848787 -0.129296489570731 -1.5316331958076548
v -0.34432830820465415 0.6043739241365362 0.2130322149790609
v -0.003015984088383935 0.8169002797355821 0.24524193778531356
v -0.12161050030869955 -0.16925445616955503 -1.4465092070819412
v -0.4802183111409695 -0.05340147860550892 -0.059756949971064476
v -0.477597755625466 0.4016065192436042 0.77950163968989
v -0.4781893474188793 -0.22431729587713467 -0.045096037694123424
v 0.3509906702498267 -0.013807749746020476 0.8094403646863606
v 0.014454883260145584 -0.7988032733551802 -0.006466495476589085
v 0.2855441138789986 0.7346678846979525 0.0013955101007209932
v -0.2138243011114695 0.7976194456098349 0.15069099426379867
v -0.2559677450009268 0.42269409935397484 -1.152811114301189
v 0.26406235960970537 0.15393245078532372 -0.9364308430415015
v -0.15117825780446656 0.10648653129016782 1.521396533753646
v 0.10776843217000978 -0.36483534044990185 -0.7258504564248527
v 0.3379004029088068 0.5908698527533085 0.36233475098276613
v -0.47811633713622853 0.26677142759116235 0.7558409683759318
v 0.47837995053430205 0.04592390005163878 -0.16040731184688797
v -0.16674514513510472 -0.09505975246948464 -1.5159389007026018
v 0.4835071302651708 0.6872387302758269 0.5904907654649592
v 0.2866115862539899 0.08084188564119983 -1.4519842154614544
v 0.006134219865866989 0.0612659082530348 1.2937820192642548
v -0.2597883339339872 0.27813818100881166 -1.1058932352760988
v -0.3021670651982283 0.6149124592143308 1.027570492562532
v 0.335331956427171 0.3108744016949928 -1.183696938787324
v -0.2775883323825744 0.7615611468780313 0.04104609442526885
v 0.36925112337861926 0.09570136825734957 0.8475909919966623
v -0.21391889070450215 0.40689714572286373 0.6173847226581767
v -0.4064649746870983 0.48493662820353167 1.5970975173923712
v -0.13667518131618622 -0.17514306517279654 0.3756734600935865
v -0.23916047958760325 -0.3062462074946812 0.9666677964806646
v -0.2271956419367321 0.49459295428666716 -1.1281082792614145
v 0.2681891103061641 -0.14352028943800543 -1.3273062661890218
v -0.06728690030767205 -0.4989248694713828 1.0881572458424382
v -0.47995317210429866 0.12947371792111753 0.7386730759012863
v -0.002060307119494776 -0.5079223570020439 0.5852300075991267
v -0.059018074722621744 0.8142910987033984 0.2706916576761665
v 0.053774404009079166 -0.7184468204883316 -0.32001101051418773
v -0.16129486905240764 0.012420537424114891 -0.3300010107100928
v -0.23243066736489001 -0.6808976677192459 0.7334017572260526
v -0.14474052061543657 0.22080615730622682 -1.474556547054718
v -0.08094080635269477 -0.3946934439222752 -0.7403423787998328
v -0.18321629541390297 0.019165894208980613 -0.31127388168592596
v 0.4751320015729686 0.1616297552002852 -0.13288830052035622
v -0.044748997292087436 0.4072217168586695 -0.6864774535673138
v -0.48627211290121886 -0.26845932632905595 0.11980681407704076
v -0.46954045135616146 0.5761026034661355 0.47644738174425133
v -0.20858302056506267 -0.17267453106774405 -1.3534642722744417
v 0.42863346974365646 -0.18425485693747545 0.20209457284421242
v -0.47614046563732426 0.5714846649475058 0.662456528125913
v -0.23745591748591902 0.3710468762895721 -0.4549615760569053
v -0.4771645590215325 0.6372760834474838 0.18376088906274946
v -0.18101454464489844 -0.8034327897756096 0.19076631637383504
v 0.4812987175409581 0.44085269067908756 -0.14219289910065397
v 0.142860950815102 -0.10996315652569669 -1.1060890425142924
v 0.46848413309447035 0.5993647610269387 0.2909873635483781
v -0.042650261031480646 0.48957714617340137 -0.2575531632039318
v -0.12909218113524254 -0.49222594295449495 -0.494349970912737
v -0.0755693888339382 0.1373686264375094 -1.557406554499615
v 0.28827865154926047 0.8008186080391347 0.20952682298020286
v -0.2827753680010772 0.8057950207735102 0.3633279925642288
v 0.35671461199379956 -0.30166335866378946 0.014351639905958247
v -0.4107814639704413 0.1929326384243023 1.0410289982063203
v 0.3585792305358806 0.45452768443983294 0.8101051023747444
v 0.07799661203608382 0.40380159110586056 1.495754040950254
v -0.1706378967738174 0.1358092034210484 -1.0025550372226308
v 0.21261326614447212 -0.23460576183729165 -0.09578660060031871
v -0.10076524246220021 0.5413111102678306 0.8613016348459646
v -0.01875648909139491 -0.3208984066800777 -1.5467315764766016
v -0.07042179944894561 -0.10202622514171919 -1.555003232968827
v 0.21603530742129767 0.541481574953769 0.48440618061479024
v 0.21495588421062742 -0.308814060672418 0.02152871851078014
v 0.04338073679186827 -0.7122704421425593 -0.08891771794369155
v 0.38824278118401806 0.5228462215669998 0.7741318664705105
v -0.2026373526782821 -0.7500481355735208 0.6234291841199024
v -0.1782011314591561 0.689856149756436 -0.07890776578524174
v -0.47624337843648223 0.6690927339449119 0.5793105298415998
v -0.11187270512446823 -0.12636519537603721 -0.4806812153187005
v -0.22780621945491186 -0.31412296091176517 0.004579382240967899
v -0.15525144163462004 -0.6624797686872119 0.854780072291783
v 0.25548155788304705 0.43255111471881524 0.5936534312287035
v -0.23176526856644727 0.3491540302244662 -1.299047472706659
v -0.27062377523435655 -0.1849110849527944 0.7383054817570366
v 0.3694488630923694 0.5003017922085267 0.004200159340298843
v 0.37610178312977866 -0.221197703976454 0.650540799086335
v -0.14774175686404661 0.05570234502871818 -0.09088524928493047
v 0.19382853578748718 -0.14907208829358287 0.724923427558513
v 0.08670046499138445 0.39206195466349103 1.4587817321348076
v 0.16957422154377932 -0.21777873092836308 -1.4536249889182313
v 0.014605735014338681 0.2595824829083615 0.6643722894640836
v 0.298647111826536 0.5719905158517509 0.41750085947184296
v -0.39014633741341015 0.7974733063837535 0.1564024596743536
v -0.23821941484616824 -0.6512415927002351 0.7840275822011025
v -0.2371902359999691 -0.24252436860656162 0.7357861777897738
v -0.1178457327967604 -0.26622226550229394 -0.4942225122837025
v 0.10405045090838785 0.4339495998148009 -1.455228180810895
v 0.1011359217867244 0.6346124371173765 1.2118641091961488
v 0.4388336181805698 0.284709072544306 -0.3573581687329909
v 0.2579664163210907 -0.1450445549605686 0.09122466996974997
v 0.07535327365086057 -0.3221860965108194 -1.536395374979889
v 0.0040483328725574586 0.6165855084032107 1.052264834880781
v 0.42649332087090297 0.5904885448132231 0.18487887702685146
v -0.4107031139526999 0.39557572072309427 1.3702113936239515
v 0.12146848030683083 -0.26170435802102726 -1.4992396844050473
v -0.05385795814959134 0.6356042886725617 1.1644505162877157
v -0.019799246121110003 0.03461768058322241 1.3281587421825736
v -0.09641791832765176 0.47816940393210466 -0.014842420891169905
v 0.41960587627800866 0.30725618024609436 -0.46335984360116655
v -0.4536461958856225 0.7426301586341852 0.5453650541001182
v 0.19140421129867644 0.7963232291544882 0.16288705091986067
v -0.0270635912536975 -0.10376109659686975 -1.0164406369159638
v -0.12734432480047492 0.04904803496503138 -1.4968788942880442
v -0.2111534503768749 0.4533770986643687 -1.2991858989820542
v -0.2470488956641866 0.1374065470324223 -1.1723331857922494
v 0.01260750443421407 -0.4008740092984201 -1.3482234833226938
v -0.13284859153797646 0.8057217223146799 0.1868872107247982
v 0.0775806890513797 0.37761656426572865 -0.38722834170182285
v 0.3567102554480273 -0.3334807550289763 0.4460620514757309
v -0.18529321504256835 0.5590872239966 -0.2032705859296317
v -0.32328505637130506 0.5586875575387272 0.9866944305589322
v -0.24753937152167882 0.42815541088919234 -1.0255252553620706
v -0.35907799569641813 0.5772991957210785 0.7574620949978835
v -0.47375463809578544 -0.15838280637980984 -0.1298223432921407
v 0.10374149214089448 -0.18737604228291327 -0.916795823439621
v -0.032812383955266394 -0.8151368449355819 0.10611798785967984
v 0.0749178733467309 0.34111781367088434 1.391502443068582
v 0.3304809511854937 0.25793457285325705 -1.2606665756774047
v 0.13591600659862943 0.5756808152486017 -1.3398870549962432
v 0.09997453788029918 0.49876571146260446 0.8101814351592295
v 0.0872079432434666 -0.38783976679700105 -0.42674682267538444
v -0.47543072161032 0.4785683414737588 0.7737220460401956
v -0.10626262687447392 -0.32097562094464105 1.2798322749436755
v -0.24215439277094622 -0.05465784199038609 0.9535486776186156
v -0.04708539414307375 -0.12633088545913795 1.3598795486730113
v -0.20600296227854745 -0.6684419304223833 0.35534649558167014
v 0.1705240163282989 -0.1318818706407968 0.0696492923452024
v -0.4805489000734646 0.3142054810083393 0.7973010278830382
v 0.3514540066918269 0.23992115451644744 -0.9987308037084767
v -0.3297651215556402 0.355444373773457 -0.7600236252512115
v 0.48284229086754704 0.16692211073662164 0.7873506603875831
v -0.38924704126646126 0.2918999666542035 -0.5001001536405835
v -0.38588756812366504 -0.15809047707302698 0.4158205550238559
v -0.05164051025457457 -0.08424236455918344 0.00673551641591314
v -0.2400713366848117 -0.36060069320153404 0.12626501177481456
v -0.1843556253668272 -0.5671750918924705 0.14245968243670198
v -0.4114829356459402 0.3474089200391738 1.4643175626397333
v 0.29346731451560043 0.21038263842712873 0.6618799553969131
v 0.29858800180666056 0.09397973595491557 -0.4437095506617729
v 0.08924050069203047 0.008539397590281633 0.6113894715169839
v 0.12710959682651024 0.4252517477046497 -0.8959354956740884
v 0.3072521203522715 0.15720347079255642 -1.383130857248234
v 0.01715090703159562 0.3840916965519324 -0.5325369762278143
v -0.24727263904025074 -0.1786952095188919 1.3516094008678432
v -0.2337972835657321 -0.15790450172801607 0.9825423373102184
v -0.384289173516813 0.8111586914385005 0.26072945800581215
v -0.1415161003915814 -0.19376558624380852 -0.25039547716083554
v 8.70292062060303e-05 -0.1746787285899381 0.16832963100341133
v -0.39639486151329495 0.12249831178731883 1.335303917989172
v -0.19713154335064328 -0.4400158270538481 1.1621077287061607
v 0.28128127621966065 0.8019599382737754 0.3309634004888102
v 0.25435661978755736 -0.13000453844373827 -1.2725185499751557
v -0.008887946679374915 -0.6882507880666563 0.5737630875317947
v 0.09090976968749712 0.8029406696187402 0.16938839028685812
v 0.08689444146326125 0.19213228841615831 1.327731749842269
v -0.3369833245964293 0.28600923870846573 1.5574508997281762
v 0.4794323190871802 0.4969593384118604 0.7671998223759551
v 0.007679878231872318 -0.24801010731087592 -1.1424531978817747
v 0.35917226321019136 0.4023530142092635 0.8316661220449375
v -0.42261506279886457 0.6337225999297308 1.3228433834064977
v 0.0816571953833673 -0.5779617127577261 -0.4986639344166244
v 0.05225164717357332 0.6033364051326718 0.24062538929296143
v 0.11718972515146106 0.4205074354555436 0.8517403221443611
v -0.4719282113732569 0.7856151108708337 0.31269603113170985
v 0.34314905737510054 0.1050910974713767 0.650428393424794
v 0.008876097552935894 0.5408435528923778 0.831083684083108
v 0.43595602646450105 0.035839988324299826 0.8258192985877221
v 0.221224292466897 0.5505522422824807 -1.2719347558901284
v -0.48076072651692986 0.23280935629205005 -0.243806074543694
v -0.2893921473552704 0.48275148994369776 1.601568503011001
v 0.012672038946879894 -0.7939182294212431 0.11115873168824145
v -0.2580851957616605 -0.2470178150156515 1.178053720276688
v -0.15016187737094477 -0.7025872648201112 -0.3149241923999876
v -0.010872056626704513 -0.7862992919755631 0.3771195959684279
v 0.34443237370853 0.3811779641526476 -0.3442202506131153
v -0.18515075430066041 0.19941436485955444 -1.440725934948073
v -0.22774743151429586 0.6438964734796906 -0.12953237024941372
v 0.028720519528065976 0.5349406028863217 0.046345942542272055
v -0.35024497200654603 -0.20692377840548826 -0.10379184669037538
v -0.09739475081842348 0.10199464442275513 -0.8828835727164805
v -0.08910161672505618 -0.38269319450440675 1.2228168382015705
v -0.13282029941776652 -0.42219036739222593 -0.3976182456771604
v 0.1603271564901398 0.36618959897810593 0.9107727887244172
v 0.061967964756662636 0.23305900162118837 -0.12357088657584112
v -0.34531763398038373 0.1459065577195836 -0.6180188458653747
v -0.4775486470141729 0.6646191716922069 0.10905746964817913
v 0.04387423002347514 -0.5711002040209859 -0.025349663426179878
v 0.011193661243015521 -0.008929367767291599 0.9835174746469931
v -0.2716829244032226 -0.09003251901827913 -0.20827622311891547
v 0.46653499417409894 0.7416839236730594 0.036517982116940254
v 0.18635338130383264 0.5071666064955611 -1.1222823740045222
v 0.4564820529102852 0.7708623381987951 0.4559599878580589
v 0.4752921936256852 -0.15153894419617836 0.5894591964516241
v -0.23405659127265332 0.2864861363824419 0.661465185116927
v 0.19205581154358356 0.1139158657612834 -0.8208018970296991
v 0.12810717800220528 0.7763455341721139 0.4791858860748662
v -0.47537844306105254 0.4365301835990552 0.7976393128146797
v -0.06951545146136917 0.3579771711665358 0.6409960988939021
v 0.365161954246274 0.36847815858329686 -0.6317506611880996
v -0.15085577170807712 -0.6162432398596762 -0.29568492345024683
v 0.03190686659314851 -0.6282768838112855 0.08641833203589362
v 0.09528531813609564 0.3900035630680128 -0.6403437358296963
v -0.17558995014525594 0.06974515330373282 -0.42317413306284546
v -0.13936466179320786 0.01583444196175482 -0.3798741703589343
v -0.24402240162102123 -0.3228715320295067 0.5967711923630674
v -0.19707475569174376 0.31149948973138686 -1.378846389423894
v 0.47053916828503445 -0.16042629757165433 0.07643914692248939
v 0.09092556852274915 0.596182499282989 -1.203202940218493
v 0.060186578275834374 -0.39989180316947787 -1.3413675685941437
v 0.48037926601298486 0.5297189522232002 0.01876424442093121
v -0.11827781059905595 0.811115448060037 0.22883064339414938
v -0.012082955981382117 -0.7005294665285321 -0.4322752792604232
v -0.15950648158557176 0.4281294750330382 -0.3073254272868718
v -0.4101272192852988 0.19455700279038834 1.2116817275776115
v -0.24429086315952625 0.3153481843177175 -1.2746522911658005
v -0.013726221314534756 0.4674529115877049 0.5751229231166488
v 0.474623624889268 -0.18049425950436893 0.5048981005621547
v 0.21347672673592447 0.12307581685101708 -0.774107761380673
v -0.05258950831671555 0.38154079491416565 -0.08220799329584279
v 0.4846654798459413 0.6507401491963823 -0.018421908071236864
v -0.26592796134110464 0.1048575561052099 0.6538247192154849
v -0.03992167335174822 -0.1886954314933989 1.2516808694670227
v 0.04049197401095922 -0.3952086859796636 -0.7619582706049086
v -0.4294754018793469 0.577272886931045 1.5316205838619168
v 0.0326699571164384 0.5942539056290612 0.18060788567678793
v -0.23317511119421291 -0.3952321808140619 0.28599755909742636
v 0.011637927202549508 0.24082287473361208 -1.5403002300181405
v -0.001486412733810144 -0.44176829420748753 0.6257288300322339
v -0.3735572213679606 -0.042285743591735536 0.5771822979014453
v 0.16801354411336059 0.31055650946593527 0.6508913060782949
v 0.25249074683151856 0.16731067393581417 -1.4687113339937998
v 0.19750386697454458 0.7009412533374836 0.6165019034080786
v 0.07161425552813586 0.5460370639991492 -0.9631024129818527
v 0.1873627607513468 -0.04386466087916202 -0.26650247445799813
v -0.2398452709477717 -0.21737538598631667 1.0230954724773893
v 0.14641851965398778 -0.07010157638314213 -0.9657519725822449
v -0.179593853031552 0.7708716445942387 0.06336183055800654
v -0.005823786314396208 -0.16899708093819038 0.8609768941947592
v -0.18451261357848944 0.5825216600581186 0.13979683282897323
v -0.3775509533302747 0.20309208621374758 -0.12000004468115888
v -0.3737074628667148 0.29930972209665374 -0.5889213240883757
v -0.4770897857787248 0.4851118223691217 0.7076258897061768
v -0.4100703468686995 0.3621739486746106 0.9973072811879554
v 0.48132609427800965 0.0421875772237693 0.7466384350177935
v -0.4673298179802126 0.22923329332305703 0.6832419300847783
v 0.10109915389652945 -0.13978103399372116 -0.47290186545028423
v -0.10099188455159923 0.7851223804585253 0.10406737702104789
v -0.15771748386329698 -0.638748833240078 -0.22053335617348943
v -0.1779604704462019 0.5369374942947887 -1.2966794103790087
v -0.42745182874696713 0.6081167224526742 1.0799660074558306
v 0.16800339014091856 0.5719033679847649 -1.120538840312447
v -0.45392047180233724 0.0749835181852648 -0.10218255224332264
v -0.31315632477228544 -0.2788458060933196 0.5863898828184946
v 0.03016436694501144 -0.4624994851415287 0.247932655724753
v -0.43667307660523236 0.7223429793865784 -0.02512224156594224
v 0.24267499151496513 0.7319344149747087 0.5640969804100966
v 0.10750827688609005 0.3678837019796286 -0.5018639952775427
v -0.06730019031500854 0.3764498406242129 -0.45978713703708757
v 0.28373857145371306 0.8061241688251078 0.2746807957711487
v -0.0446485255146852 0.1241987038101704 -0.11268516700792079
v -0.41589020042582264 0.13403308886915083 -0.358109274517522
v 0.26450045520869025 0.4282942100984668 0.8268667172909289
v -0.0881314800925726 0.03594881721090728 1.485430468350819
v -0.08766649935119528 0.6695135559246673 -0.10527897138886426
v -0.47701340213961985 0.6720256893905228 0.2823004112784276
v -0.1168770878997942 -0.22189136099202672 -0.46929688315410234
v -0.4151735062674306 0.528165886034228 0.9965492761266566
v 0.02968251942136395 0.07674349487111094 1.2390779589001404
v 0.47777871331464583 0.7859590406652851 0.24566372600284733
v -0.10653280051851592 -0.06138956973711593 -0.5107292607964378
v 0.4416340634382351 0.2444053114816338 0.8551331050631983
v -0.4083001484042514 0.04683697780058331 0.8845072759725079
v 0.337965801950011 -0.3466099770088472 0.14532561149327142
v -0.3369414373411634 -0.10437672567396053 0.034583811406362304
v -0.07902134957881078 0.27159202177013353 -0.11398472291664152
v -0.4140681641521463 0.183765686348561 0.9201682984135743
v -0.3500294162242874 0.3931033216669286 -0.6341131634106397
v 0.08009872165314465 -0.3902094734240284 0.11832514777442223
v -0.22227327071178107 -0.3905298236263816 0.20086211113069297
v 0.4657065215611447 0.666736300373681 0.6414620289215178
v -0.12309031889346138 -0.31266484029816494 -0.46576228365187594
v -0.24649015595523513 -0.4995977438989523 1.04742164429903
v 0.07030317257223549 0.32562946282492733 0.648409990512105
v -0.1672137535060356 -0.16675669760959422 -0.21017262579844026
v 0.470551898891552 -0.1532554062789215 -0.12632673233184533
v -0.06559196668069084 0.5034713063944191 0.5374362086007063
v 0.3740234226202158 0.11271425585050936 -0.1115782483994192
v 0.07460759235911987 -0.575277097372676 -0.3906304818707236
v -0.4033634531280257 0.4140692575264744 -0.29773475451804016
v 0.12391736757705812 0.16836024548459722 -0.12189490477054638
v 0.4847443892645017 0.6446574959151041 0.6506361345471264
v -0.47445726247600234 -0.3392853522001264 0.25365705516030507
v 0.1848199280466057 0.09864790188647637 -0.6999645564590316
v 0.25128889959918493 0.10428798436221762 0.8781641453280504
v 0.15801537327518994 0.8080532032190749 0.23366579894595474
v -0.016814656284750516 0.7658894005301136 0.5177891195023672
v 0.2597620590470337 0.46968703979805215 -1.3421596123477024
v -0.43374249437521734 -0.10012263500924712 0.027309956459851632
v -0.08980864850566526 0.006559966267983761 -0.68740655052153
v 0.10742953698292934 -0.20407278365563242 -0.5695033859073512
v -0.4449923499732334 0.0006626102701177139 -0.06354707698679878
v 0.3357139254773152 0.41933386339187995 -1.0099425013900205
v -0.4002284692290523 0.17884999403035812 1.470020094588724
v 0.3030120994657332 0.4538519621535485 -1.0589623205167717
v -0.0531060217396017 0.6322311525885496 1.307424822050597
v -0.29771652313680247 0.40379953996952417 -0.33914316268285793
v -0.31657790835753175 0.3798063302959744 -0.744675192416167
v 0.14532945101707462 0.060749835570187864 -0.756329138823988
v 0.16302131559219313 0.5620966647905556 -0.19926454714929945
v 0.2559057023646366 0.4050233733491989 -0.3142656759267727
v -0.41222951536929936 0.3388546135694886 0.9288889842480651
v -0.3051654196850434 0.3835198193995043 -0.8201275647696922
v -0.060300950316012014 -0.24039027143357738 -1.1580916207110863
v -0.11106616780423521 0.024577758102105635 -0.07620635142408123
v -0.016409005933268217 0.5720745785384621 -1.301025717421159
v 0.33324371316980567 0.46274279059471835 -1.1481572554693629
v -0.21255322378989835 0.115001289817103 -0.5776640098127729
v 0.07987323226846359 0.44024465589190337 0.8735512075137118
v 0.1012257819001054 -0.3670268355372245 -0.5855662583459718
v -0.24741296388812248 0.5235359288737595 0.03183713643348188
v -0.18261131190391336 -0.05927915386546978 -0.018210488464730924
v -0.26953053651861075 0.37286887866016855 -0.5164903603160249
v 0.48148679487692536 0.4929363480915581 -0.1210455478603491
v -0.11597114674917704 -0.8051788322956003 -0.1263699248556889
v -0.4840799736553773 -0.1525907194451575 -0.06523880677272566
v -0.39566943731181836 0.5654618675538616 0.4576912486351958
v -0.1979097715991264 0.03468982633733476 -1.1077181024569502
v -0.3878314859697258 0.5309833506380232 0.9419577739879431
v 0.3322291126479807 -0.19485462097764172 0.680201264554198
v -0.16326926576733441 -0.7532845744392147 0.6480597886478646
v -0.1317616248920196 -0.8058671156730025 0.4275409175652795
v -0.12832014019884846 -0.3864150068140619 -0.46799171628565156
v -0.242177124786046 -0.6043209336225899 0.8552782950030414
v -0.43333799672845297 0.30139318501974754 -0.3201681173866297
v -0.18975021564072278 -0.14410918593656352 -1.4265566342818023
v -0.4109512675463209 0.2593301592359079 1.3965761237393055
v 0.1760530662172366 0.5869059046467217 0.3825084735733536
v -0.453758398128684 0.1280210387518477 -0.11676543658178173
v 0.017115105379178954 0.5914564946970504 -0.18265064795241373
v 0.02831453014578428 -0.014567856798275644 -0.05431903156100557
v 0.219707248300361 0.8025658710700034 0.20293123305097216
v 0.06210501795732015 0.16738832894041678 -0.1211662258733956
v 0.4664686627981963 -0.33531340296667383 0.3501303202659589
v -0.24127803205757672 0.4573947492495804 0.5861015201720648
v -0.37344139149534555 -0.2680248244565447 0.5870975248545426
v -0.1483002422998985 -0.18602539443272292 0.22522464400556935
v -0.2566875582426733 -0.3518807701863419 1.181195620403969
v -0.11822242991797394 0.6361790475867848 1.2542154298202584
v 2.1731874241558147e-05 -0.3612724996820854 0.6636115552048495
v -0.04714614846232626 0.2933935837925009 1.5626878576318908
v -0.0059994212200254644 -0.5055906726791692 0.6403519234235018
v -0.47834504731350386 -0.12049992864333442 0.526257752889044
v 0.33792816953127763 0.550930176866112 0.7588171163453863
v 0.09393790803003954 -0.21332278132568677 -0.22045468407648863
v -0.4689250256975503 0.6027551876817201 0.145159096516146
v -0.17987870670920802 -0.683346605844093 0.03583753035100415
v -0.09804906330972583 0.5273066463762281 -1.386980331605403
v -0.20885355019144403 0.5860386299587761 1.504860187852123
v -0.21213246961630278 -0.10451004953582463 0.51085232897662
v -0.4795608965178527 0.6556040715115168 -0.06779367507084544
v 0.36292255410699614 0.37818030467897124 -0.6859921140264325
v 0.12961793314741235 0.037804705709903734 -0.6197863151318876
v 0.31165421491246303 0.3445034599913943 -1.3002574058235583
v 0.1328455233092419 -0.13239470557950944 -0.854569703680755
v 0.13355940351199888 -0.14760569532847728 -0.891957698159346
v -0.16826522362729526 0.8091868544061092 0.3314344668330367
v 0.22190937200324493 0.07239532315956398 0.8853648035249706
v -0.03584377699348308 0.4724744662730205 -0.020810312246851162
v 0.4592913977264347 -0.04605051110367467 0.5808763944432495
v 0.36115172843556914 0.21857819945642865 0.8633281744978393
v -0.40637023253020593 0.12750366080042308 1.13478586378948
v -0.40976120163426644 0.32670273262658833 1.5136880582738441
v 0.11263032030034781 -0.18682262535751243 -0.6233088451376554
v -0.4041602772158559 0.17869807432914692 -0.4226671633569624
v 0.10804860722263407 0.11085080696468629 1.1286487452102782
v -0.2309398811337676 0.47640312127338963 -1.2461730259545876
v -0.29704715767800677 0.8113347501326289 0.2714071313236806
v 0.22571936622382405 -0.18473939975597814 0.23222700308792035
v -0.03916617711836489 -0.22647466751449769 1.2187978145416212
v 0.47658296863670147 -0.044096693558271505 0.6474472277995084
v -0.17436137033438964 0.5504046282724218 0.839616089163152
v 0.20284678895461156 0.0330007409916432 -0.3295986998119846
v -0.3319058637322927 0.7391562456450514 0.00027748823353906243
v 0.12030618101724724 -0.0443184875072391 0.5733364003192096
v -0.022407833849394737 -0.030829248721485042 0.5878159989246314
v 0.12702056733858774 0.6167533456004538 1.358996170022094
v -0.4108610175475206 0.39566249565620076 0.9368340862743081
v 0.12343450296101244 0.5530588664978457 1.0869569072971619
v 0.092268028779134 0.38148788915791926 0.9758165765055581
v 0.32223373881390516 0.052900357180915625 -1.2073385565703558
v -0.16807734970980767 0.40776199634059357 -0.7478528602927847
v -0.24655411411554196 0.8111970358219126 0.24588019716826434
v -0.26146885875199394 -0.22973577087084796 1.2361121683216079
v -0.08631007102587515 -0.4741278686270751 1.1275145854770448
v -0.3540302339303089 -0.35269500350572125 0.3003304929790277
v 0.10936209729721016 -0.1457974576083365 0.44644261354805753
v -0.1819510663736215 -0.7987478079163984 0.41908096336706735
v -0.23783410634264993 0.17545909273245752 -1.0543274474097122
v -0.1589832892559374 0.631279628746953 1.1307414636741957
v -0.419373928356599 0.4675148355632154 -0.028235188462954634
v 0.3506375357691715 -0.31764281257421767 0.05228188024510984
v 0.13645014962308438 -0.15566876312137162 -1.4926684029841335
v 0.18473245810036049 0.34666688332852663 0.9132089453881271
v -0.097018596146489 -0.11343166197358001 -1.1316453536884767
v -0.3805221853531378 0.4469938437248023 -0.27829610155517215
v -0.10701466499370337 0.40305567249256025 -0.7006443471149089
v 0.45527418788126217 0.0791792277463215 -0.2933014860758438
v 0.05746324557349265 0.5167421754422794 0.8405768685455721
v -0.42934219667826257 0.22886661456196578 -0.3331099909467522
v 0.0005942192821086802 -0.25315252647617764 -1.2352956634958725
v 0.4830316395690121 0.6271996643008116 -0.08807853195747628
v -0.012115519889664503 -0.41923420528839617 0.764416752446759
v 0.31791658842050335 0.47262602999189235 -0.25341119002458
v -0.41472078148945163 0.619154276964106 1.4059785157536902
v -0.26864161471412346 0.592424342871638 1.4889471331237571
v 0.484761781544511 0.5974844284073055 -0.04200950129638431
v -0.08126085142732853 0.3932759222469032 -0.37787385473939333
v 0.25384597159750083 0.3700274106757758 0.6286498346421658
v -0.15740147325517606 -0.4939450155743934 -0.15022577620086175
v 0.07933771616927106 -0.09574013642926091 0.021710727195438116
v -0.05465040874010928 0.5493335621709569 0.9833045802565098
v -0.145685874096484 -0.15236685740831357 -1.20392232967174
v 0.09893642557253587 0.682016740581906 -1.0660269595569727
v 0.4230004899631627 0.339671643892963 -0.38234460303646345
v -0.43081570929015556 0.563972352688237 1.4362474906518565
v 0.27081734486927406 -0.2014444134802027 -0.12965948984764883
v -0.28550105696747474 -0.14203011346232192 0.09044061039151717
v -0.2564092987140656 -0.09727891247003839 1.3571125996583266
v 0.33343441799446827 0.36234766805622326 -1.2081170729950184
v -0.0821795570875431 0.5370817179968534 0.9070798109842512
v 0.017347002445968675 0.6695676652402517 -0.10826573102233991
v 0.21472629255327366 0.3818212242398895 -0.6344150025313456
v -0.14535170838905523 -0.804965954856657 -0.08469615728418059
v -0.4742273487393891 0.6246692401233286 -0.1302214333976546
v -0.2573986075382553 -0.19058530783003524 1.182249870577784
v -0.15024704190775412 0.37477038375322425 -0.4936426509559484
v 0.310340165437068 0.11091830799684686 -1.4024193026154275
v -0.37955620184794686 0.36688986709426696 -0.4063402706833089
v -0.0361555327650715 0.28542915701069205 -1.5119386763004794
v -0.3074604717300429 0.6189956444530667 1.400916057002427
v 0.1626746735513464 0.4679024325246296 -1.0561552472069782
v -0.020322963948483413 -0.04691381913126727 1.0726849311532927
v 0.13233653637010245 0.42107470178909995 -0.30551803714372955
v -0.1800105896901747 0.09223682946981923 1.5169716393721946
v 0.13757657945409144 0.6758855380901536 -0.09540052927750178
v 0.28393776899990064 0.35783781255644237 -0.4884383925728361
v -0.11894395526525736 0.5631015520799778 -1.3299580464411502
v -0.31529608375961965 0.47879861119271144 -0.25440109215266865
v 0.11852618456269651 0.6253554554128544 1.2326265248668147
v -0.2915074961250478 0.3684404753099435 -0.46015483289057696
v -0.2656989290845699 0.6997228614021392 0.6261655864595611
v 0.2153457187753177 0.41186750675746986 -0.0678043884441065
v -0.039715169691833585 -0.6401920195469646 0.8516914169515476
v 0.3757196276126948 0.20089696349687133 -0.805247943724058
v -0.003499458959868546 -0.7452778366136407 0.4514711861709207
v 0.4509061659164103 0.6361757250849506 0.6807841602076067
v 0.004377328360295377 0.5692182440535157 -0.9599168626391488
v 0.00805528703604812 0.4162017273516215 -0.7858830638631394
v -0.2150720531140419 0.01949022802322678 -0.29175269167494394
v -0.2668052882922524 0.03244893446253948 1.1655168868126091
v -0.3291303880930032 -0.0904247437501052 0.530387673523477
v -0.036694676493817614 -0.8153207352411767 0.055703497733436115
v -0.20630044485348115 -0.12014728575733835 -0.20334474891700052
v 0.14559967551573652 0.8053281753627362 0.20448138357506954
v 0.016807061994843966 0.6528553454023001 -0.9971598536448362
v -0.2369668147031644 0.1901143940496685 -1.350897470092183
v 0.013505003717926161 0.14745835254305806 1.4868273430505077
v -0.2584659782040068 0.10236003486680866 -1.27383863419878
v -0.19697601297141848 -0.44462749350268893 0.2659563636463244
v 0.18457730065501501 0.3885189302458995 -1.4369546580447856
v 0.0061778361782098175 -0.7131403443192001 0.3611781813136924
v -0.47456395546857355 0.6080723094179528 0.6006407881981811
v 0.06892652105973116 -0.3899366214366712 -0.23138335884669298
v 0.16164546080206735 0.6703039892819288 0.6569360557162002
v -0.35291973854687364 0.5440118804704723 1.599833258621971
v -0.19262838370915056 -0.736757161999256 0.17085880076693657
v 0.47642928597533335 0.6042280900381742 0.21033264833575716
v -0.24530086981401927 -0.2702086913508809 1.0517484231671348
v 0.1026358618494306 0.7400983783335046 0.5604694864688345
v -0.48092825858645344 0.056943401173002436 -0.24904916890487758
v -0.4109098888372541 0.2361133300929845 1.4385726994864627
v 0.07442024393937134 0.7919047933097656 0.44928170831685443
v 0.07187310554347788 0.019433779395126652 0.9447848501149011
v -0.39651713297109864 0.3680890868379052 0.6382750546494563
v -0.017080015691441026 0.6055277985107547 0.30612380042455783
v -0.37827313978761695 0.34118512823610525 -0.5370795990543572
v 0.4610489164389852 0.30486496211484504 -0.29899806803430506
v -0.315886505896775 -0.29610367734212595 0.5509787260765862
v -0.09558427549500668 0.19090103026197672 -1.5247734500310712
v 0.1556943684224964 0.24525683818894725 1.0223583008587136
v 0.4744437690501862 -0.2092780930342229 0.53763759289555
v -0.02041902832549345 -0.4652374470228646 0.8455120212316605
v -0.2875432259392016 0.18355172401105957 -0.8866122164967437
v 0.0825830037388293 0.4495088589524526 0.5865702980583954
v -0.06916158806449525 0.5627765063010528 0.45068049854055964
v -0.09898816167252433 -0.026766625700732863 -1.011694324385141
v 0.10658372294458582 -0.14730136433139576 -0.5374451081591906
v 0.30669022765688564 0.0394840778231925 -0.311789310210254
v 0.4773932522472678 0.2961705003126878 -0.2496465750765006
v 0.19403344600264463 0.16415041529074548 -0.12283463034032374
v 0.3905470548667612 0.6868220953264441 0.6289620311537935
v 0.38638982530143645 0.35330027519189044 -0.6170260450239513
v -0.19908102130181415 -0.7837694780535189 0.41505787133752525
v 0.01776577328938776 -0.3420061252199326 -1.2957699602596178
v -0.21809251240897792 -0.2939747334372926 -0.03562904336091299
v 0.17411791231734036 0.7295058017462855 -0.015081997005566035
v -0.1114237266368226 0.5702408626537465 0.11142037870767853
v -0.2443542110643942 0.6232108482850889 1.3757040824596536
v -0.07277624968999998 0.5400638837629972 -1.0517691379489784
v -0.29997463777620725 -0.04646450161282223 0.5733334168481748
v -0.19524466743658167 0.3762164348703658 -0.41348824349400226
v -0.19293137553457448 -0.68570520921244 0.20093740987123976
v 0.2958839260537248 0.36256946200519086 -0.534632373035047
v 0.32214942185409434 -0.06328788794065732 0.7850259431476361
v 0.10254795116314613 -0.40676928025686987 -0.6870382613641416
v -0.13678612914528995 0.5224804242859871 -1.3614344286767603
v 0.2506187543695506 0.6811155628140204 0.6394903614045262
v -0.34211545417696926 0.6088376883991387 -0.1625354251262628
v 0.2929518859912723 0.37009477609561664 -0.5803152645671622
v 0.14664656872120427 0.11015396305959918 0.9907708521332201
v 0.1699962301313327 0.6313976284166842 0.6987182283858168
v -0.48468812710334136 -0.26120816949456516 0.45898778716980193
v -0.2527623952595379 -0.06506525690651269 1.4179623560808678
v 0.3741116553857597 0.30059841206825366 -0.8324571656576378
v 0.06725314979159178 0.4388948556187115 1.026247187546313
v 0.25274074814299624 0.08874723630621321 0.6459575095154041
v 0.4696243106243931 0.575304796188987 0.7251022663051965
v -0.007925150063698353 -0.04149107234948152 0.9901969577475355
v -0.47870035159127516 0.7095121892678795 0.31399928247614406
v -0.009081228138112952 -0.09290924620580945 0.9269789355788643
v 0.012493657891775495 0.6040550995727804 1.0178288154756474
v -0.18941637201255343 0.029722397919143426 -1.4303351833957372
v 0.15835216647131406 0.3841617233635486 -0.6336216026545894
v 0.17883944169672675 0.19625383498984622 0.9695827663423672
v 0.05379623759256054 -0.7230799136836945 -0.21549468043280415
v -0.04454832496192248 -0.396557570869697 1.15409341354222
v 0.0651921646104982 0.7535454586393532 0.02298970393463528
v 0.26848143961294685 0.5116558828258184 -1.1740588186581162
v 0.22998511954803685 -0.02839490587255203 -0.26532417291468285
v 0.007436589730222754 -0.2529127469433019 -1.1717028936330844
v 0.2607922041310111 0.10701860622674644 -1.0508251405911286
v -0.05314221327743767 -0.2298203760068383 1.317572064731264
v -0.20082123249205527 0.7312228062783077 -0.017020185231116876
v -0.23947713435424298 0.031100083475585946 0.6245788036575886
v 0.16252650014046857 -0.024359998619650824 -1.0037449675223655
v 0.3997358235744439 -0.13330525754899847 -0.1861020662480073
v -0.15684710704353688 -0.26769308281933163 -0.16224341789873942
v -0.42431801450425166 0.5003355088215271 1.3552368100514054
v 0.2701099740578656 0.3260240777238891 -1.3822299846080677
v 0.07224334412796285 0.5823691470530084 -1.352034765860311
v 0.14934338921503293 0.302510359309931 1.0396323269251113
v -0.14951422683485063 0.06071461027013019 -0.46721270826632977
v 0.03557484081185891 0.810614140168504 0.39723168275968446
v -0.01613669639519 -0.1211106417738339 -0.9755413343510649
v -0.3636921370700945 0.5400390836600213 0.946568796278265
v -0.15599610583396253 -0.032046691370591074 -0.2917701348095731
v 0.0507021408079948 -0.6712173721585928 -0.15413834418979938
v -0.11178382820040549 0.3800737069359213 -0.4147622195289083
v -0.26104483293118413 -0.007153948228532783 1.4025070098832322
v -0.24609889746118738 0.5582633961055976 0.982939325424776
v 0.17816429576280127 0.1615722555767069 -1.5330069316552841
v -0.4050295691370579 0.2286478210355729 -0.4272830337877157
v -0.05306249018495872 0.605482436189795 1.0215439149754744
v 0.04605419806361821 -0.6157632061508056 -0.07789942038166577
v -0.2653747986888033 0.26310340251783204 -1.067715519404925
v -0.29348633414344677 0.43642457550504204 -0.2892745799498084
v -0.25876217246190275 -0.1612979288053722 1.3306486521795282
v 0.4045375337378885 -0.3536252701161954 0.35321894170311435
v 0.4736465720284767 -0.03504662235062342 -0.22779612481285974
v 0.11022686315724017 -0.3681746243085938 -1.3499610500726997
v 0.06517338230421142 -0.588905406592344 -0.2840405207594288
v 0.09273936634800008 -0.4938267955346426 -0.5571940421096695
v 0.01606358440329937 0.6200562005997502 1.3775657344822396
v 0.053398605319484066 -0.573054648773368 -0.14392217654761444
v -0.24207343221604946 -0.3798902065157459 0.957155066892615
v -0.17111884586584647 -0.6938480000978133 -0.0872974049956583
v 0.09676740822721341 -0.11602478989741208 -0.3440166456665355
v 0.1447469622006252 0.1835327043832132 0.6624040461581658
v 0.4826031215901102 0.7463297644264796 0.11767020807614097
v 0.4662688549965698 -0.30650214184514835 0.4675326007771039
v -0.18758235100011827 -0.17466082776372976 0.3742539042334181
v -0.02074709147853302 -0.5329803946103497 0.8088931859276688
v -0.2510550870083786 0.17311820372337916 -1.3047429358634823
v 0.39820415022891387 0.36715456539089864 -0.08768323899691567
v -0.18120496129338154 0.4515559608223107 -0.03718294017534375
v -0.0423977000374675 -0.14562114464110848 1.3022268696403538
v -0.20750366516055233 0.6033047905106278 0.2192698561902849
v 0.2779392631630336 -0.0759749629034906 -1.4243938890062688
v 0.15041252284094134 0.264340102116344 -1.5059359325786197
v 0.11637822103001683 0.5574216843399269 -1.2241713679544144
v 0.17900304100897732 0.028419078768549336 0.6221794826902336
v 0.47429054408039734 -0.11015513271585703 -0.013025300564084864
v -0.15877581935824447 0.1791137260892115 0.6674709462129013
v 0.12935962558134936 0.07005850252007842 0.9849711200540413
v -0.2227868684697924 0.6013997425457184 -0.17101039838888837
v 0.23234351949790422 0.14312642040680237 -0.8838384021083712
v -0.20872722731558754 0.6000350588204327 1.463081032556621
v 0.15477218769658796 0.4981426576110068 0.7986046352098118
v -0.30632915985552445 0.3729572131349522 -0.4204326283096559
v -0.22730431825947986 -0.15577135384127017 0.8933189915766376
v -0.40916032039694955 0.1433243296359522 1.061447365421755
v -0.4731937624927978 -0.09018465908950996 -0.18692774185686648
v -0.13148151764555518 -0.16235439963092302 1.3958611755895303
v -0.19580998434304148 0.6228898878272967 1.3668608369911794
v -0.13604904228431403 -0.3789351398022957 -0.3338790314605716
v 0.27605209907279243 0.30068579725679906 0.6514709639875693
v -0.12226082918810896 -0.37864611604580706 -0.5245215592137756
v -0.09534788627012493 -0.1538723914792099 -1.4760067512991522
v 0.2602708595192335 0.372355399562937 0.853411710082324
v -0.02946767560378405 0.5883630759740835 1.4947418305955649
v -0.07434797952447918 -0.05731796240017964 -0.970826958521546
v -0.2627253238461109 -0.28120317199924877 -0.02272315792014684
v 0.08374276029741741 0.305283275266685 1.3349552417635286
v -0.16700964001325674 0.8091382543410152 0.22394558250867236
v 0.12255456547270926 0.45847674909432606 -1.0239142827125607
v -0.2946042712529288 0.25314064344665876 -0.9296696026636839
v -0.024945987929104088 -0.3491832885824544 -1.4829005527195354
v -0.06609435947078197 0.5389859522878444 0.8619529299631522
v 0.32445596704319346 0.47797622418260644 -1.198327897693138
v 0.004933643999031113 -0.5533608242793315 0.4704886950747738
v -0.07315272644119389 -0.3215490745902865 1.2669265590183092
v -0.22166949076112932 0.00904482470602741 -1.3647499295248744
v -0.47027070674652943 0.7301856432567827 0.0041554581293979315
v -0.450707985462621 0.3361900179531429 0.6553743950964631
v -0.406549918853888 -0.21574161351554721 0.6534234932159348
v -0.23800390991852952 -0.4153803743854546 1.1690676072293469
v -0.20915828802548486 -0.4981377755674953 1.0963489927752448
v 0.23206268333522106 0.55355386841651 0.07591317454029996
v -0.006218672437997553 0.2947058703077391 1.5595517040766596
v 0.41424232427379815 -0.006568238619489047 0.8106971857628169
v 0.15413338586435818 0.5524640539118382 0.7665326606173554
v 0.23714072055171675 0.8078104571667043 0.2708559180984758
v -0.21201548703896975 0.6513602704315652 0.6956049255064649
v -0.3674599050046084 0.42234849135706626 -0.3050498864643778
v -0.3742913417094418 0.6886027698425936 -0.07788124833081793
v -0.24216766582674276 -0.24776934458868188 1.3125506287067283
v 0.21683140259290917 0.4183021757177653 -0.877965507182682
v 0.015762016507232923 0.5435827691876716 0.9887145116740783
v 0.3359489585789994 0.5589416780744176 0.0887053490509473
v -0.054955248283389935 0.5696853606889293 0.10984624175452358
v -0.04437350373021179 0.4172564352170155 -0.8038734620086698
v 0.1480711083341239 -0.3518234400781633 -1.4514151692162012
v -0.01993743507494551 0.5753201542841998 -1.385223168875192
v 0.17892584369595388 -0.04042198957819301 0.5778268802088048
v -0.3017035253377484 0.1502519324270355 -0.7377973593464355
v -0.048839624256870065 0.34637826640899727 -1.4827887064588132
v 0.3344065718602083 0.2656551178295174 -1.2128165992755238
v 0.4722434930651591 -0.052793884558363924 -0.05004188680193294
v -0.039368205571727447 -0.0747010885778244 1.3092313985198207
v 0.18783591213498968 0.12314630135421237 -1.541645165199361
v -0.39340615245272276 0.5306855968384498 0.8227933808969157
v -0.02434141125607374 -0.8120826351245657 0.24943549450079408
v -0.36910834055745184 0.5302686567613476 0.04499910878857495
v 0.3147446501643953 -0.011465182534485086 -1.2139416729833332
v 0.2839312765600921 -0.1033646848346711 0.5159479449400646
v -0.02221231478738066 -0.39092089565348975 -1.37616390993288
v -0.12207975283814933 -0.5770959637083779 -0.5571200825407805
v 0.48651794413386396 0.6642114363013082 0.30470510909292786
v -0.1653911239284603 -0.017105943071825114 -1.4916421398028092
v -0.41000852460242887 0.3554724116205674 1.1231423256272006
v -0.23983465928375045 0.7537677441829799 0.5347229112100268
v -0.14377850377059861 0.5870864046443223 0.3970877641853391
v -0.13353462036056268 0.6950360148735315 -0.07375671828609527
v -0.32073747723537244 0.010121010172563366 -0.2651294505750474
v -0.2441866281402507 -0.0017127412197196767 1.1008063324041986
v 0.4647135512043215 -0.2945247939577794 0.037974594043483134
v 0.2779378392336761 0.7523304231089228 0.034694403253126636
v 0.4767675709069748 0.33805431441596445 -0.11571293241658388
v -0.408913607684226 0.2126022391677217 1.4571737938109524
v 0.10325581356921376 0.6475373591375289 -0.1287157128598186
v -0.41021707939867985 0.3021045902976689 1.0476394715876447
v -0.07169706380088933 0.28196802548269567 0.6617684651185304
v -0.47790552778516143 0.6936347666765307 0.16752941660758713
v 0.15469810946691903 -0.18703450265559757 0.6952481972993361
v -0.050454207584393444 -0.795967212912038 0.44284719192041877
v -0.2609030841539549 -0.02306269726574607 -0.04612321625860608
v -0.46771941522334337 0.05949043785965607 0.6516351566037188
v 0.10143913398216793 0.5814228103826427 0.13711021716220656
v 0.47247532232578887 -0.2389195219226995 0.40061883776725166
v 0.1947290524453139 -0.18993374148820802 -1.4028518550608422
v 0.06133070551457012 -0.6957129746222338 -0.351234645288845
v -0.3184308133854935 -0.13239065416145662 0.46889330089049647
v 0.4762089159557233 0.5064151277771507 -0.1970313343221106
v -0.23486070452267063 -0.5499646001978803 0.7253362653629425
v 0.04378996391828423 -0.5012845916413678 0.0159220983749397
v -0.26987172016358707 0.4109185765014888 -0.9604868242675602
v -0.31344277189469866 -0.27078919683715386 -0.025078608302059442
v -0.2412655726756988 0.1882762707645606 0.6692454503685017
v 0.3030051493343455 0.23628877853167404 -0.12319771537494137
v -0.15551120703312044 -0.4096104431135431 -0.1337762052324453
v -0.2171943011605871 0.3566077410100587 0.641396867201873
v -0.4164767406603249 0.7966129987787356 0.4061376319745075
v -0.4089578681550877 0.3744282677735496 -0.35100191759659677
v 0.04207996037226967 0.6695350335258093 -1.1903195494712668
v -0.4801995118831428 -0.18619387578848484 -0.09033447679976493
v 0.3903944401524112 0.267630192606043 -0.7057786464925649
v 0.11150263605538299 0.4920518167359231 -0.008373018225475952
v -0.4630167190048637 -0.1821813954229639 0.37849824776264873
v -0.4424399565999493 -0.0605368564220046 0.5622779784620748
v -0.08671146654082497 -0.6118066150125657 0.9400882564508107
v -0.10601020149278052 -0.17387141149886642 0.16453587635812347
v -0.04060834633285332 0.7971888256399767 0.4227141699772993
v 0.17234944290996926 0.4095453831031383 -0.06859427935208896
v 0.07520335423136582 -0.28152937048289167 -0.2042782702231489
v -0.4050105156061316 0.660471011200766 0.6720047711901997
v 0.3916274612667497 -0.187311778994887 0.6884930764274477
v 0.011566527316195823 0.2479178570303592 1.542664546055457
v 0.07136940748480906 0.2661064864842988 1.4303155874155316
v -0.14901147806242016 -0.32926631401625267 -0.16962874617209286
v -0.1297821427151018 -0.7638029371844449 -0.2639202463743668
v -0.31744184359210326 0.22312563652032308 -0.8250399854406808
v -0.19549755050985426 -0.7833863393471169 0.4706097968763195
v 0.46715642067785945 -0.3364933827124461 0.22190638005644023
v -0.14755389989809894 -0.3875234171580808 1.223628783063054
v -0.2642542849452458 -0.14334233217140027 0.7873391841950232
v -0.3661155800788268 0.12058355059000654 -0.48472858195347973
v -0.18955910397910092 0.6235614569862885 0.729156244040564
v 0.02041009486392927 -0.37485846395490835 0.5472306388799775
v 0.09574348435840502 0.8100769119637744 0.21543338366427262
v 0.24450750384034298 0.6321565319096015 -0.13829968977036206
v -0.27664838644277745 0.032213867457775366 1.3360749418331677
v 0.08789787092024592 0.7776871298999604 0.08294299511740238
v -0.43942176881136924 -0.13127639553614806 -0.16835675346736334
v -0.47153490174287277 0.643960126512278 0.4706092883301205
v -0.059783792734607 0.6003857183762524 1.4588754911023818
v -0.15990543607876592 -0.8132320512437722 0.13781250251162402
v -0.3024266102267091 0.5486329041693765 0.9479653658502342
v 0.4224655502163292 0.2379452152113834 0.6618720220762071
v -0.385166398758721 0.7494256919773621 0.01933698610189788
v -0.23283172384904044 -0.08612308706423594 0.9633947253370955
v 0.22356148604026188 0.7938725280694842 0.15809149416542526
v 0.32780998179011933 0.439180556873366 -0.27724825906346606
v 0.02387115858576575 -0.21822231882629822 0.729390768596049
v -0.48243787797848264 0.16961533750397662 -0.22582344020346992
v -0.006494440090229647 0.6112595888177337 1.4194474296430202
v -0.3023623977933027 -0.028517295991135477 0.8814866132590921
v 0.4848762552939284 0.5956575948478176 0.019735923643552058
v -0.47994630673061084 0.07563888167204529 0.7180723609703943
v -0.0005991352286999659 -0.8064605212811926 0.09163603299020216
v -0.2196362891540466 -0.3726487968167378 0.5808293539198327
v 0.3276183954853783 -0.15628866398653485 0.1133585499816894
v 0.13185219697007936 0.023618995952941924 -0.47743007946785265
v -0.1868564521555226 0.4148121418141201 1.5878224314431613
v -0.26751723601945276 0.7382036369048969 -0.004109926293038465
v -0.2303513406175489 0.13856710031338898 -0.7305346754647651
v 0.012756745792110027 0.3807220185820743 -0.4216487995932642
v -0.06585549532106458 -0.15990932645718897 -0.9193649479828556
v -0.2548132603712694 -0.009406570568987305 1.2782071647098308
v 0.2702996109355101 0.5986969042552003 0.7237495503671298
v 0.20270732863527832 0.565139500118252 0.10220263981818709
v 0.3859436099148059 0.35472071253213733 -0.6948840612692403
v 0.3504311168669567 -0.03080983920821939 -0.25619934541576705
v 0.20536482155637648 -0.22819806277708854 -1.2213537846898392
v -0.06124147260816799 0.6363618360422814 -1.0042431054759242
v -0.12220904223350058 -0.46109727070674955 1.1460958634513099
v -0.44648545856533167 0.560772139263459 -0.19422936342584798
v 0.07627764112542512 -0.6234680370495137 -0.4683949086638382
v 0.07174615546064249 0.6575130522336994 -1.0052196328389766
v -0.06762103211202089 0.3800661974037146 -0.42190114021725766
v -0.3631850317518917 0.1781913249932835 -0.6175259289861269
v -0.016612339655208468 0.38876420207772555 -0.539453051971718
v -0.2735126397245054 -0.08392221777530987 0.8349668241986578
v -0.14009518840821536 -0.7147121080567593 0.7481535636603128
v -0.18438883343362844 -0.6965626197086104 0.08982430325282757
v -0.15827303668273404 -0.23032573531642414 1.3478794518190025
v 0.14605460399391162 -0.3420899336335444 0.07981896191324962
v -0.11532447940240115 0.7538955587943538 0.5371551181649237
v -0.10029699007360866 -0.2244877097084531 -1.283815124017329
v 0.03645038785130984 0.32153907318170427 -0.10693183129363992
v 0.13085809086007819 -0.28471046257058347 -1.309092870535186
v -0.4781123535243355 0.34264224870884724 0.7458741748382456
v 0.4798475979133655 0.4804287899370072 -0.1856190999227218
v -0.11068462254259026 0.0046638687161784514 -0.4934771530712212
v -0.4219282033508198 0.6018232089657091 1.4646565425845135
v -0.3670664428103645 0.017364606620227555 0.6190991675076635
v -0.167207871321666 0.5744122637064861 0.7835144590862103
v -0.19923865367199528 0.37325791650248025 -0.497097985057275
v 0.17039642208694464 0.06627946181148453 -0.480742596844932
v 0.36882431750525435 0.7651100873830724 0.4839895965200272
v 0.42329997281981285 0.7818006244921625 0.42298703891619654
v 0.11551004791045283 -0.29344196348757523 -0.7679749993472436
v -0.033379735046522606 0.31103257651445293 -0.108652276988276
v 0.12370379512497598 0.5940841190047215 1.4442591783271017
v -0.01634053866332935 -0.48611872689180013 0.783234877337485
v -0.09513834828455564 0.6761805118371718 0.6695233030601502
v 0.3846045399664151 0.2026108150424591 -0.7355064943318087
v 0.13539396697371306 -0.298204532545229 -0.0366070794110226
v 0.28003337165322856 0.41855788969821284 -0.06292420960214079
v 0.004362427956661745 -0.7572464205548451 0.34044415947247625
v -0.3067252834415436 0.0689054926743984 -0.32487374622152426
v 0.26332279782389384 0.38286008241541153 -1.369634058075653
v -0.04192114139429065 0.722803823952203 -0.03430934902270787
v -0.47728357578366193 -0.11688975917592173 0.7320046452048045
v 0.22309950572145926 0.7978718031853683 0.3734798969183875
v 0.4690158011940897 -0.21213430885838952 0.2782169887181322
v 0.09846825794164418 -0.17178371069078013 0.16738076855359013
v 0.20445567656470504 -0.2767009277409144 -0.04003422310137909
v 0.13492801999455742 -0.19206571971869602 -1.1460210902085022
v -0.07686426611762721 -0.7214675849109872 -0.3876203630151693
v 0.18131104403051387 0.4937931636793422 -0.004464077866091881
v 0.36096927901087195 0.5745013779521084 -0.1851020270990166
v 0.32625411859705206 0.10954106318044356 -0.5384919674615783
v 0.1609353268896438 0.12520889693160311 -1.5564142452528507
v -0.11840001425069975 -0.22558827148946592 -1.2196234901504808
v -0.027321000388142076 0.3800386681028033 -0.48139302743358114
v 0.10683723322483729 0.4730110672707711 1.2918865319678885
v 0.166466885606497 -0.21465195157473516 -0.13413108572171742
v -0.4347790810443833 -0.10510265842163619 0.5155984889435828
v 0.46252141195847996 0.12423350532172883 -0.2946058223188361
v -0.18198651204369878 -0.7370496777729784 0.04386515247382121
v -0.1583453519522461 -0.07222516360134495 -1.1803719450768269
v -0.03340873913141129 -0.10745526094483382 1.2068355874279055
v 0.2321574254921135 0.5670543969278841 -0.19369894974018645
v -0.1053130863630539 0.05730816441007707 -0.9874958824171742
v 0.12869476923218567 0.6961605800351418 -1.1209732065726385
v 0.4487431663677773 0.08694074459468937 0.8362172884476253
v -0.07914063756557974 -0.09622244164448757 -1.1005546359387242
v -0.037073272187507784 0.026575971730690276 -0.07999566476589696
v 0.2420215435522013 0.3714780556602492 -0.3748347148474104
v -0.2975670614088869 0.39484734695366297 -0.7329593559359152
v 0.10936006311241378 0.47766916398758974 -1.4374244869265942
v 0.012014166632183836 0.8188517579684694 0.2934158920191014
v 0.1201860963080997 0.6252100451029917 1.1114577647381936
v 0.45165142341965175 -0.23818850371303285 0.6161050678573807
v -0.16279107977632046 -0.6778677664165466 -0.17959604825597814
v -0.27528751681398517 0.6209818733428925 -0.15143174265740805
v -0.0554156351574354 0.3887368931468339 -0.5708635096683847
v 0.29454509342689356 0.5141664397984567 0.5175878030136833
v 0.45625441068002787 -0.20674348182636726 0.652313879312578
v -0.32370292878310575 0.6051293525637597 1.4533878538255907
v 0.1016068525186312 -0.17876481254200877 -0.49701604131306
v -0.027359531238493905 -0.12625785822494717 0.05833164753884624
v -0.47572186430930496 0.5350177493447252 -0.20207887571820018
v -0.21492586303334055 -0.5841503979215168 0.4167821989348145
v -0.2387547444784211 -0.5040204684832874 0.7696235027062469
v -0.1533400876968417 0.10479025849152897 -0.6289807287023803
v 0.4085268582998103 0.8005712172648125 0.27976796986768815
v 0.05131354895163305 0.6969984946558594 -1.105904457195559
v 0.4823875658078516 0.7337782339772465 0.5134058920061622
v 0.0635691055129898 0.31594762467413695 1.515991959022708
v -0.12419638992496446 0.6100219568845234 1.0258609128050165
v -0.151819500658452 0.6365935635936714 1.2367996380250914
v 0.03070074757274244 -0.25924429968595974 -1.2407296491486584
v -0.007803149830534203 0.7527459901112876 0.5483977354553726
v -0.2435796952031645 -0.1970857826684942 0.7644904746940886
v -0.08818338570796078 0.06081650597688991 -0.7858653664554108
v 0.04658990062975041 -0.2555599333280983 0.6674093104135703
v 0.3784788806282329 0.28517990156697304 -0.7938738841926817
v 0.25735121103249914 -0.01667659446746475 -1.1129075621456688
v 0.3606432839457087 0.33647007434498744 0.8529172675644787
v 0.3299324163036042 0.2932941969136567 -1.2504781916092307
v 0.1205871697437901 0.1514935310205988 1.1237182372461416
v -0.14057815473350088 -0.30996073064214924 -0.24739952979269622
v 0.012250691469385361 0.3391187185622213 -1.499936138424715
v 0.1299262308048469 0.5531803242817309 -1.3983148940486492
v 0.17924485472664947 0.3484105187298417 -1.45619755462408
v -0.23293945088554985 -0.16563689583071545 0.1487461440830396
v -0.2542405525933827 0.1414691022470146 -1.2187288048224036
v -0.16993725572377702 0.4414647260297047 -0.9662219031732934
v -0.025921803327477615 -0.4655577802736778 0.9176680988318577
v -0.02448329564562271 -0.3867175748509865 -1.3486368296733224
v 0.2520061531583959 0.541439789407743 -1.281983900008989
v -0.3991552333304711 0.25935275563868787 1.5225253368002487
v 0.41841775979305074 0.031115509376958644 -0.292617457534974
v 0.015553122680182507 0.4106447582763532 1.5777502501814815
v 0.46499565873250237 -0.33673355213074113 0.17899435334474267
v -0.44024147747815895 0.39081893214057023 0.6325451290118741
v -0.4108837156595404 0.28886342034783596 0.9818972125535798
v -0.0037587327637098253 -0.4191298855114207 0.6681064424948369
v -0.4207339843114727 -0.1800043599992357 0.3269823991330136
v 0.08277837023698366 0.3992680373532016 -0.34121620040887024
v 0.32701256439839016 -0.15537106017641839 -0.17340661722442882
v 0.15838534063503534 -0.22525469908593615 0.6527125286780527
v 0.48450054136203313 0.5598704190462944 0.6810915763849629
v 0.28880957378112115 0.011958421492992491 -1.394627578122833
v -0.14834267200444343 0.0007717781875245661 -1.0606918013822118
v 0.48335727865183586 0.5516792823689267 -0.016065813530805405
v -0.3521176933847327 -0.29990163596932634 0.5220452443518769
v -0.2534037906773831 0.013147826294988146 -1.2628264900457633
v 0.35735904173729943 0.35261275463378683 -0.48379484027731173
v -0.10337079586483032 -0.667711268195056 -0.4694557190836214
v 0.12318802756984851 0.5993165677988039 1.0394650152256075
v 0.0679590288674829 -0.6535374075645332 -0.3590508139020762
v 0.4838959138343829 0.2816384197395188 0.7716772156766935
v 0.06306361059108416 -0.38793806877728715 0.0017632737603703232
v -0.3113636146627572 0.06943510963768137 1.3054105044590412
v 0.3993287831966841 0.31685134517301805 -0.6306498451339871
v 0.176714108469907 -0.2931664162053627 0.5532060397678654
v 0.17366315335456495 0.039848518981007705 -0.3633941035701118
v 0.3824114175312553 -0.3116287113205782 0.5057414227241226
v 0.07296273358121005 0.5689099802991611 -1.2860243504154603
v -0.4283136111359624 0.5429638684633665 1.3517898500108239
v 0.020388532505087414 -0.6843344059812254 0.19486143549670973
v 0.22261953981874846 -0.35819410002353197 0.3423890096532353
v -0.05131687145346717 0.5901705169718456 0.16403297502183325
v 0.3502456331166049 0.3948998458729501 -0.9510152191154779
v 0.4551486447762443 0.515613152025657 0.024915364972148288
v 0.477878693497389 -0.005062229905473559 0.7026414249903156
v -0.3664736135545334 0.36958958630143046 -0.6007206129998998
v 0.25264271738734967 0.47895678601217156 -1.0926705594563733
v -0.2917646679379328 0.7024909800730817 -0.06159729390790843
v 0.3524412813312202 0.17021065863618334 -0.12208025290857843
v 0.14864417209435 0.5629145765941086 -1.0205764566863063
v 0.1335588102080999 -0.05069167323206328 -0.8246798330224779
v 0.28787301814931815 -0.011941486904562384 -1.3314981786051252
v -0.07873505502025731 0.40480485104744557 -0.35262523096720466
v -0.3424957958792763 0.6358118772310344 1.3021422984074433
v -0.34547992802405664 0.7670761608918738 0.05527955667032618
v 0.13458644646416176 0.11886881756434034 1.0397040658422645
v 0.47309171422217833 -0.2809896504017866 0.2957451183686804
v 0.4814020710801552 0.6836175423074338 -0.02907557800850777
v -0.24506919311724917 -0.6022707465724573 0.8183796406287648
v -0.1909900343225892 -0.7802355227098116 0.1685192170264359
v 0.30204826880611846 0.3010988893343282 -1.3414263734863
v 0.3191372179591237 -0.18466983063594128 0.32532477584550634
v -0.12065899341864303 0.10071968519853086 -0.7390794382174471
v -0.15822294488212266 0.3732065363848311 -0.43667366143336134
v 0.19930649373495526 0.7828570953177133 0.11148850694681799
v -0.16359246382840262 -0.8000853522261919 -0.01459074137723519
v 0.174241336479862 -0.11396575414341506 -0.22305321954157115
v 0.48539114136897754 0.5578290298454062 0.5260025305032554
v 0.12059420463287765 0.5230154148874404 1.3373171167790898
v -0.15288449810860777 0.6220744000939595 1.3699497127014344
v 0.28751912084936426 -0.036419595378954284 -1.1758491386005088
v -0.44851503254286085 0.5199227081291522 0.534891799402748
v 0.1471216864834837 0.8080347090889676 0.3318906836282495
v 0.12542522400893033 0.5408221430973958 1.393289220139121
v 0.10524507678469422 0.4764050367974063 1.2273241001157362
v -0.008464581968623956 0.6912206300632419 -1.0926708645840928
v -0.18917026955526886 0.15863882548797692 -0.9544878268360341
v -0.253694933376368 0.08743745861889056 -1.3227961903192214
v 0.4782856830205289 0.07417414995785677 -0.24607134273296613
v -0.024154215400184937 -0.03842770870688139 1.1220847529515519
v -0.384485319785806 0.6238668898334682 1.0664691065740102
v 0.08387257519050771 0.2327401431543525 1.3625427373115393
v 0.48617606547574876 0.6357506991232826 0.27067006141424466
v 0.19854794622437733 0.42510464224079 0.600696202782343
v 0.2660657773610608 -0.016335343016328496 -0.26956977085787126
v 0.3287900689765653 -0.35612375759237486 0.19800704801124433
v -0.17650379071349914 0.6352150474117703 1.2774978614228658
v 0.07333056504701926 0.515286987445094 -1.429856556664684
v -0.40751990292251183 0.14822403665196338 1.196887084601847
v 0.1034501629749699 0.36636297932891915 -0.43697828060662236
v 0.15709310779158164 0.6034032450547736 0.25600006311187967
v 0.32408864412358335 0.3676502114680817 -1.2529161620877174
v -0.15623276628348381 -0.7844192475321093 -0.14377895298640783
v 0.07801653009554858 0.596998580320225 0.3384608631990652
v -0.394499662393108 -0.18446222512592853 0.27944441582428053
v -0.09729822874983426 -0.2610104636838949 -0.7528894170909739
v 0.4094346302167442 0.07523923216571238 0.8402966765414078
v -0.024375144820614057 -0.09167905599864601 0.526730226211088
v 0.054394270971162464 -0.2722747619939655 -0.8634200179413966
v -0.14112606240841147 -0.691869958801793 -0.38540113520845565
v -0.42769242195376145 0.8073344579243465 0.23963131708604019
v -0.1723729885989876 -0.7513177550626544 -0.08833650049273988
v -0.3291290828244255 0.7876390738886327 0.4441732769891926
v 0.18208233909914925 0.5561180770131533 -1.2743359415268802
v -0.1861444027190824 0.13156033383064578 -0.7252843766990942
v -0.40053593626102835 0.3373751340155261 1.5470033605169409
v -0.48006488275270104 -0.11069224225980676 -0.16012137327067386
v -0.4117459896431948 0.49483439507045995 0.8791009891360329
v -0.3574260850778808 -0.015766042497975752 -0.04917551054560578
v 0.3767983727617662 0.3666540033671243 -0.7665124543817111
v -0.21977780060971622 -0.7459037722270332 0.545670893784257
v 0.1948634273026562 -0.35287484239326306 0.14917127175394743
v -0.47266997685926454 0.7773836125767973 0.15556088352100256
v -0.09410142258459023 0.1628869831137008 0.66553297835737
v -0.0456341389031614 0.4396965447985131 -0.3027194904585409
v -0.17491849964704392 -0.691435389123122 -0.03241228523312427
v -0.12263284768429077 -0.22431260030056294 -0.4019386338146966
v -0.022137456786873105 -0.2969908700895363 -1.2764392716548187
v 0.4380977518304718 -0.08617773882909924 0.5402495031256689
v -0.33080721747529646 0.7893217176491357 0.12180867228671895
v -0.10376330877283586 0.5399761934467324 0.06067977485549179
v 0.0592477511376754 -0.6559808872935101 -0.24765266713906833
v -0.34675961672793254 0.2445065630298747 0.6690842412233869
v -0.2451250653929903 -0.5496666938344474 0.8889200669544204
v -0.005836347405513982 0.6994232937877892 -1.1251072294797442
v 0.11602907016125455 -0.030146728867672612 -0.5866182878680505
v 0.47528344663106065 -0.08111195757600193 0.7402539765188892
v -0.20062344192368523 -0.7806127114256841 0.2885999256105421
v -0.056639943180229274 0.5489009588709222 -1.396959160736468
v -0.10389315756900612 -0.8196913846947239 -0.033308903036757924
v 0.18703305329893016 0.5537326054539539 0.7645871154234576
v 0.33835604335166064 0.3289664073711034 -1.1089884678138426
v 0.013288481697889248 -0.47422047488993124 0.4095138362872541
v 0.09700784887014802 -0.05357062107132968 -1.5911119625320413
v 0.036417518815308 -0.5186823978526266 -0.6551884367029921
v 0.46907374155770715 0.6160313625615912 0.6943308138592391
v 0.1539244581342278 0.06846241332266231 -0.6750909007509796
v 0.13818695355379154 -0.10128257803477489 -0.9847503431974718
v 0.3098772019289471 0.035438016456991024 -1.1765014508100946
v -0.3154717525683288 -0.13233998600848626 0.761032309685587
v 0.4459113946642474 -0.014780717285679049 0.8028604040769823
v 0.4285489493653661 -0.35913972472921885 0.2510495862336583
v 0.38093737942162326 0.7929346332660235 0.38134505548213193
v -0.3053284765480149 0.2750730544060547 -0.11390703400895898
v -0.13090438551573627 0.566886525827561 0.4443575741317465
v -0.34914913970518485 -0.3507199287291956 0.35008505965423903
v 0.4707827280113236 -0.3138272752000683 0.41019498306632896
v -0.21215928695253533 -0.7252927677113794 0.6958491293912729
v 0.05382046134317768 -0.3311316445230124 0.547193650619763
v -0.16563044576975688 0.5491148703538038 0.0687359603231583
v 0.3323377211645686 0.1650231483745614 -1.2808564022309639
v -0.4771485906708807 0.41403989745924635 0.6942555490217723
v 0.33548635105321784 -0.3558298348408349 0.33921793592566574
v -0.42860071936843447 0.17840933874883777 -0.33366747624174586
v -0.08792339993944076 -0.09780334226209053 -0.7466547932538645
v 0.27414703415634295 -0.03305023948835553 0.8069228745338747
v 0.10162010862288774 -0.3072318886893173 -1.4985488752481895
v -0.43839347144524854 0.15734554164904507 0.6651811999999124
v -0.08332380298705863 0.06552825431771361 -0.928525034684909
v -0.055520632996009636 -0.12868087744518017 0.47908192228023017
v 0.18160730609456968 0.44814992179921687 -1.4160193705695054
v -0.10734250777672333 0.6348650998206294 -0.14189258561854529
v 0.46391833751278844 0.39775399360924035 -0.2723182765970685
v 0.08926497871574715 0.22270542479600652 -1.5424600426772592
v -0.05536257683732927 0.5425745593964153 -1.2185620864267985
v 0.05805400674144745 0.39991297564290057 1.5607348707119462
v -0.17901131336048268 -0.7758849947342087 0.028929693055525896
v 0.26497097910363776 0.023539832261281993 0.6197856201187489
v -0.3414523099333425 0.00896749178068422 0.9059656540681824
v -0.34571591041197913 -0.06479404921853255 -0.008688571142017659
v -0.16027313193225537 -0.37228418614352293 -0.08458093766700443
v -0.31013339055251377 0.02155945165274578 0.9516491389041964
v 0.2050846126006723 0.06723768151136919 -1.0178198142079236
v 0.07422653869213405 -0.4699166145038659 -0.6822290586200302
v -0.03659183150081957 -0.10974797367731742 1.248078531611076
v 0.3470715081118407 -0.10499015105085521 0.5146053829744399
v 0.13523738559901008 -0.3729195298615989 -1.4035145755159697
v 0.013598050720821538 0.4045920244631221 -0.678564423854694
v 0.3456041319574169 -0.3486322618241893 0.38801833431904525
v -0.054106281258611985 0.43757692424066325 -0.9369991773220759
v -0.3055871400964173 0.0661716330657353 1.2563722081537225
v -0.02543893871143193 -0.21795945129598326 -1.1212895731630987
v 0.16873929039409655 0.36937470858077065 -0.39502364296935094
v -0.17810511793676595 -0.5068972126223577 0.10076569167800943
v 0.3448525515297666 -0.05754457058649873 0.5620774756473095
v -0.22812014502361644 0.39812218105738895 -1.2870484777027482
v 0.0871015045239949 0.6324749665879381 1.1535227399491297
v -0.42980054936751166 0.04262341826793819 0.6315466663561006
v 0.4862747912445341 0.6282391496833124 0.3724512435699274
v 0.44008048870306377 0.5007251230161978 0.7857318052719872
v -0.07254335248235204 0.44621347958228297 -0.9804189026558753
v -0.4734868376673393 -0.0023436944889433514 0.6317261662128429
v 0.06549803819771703 0.6042919464892412 0.299478542483215
v -0.4221509804891057 0.7584427754882286 0.038884078065954016
v 0.4216085820646853 0.7960188981574067 0.22705864806646453
v 0.24561577857204214 0.2625577833008174 0.9024047288243827
v -0.23370427046591669 0.8053722324151182 0.36821249404888684
v 0.3200598394250713 0.11362804556413263 0.855862360312708
v 0.0963283124873703 -0.15043433099711273 -0.2848004413447443
v 0.009068311064655821 -0.6050073862336753 0.38089355121503077
v -0.1640369332064162 0.78635758832152 0.109132717534106
v 0.08342427476446089 -0.3339027975196095 -0.3806685873280887
v 0.4764018583836619 -0.10719205438371948 0.6346689705031764
v -0.10822953100873396 0.03688223680781583 -0.5919084397041908
v 0.09724096644781557 -0.3006928999520464 -0.5118225164637236
v -0.42779128333486655 0.51817190222643 0.799353994985726
v -0.46849091371045837 0.7333055233336429 0.5379998134016292
v -0.24999554795409318 0.001974896785355937 1.0404100296758554
v -0.3080411128286356 0.39488526754857584 -0.6619223342468381
v 0.2383013077357633 -0.09787909869421652 -1.198707103642267
v -0.2858204578835897 0.7962851390441756 0.14843674457550698
v -0.036386311030223197 0.7481427994324319 0.007647017671640459
v 0.4803356157975621 0.7687218841983222 0.4047906795600306
v 0.0788885681662257 0.43353581272413305 -0.2976767802513427
v -0.2255495456964045 0.05262972584529444 1.4894069605969835
v 0.27420209275816554 -0.33868421668971 0.11046304048787231
v -0.13954048316577677 -0.7829676193583176 -0.1946559828322732
v -0.24072075018106273 -0.13820338807179242 1.0442155656414223
v -0.035855236234502805 -0.17567066490282313 -0.9300786094200802
v 0.4568219990928437 -0.15849263540727548 0.7038405599762539
v -0.12797098933008622 -0.12141632889411308 -0.313265670680862
v -0.33400585440685726 0.399232727295444 0.6241538963567003
v 0.09896715871450149 -0.3478842751230127 -0.7782461238820112
v -0.3436016295892198 0.08969840416547036 1.1351524238897917
v 0.13068672774252135 0.53768851532162 0.4914148965246299
v 0.25526415438293165 0.15447461188818448 -0.12114898615724609
v 0.31908515977987584 0.06590008634695574 -1.3890202121192339
v -0.1532437859982721 -0.5344887595884211 1.0556119673024793
v -0.4078842254195473 0.6171514355651094 1.0602928977436374
v 0.4490775693967656 -0.3404852839084434 0.41470168557967546
v 0.20907978544388375 0.6664925372289123 -0.10289229627032691
v -0.23666700976725483 -0.048759011208542646 1.0237544466421835
v -0.2500139573265006 0.05643229529136671 -1.2240011236384953
v 0.485352457954766 0.6121792946188065 0.45144389419156894
v -0.2284351724424191 -0.5727083966179406 0.6156645481881802
v 0.11308802883107802 -0.29076760378420685 -0.8085087250011489
v -0.1591082221055164 0.654787210703442 -0.12014879444439569
v 0.020605783441343044 0.3882619618514942 0.62593450306669
v -0.17121184201412196 -0.5666489838979613 -0.009291011921011784
v -0.07164946387665355 -0.7881173785404265 0.4985336109773351
v -0.22642027849850396 -0.7149495991317392 0.48078741671661274
v -0.13036885246500374 -0.7348299922746856 -0.329572492731191
v -0.06330513613257684 -0.31908367652012837 -1.5116340401756783
v 0.14279753510407422 0.03922631270640855 -0.08777433657271448
v -0.41299502996280496 0.10958530669976528 0.9238024712615844
v -0.41794460840940784 0.40241217508375876 0.8882683650002735
v 0.10934779019747548 0.21679896582117658 1.2196121834733205
v 0.46338024477952044 -0.1130657460317874 0.014970337211783612
v -0.17868894592487303 -0.42184450512221794 0.07569973770053759
v -0.27311780445552397 0.39653617802625496 -0.9975589607018901
v 0.4735206729411195 -0.10438252310063026 0.5696980404408268
v -0.1915796258342861 -0.611484349286196 0.21296764656331513
v -0.23625188350492932 -0.6458678358689627 0.7572313675873519
v 0.011234599212043093 0.47718284125739013 -0.2691495930366347
v -0.3978260291783428 -0.00806214393396594 -0.24957880281970055
v -0.28519116586528304 0.8107705520278072 0.30742505148727556
v -0.39858650916447735 0.07153857537793978 0.964972557725964
v -0.28142161801907234 -0.01546467802038895 0.9221975672633839
v -0.2920763898064413 0.38848178942182526 -0.9101871638730734
v 0.4676055517293648 0.48579617298925093 0.780582910618417
v 0.2893700086440696 0.22530058690463503 -1.3915199201062913
v 0.07178548303337291 -0.6177008688786173 -0.38426460225962644
v 0.3004161575862661 0.4315652301056995 -0.9902363531264257
v 0.16544074108595253 -0.1656057049971706 0.14306356409659354
v -0.056536216707152795 -0.3702378470929635 1.2061111464157475
v 0.020369122991821757 -0.5098741234111107 0.2969053834734676
v 0.35503205299099644 0.28278964967350195 0.655471103631992
v -0.3558898348165588 0.20040736911945756 -0.6695866001103981
v 0.00548667103901267 -0.3834256196918908 0.6073770589576228
v 0.08998689394844991 -0.4094535227080408 -0.48996155624530124
v 0.13622340582444556 0.34127030972445455 1.0266586183729252
v 0.02071162885691578 -0.7732971726423872 -0.23583286686418065
v 0.11431357431628972 -0.37813495930955143 0.2759468554368886
v 0.1909520120184365 0.09694759462132467 -0.6036704860824007
v -0.3279280323144705 0.46166231638856997 -0.03146911850073297
v 0.08105878907088604 -0.14906164614496134 -1.5217240036027866
v -0.02454425338335486 -0.6027490681757909 0.8126550208231931
v 0.20367214248421128 -0.1798750027977245 -0.1598902390231828
v -0.15062467136366597 0.7977822312481668 0.14840297710788675
v -0.0911263595136939 -0.12029995132630819 0.05161453201957056
v -0.20345029768062378 -0.16056958893902085 -1.279206424087983
v 0.4846609368332294 0.6189108698016766 0.29716984444853967
v -0.43827608203095625 -0.14310189152846572 0.45100847693589935
v -0.08091324314870353 -0.23214919551945795 -1.2558609497082271
v -0.10398339061626648 -0.821727722336701 0.040436008501748257
v -0.41028683498565643 0.17586557370939834 1.3075129361553612
v 0.26538778356842035 0.5862524736354977 0.1553840620075754
v -0.31020853672920085 0.6180634114639559 0.7215614455878011
v -0.42265257655681826 -0.17078745173520277 0.3804573711400625
v 0.12421408733269315 0.7544897272218425 0.5310731768483241
v -0.3489292273771539 -0.1768369817073796 0.35304749382785766
v -0.3414421051062806 -0.21165303768710098 0.6721908821475304
v 0.34902412209790606 0.5858449925176987 0.16013957922460165
v 0.037759402719333854 0.6225464157244244 -0.9412831366002167
v 0.4652125367348786 -0.32245347315076633 0.1155124465533586
v 0.021224667214108078 -0.7949093351086697 -0.05864813279008626
v -0.3141865885170426 0.35319668433113377 -0.8280599870440376
v 0.19984945156019462 0.7381192690904661 0.5553945513841534
v -0.02763843492562045 0.6587174761001084 -0.12004657665837654
v 0.12212821729092357 0.1418835165446614 -1.5664897490163645
v 0.23381391302644272 0.736163163087167 -0.0008867604831410796
v -0.4109478772383269 0.2398981682282481 1.324273177996808
v -0.00026671552988810285 0.49333455671699356 -0.9925663253437634
v -0.10360516785645565 0.04978232482191223 -0.6534643633788024
v 0.03235492969763576 -0.6932388295574511 0.046574415397987824
v -0.23949898488926435 0.15280646169435586 -0.8080527963821155
v -0.3130612266330537 0.14901052030041187 -0.7024050018623538
v 0.11943605847058672 -0.37559468628734577 0.2192860110078763
v -0.07775512039767107 -0.6941220217414285 0.7847764842854374
v -0.17671266758900955 0.8055429852772361 0.19083029148568187
v 0.3198033287222452 0.2879791093622205 -1.2957392440691922
v 0.2163893911881912 0.8048326309947929 0.3240591399682656
v -0.4008725599417527 0.6395964949962784 1.2562371213317014
v 0.09718768775768985 -0.3487315808968735 -0.5335314552716949
v 0.07694605729798253 -0.5407299267199588 -0.6076207203931517
v -0.25308511867748695 -0.12115883500196864 1.162624242129047
v -0.24608625161236974 -0.0820582942463676 1.0896244355299223
v 0.00028844740412966793 -0.8028603023677423 0.1601657354507754
v -0.29444989357842194 -0.3116506805163793 0.048141822589774674
v 0.36357137429934816 0.7778944641853335 0.44465609075061835
v 0.294734730304538 0.36066707543205667 -1.3306757237888605
v -0.47911112130782846 0.4173161893954097 -0.1733374549413512
v -0.3366649746757926 -0.24019387089148486 0.6373212932045837
v 0.10407275913498837 0.14336308085632365 1.2038034146188503
v 0.05730183300989823 0.5633520280345745 0.0942255671875606
v 0.04369971391948391 -0.7399063512887242 -0.11906650642347055
v 0.0820994102065649 0.563726521455592 0.4439615014003473
v 0.05872455880804106 -0.5839720677210324 -0.21238203866351124
v -0.4092292284069276 0.6092446270676587 1.0194458398249266
v -0.3815538221726326 0.3391259399182485 -0.4852782864916272
v -0.07601284111955361 -0.3582863503040487 -1.4144809505110674
v 0.4712533536155109 -0.273957660027568 0.13049609919978863
v -0.15013183924211793 -0.7766719869288563 0.5752927775471482
v 0.06633810566401073 0.4069871923031844 1.0824302528212708
v 0.06982320666952468 0.7486838078305746 0.5475517349500894
v 0.47978838618425024 0.29894229746780376 -0.19201094929305296
v -0.08523591974413561 0.37671347097382646 -0.5022677979111683
v -0.3999097463745362 0.640767236152767 1.1905748735662949
v 0.1434255049022632 -0.1860409389948754 0.23239172120180893
v -0.419113959539619 0.8034561829007681 0.3680611676515746
v 0.09163477010047438 -0.3306223016015336 0.5088011417856292
v 0.40016349397634726 -0.0802139666976307 -0.22484777736895611
v -0.12965002241257556 -0.34789670060181066 -0.41227554727608784
v 0.4814509762729686 0.46963823631447854 0.5774245862622366
v 0.07689759284520827 -0.1288866182857962 0.06602164584008063
v -0.16679599975501475 -0.40210764066819754 -0.02820631999038571
v 0.12017548464407848 0.19809768789546398 1.1563628518103248
v 0.03598678018467008 0.07771978491260363 1.1936709197779574
v -0.1244450012101646 0.1845578826659794 1.5398881041783896
v -0.1776466635382771 -0.723199489846643 -0.029102853036319508
v -0.19200626219225123 -0.04876599524301031 -0.25190189271181035
v -0.2487735622922752 -0.46171547641791577 0.9840733834487697
v -0.12649830734365175 0.4205479496360719 -0.8337814708147149
v 0.25072961744095446 0.39033176183337215 -0.6992443363803258
v -0.48374885922514316 -0.21353218369893628 0.20153937600711472
v 0.33623482934905363 0.609079366504491 0.7129673199507264
v 0.12081696481962353 0.5396828639990914 1.247065202454749
v 0.2541020754633677 0.37814328251567675 -0.621525305811251
v 0.20425105452572703 -0.33582339004667144 0.08958687998400763
v 0.16820068911462946 0.033349196847266685 0.8943341345477416
v 0.4693940409054405 -0.21157594208331737 0.3239450900073474
v 0.3347253286178043 0.4327123747185499 -1.0735965002151802
v 0.15101586205155387 0.1505436345268394 1.0085007898671112
v -0.0678200940458887 0.5529364594277224 0.8145654254747331
v -0.17712403060946175 0.4896888059671839 -0.0024876639179086685
v -0.4086815241504967 -0.07747861535345024 0.7796625945619052
v -0.011597819858980448 0.01830514586392351 1.1270439429213177
v 0.08067449765976595 -0.35313370936014504 0.4629948430425324
v 0.04248423764901439 -0.6162733966492829 -0.03405226196752272
v 0.1702073446101192 0.5817043076553847 0.1394449527622758
v 0.027763689854458855 0.6287383386323492 1.1094463797630523
v -0.03645496476710173 -0.11867801103043787 -1.0807554237206942
v 0.2092149739751446 0.299258121608985 -0.11374453654680647
v -0.2250591037419922 -0.6435780896559739 0.8614422817730958
v 0.20904639091014288 0.3987615083873578 -0.744135336722742
v -0.2300665716975927 -0.26399523998719404 0.8830869742445806
v 0.43974822156811166 0.5756389788479558 0.7360069546463432
v -0.17606742417159116 0.16202125101589254 -1.4677801520001672
v 0.36447470491281 0.36509047807799055 -0.8728877920454456
v 0.003979306201799589 -0.6656275340473227 0.41699736483165384
v -0.1834100854188401 0.09146460206648549 -0.4961655995043047
v -0.45328458563498225 0.8054968601369777 0.31451650786370894
v 0.15033520686713814 0.015155515834416017 -0.9426188670952333
v 0.11534590614892326 -0.11139371393530567 -0.6208574320879726
v -0.48210272908173557 0.010369502796983704 0.7282291643196043
v 0.03975780281485816 -0.47940710367147477 0.09926510745678435
v -0.10445896607012506 0.7114871962382451 0.6208144429826087
v 0.10508976677548904 -0.0840941233421457 -1.587508302455977
v -0.4805094029853345 0.15688367999102223 -0.16330739825649696
v -0.21851667384210746 0.6070493009323028 0.2781845604221696
v 0.43354719568322286 0.5662930185101311 0.4240009105218028
v 0.10137919333683398 0.22825542678834712 1.2685422611474706
v -0.16205048394657076 -0.2184166004258945 -0.18931541711626204
v 0.24309455908076283 0.6030037481123004 0.2758735908811383
v 0.0979796298020087 -0.2516335159310052 -0.4937926042785231
v -0.04680742279064555 0.6780950018098446 -1.1349972325413664
v 0.40188080363608886 0.24443882467615452 -0.6238483448487409
v 0.2705757006670016 -0.04069662147724712 -1.2389261070050892
v -0.20019675471110016 -0.5393888395383116 0.34018573324563345
v -0.055720508603796 -0.17452753780494557 0.16637927157216204
v 0.056345630543270006 -0.17052958490917902 0.15917042578143634
v -0.16755471678099235 0.05537441748799837 0.6362381576066601
v -0.3345836985013549 -0.3374213778165643 0.4266946797384367
v -0.42892713822209694 0.03924933289768782 0.8484712007096049
v 0.1241455014019745 -0.0038947773477390896 -1.5509728856801777
v -0.06798979591252845 -0.7636821066075387 0.5993105160990347
v 0.2622054031636908 -0.07020487906771936 -1.265293752785318
v 0.24691504630458344 0.5349838971194051 -1.323191449376702
v -0.14720913947818895 0.5720851393478634 -0.19493325917156262
v -0.16729652787570917 -0.7430955462125217 -0.14889408017235786
v 0.03974363132744324 0.8169004322994419 0.3382839569279382
v -0.10514555429353031 0.4272437062149854 -0.3112711863910707
v 0.021739994029196335 -0.7910383153441984 -0.13949107790253418
v 0.4863377323124427 0.6526492316278047 0.17952822514455813
v -0.023238171131745654 -0.3566362704518281 0.9518479804680446
v -0.25155515743749385 0.1950892472423667 -1.1526037969673557
v 0.08239438395358302 -0.3297676727624056 -1.2998532472075934
v -0.3250697823055074 0.04489200895904446 -0.29506861631155723
v 0.3394928983797492 0.2167317529651955 -1.0629544590343285
v -0.18802103990300215 0.6375730405246783 1.2262613572203964
v 0.45659537395498473 0.7914065197438871 0.18437650118830026
v 0.3680276968359038 0.2029884953529909 -0.8752909949154537
v -0.0681416478075798 -0.342537233918733 -1.4937120414939271
v -0.016144290685096565 -0.10391920361017001 -1.5622071119583416
v -0.2672193974621797 0.48436129293694963 -0.009967124092715567
v 0.13481597031535567 0.5336840360829649 -0.21966048747735376
v 0.4491342383948853 -0.14343927802848877 0.47070538661021044
v 0.10504391285987016 -0.2483082679474084 -1.20444794607159
v 0.22902822206826984 0.5767283356610484 0.7441493895493773
v -0.06317442280786809 0.6041958990637711 0.23816277127535848
v -0.13487601266992943 -0.4975750861497309 -0.42153285105986926
v 0.08828019595272951 -0.5270337943888709 -0.5805838278149069
v 0.227656927242396 -0.3623389719162186 0.2778539545381345
v -0.40987787908387996 0.32135058900877767 1.193332024590877
v -0.4104120729629549 0.3743113699539164 1.3316162969356362
v -0.014662048030119036 -0.3059307901904592 0.8672427427684932
v -0.23599774601769893 -0.10815671566879276 0.8833983740338297
v -0.4759245030181064 -0.2664962023882092 0.008146087959897474
v 0.30846083295829296 0.14648938556683241 0.8649253994484332
v 0.46277602408882956 0.34112352633985427 0.6364938376840278
v -0.3166552582344149 0.5483752068587524 0.8494564242126619
v 0.1742548468572181 0.6079134734884338 -0.16311682904415412
v -0.08914796223533418 0.043151729962643465 -0.7423850393662187
v 0.0336657414288966 -0.03126610685805212 0.5870068341157031
v -0.4826175812537047 -0.16703422822198322 0.4639172780415403
v 0.41001359311287994 0.6486965732468379 0.6716681644610153
v 0.3398611875371376 0.6878427475480383 0.6274415458246436
v -0.00930151340002321 -0.7649974274484315 -0.28149656925304967
v -0.22985098201225415 -0.7120117955456968 0.5251350693483703
v -0.2918500358932218 0.6650015984339301 0.6701320667635531
v -0.22713056497478726 0.15890779557268103 -0.857638763040785
v 0.08979459567903013 0.4341151994087679 1.1629262507651525
v 0.02029116285949969 -0.1350629118738687 -1.5261788174522848
v 0.21174029573909664 -0.15234612567493022 -1.17484804845604
v -0.20237077276071375 0.08830639455775319 -1.0907751569177067
v -0.1587901773125991 -0.5877452262452566 -0.18085169967617654
v 0.4473476647428263 -0.14830562441383896 0.08442213564056542
v -0.4790664031453876 0.44895206867059767 -0.09083946317547148
v -0.3301222396481884 -0.06349625626996866 0.817472919707309
v 0.22071822119263235 0.5397386515171327 -0.2128972298662797
v 0.46815737521000855 0.4553371035218609 -0.043022576179611915
v 0.23490399875575407 -0.34887875416689323 0.395820568766421
v -0.17476888535526863 -0.6306220615599764 0.00028910003841851883
v 0.34823219700512714 0.08453160868569176 -0.38833990503227617
v -0.4801869338404851 0.5129677455525574 -0.09617380767631364
v 0.10971784231502077 0.4642026402653955 1.3780726363819629
v -0.42508251200535907 0.4650374358027585 0.5824775012964967
v -0.4446911041564264 -0.13745350279813914 0.08322622144722129
v -0.06864153176975536 -0.8140388428371046 -0.06800275536483552
v -0.3205085805911574 0.8061140657072857 0.19914324192927407
v -0.09132355677816499 -0.651264833261534 0.8725654754644558
v 0.4720155457071824 0.23454777061905435 0.6676576674256709
v 0.17569549043310922 -0.18438460402440587 -1.1589647097772418
v -0.16602706095043518 0.055154047468388256 -1.4751455961171358
v 0.4834676670801207 0.3973929258078791 0.6456875901444616
v -0.2746231859625605 0.3890425802671131 -0.5985137089627444
v 0.1134765581271906 0.7374817216721941 -0.004387626420827143
v -0.08240443621678523 -0.13283620843802835 -0.8325101561715842
v 0.03346722194430783 -0.14234159800927085 0.45692112322281836
v -0.28210954541413524 0.0480290609458942 1.4020168730565394
v -0.10847036153708786 -0.6425027856695164 -0.5015955845936576
v 0.06230980951169783 0.568084847139581 0.7635133709786773
v -0.3691486343679606 0.05402114214911266 -0.08859663882511962
v -0.0055098437941516545 0.7784030442875136 0.0730044767483862
v -0.1855409278961501 -0.011848999302486007 -0.0551103633498855
v -0.25218143208168575 -0.012497531318658592 0.9974855096792001
v -0.412671119937058 0.4201221778066452 1.4621379336303897
v 0.11838065559205399 -0.17681363943684086 -0.6862663390885273
v 0.058935961463007044 -0.5346556135963458 -0.18849964120674537
v -0.2526982167292115 -0.4697016520255063 1.071253610924385
v 0.01136816039546679 -0.09397632869538153 0.017048612963646605
v -0.07187497021287458 -0.708786070053264 0.749792625011553
v 0.47953597775409684 0.2202516385307279 0.8250606493679044
v 0.27807846920926726 0.07813180904311466 -1.0965149992061713
v 0.21840225094730992 -0.06273079253108296 -0.2440875887679759
v 0.07977269268490148 -0.2914282052968381 -0.16189428398151712
v -0.255392833522844 0.18486712960965224 -0.9806151167310281
v -0.32871934715181045 -0.18144393562810868 0.2209561106288015
v -0.037670576649891 0.5929582824776134 0.3654753797445495
v -0.21384742301198859 -0.7622404798423293 0.4686074979266021
v 0.016815181782489603 0.5582935020405844 -1.2476790177170631
v -0.27227253286645947 0.6301292463899685 1.3360835362639325
v -0.2042417989849034 0.5399700739408033 0.4969436582373881
v -0.31148766603225775 0.5445068315345165 0.9031428158262167
v 0.3255221850042271 -0.10898452717168813 0.75428764791386
v -0.12891337629163888 0.08654392599553144 -0.6466914603414855
v 0.11052644772313014 -0.37053253266380204 0.12852266872264015
v -0.04728945678123271 -0.09613844676393615 -1.058175311370584
v 0.16704444152481518 0.3115608204029983 0.9913281848643539
v -0.4808418735387663 -0.15433777905754648 0.06424232744712871
v -0.2554652165985159 -0.2771445664934695 1.140512144845969
v -0.1963973382514623 0.04626481247197562 -0.08832015920820878
v 0.07497199961385513 -0.25222080203326613 -1.2193799982303515
v -0.11381555502351083 -0.8204848354261 0.31531814618889065
v 0.028160016858957648 0.5988415856488443 1.4640066544451433
v -0.3549207322280134 0.6354878485445076 1.1392768522252745
v -0.06406949802136447 -0.8180636469721838 0.017800040827437136
v 0.13936189869219276 0.4555675258046732 0.5803128404969464
v 0.21149843116680456 0.7867306239101 0.43054273016624856
v -0.4256074503436103 0.6341769181524669 1.2424382287653153
v -0.4110044614787468 0.33195552326863487 1.3796164131270316
v -0.48337992590923584 0.07742933722675752 -0.13400494931280058
v -0.09708287638605527 -0.4322198477247212 1.1740032515100944
v -0.4564306388895561 0.7809711008837301 0.44833401552329116
v -0.1255732618074884 0.04372838744934321 1.4975047451437367
v 0.014144568369454606 0.027222045773567197 1.0561928287710916
v 0.12520387080000195 -0.2017259277044846 -0.8002725311305409
v 0.005896711839347198 0.5398991995521887 1.5989500664379936
v -0.08058973995991589 -0.30847118187344463 -1.3586044368849275
v 0.10318358305740155 0.5858703011668739 0.3878987242530168
v -0.026060060087473004 -0.2867566321057433 -0.8485380745347866
v 0.26117505466123375 -0.12938358658309695 -1.4635912739097185
v -0.0006355810396354855 0.6752813173994626 -1.0489068026188826
v 0.20421442224785188 -0.08279127883467077 -1.120024462783597
v -0.22364387052451615 -0.32578558650805095 0.7465452693541182
v 0.4418072403705687 -0.35375383059532794 0.3136642183370969
v -0.09332978848515545 0.4374978792097831 0.5986616450520627
v -0.07345890515613218 -0.18331338535908115 -1.138749811896067
v -0.21209471853678957 -0.06706114817412143 -1.3374865643726304
v -0.1532119001515885 0.0761074900429762 -0.5092585960432597
v 0.2225648541508052 -0.11227143077187274 -0.20973364871937691
v -0.14465198272217322 0.1230206395884147 -0.762446949599164
v 0.21506730668285032 0.22544999777793068 -1.4811024520202967
v 0.4865951753499672 0.6770166634977324 0.39314017431482334
v 0.16800678044891254 -0.14692931193213402 0.44279520154733076
v -0.3656895878793805 0.07808344629958022 0.6460379445725617
v -0.13464482756781845 0.3626799521427154 -1.426754662171732
v -0.006531699575083726 0.3938847029018461 -0.572745520490475
v 0.06767046280257344 -0.10361016008497678 0.511608011676943
v 0.4864786335126734 0.6816756755977095 0.13465865154866402
v 0.01481829037402262 0.7316191841374264 -0.021220268289485845
v 0.058478117319957085 -0.4019325312603073 0.33677894835478095
v -0.015431681847837355 0.07185536575689931 1.4250339791555362
v 0.04991069035833508 0.49043075792013113 0.5513177229729064
v 0.32792391309025776 0.006363277549711749 -1.2652526283493508
v 0.056963598932876655 0.5412831232753401 0.7946872021289028
v 0.11237580987923812 -0.23424489745441013 -0.6433969794029343
v -0.2403589195604029 -0.0947261970174948 1.414121560912163
v -0.2300663682791131 0.055022469615141054 -1.159964477701593
v -0.11809583581747791 -0.542468408853123 -0.5976936273620753
v 0.03371612140568747 0.676201277473635 0.6598511950933026
v -0.11802619889128112 0.4752196325588436 -1.0582976845376277
v -0.44268429609707693 0.2852123129113957 0.6641695999006622
v 0.23200223414368804 0.4505500055858705 0.8182715406583759
v 0.13935371109838723 -0.18683803430734514 0.3122607833914399
v -0.4776016036250392 0.5837019957862302 0.06252103417549414
v 0.31945338113110433 0.14448257750748297 -1.1367423766297386
v -0.4750727389892334 0.19403018283120044 -0.13725976364782197
v 0.3620224442861286 0.3787094300475951 -0.8484702853264465
v -0.4801923413817355 0.2821183178360698 -0.1488618722464148
v 0.20862717932668456 0.4023819335364523 0.846110325834902
v 0.4294106639482015 -0.1859508585114748 0.3305340518844498
v -0.05360202379912414 0.7984147271075278 0.1435073384614684
v -0.13076765439433816 0.2888657257572719 1.5649358861050133
v -0.032420413496539895 0.630380925903903 -0.9716560922445591
v 0.12553966385526785 -0.2182826493570515 -0.8342389759269654
v 0.11213619986176207 -0.017030305300478957 -0.4258980929721661
v -0.25677421451499993 0.36271324496721646 -1.1582253005552898
v -0.4847834456125927 -0.13040332342153277 -0.10801062729733125
v 0.46968008119089444 -0.013376807696902929 0.6218694559757221
v -0.45548662458016637 0.08599381462042474 -0.27896685704024543
v 0.26869155395087513 0.6873096216159815 -0.07419898396391279
v -0.20840214763358267 -0.012437590673324644 -1.3633052684340103
v -0.15911824046563866 0.5532037682615094 -1.2584080372495008
v 0.14246720044467867 0.7783825837787699 0.09064933470316788
v 0.073370282505169 0.03671826456168593 -0.08445405539032892
v -0.19755039895176224 0.6146593557710386 1.410838284941532
v -0.05439542367588042 -0.6631960390571046 -0.49247908030086707
v -0.023237459167066914 0.6878517827188423 -0.08574389806664685
v 0.010962103207025207 -0.44772177675419433 0.48589605146275416
v 0.1190691932425558 0.49626471515850934 0.5424375061957578
v 0.09328307004099813 0.24201417810808434 0.6633061732122899
v -0.16680954403545076 0.75126946012528 0.5393499018510005
v -0.34999124135627496 0.36358067221902174 -0.4883790282798611
v -0.2946155779300888 0.4542366943047078 0.5882260227734261
v -0.2240268227639786 -0.724056864835246 0.6269240831155191
v -0.13075992449211185 0.4301892736063339 -0.9058631989606037
v 0.3776731400303785 -0.033820161482253364 -0.045598769515013966
v 0.47532599499638534 -0.06485788871805959 -0.15457093053829404
v 0.19849176882091668 -0.3593867595212018 0.1931138164835017
v 0.4520583620881718 0.3831078800266931 -0.08177483059498916
v 0.42383582794980473 -0.057545231696557564 0.7887264982261688
v 0.3811743958534839 0.35540699562782313 -0.4079845192057798
v -0.26116486678571177 0.23463966491723176 -1.0807314711947165
v -0.2056995297130843 -0.03037835470982278 1.465460096433712
v -0.4777152637005381 -0.0746095333104464 0.7515493300501849
v 0.0059303606461876684 -0.6715406549773608 -0.47547163415203764
v 0.09016769907377001 -0.3169885509375352 -0.44077462883752566
v -0.026273446072615468 -0.31920752447114925 1.0033307227401183
v 0.225882168813696 0.5262542269687301 -1.194689080123176
v 0.29125215507847957 0.6608733051473342 -0.10643116756062573
v -0.07073180921191712 -0.5644200598103849 1.0035956414067697
v -0.14582857215995151 0.3466134859776211 0.6450637734735654
v -0.006702876225700871 -0.286976646143014 0.7783389335633472
v -0.42808029013981524 0.22969812150057464 0.6722125123125322
v 0.44746578307333723 -0.31041369274168784 0.4984315627067157
v 0.012266524207717348 -0.29230887170135994 0.6830371724334806
v 0.22933141731217344 0.34693493803007236 0.8840636202684128
v 0.05815242738251332 0.134226844971008 -1.5813198546137461
v 0.2741446609407472 0.39565363000079645 -0.740794934062412
v -0.45854552996775433 -0.2297577231151091 -0.059175223973913706
v 0.41526373931469107 0.21294450771125611 -0.510729667633397
v -0.12353900920492754 -0.10152157779681201 -1.5364227517169406
v 0.008544033836463402 0.05041782110384787 -1.5516000418044482
v -0.28636775530306136 0.5869271110232241 0.15202862333129202
v -0.07076895003599142 -0.1733023822051532 0.38758554455207095
v -0.07639874292697085 -0.21476371307775738 1.3498253529952395
v 0.4228684883214162 0.610009175423386 0.7096121694506226
v -0.26285529130306096 -0.3690405937279617 0.26949964233701545
v 0.33295962231144827 0.22161260986876 -1.1657870604566511
v -0.1398337617587979 -0.5066542631515075 -0.3646274976183296
v 0.36956694751980046 -0.26136407280766927 -0.05403607645582619
v -0.4673203251178294 0.794173824740911 0.27968655162121214
v -0.027773165765302078 0.631368997265675 1.1356598512872538
v -0.1025148448055847 -0.09375043247374118 -0.573303972023247
v -0.0642032117686479 0.5856054164033027 0.3978300721206257
v 0.3870991794430214 -0.3372874436992612 0.1107696768943898
v -0.2504166581100281 0.004065021663657964 -0.2683812475359541
v -0.2606813919142272 0.6362757561223137 1.1694314381317232
v 0.05917926691619657 0.5358649534093463 0.49720883117713893
v -0.07669856481442039 0.05554103417436358 -0.8619021092463222
v -0.04096432867222349 0.22316923588112592 -1.5367581040321674
v -0.27779258148767305 0.5978829760635404 0.3615155000075556
v 0.20768479236513188 0.08568109261105802 -0.4850513562260486
v 0.22539966017998966 -0.059537800462332174 -1.10020099291187
v -0.41076008807853914 0.1895962024243253 1.387290629544554
v 0.4620907411340019 0.1770396373677211 0.8464536453739145
v -0.2010790145603792 -0.3909202345434309 0.10513473073525946
v 0.08083070610058958 -0.25728656633482344 -0.29563791682991003
v 0.12646498061607075 -0.1128539704429421 -0.7665672756619741
v 0.28166973770961334 -0.05592437629924529 -0.24399715230223587
v -0.45068620273375953 0.7952260407299294 0.37985179432617394
v -0.2734694980552817 0.03719324671164557 1.2213135756370301
v -0.02170068340800587 0.6224306197548893 1.3660705222946978
v 0.3723002307761046 -0.359891949315388 0.2955276809654851
v 0.03569041641137442 -0.7235158903401832 -0.3635708403258391
v 0.16160303109752244 -0.2929778811778163 -1.3692295943319686
v -0.4737531124571882 0.45235342906865983 -0.24360899594000265
v 0.2862618251297888 0.5547575972697804 0.757674379132928
v 0.04400382454654586 -0.040111895057521635 0.8681784508232978
v 0.2739914020678783 -0.29516871515508014 0.0011280826061541415
v 0.06394715875740094 0.0665987101637397 -1.5654707749972272
v -0.2258698450441378 0.5925576158788823 0.384869111126497
v -0.28221495008966874 0.04191325045243466 -0.08364353445820294
v 0.03462313050332273 -0.7379942853862672 -0.32682720778458807
v 0.3083597678769918 0.48129862430748827 -1.1202713958663402
v -0.1841244063616363 0.05237207938929028 1.5048497796065814
v 0.4797035098236204 0.24517238561681667 0.6972924682620193
v -0.16826524057883527 0.048525995340115 -0.3763869334593841
v -0.4834353913480177 0.021020172311679908 -0.1186228337678355
v -0.33717323269871335 0.6282961916153115 1.3590709263133618
v 0.11915381533008607 0.3198773137184443 1.1461416326092289
v -0.14287422387089854 0.122386872363556 -1.5168232964459172
v -0.17756107521296852 0.04178218114538656 -0.34620156355634985
v -0.1114765137322892 0.6336455551805671 1.1553530655258515
v 0.14068625470388962 0.04734908382307726 -0.5427022722985492
v 0.013505919101084545 -0.7791666433570026 0.1813564656818635
v 0.01955648311719953 -0.7890948382381769 0.054852174444602324
v 0.1476426751129219 0.19563451047704197 1.0379517512524847
v 0.029123084699273733 0.7502658781044357 0.012592307378630962
v -0.20439580372553093 -0.60662690245933 0.3517975381250891
v -0.34041906271755057 0.5636829220947892 1.5668299494720224
v 0.13149562132681022 0.6086231327577383 0.7224385182658494
v 0.27570916941919915 -0.06340278547857403 0.5563698751878678
v -0.4835813441071595 -0.20185879387476952 -0.05212967236771911
v -0.2952717211877079 -0.355111445528446 0.37858137811466164
v 0.21017154937565216 0.3151296111613442 -1.4481023975660223
v -0.41284212707227547 0.2692703897104611 0.9272879282494378
v 0.013759971830615055 0.5287947034094154 0.8992526069184995
v -0.41108832074697843 0.4304692960950985 1.3998919297151389
v -0.48213081778346584 -0.21524781515622088 0.2891847876425873
v 0.3069365335326499 0.7913855506889442 0.3968942793081214
v -0.05352209728816555 -0.42806385562181426 -0.7282947328762082
v 0.31939669518144465 -0.12573915805340488 0.05210534690786217
v 0.12762828004651255 -0.1674402006527249 -0.8957386713434965
v -0.16739059197100273 0.28529746049666505 0.6616880809159926
v -0.3958555143660692 -0.09777467720800126 0.521162306440999
v 0.07493157019102667 -0.5251308145118376 -0.36920604075806895
v -0.1782591735320134 0.8110342501835807 0.2912936439725562
v 0.29300933476023067 -0.246228551314648 0.6205563896896452
v 0.28162384989091455 0.3577630223620947 -0.44276874019343754
v -0.010998413405640953 0.5671524107319907 1.5481787463953811
v 0.09453616177866109 0.6760463403983092 -0.09729632170158764
v -0.23942814440372967 -0.5117776965920428 0.8422315761682045
v -0.2229307531410578 0.10167976956781222 -0.49417350538164917
v -0.26374506068454673 0.41398748329765905 -0.8199582188853917
v 0.3077333576204801 0.7719350316480973 0.0857728173938357
v -0.17691383151383366 0.45327881363562256 -1.3495117325542547
v -0.22195331039484717 0.14565860754444226 -0.11509733724257303
v -0.21481235552170136 0.3799763033872537 -0.5498066287968998
v 0.19086201629273572 -0.18563750929512918 0.3127230349348821
v 0.27683264968225146 0.19055526970120845 -1.4271425473093258
v -0.1237281375363729 -0.2055105793728086 -1.3402088630310338
v -0.1473833504544607 -0.45763920740748776 -0.24537165096916405
v -0.13386776897559327 -0.6513086360408165 -0.4551444492701016
v 0.15588968406603082 0.3958870696577234 -0.7088897795748006
v 0.24814627055568506 0.5309057125849604 0.774878751321589
v 0.25763713265717325 -0.048760994538719155 -1.1338288137458534
v -0.10082921757404703 0.7885536772761746 0.4484340465606542
v -0.38784867483125535 0.17426950146352221 -0.48760102040139763
v -0.3060682587038461 0.3106956477060091 -0.8735594968167573
v 0.4846134047151536 0.3802735825437077 0.7979670199853799
v -0.16487496648791353 -0.6117932741506094 -0.12409574015639252
v -0.041569040957573605 -0.7018612473147358 0.7357757186896124
v 0.03162704752286358 -0.44580303194498905 0.3009862972058474
v -0.4397167595099273 0.5612912293204206 0.47087315600129365
v -0.3026703903230178 -0.16658050330314594 0.15175799199567086
v -0.23050612512901503 -0.42548625530859474 0.7182506572677988
v -0.02877661217382672 -0.6794322070888387 0.7553715971857022
v 0.28535893525636624 0.5214991165886632 0.02907098414117592
v 0.1056150271929997 0.0069500890088535355 0.8971592951506832
v -0.2594817314305497 0.804320508020759 0.18836090980363082
v -0.02686252903811323 -0.22525342772043833 1.0621610083029522
v 0.032797517454712724 -0.16598796222349432 0.7642999563363657
v -0.25247599899174467 -0.19336842861385123 1.112147556802653
v -0.4097320788885979 0.47942146162582944 -0.25091553345557543
v 0.30204008121231296 0.13308788795196314 -1.0993043751082363
v 0.263705377129477 -0.11366038910239532 0.7514754721905356
v 0.05191307406575234 0.6124429588715 1.4190510517839015
v 0.2819472513704624 0.5242784571790657 -1.2370379766770698
v 0.4756850286129501 0.1700080029758419 0.8309507162035832
v 0.06834793109747483 0.514496265911653 0.9887182579644116
v -0.16984876868513357 -0.42235061029956256 0.01435530143859177
v -0.23314624272164397 -0.41053999775933847 0.8345558002090049
v -0.00810376844036233 0.04113909057354435 1.2070541436327389
v 0.38141390416172016 0.4861812102681297 -0.24322736592065783
v -0.05127789986307612 -0.5961860252033027 0.9381322352052114
v 0.39132986003103626 0.7617900943768663 0.06803162383740446
v -0.2517232828109164 -0.349783203581993 0.5038287635177665
v -0.23492367949365925 -0.460700841993011 0.8093113973702688
v -0.12355633367877687 0.10003802987325688 -0.9859990783893624
v 0.036630497963491174 0.4535037605710246 -0.039897102094561696
v 0.0069959853033222975 0.566407899096508 0.7745855744378077
v -0.11462526228171825 -0.7382840719620544 -0.337345773948298
v -0.23802704877058858 0.623964751073715 1.0708413833753945
v -0.42481008380650104 0.4799519431176509 0.8307919311286842
v -0.04821568892519397 -0.32510688075073174 1.2310030250292672
v -0.21107899921332665 0.5606192194213895 1.56973654527298
v 0.34268714486245777 0.4788631626569172 0.5559726836548305
v -0.2558395235525937 0.15615918812424404 -1.25442942606084
v 0.429514322615118 0.751966931237346 0.5133685647151482
v 0.4746280661927402 0.3536380515773328 -0.2643502052341661
v -0.365713625163058 0.10896686366703946 1.2182124948179969
v 0.287326551355305 -0.27282743305160767 -0.03775717359182778
v 0.014550472994036456 -0.19280943463180017 0.2778781782887516
v 0.08995054984675421 -0.25722910061432513 -0.41074238219504045
v 0.26666945560247274 0.264228747450281 -1.4138115681007317
v -0.4684976773749064 0.39362725986432157 -0.26404550130320514
v -0.40981471764595173 0.39956390953183807 1.0246133811724638
v 0.13990924696628435 -0.09749648548555345 -0.9199151949702821
v 0.24141369523195672 -0.2901416851223543 0.5523204743682922
v -0.02775543445449345 -0.01734367146836452 -0.052290559433574454
v -0.16686246674323713 -0.503235561328056 -0.030645256706650595
v 0.42645209472569595 -0.2810322835248112 0.5644297052366278
v 0.22857241211001628 -0.3494325948807933 0.1457183786743765
v 0.4400947788512585 0.16497836240596064 -0.3412239133595566
v 0.05977521525538218 -0.07478645653311336 -1.6033718417360905
v -0.4853719522257315 0.016070983750496315 -0.17095766214804167
v 0.4416056696087853 0.1572841431712737 -0.12045402387309567
v -0.17972076921130747 -0.2057356958236103 -0.16806537344681888
v -0.1342329899042471 -0.5611857907418072 -0.4648372211641727
v -0.07574722743976355 -0.013135943265469074 -0.8554224848020263
v 0.056606379131088666 -0.5056855504483814 -0.14774591846710924
v -0.024273266065394306 -0.7382393537996135 -0.35320499058571897
v 0.38715425499638395 0.36180594769340174 -0.381975195077437
v 0.08079034448392097 -0.25280895266406556 -1.2503628194281948
v -0.34025064916794856 -0.35292183206205996 0.22658149611938871
v -0.06529616230821418 0.36485263102067134 1.5748590294272768
v 0.4740800737601297 -0.20586534120130096 0.5915255044162684
v -0.11330695796979068 -0.20323054639222254 -1.4172678006336765
v 0.01965527669214474 0.799330805279047 0.12525717491743765
v 0.018280303382097417 -0.47172400464700814 0.35340210309249026
v -0.15171648615005429 -0.07868542938699508 0.544082110700568
v 0.169910692660644 -0.10784329864628728 -1.5398747633164334
v -0.2457315745415773 -0.1831500233683902 0.2175691420881739
v 0.3582921562064885 0.3529272057002305 -0.4514237896651645
v -0.3212138324600696 0.5789892303530083 0.42744341230737204
v -0.039467372080552 -0.6203504284790096 -0.551371510209231
v -0.26879621275864995 -0.09003874023344816 0.014149492791815897
v -0.47001941711801404 -0.0939584956753331 -0.0006917838704060437
v -0.1054400873005092 0.5231466706614283 -1.1663126599049611
v 0.17653459166162463 0.10499430417814795 -0.11036367056056812
v 0.08072158903780263 0.8119563461517891 0.35184469730928575
v -0.1119245598852365 -0.48887092806671073 -0.6387894491298461
v 0.23050676928753389 0.39989510871977213 -1.3988167613410014
v -0.24512043762257854 -0.4989971677893549 0.9194086999075183
v 0.18033850027935455 0.10017370999917682 -0.7558361710901202
v -0.39987933531183 0.8053323793446487 0.20070366508659332
v -0.24258341929604718 -0.3003891283557839 1.271907277443837
v -0.35117635741865816 0.5438070380614747 0.4980124019778772
v -0.12365668679539933 0.5906146812221399 0.16853321899845114
v 0.24672935913575195 0.5372259586504583 -1.2390136956121143
v -0.47325409302355104 0.5407224680423721 0.7478178045081268
v 0.45682816945339283 -0.2875364198959036 -0.006527266747381567
v -0.06505840000859485 -0.4354595243345494 1.156759026250964
v 0.4428693730104695 0.21571405031155605 -0.33925141521710644
v -0.05044378238731189 -0.2376821103595088 -1.5159126427671885
v 0.4845548540960971 0.36131181030327597 0.7013520739086567
v 0.0460586732701703 0.5562490785140415 1.5711872750151532
v 0.3293575556801413 0.186922944571055 -1.1377309395861697
v -0.0393060612261974 -0.8153754039575799 0.16883314259514048
v -0.25703314928804183 -0.2922163332446636 1.2280816813885358
v 0.34238708565344866 0.6620996134518445 -0.10062714674183455
v 0.0769659075512874 0.3222589542296106 -1.5041863471867754
v 0.22165131871028146 -0.198266626942805 0.6781141061953907
v -0.16167361730995755 -0.5626749157220124 -0.1355447254944363
v 0.4100127794389613 0.32868360482978376 -0.4605511598950758
v -0.3472837583438052 0.8045395727717913 0.37272260382176736
v -0.06489771636121915 0.6308985072738074 1.1230185454823396
v -0.27538686978974936 0.27945206096880704 -1.0186355053597405
v -0.24628609331707618 0.4730910954909695 -1.1828102206830329
v -0.47349143153467116 0.6130329741716961 0.6891776813206765
v -0.29273936453466837 0.39869746546935103 -0.8307286340784361
v 0.3290540722600582 -0.07493171427911638 -0.010167203118981576
v 0.37688357120165544 0.23544452403500776 -0.8096398165056478
v 0.19508011883809281 0.40448397534735325 -0.32349434855954473
v -0.4104956949096269 0.42223037302655525 1.0718979389586452
v -0.4831254493912061 -0.15715475206668256 0.5834932036684196
v 0.1795600008062319 -0.2185973885996746 -1.3348640933331102
v 0.4551503568817813 0.432503752116139 -0.26192347362667956
v 0.18053937602799913 0.45331219121782346 -0.03836554740981141
v -0.24494844729804283 0.6201063771580615 0.7319491797660226
v 0.14916419448600995 0.10873155934071578 0.6513700175670479
v -0.04208869041535421 -0.4647066434517837 1.0874676571964583
v -0.12589205246816437 -0.0619503944854837 -1.0635134191132998
v 0.4826637572485829 0.5985421536468141 0.368913864015146
v -0.016627833362741054 0.3619588675354712 1.5722007906384199
v -0.05098499420393435 -0.7911360240205857 -0.20187359256916337
v -0.43162885771097687 0.5082820347771276 1.5740247424361131
v 0.4790388738444763 0.10737060495422367 0.7083039174018971
v 0.2172362392704729 -0.15380821294888344 -0.17780249056945138
v 0.4791129859772252 0.1033298494200328 -0.1793959692297121
v -0.01385429019900817 -0.18426117986188423 0.9275968022592314
v -0.2690842702773603 0.3499474470527625 -1.0371380773339245
v -0.18568825373002942 -0.38834632966592486 0.03817416452355004
v 0.2240287891426151 -0.001426599225025943 -1.4639285417489618
v -0.16808943615780628 -0.6194056004957013 -0.06323766052772621
v -0.07986160351204415 0.7723764158458364 0.49642324596030885
v -0.42350228944935486 0.5634418542448756 0.09057128981314597
v 0.09373710008755481 0.3586796768859729 1.264435733638196
v -0.3898291571490314 0.125206693231407 -0.43084112812434056
v -0.27758328082366335 0.09319935486085627 1.4634799361951953
v 0.09507101676779478 -0.3419846984734105 -0.0005511199917349156
v -0.052733342133361075 0.7044976186170315 0.631313616584593
v -0.18199510647446357 -0.36136156307308787 -0.008115439575631675
v 0.1382237553470664 0.1538756631264242 1.05082998873156
v 0.46443271504163836 0.03311702855583745 -0.2641345985972875
v 0.18149808732254294 -0.03210580139046648 -0.04510951416839958
v -0.2002828515826078 -0.7171619446132249 0.2724367678614589
v 0.09149924253841418 0.5412770715755709 0.7818213901286257
v -0.48344090059850797 -0.3165277063719106 0.2675684381459323
v -0.15122406086546553 0.11253253534203086 -0.6828169041231102
v -0.08257290062100717 -0.071204375767431 -0.7961496792882752
v -0.10679395594329386 -0.2032945554071493 -0.609895006801688
v 0.39555682823179766 0.20040319904062492 -0.6592000355884345
v -0.4035552258997064 0.12938209484757965 1.2821641457334898
v -0.149827152262697 -0.42286798825098715 -0.19892700808541666
v -0.17645035945951365 -0.5842459876554077 0.04354244600741216
v 0.11834041263616521 0.5861973133244354 1.4914682678573365
v -0.029186822489560952 -0.7053117841302509 0.704469580769921
v -0.014924949463513896 -0.26025327229651457 0.8973219621282355
v 0.21738546367682887 0.1668185876820248 0.9207542283926375
v 0.18458050449606936 0.36374962821790285 -0.5088829838206043
v 0.3322683046083914 0.0359661586362966 -1.3292297574294187
v -0.06307400188508576 0.018055619195564976 1.4582403508027855
v 0.31535278666081934 0.3801016939284118 -0.35206379596339804
v 0.12110288644429765 -0.2574031420751972 -0.7945179070992222
v 0.12337774920519284 0.5961831942961276 -1.1796922561301892
v -0.2624413855516133 0.7845030728972611 0.4553385952573783
v -0.29428156478651973 0.6087333686221632 0.26292885251076087
v 0.09199724487965308 -0.29972505177745884 -0.10728310110489843
v -0.3527125229222803 -0.11687528256078733 -0.18452074184190506
v 0.270938921313939 0.44969032518783153 -0.2705122595286638
v 0.1567557043400186 0.5651866932055285 0.4395646448660065
v 0.21127207725358504 -0.3361854240858109 0.442059148730293
v -0.352721168207665 0.3714311337976122 -0.6870798434916879
v 0.007351577757273166 -0.18721561290863709 0.7852367185956232
v -0.0890892251493381 -0.35381561895851854 -0.7643814423890014
v 0.05896576227027432 -0.2794214295360812 -1.5495786384691845
v 0.21584194120485978 0.1567432873369906 -1.5082620567963843
v 0.05203475221965706 0.3741189191206369 -0.42887934335515143
v -0.23279075197693294 -0.4250835206219872 0.7674842014104919
v 0.4620600757981962 0.6938851917765076 -0.048482633300871665
v -0.473360938579982 0.700440894732189 0.5745185159590182
v -0.09606624167943396 -0.29955770617487487 -1.4427668325543022
v -0.10929262988641306 0.10643008266206769 -0.9350624638805026
v 0.256579780351544 -0.020985235187801654 0.5916132116840732
v 0.41716938058349945 0.15356058485300164 -0.4851089914619467
v -0.08049752358247905 -0.2902128985417683 -0.8160823679320292
v 0.03604612752610509 0.6809679996585815 -1.0585141048484248
v 0.018895864653028335 -0.5700630409994609 -0.6094633188848116
v -0.4098188877247843 0.29094301831981656 1.1110679471250433
v -0.10241010124011003 0.387980040790253 -0.5870178865197634
v -0.1030005911834253 -0.8256754139164566 0.1415865255643868
v -0.21418821677154565 -0.5076242302685914 0.43119889037540765
v -0.45829434204847874 0.6108566507126466 0.22106593965626714
v -0.11268114101717791 -0.7114648202054846 -0.3921045877865155
v -0.15808651888844405 -0.18816077992274488 0.3103572949682077
v 0.042111439381993965 0.7366126331694717 0.5718099989026102
v 0.21979085329549314 0.1322382937202063 -0.9467881492054768
v 0.12218013985785173 0.5895181030530201 -0.18077984209824366
v -0.4086023604588367 0.3210696680883947 -0.40753910054152787
v -0.31452682287578065 -0.1664438738909877 -0.14585355025409732
v 0.09951889743744533 -0.4204567333994932 -0.6012931512623868
v -0.25790374647782155 0.2601060820749551 -1.1389909984067603
v 0.2585011865525245 0.1643101327003429 0.8881720633017038
v 0.47997559899167896 0.2161751830533602 -0.194310188368425
v -0.21335881182389305 -0.6967185230217147 0.40264330933124987
v 0.25896452299452477 0.13680571664972535 -0.7698251243226502
v 0.47223060989478194 -0.18602981878465508 -0.0815560709716762
v -0.34366999514991886 0.22600158393701478 1.5349359660492512
v 0.47150571119104445 -0.182883918093941 0.4315681118674944
v -0.4763519530499901 0.3750985147124237 0.815604860002614
v 0.48642396479627015 0.7094281265811682 0.17164877643261892
v -0.2254024232810048 0.1395670038500599 -1.0931801905540315
v -0.20596916090784728 -0.18340483891721931 1.3770453730597803
v 0.03299415531836482 -0.38788941785757325 0.4757062604167626
v -0.1666457752078005 0.39312022235227867 -0.630774269437367
v 0.18809845758604515 0.06883185518476868 -0.41727157294220857
v -0.2509487669496867 0.43234335664494283 -1.0980586742420002
v -0.22773993893362912 0.06336761103313635 -0.3331392832078204
v 0.20534398811375335 0.5995417859588456 0.3203912166041751
v -0.16773484384471368 0.15011855771055146 -0.8894727380120625
v -0.12941307378687478 -0.08601580076776574 1.4410868501855745
v 0.0063605059729266306 0.43548654508926166 -0.9251432702670522
v -0.12653461754226752 0.505201956916117 -1.1286426765589692
v -0.25318062365367794 0.08494629420797807 -0.3726816489011997
v 0.07057002371444338 -0.07249630348316524 0.8177918459803047
v -0.1635602559024596 -0.44141717696008875 -0.05605339446995703
v -0.24368057381752603 0.42388243620895233 -0.8862247381961091
v 0.27536951141282007 -0.35535939570358727 0.18493676653584903
v 0.04820570446815163 -0.2923659644879789 0.6165779310648442
v 0.2857469051516598 0.44313343562435237 -1.3154648018460524
v 0.3941600891444288 0.43871566088968855 0.5867218617772673
v 0.2861675915190955 0.10999451687464129 -1.4459546035487423
v -0.21441716427038054 0.201213092765772 -1.3942126213759072
v 0.29630927409465224 0.7636709355426986 0.49115441916145075
v 0.26890660118693466 -0.17547648501246665 -1.357074594305714
v 0.24312595333278725 0.5880706788611408 0.3738494404897337
v -0.047626928038955636 -0.18513160753626423 0.20938268403583787
v 0.28499941004514234 0.5170365897884786 -1.283184848809704
v 0.14836062368527167 0.33676303085874915 -1.4772019535278176
v 0.14013592295876331 -0.31635056277922396 0.008167243481780044
v -0.07149549303910598 0.7504277483596092 0.5485101411169137
v 0.10556007030041692 0.6967588337837635 0.6290562647644867
v 0.07567753965894686 -0.3459276097188945 -0.2831030327929275
v -0.2605214710861501 0.30931830118036596 -1.0941571417055829
v -0.4099475329616168 0.3886274879078675 1.1762874545695132
v -0.2273694121729647 0.6686052585099943 0.6715628275916417
v 0.000265495019010277 -0.6694234245866467 0.46872798947270894
v -0.4058279188634854 0.15696801390237303 1.4192619119895884
v 0.021951176314142697 0.055829735851592795 1.1247083258411699
v -0.45278817673850064 0.34156797876632794 0.853896642786246
v -0.24577503829006037 0.5794339540041215 0.785244702770949
v 0.17272954729071674 0.14871000339982357 0.9645776037962028
v -0.025254794132737728 -0.5129104493474588 0.8808454212597266
v 0.18250378828588357 -0.317226075915595 0.49971581137484344
v 0.2649179038319917 0.0702435116273111 -0.3653619400390702
v -0.24093411921466523 -0.27247516309949094 1.0015660674292406
v -0.24352965425717302 -0.5454042460605287 0.9767713889459088
v -0.42247467014483303 0.09613829420007652 -0.3118871714505009
v -0.16264938185371117 0.3816349268156191 -0.5519725948650277
v 0.016348200759395807 0.5810393665485211 1.5133881855317746
v 0.13939724265303022 -0.3659746534512861 0.3403579778432687
v -0.4737857611231704 0.6155582450810282 0.49934282664088336
v 0.3071270349388328 0.026727365934162417 -0.08332532014988595
v 0.2501234642747069 -0.19560372648045637 -1.3006540888103963
v -0.1957509590808659 0.5337598094666308 -1.2432053029004981
v 0.4102483041353046 0.3198313072389657 -0.5370979914752246
v -0.40988040486333555 0.12226099022773872 1.0064331257792694
v -0.48030762880507155 -0.33383978864554104 0.35997380830190323
v 0.038234266208513695 0.5836332403401119 -1.3738000007325226
v 0.12587410078733616 -0.1655740225689667 -0.783959369204263
v 0.023048619011801035 0.5839342318838193 0.4003299157200028
v -0.40472962858882855 0.7273033898672222 -0.01877511035805196
v -0.03424565361127057 -0.16322477645068312 1.1916392268579319
v 0.21756667563910828 0.36383428420851305 -0.41390374269020713
v 0.04509969075098698 0.05282238009705358 1.0588533899209243
v 0.3467099995704403 0.35405346601583787 -1.0332026078144874
v -0.04218550066012293 0.5785615938541849 -1.184508493763388
v 0.0995832963377914 0.3728938482785443 1.1888107268016161
v -0.020628769729542362 0.6261082902544625 1.0998446376386202
v -0.18446706479059005 -0.8058218550612827 0.2603577785404298
v 0.3517912575795302 0.701891115928163 -0.05072740707832009
v -0.35397653145168395 0.7191642944175624 -0.03300175808404134
v -0.22564447432023654 -0.23283732633300053 0.7872457812097886
v 0.12943277147631996 0.5238916230369502 -1.014236767204463
v -0.007854428238943476 -0.8083343953640972 -0.04607168357709726
v 0.09188772097990686 -0.37903754405525447 0.3472171472674931
v 0.4752427798866725 -0.16083071046071884 0.5468434657070624
v -0.23268502522214 0.48058442202547186 -0.013287201856621493
v 0.4740022322885874 -0.24997784207059448 0.4676934539398794
v -0.031183442673388413 -0.5866555643044445 0.8886259407844008
v 0.41512031233500474 -0.24430994211776247 0.6206674392279887
v -0.19062218590524002 0.5704436539264076 0.43967881348770443
v 0.47883189554144245 0.3908233734440424 -0.20927390600385035
v 0.09536549892015378 0.5274519380253111 0.03515084041835908
v -0.10476127983395019 0.47309285845112636 -0.2636926041441095
v -0.093897512510291 -0.5920183195862764 0.9725142131009209
v 0.030962852283758713 0.7789853296854834 0.4954889957379418
v -0.22860114497026543 -0.6783737190300313 0.6401294344613955
v -0.21283405995258148 -0.41633823810299997 0.45083190969557174
v 0.18311083988374957 0.10070241157930142 -0.9361655175378909
v 0.3337901121576589 0.048801576525407425 0.6311031123612454
v 0.27322078506084174 0.6670221372406553 0.656092292814193
v 0.3167125374879736 0.3968527310836549 0.8372762172464717
v -0.10308380629313808 0.6329814786022421 1.298729597429141
v -0.4597307646909173 0.7192552394295014 0.5869325185644746
v -0.05258433809702469 -0.02832665897263277 -1.5498601357419266
v 0.07411676051928827 0.38402326318507357 1.031191833094785
v 0.46347866542058636 0.7854344922124532 0.16400968360591445
v -0.09420055519033484 0.2962519694137836 -1.4810227458793577
v 0.17998539970177926 -0.32190278542330064 0.043914379745894114
v -0.08292744207947988 -0.7962339453934661 0.46334721470388895
v 0.11751965297389733 0.6272060211283003 -0.9670549696535795
v 0.12618982321927755 0.5010740365634004 1.503169593819374
v 0.19835085066914604 0.49190625386220066 -0.2444903065030434
v -0.26056802001490775 0.4057525946956287 -1.0432475140483553
v -0.21929408841667203 -0.5171006835611051 0.5807336794282418
v -0.2820140573894842 0.21286398789639857 -0.9647584428246027
v -0.12075799041206788 0.4841299552709789 0.5618365434097159
v 0.03372919104300434 -0.7712023352359735 -0.032523080498368245
v -0.1770318650866448 0.7749514395249805 0.4857890872455435
v -0.24207249988135113 0.3759929966220212 -1.2567875886891475
v -0.10253774633608419 0.20111009520891426 -0.12196254141502672
v -0.1549205136713255 0.7942152034499779 0.42388263962743195
v 0.2866644072525365 0.38382787973537924 -0.6662797445476687
v 0.1894704813281377 0.7640499380733481 0.057326438170164716
v 0.13012773376047038 0.6350341236256704 0.696938842186705
v -0.47025055136550514 0.4659371896412866 0.6050332034290498
v -0.38989009793522356 0.06560955390340976 -0.30896274262949497
v -0.4780671268156955 -0.3121521409717721 0.13332400595220537
v 0.2613090904877766 -0.3187536300369123 0.0518195608955078
v -0.3718832059413024 0.1529976072590577 -0.5451383611560991
v 0.337938696437599 0.37444733825601584 -0.6224155159327759
v 0.40768858769675337 0.329371294903287 -0.4884744484983523
v 0.024783473515411634 -0.6766758527866353 0.14918059510093093
v 0.27780151494923727 -0.15386862823733655 -1.3981388862091406
v 0.05486143846119593 -0.5376145896558107 -0.14450641137268078
v -0.38005327185448745 0.21269598118375582 -0.5518293204492011
v 0.07995819338679327 0.35753765163819345 1.3318767742988153
v -0.3600444368931882 0.5997683263390047 0.3582402760184103
v -0.24772846595004425 -0.3259611536075203 1.0525183451610327
v -0.08169292922962407 0.1171307761712154 1.5141608197720677
v -0.050992096899181785 0.7872471881876061 0.10513161165190499
v -0.07989452340266591 -0.8035290745226391 -0.14530811750402234
v 0.15176432339584964 0.24759926978816288 0.660967267533388
v -0.24004253601840264 -0.42259654324144735 0.9057795431108516
v 0.14235716799873335 0.601440053307767 0.3093518482779666
v 0.21019973978662226 0.48733228763825315 -1.3817078263223714
v -0.4431210186213243 0.7932633575291219 0.15140016193844397
v 0.02100439890373779 0.037523310146401596 -0.08444827491519914
v -0.07376598230268888 0.6189450780093361 -1.119966759741539
v 0.13234506299470736 -0.3350647408268538 0.4686887466576784
v 0.12264554438772829 -0.27829711864757034 -0.08507514286329006
v 0.24715477498283922 0.20427984671636615 -1.459835049973924
v 0.025729284688038246 -0.30713224753737356 -1.556713016144822
v -0.20420970971974017 0.5217387944122992 -1.1850607749356108
v 0.12232532979769487 -0.17582687334364672 0.3693497728654747
v -0.48240024555974914 -0.20777849200231602 0.3531908190983041
v 0.1048721259538141 -0.017450957764834713 -0.052148590286325645
v 0.4709531248911021 -0.2585343352889358 0.18822099179271837
v -0.1871986359413572 -0.11210876379432055 0.03923968747144485
v -0.47785596148228915 0.7698937272049089 0.22952304599576437
v -0.02892287006068795 -0.14589753950031947 1.1236782316118124
v -0.17238680410406315 0.5383557279348394 1.5956093077953242
v 0.4746867693756563 0.05244597115201955 0.6603825580652024
v 0.3400227357130518 0.36498895530511016 -0.09176377979541613
v 0.27093863313775945 0.03690746069929119 0.8441125698978965
v 0.05140852843008502 0.6973656311085299 0.6320862677764258
v -0.1530634216129912 0.16844449463824818 1.5356898179832574
v -0.32886077384978024 -0.05753245023542017 -0.22385801085318724
v -0.14636968226733416 -0.8205396058517431 0.2158058598520336
v -0.35448209417974946 0.37075734398688437 -0.5453175558851221
v -0.08080171896724085 0.6310325261488102 -0.14638533701449646
v -0.25340728269461693 0.30759914380276754 -1.2247925571366152
v -0.014502906972880598 -0.39278446320009264 0.8126084888459754
v -0.28613838401572717 0.12272280103114165 -0.5831643098899214
v -0.17624580522669558 -0.7686904051885977 -0.03430804375413018
v 0.015377047034514032 0.7010367244105947 -0.06764016192487705
v -0.10918395356366534 -0.2681475705574675 -0.6148640117130965
v -0.006064989776629455 -0.22737108189965172 0.8179222880803739
v -0.25917936681210463 -0.15819681408325886 0.4184071566047995
v -0.1857692142849262 0.32824962845501154 -0.10258069306259822
v 0.3701178217142058 0.7160782157114024 -0.02707634728752492
v -0.23399724393121832 -0.23279357440833787 0.9516928908288591
v -0.10087510539274583 0.6057748333027376 0.2832258467000103
v 0.47781978689599314 0.3946009393686589 -0.08591673596818106
v -0.40936311166961076 0.5721712192678311 -0.18802730349702107
v -0.005685156620521478 -0.33448569317301824 0.7414490600867748
v -0.4732912168960854 0.7589968196206083 0.45219249114818455
v 0.4416840365780667 -0.18415116436747891 0.36349708417542964
v 0.01861389273716722 -0.11405139332334355 0.8263044855647436
v 0.3683449110033626 0.06614946045145453 -0.09837727055085516
v 0.16784324894282188 -0.08782325871706789 0.01025338474818912
v -0.21724541005359665 0.44594571305691666 -1.0052906767429908
v 0.06709816186164601 -0.5013577883909583 -0.27244576912918295
v 0.14866444613615415 0.05236028111747116 -1.5199716720614669
v -0.07231977862168759 -0.03230493113049418 -0.9144028084451348
v -0.07621068254254357 0.7689885658251303 0.055824345261882305
v -0.40991096848990144 -0.16752756888973036 -0.1409817454728768
v -0.3632178329817337 -0.15245310684368096 0.7301809307286711
v 0.29439659793675627 0.17866481540772577 -1.4028962172409436
v 0.33698156163627246 0.3489675124301762 -1.1588053653015236
v -0.24483934718679584 0.4295914097431317 -0.9462831628297703
v -0.36582611558229894 -0.23967906957413565 -0.0628060743200898
v 0.24186970860868995 0.10855292401251183 -1.5036852935683418
v -0.1256434072798843 -0.6765027775635416 -0.438280124973239
v 0.22957348530294514 0.2714828877558066 -1.4493538619558481
v 0.24858736657724462 0.08768037418666078 -0.423261433493691
v 0.03576383353098453 -0.5618628013451293 0.08025483686049845
v 0.4811763613254545 0.369135420642554 -0.15182832393500642
v 0.09068577203833342 0.05428741693896155 -1.5565844895687695
v 0.4312081035373813 0.21875263080272006 -0.39538859267336524
v -0.11561938534325938 -0.3123564409314906 -0.5589923970820079
v 0.24942553547106172 0.4471184375435819 -1.0189517532894208
v -0.017194167361599063 -0.2375657210860747 -0.8893238017818861
v -0.010409296537063255 -0.3679336581679201 -1.430357220397698
v -0.12868488648438314 0.5388967363329823 -0.2187466469091106
v 0.4061573381397226 0.14506284567219635 -0.5542873615510122
v 0.28577541764188935 -0.1458482274705467 0.4445231228710936
v 0.36722363444050643 0.31757602350673586 -0.10802074736669334
v 0.07470753863878304 -0.2502598817926155 -1.169633314021226
v 0.4707609452824621 -0.2035404713974942 0.20187483003158121
v -0.20826334842430827 -0.18442532162341385 0.3173462623339824
v 0.4397806498640743 0.008021663656517644 0.6146629834005922
v 0.11198307660121298 0.3844337616769873 0.6251442222732883
v -0.0807218263593622 0.005571505020792608 -0.9579002226866166
v -0.14601146232468792 0.3899546409236594 0.6247136023034301
v -0.2770113189135353 0.3862105542904836 -0.07918817815942562
v -0.4638040502303107 -0.17689505768331681 0.1505462620155347
v -0.07009009171481248 -0.07671660972871844 -1.5583762164889794
v -0.03870443412112183 -0.2471132860887626 -1.249640887243952
v 0.32215638893702203 0.1836329727421358 -1.0353258390503508
v -0.12162075599038141 -0.03684002747329043 0.5824418861110197
v -0.47366152328673017 0.7143798409218073 0.4995887087281483
v 0.48539442996773163 0.5536619344838187 0.5643565084870373
v -0.1975470764499281 -0.14408603013296448 0.09321652677084585
v -0.42558714239872625 0.523662217846536 1.2920921541477246
v -0.0919045369075571 -0.08078219926896535 -0.7072996742709939
v -0.4495813522131343 -0.2827948707478127 0.5366679648092655
v 0.06975114567311218 0.445203998425529 -1.457110835791504
v -0.32194012119008464 0.6291126794895069 1.0958778416733184
v -0.4093976589080696 0.5017810005378496 0.9520228864574554
v 0.15852759795846366 0.6495056024434466 -1.0214665142439714
v -0.09441928091056787 -0.7888009154866371 -0.20917284092254912
v 0.1320030826273524 -0.008537855000144284 -0.7787726895680996
v -0.23006738537151125 -0.29232041570007955 0.6965943529914345
v 0.4735964632763254 -0.22126311996919823 0.019977076251165397
v -0.14010356246896055 0.1327224466532897 -0.9598538198620002
v -0.2686591256549125 0.35766161824999415 1.5793894132419615
v 0.04891685547297342 0.3736931811942901 -0.4899054296964605
v 0.3021876782708318 0.25217627033776496 0.873386116465944
v 0.31926854153927137 0.7470091991000175 0.027781683914137024
v -0.2507346011937056 -0.03807137038517183 -0.24158443961830464
v 0.4694782561560115 -0.1221061887647325 -0.17367409557361557
v 0.3409983137898658 0.27786402375287667 -1.1066678019919485
v 0.12885350345246482 0.10725831795346233 -0.11024072104116564
v 0.1865816507410688 0.08387341429173627 -0.5350633150841645
v -0.41297043327830846 -0.04448201901332974 0.8040468084564032
v -0.18191660389286246 -0.7898854580623783 0.11437274366655503
v 0.3777335044642117 0.2723368046302558 0.8588688176356288
v -0.24185477430197633 -0.14226952006131838 1.3844155636079405
v -0.09679186929939014 0.602324059165663 0.3315593488279958
v -0.13584433548763622 -0.029687460795265158 -0.3325442672033331
v -0.0843050767813025 0.43425213394864565 -0.05020848653675819
v -0.10203926935172614 -0.8249711791399426 0.2265717828869859
v 0.483809427077456 0.5811514670823428 0.4584779865567438
v 0.10300786339407245 -0.3841971520820858 -1.4136914325369643
v -0.1725484878922971 0.4672416275935187 -0.26784773171847803
v -0.03895611363505655 0.22308307120345836 -0.12186607020105739
v -0.4096567462449712 0.1680372847450886 1.1067240811046486
v 0.15423636646967598 0.5957254518623176 0.1882768132138396
v 0.019288343657953937 -0.34175958202260887 0.609957761402657
v 0.03858145069863944 -0.7078873672102141 -0.03092058361884347
v 0.030140109291314356 0.8191931619834654 0.23941549007914206
v 0.4817235400841464 0.47805065839461475 -0.05521547984923952
v -0.18672879010800844 -0.2293964518952683 -0.1397714055190182
v 0.1340073140526264 -0.23240463827526603 -0.13582754498729593
v 0.09042261633183901 0.665964208582667 0.6671277792377484
v -0.1387786301049047 0.1748944538875965 -0.11858142115568876
v 0.47790718903607854 0.27863231839893743 -0.1283291499423425
v -0.16940236683156337 0.10872335479537029 -1.495538722489555
v -0.046420334375430417 -0.77436940840011 0.5402236350756746
v 0.2691591452294078 0.12318137409041033 -0.6665484603592733
v 0.11772393598207592 0.08399321082470432 1.0290511248212124
v -0.42466046951472575 0.1222230187782059 0.8847041003030996
v 0.11235528156433444 0.30380564343057925 1.2112942492769772
v -0.25856946735552366 -0.06769354232424257 1.3302286269221513
v 0.17782951979993358 0.3839931911531667 -0.35765629546644345
v 0.24625439393733228 -0.12018690150624825 0.04855143960160996
v -0.23810936544868294 0.24262901046279656 1.55210755395961
v -0.015372046330222867 0.4056722443961709 -0.6365802227317148
v 0.06796894551836535 -0.3792378095484602 0.40137763955092914
v 0.06028682968321701 0.6857592168187845 -0.08641445013324048
v -0.4801445041359401 0.44337545276050416 -0.11964575749578568
v -0.0580447003460039 0.6210341010375401 0.7252870041877897
v -0.02896018040016194 -0.47807254283271594 -0.6971300555575666
v 0.11566269652788277 -0.3449375719784861 0.0467810716217622
v 0.25961519090473356 0.5990239672673817 0.32157494264028075
v -0.26068206997582594 -0.17218769979134535 1.2915752338878792
v 0.11521800677984953 0.5995447185752603 1.0169757461781967
v -0.25603053350497573 0.40277376838285905 -1.1098974093870344
v 0.25875373059499773 0.42335353121034813 -0.9244151677222605
v -0.2171604997898869 -0.6231001547290846 0.9105409086091676
v 0.3760195003547642 0.16344297667317714 -0.757501948068353
v 0.06110563991838831 0.13964604888094007 1.4153429193670022
v 0.16974965303092895 0.8090965874557688 0.281200273285914
v -0.4634004510151647 -0.025845682437242265 -0.22665401480738043
v 0.10736988451377491 -0.0576787081222814 -0.01945896938352204
v 0.07214555069387585 -0.6453999733657905 -0.4149966593266935
v 0.22583480621101978 -0.20326758550705698 -1.2175552327587398
v 0.45750199316720064 0.49616678611210263 0.7838088734324093
v 0.2777447611934177 -0.11042098371720668 -1.4389520071448318
v -0.3495242942362611 0.1282159136553429 -0.5419052278406994
v 0.023692014711362706 0.10674866990426403 0.6528337830434582
v 0.1654556923442061 -0.07367452026878066 -1.0438555657870796
v 0.23029460381326927 0.35909961738564994 -0.48284177384557797
v 0.004230324605675469 -0.5000918304344582 0.5108088313250571
v 0.03142400197710282 0.810895484877386 0.16778921590916748
v -0.00736891918266247 0.6038953652116429 0.2339001031314202
v -0.13078028329161584 -0.44668712256058485 -0.4620901732574129
v 0.177000114852281 -0.3032011176121687 0.0009288003022667234
v -0.304040888426513 0.06878886607940474 1.1671745270516563
v -0.24293390933646708 0.5482169811846723 0.858818403755758
v -0.3209094506083682 0.18366780815677416 -0.7831429321846876
v 0.2047291388075012 0.34008127785633824 0.6398594981389131
v -0.3685672474016092 0.6193665610991504 0.7165113106060962
v 0.31855033869382204 -0.0314311640027401 -0.045880571915475385
v 0.0656602135806101 -0.40376402649328696 0.26918622531451
v 0.28222778240542606 0.0983781689824736 -0.4797405404626849
v -0.051075905312793504 0.7304335425773042 0.5876175133431226
v 0.4667117987359861 0.25352562987091765 0.842487307100192
v 0.05200800268958439 -0.3449424201189175 -1.4717956497398028
v 0.4233326045342551 -0.20668876225534405 0.6669634340577392
v -0.4448383452326059 0.07382193086035994 0.8459036357080477
v 0.05200503617008964 -0.41856260222632446 0.07071661215633403
v -0.47852580158420405 0.20944064135099535 0.741532631178827
v -0.11662583217435872 -0.1301400829573385 -0.4200789513797217
v -0.10823846447029815 -0.23471311593992172 -1.3681512051652367
v -0.41167848861103423 0.27987408650790035 -0.11229901092740399
v 0.1682630199270992 -0.3664572637942323 0.26190818333762667
v -0.2259622648400543 -0.3145579543789356 0.80440472327133
v -0.2430644531457761 0.4394968217545865 -0.2930545529931006
v 0.004568948568116356 0.7149563797477272 0.609659278686865
v 0.04261676478849992 0.7058110747885277 -1.1555768597565357
v 0.08715707167201658 0.4798960877934497 1.1189495995371785
v -0.13145386968386408 0.07307986024663286 -0.5798171944197633
v -0.4695285852781824 0.44348153549763647 -0.060478509221427855
v -0.16531145169060127 0.553864149404121 1.5827931129525394
v -0.23779404985370078 0.396210572846511 -0.6636101990816519
v -0.018754997355877552 -0.6683277618006852 0.7041012916125327
v -0.06753808822694764 -0.7673187035257647 -0.2851705273653695
v -0.31687823879118043 0.2834450301118224 -0.831748320062252
v -0.48049762166505544 0.36753375438848773 -0.13174417328162047
v 0.0951345341880624 0.2678374082306364 1.3116025799308255
v -0.35304285758167586 0.7584497425711563 0.5234036051527536
v 0.2507884731877303 0.7820094844161329 0.11568425041095463
v -0.4806257414041487 -0.013374959979046197 0.7796838178899477
v 0.3158549421293509 0.09892843292144005 -0.10988267061391913
v 0.012292849949290776 -0.6450380071328109 0.3188500673478018
v 0.4679404463530123 0.0937803688933283 -0.11224473209642002
v -0.01920058553552919 0.5843035889882258 -1.3503809566692968
v 0.21754672367656355 0.015610257845651454 -0.30241939734645185
v -0.051631424229150645 0.5393254407788238 0.05687864629031698
v -0.08809735664261298 -0.2412930765493001 -1.3045887446559152
v -0.4858229479466335 -0.28564500096913004 0.24002059224991146
v 0.3740077763488235 -0.17857076826397206 0.1808782966423895
v 0.3045994925231447 0.4781738791386567 0.8006910985554803
v -0.162978428196069 -0.7857920679965804 -0.08256663702698824
v 0.132190397144021 0.7572712715124412 0.036591958637369366
v -0.4839566003474756 -0.24136132344921934 -0.0016995359700830697
v 0.02730148916563661 -0.7468024581185432 0.07782847818689129
v 0.21679944894006567 0.060751208644925433 -0.3656651691860537
v 0.07151290227065518 0.4412460511640916 -0.9680791986501074
v 0.07288060337005536 -0.10908386319591237 0.7797505391512696
v 0.4800299625803628 0.7718033181825302 0.1785238633528751
v -0.09311858924866913 -0.018844442156529265 1.4660429920871205
v 0.21971014701369593 0.6047217019305609 0.7207676897287055
v -0.11663335865810541 -0.14463944705836534 -1.1669474950768381
v 0.4544979090598756 0.3359439663504783 0.84356796777328
v 0.28835496738220545 0.401573853626082 0.6099866468267658
v -0.34343345336117737 0.6985901764528832 0.6270905472380246
v -0.2325613976411387 0.15655054832753162 1.524317470557418
v -0.24583686055633097 -0.5572624924280684 0.9441251639854283
v -0.47185747259696204 0.7634291557281064 0.09384505596985383
v -0.391805927079554 0.22868182582475274 -0.4866388848957799
v -0.10123232519453382 0.7986257568286145 0.14989081377105437
v 0.05592650371751155 0.40680375968916893 -0.7370742744574749
v 0.14403352273790743 -0.36313303290303367 0.1708705990387557
v -0.4101817184863024 0.2572554602589786 1.1918067419759155
v 0.47894970874423404 0.1486626238456074 -0.18947888081619285
v -0.24913166357414163 -0.4475987594286319 1.1091345731368438
v 0.11301408621372885 -0.06443206603401297 -0.33024460433946184
v 0.14600671589349634 -0.3549416419525664 0.1273065991482717
v -0.15971345988860555 -0.7513325537570482 -0.22117458207593493
v 0.04653324858317065 0.19581728198099863 -1.5589645705382584
v 0.15203108978035768 0.47822164857829225 -1.420245728514828
v -0.1963347192628131 -0.7826361150426642 0.2313593215630155
v 0.34781576547422394 0.06449475282882214 -0.34471781221431497
v -0.215312205580797 -0.3512597335680006 0.05650520386477769
v 0.18037670905044692 0.5300983615908088 -1.384321601221887
v 0.09976861057274351 0.5967642761347597 1.4697803320073883
v 0.3748821028773966 0.14863794240341108 -0.7328437125302398
v -0.14616282262508015 0.04323557227933513 -0.4230577776924913
v 0.16944545764616714 0.6425200084341259 -0.13038843996943913
v -0.3391193711965101 0.09111423068684539 1.3648251096046413
v -0.2560959834007999 0.2243521312917731 -1.201085557263919
v -0.044290915827477906 0.1570140881880115 1.5184846829752978
v 0.4159689911836033 0.4849935853778309 0.793368389270776
v 0.040592835673780775 0.10920525317363769 1.4057686556888616
v 0.07234459567620369 -0.1275459887957281 -1.5375096336051977
v 0.07549512413732959 0.48073625696898326 -0.2594683142866634
v 0.14897371003136697 -0.09308220276812346 -1.0763698230088934
v 0.04688275543427228 -0.32536147592954134 -1.5506759286029832
v 0.46900291802371247 0.7900649579191207 0.3116262872503625
v -0.21955770181474563 -0.6770084759039268 0.8017140053318905
v -0.023882312699066002 0.020995897706442862 1.2627623284669767
v 0.1645396480757668 0.3062919088464404 -0.11153505587557563
v -0.2823076580617647 -0.3628362792443187 0.3256406508413075
v 0.33287367800380036 0.06401465131379155 -1.2732614003597211
v 0.42273112999303925 0.09533945287898989 -0.3592133283157687
v -0.16402008337568602 0.8054674153120498 0.3685392858364287
v -0.27947488621737665 0.7992066182972268 0.3982641671561777
v -0.37003782739708735 0.22395010856984437 -0.6077472636390279
v -0.41080265339540384 0.4518385090905308 1.140573068680621
v -0.02877784963624453 -0.013251501913444638 1.1946860457975212
v 0.33524482551172513 0.3931695513335914 -0.7567516220546605
v 0.43546173651051556 0.43011819579923966 0.8181085007469444
v -0.01940417353056899 -0.43130575288337847 0.8523989403268158
v -0.2982057445803369 0.7623895177817457 0.5148617241618664
v -0.4114347085147256 0.29219207559096666 1.4314086227127978
v -0.2775117622765299 0.13079617536033777 -0.6552939769908454
v 0.4672546379004457 -0.24157247183108577 -0.0668725792434951
v 0.09466553593171217 0.3593456181336947 -0.09235154054079622
v -0.04357373007442679 0.8064797273759788 0.17863665889983554
v -0.43115455362261607 0.13480511285400493 -0.3201308918048556
v -0.4836321648239896 -0.11334797222074808 -0.0077330636885282
v -0.232115860316107 -0.1320193984845735 0.4728698439912809
v -0.17575699062012043 -0.040615796534670096 -1.1097514057732727
v -0.484927381138478 -0.22443814340558083 0.41087404480598755
v 0.47384446430608657 -0.12141943102592756 -0.1160806452216133
v -0.3278026078702324 -0.18521568717451553 0.28769635767552076
v -0.4800458292217747 0.09439935437533316 0.8089004581383158
v -0.1625005473327745 -0.6239248810517054 -0.15759466148044426
v -0.17140000410778905 0.41258099707480755 -0.7853583119918279
v -0.23788233347386462 0.4519248263320581 -1.0738545535081434
v -0.2240502158891372 0.5058849853161287 -1.2039650645040045
v 0.004789199926946673 0.6357166434794829 1.258287410091074
v -0.02328617789294072 -0.796376423086914 -0.1632993462750112
v 0.2617743933084134 0.14460693400470295 -0.8313705380424804
v 0.28705527586116497 -0.33522574655348886 0.44303250615537093
v -0.47811654055470815 0.18273008286871323 0.8269145714882643
v 0.2008236057076511 0.10540537902242066 -0.6602513531458345
v 0.4575783768063055 0.06020826777122604 0.6390304830766798
v 0.047200189971750656 0.22462213542041537 1.5168109726763588
v -0.28347519537719906 -0.36403000668900665 0.2602170129525188
v -0.28752551157993295 -0.327107026854873 0.510556236427964
v -0.07366320511585073 0.6278696569665861 1.340364156088699
v 0.48660593957784815 0.6946368230587778 0.0790295456483863
v 0.07492448444731921 0.7244404103786075 0.5892355547847998
v -0.11079106126206195 -0.5027861760034512 1.0971443759821777
v 0.08714461229013865 -0.5363385285814883 -0.5209264257623163
v -0.47614834810341045 0.6475532766335608 0.35143236805105527
v 0.018592245620625513 -0.593360322151082 0.2669362304627508
v -0.3579784510078035 0.36342676918763406 -0.4472536091233026
v 0.2425898439296958 0.4814983473514149 0.5552315114727219
v 0.3256604248126824 0.13978778070662928 -1.3356633075880762
v -0.21605264884668696 -0.5767939042176523 0.47263174266086216
v 0.10303017162067296 0.5699255809618442 1.5390203717988646
v -0.2265040699605757 -0.6219693174976852 0.5898939186941551
v -0.4255886341342436 0.38895928039970046 -0.29963042828134623
v 0.251605927299704 0.7849551704682612 0.4327613307659833
v -0.47853954928311976 0.5381749058579794 -0.037345708862135764
v 0.10493437200858396 0.6350795028981701 1.2783600336972805
v -0.14326931341297952 0.06321345372864909 -1.031849196863282
v -0.15765566159702635 0.45422923562712103 0.5889997249607372
v -0.44856225953321727 0.7713635952357083 0.08194227790681291
v 0.2691268864488449 0.6934054970984362 0.6215184404375631
v 0.4846390693466681 0.6094825249795978 0.1681806608701549
v 0.11792842240873411 0.3317931275157222 -1.49280591387637
v -0.3519563486272982 0.8025055574907901 0.17790979381746155
v -0.06415422181813457 -0.28991187309498084 -1.312129196471534
v 0.01067828357330736 -0.3631151998829852 -0.7960400536792891
v -0.45520533072590397 -0.18838250606555257 0.3337203989495323
v -0.09737988431786979 0.5421784866650161 1.5938264804335986
v -0.05462538826711355 -0.6789087265830248 0.8033781719138262
v -0.27972683695595085 0.035759265090962646 1.2783904447599865
v 0.48567814789220964 0.5234528154732866 0.6012988639313568
v 0.2544418860336065 0.017160527030528616 -0.29487138514400624
v 0.2875071700136854 0.3247193854985574 0.8688997727521015
v -0.30371007912399833 -0.22651611402972432 -0.08699915960142597
v -0.3281198050861512 0.3875439285214446 -0.6911286849104445
v -0.3355118970239527 -0.3065165845572028 0.04743779123174029
v -0.19817594467973548 0.6370098934153348 1.2580558351035436
v -0.1209100796286788 0.0871375350222012 -0.6838056704980209
v -0.13613759712911735 -0.25932680283099374 -0.2689961815999061
v -0.2684516896602995 0.3334057275130691 -0.10056808757657902
v -0.253636179338832 -0.39819066527886765 1.1006412244048909
v -0.03734736163728285 -0.4885941433220805 1.027421251204636
v -0.42363042613998814 0.25303301811938916 0.8921300614177611
v 0.13244244959183504 0.1997163226410402 1.0977825336558886
v 0.16844887661133034 0.6957137374415324 -0.06861148516515853
v -0.23893263393886638 0.5468470933366161 1.5939009485486868
v -0.2662461926009616 0.04379253207658972 -0.2999450827662695
v -0.002363858345737716 0.8139513559393196 0.3430377620394275
v -0.019251033318479934 -0.6076531486891144 0.7490815079098111
v -0.40347972374068 0.12188656461288118 1.059486004441065
v 0.449705267970315 0.6531270955395593 -0.10545926796798527
v 0.3466493978150475 0.47191813368274477 -0.023237365933597078
v 0.23491054205018247 0.02637021393853431 -0.08293158673100255
v -0.191263157534586 0.41799138618395515 -0.8297865522446028
v 0.006664362326889026 -0.4266511820868736 0.5419965627380579
v -0.004793539521178981 -0.00946359554944641 1.035245929490932
v -0.08798240825007635 0.5972903841292688 -0.1758435367074373
v -0.4105271230647313 0.24973172266177002 1.2599189958131873
v 0.3320220495872471 0.38337454470196125 -0.6814134691774533
v -0.09539397750730337 0.08995699990771283 -0.8281213685702691
v -0.14457814181406387 -0.5162061338453477 -0.3113687594551381
v 0.017869092925504957 0.38885882557383816 -1.4803914535793348
v 0.06515668503734097 0.44980362928099105 0.9744118193397834
v -0.20897529615150864 0.6341422522532284 1.2869108651012715
v 0.08425005208255987 -0.36940311936176023 0.0420539990888056
v -0.31761507137905676 0.1552091560181649 1.4910003544995445
v -0.2136718559125192 -0.04491984338767513 -1.25129247578323
v -0.06807982554130917 0.6656814907990473 -1.1005962689208906
v 0.48238473490067657 0.5589891084832537 -0.08210146981867125
v -0.4649107823718725 0.6213223789262701 0.7039703918208843
v -0.25337631223109175 -0.33292428682638076 0.06968228004198403
v -0.2616347465221404 0.3722445703946131 -1.0735256766811854
v 0.31051413909178016 0.21994510383345023 -1.350146347356112
v 0.025001029579386717 -0.6114199842889299 0.18004634896374144
v 0.09896203934943056 0.4081227251111553 1.2135763164423596
v -0.21747761224810586 0.638028223275953 1.207811538438599
v -0.259431809145338 -0.11025641816717785 1.2912330161989647
v -0.2299503180364784 -0.031563758948385506 0.5871761800000035
v 0.4144930545014946 -0.32623159847620187 0.07714211033350565
v -0.24793008756644755 0.25879996592026594 -1.286820937181731
v -0.018636828170746623 0.5415343620492357 0.49558675526894885
v -0.41082902999159715 0.23028094934782348 0.9916414154199198
v 0.39907808687206764 0.11201573374296522 -0.4862293187385645
v -0.39477685397469764 -0.015990396129478807 0.8383241444958778
v -0.04832409402330217 0.8106645031937547 0.20676224718111408
v 0.00025357808641136154 -0.6164364704637944 0.4971176488436403
v 0.10570604001109868 0.6304438839233517 1.316965131794178
v -0.4742042098873301 0.7801177773131799 0.3743772436382398
v 0.07850042875553244 -0.3975708830744842 0.1908981485001818
v -0.25720302067008133 0.6309002193793444 1.1192578802430733
v 0.11754435136763364 -0.0029284209086688218 -0.49883389055636373
v -0.48543465597208046 -0.29413412876763056 0.34798890002770766
v 0.02711703945922295 0.5827000919678429 0.14035423336626707
v 0.42790094284693253 -0.10515983596595502 0.02376388076506556
v -0.2766651006611879 0.3016854295688305 1.5651541202305874
v 0.2852951296599191 0.019371346873417114 -1.1355388003403282
v 0.4299044453559879 0.1782872876610537 -0.40053831795239403
v -0.33638656258332517 0.1858812215852781 -0.7260614183397794
v 0.22674398510577126 0.13365140799518613 -0.8093381129972614
v 0.23777752210223008 0.3444110401954778 -1.4133171764375063
v 0.08953681361070623 0.3980838366739768 -0.6947327518234679
v 0.011205917206413844 0.38016639795647733 -0.4965653168167975
v -0.3507624008125906 0.4086018942914876 -0.06833919257862028
v -0.47107093809389367 0.3973124229445616 0.6467806762963477
v -0.1618736115785237 0.6067192544490867 0.2760988429442598
v -0.20274245222609613 0.632550282280025 1.1381243000711736
v -0.34849199630670746 0.2498666399683913 -0.722156715865388
v -0.11473041268415221 -0.38106454139870827 -0.6012056982676816
v 0.058809791151010274 -0.010839721564211702 -1.5885248524048987
v -0.33231807432974336 0.7765978239414876 0.47835514195555606
v 0.10768540352723666 0.5453803104860911 1.5913865944310954
v 0.1448776755253339 0.029353295087836476 -0.398878321449291
v -0.218917662520098 -0.11988202805988762 -1.3239993597716728
v 0.11427826425853219 0.6164669493326604 1.0529225037769976
v -0.16956481343909596 -0.5523401212031174 -0.05108454212240822
v 0.2948181827358104 -0.17013088468908438 0.3798571510128045
v 0.07585732769186876 -0.5899889490272269 -0.5365585426187591
v -0.16216149958183435 0.27942081928064233 -1.4356907681761617
v 0.013441435443038632 -0.5444081566203511 0.36053409060099195
v 0.24742811856485564 0.09155444522832654 -0.10758644891266173
v 0.26719668239862 -0.1198940467017264 -0.20235398226037343
v -0.4032928838671305 0.7025430213007897 -0.05817528653416285
v 0.35299295224800414 -0.25761834187511645 0.603746632399946
v -0.24710290327053103 -0.362910137103968 1.0247957627910012
v 0.013303009167643546 0.6346613931648099 1.1600825960321037
v -0.27926765364124323 0.5792370279642899 -0.18719952589720562
v -0.0019833640795709102 0.627173440268478 -0.1519328301789215
v 0.4749352789516166 -0.15952557749534796 -0.007177815996810574
v 0.16244784499500772 -0.23852765317321284 -1.181509545972674
v 0.1254102049445169 0.2688552634481355 1.15250527461705
v 0.06713009856294949 0.5627217528269497 -1.2441032429242496
v 0.14459000789204288 -0.07449577152570766 -0.27330133030300924
v -0.011395452374818489 0.6949302372641186 -1.1557356956860545
v -0.0075804574499482025 -0.18601357920936384 0.3248322488516777
v 0.37202166611977744 -0.18781030683386496 0.25385369302395716
v 0.38978898199930245 0.5755311161991266 0.13196545868438897
v 0.07018578315794319 0.4882315159790422 1.0274424745326785
v -0.2286043827143997 -0.48850906354297097 0.6873676636888387
v -0.411508498568215 0.4566020952405828 1.2621617523573792
v -0.14734578584188718 -0.26711651009033177 1.3229379560479904
v -0.03186897990131552 0.8062036376444872 0.37967573563204543
v -0.47862537492998786 0.21401504831498203 0.7911486529178634
v -0.40547936129862205 0.1414479128220521 1.3853905992354756
v -0.17476685117047222 0.505922617734862 -0.2394171513300591
v 0.0050956329149845145 -0.3982983075576772 -0.7673250603532534
v -0.22448085281053531 0.2810562699538688 -1.3428821547873842
v 0.07719900817741498 0.8166262580919669 0.2845572884554146
v -0.41091302487214854 0.257428721949012 1.117336219768993
v -0.035147967132334146 0.676621862131831 0.6655473702148046
v 0.044333413338182734 0.24237992453447726 -1.539235181713365
v -0.08759913393135446 -0.07268466899531198 -1.0324469420657043
v -0.2329911869855383 0.5520104985084007 -0.20748838334726938
v -0.36353721694630864 0.2712679252774469 -0.6475069480748227
v 0.36523196410635017 0.25661689574830837 -0.8955268957546512
v -0.42109818814772837 0.5676831634484516 1.558250232643922
v 0.2216586078724686 -0.06887147093367851 0.5516912671076855
v 0.09450429288351747 -0.42955570979995483 -0.5465161823248614
v 0.2667473648801749 0.794307199457395 0.1688065795320075
v 0.35055001496830634 -0.14975548962747373 0.7228691890903274
v 0.2677418947786753 0.4831735154827911 -0.015044449344532465
v 0.4670717646872492 0.7195075291988751 -0.006465817414990286
v -0.0730054853650144 0.44247320704560045 -1.4353551107332154
v -0.38532287842418417 0.779159676274075 0.46891981309900954
v -0.12444135662907103 0.5362168334760438 0.5005998002811994
v -0.21287608282016715 -0.25605015491249095 -0.0866058160679619
v 0.07815137959601 -0.4046612545523596 -0.3486113436238663
v 0.12036051070285111 0.6183467225514747 -0.15637913435535486
v -0.17247620652586496 0.5691584898751214 1.548223515412442
v 0.06966704908332097 -0.18305785784557327 0.7176986812232954
v 0.47182736666197533 -0.3010690376724409 0.3491883401413655
v -0.0912005055495227 -0.16344423108713485 1.3881682616234212
v -0.3458798318034891 0.5594010478560648 0.7921242479462173
v -0.48250941347715604 -0.13660880756143362 0.6283997994276083
v 0.0630421160384022 -0.593573403008505 -0.559281166565397
v 0.4326234045610172 -0.09547743841434567 0.762818934192266
v 0.11190864238920464 -0.38858229510230735 -1.3824233847275853
v -0.40984970562444983 0.37250575972247096 1.073354008435909
v 0.47027545317772107 -0.3241920739447103 0.29772888928521063
v -0.042275699804303346 -0.15002618876925483 0.4448686800133822
v -0.2707680328395013 0.4126036104291275 -0.8956224854885421
v 0.12908840094182922 -0.13350067490177273 -0.2422746215681835
v -0.12711303798912416 0.6029095653562271 0.23168780850455434
v 0.013669637074114883 0.5086117930841643 0.010530542426698758
v -0.2987989976246673 0.0386391452649274 0.6294336399472991
v -0.13530319147717365 0.13778854998564644 -0.9094635195832936
v 0.0666340117457272 -0.2216217637003437 -1.1375474561175343
v -0.4231983652892326 0.5393640394353355 1.592636550133864
v -0.03798855363664841 0.5616671466707955 -0.9911996582883014
v 0.051272034630246516 0.6376662909460534 1.2075797430810489
v 0.15099285881181457 -0.23689927129215382 -1.2773614523807273
v -0.4701031916285458 0.6184508389099704 0.37599857367867123
v 0.1356445446375497 0.21971166417652327 -1.530931588519836
v -0.2893668556576352 0.02643562993127857 1.0072114218339123
v 0.25812143815411637 -0.057962646416779035 -0.028118171982541663
v -0.48497284516867756 -0.1985092034797758 0.05526982648638339
v 0.08019427748395558 0.14172561294984076 1.3214882433982154
v 0.25266446621313116 -0.0651811884883676 -1.4575173167684448
v -0.24995866140311848 0.0531367972604173 -1.3601093098457648
v 0.12411878577498175 0.6186748026560542 1.3072856838105233
v 0.18034482320376335 -0.2606991486523457 0.604878215499104
v -0.1026691546739317 -0.28663958172225035 -0.7052825427238028
v -0.4051307528791389 0.6321211201426042 1.1110440115506055
v 0.03700985647647999 -0.45194762615331774 0.1878209184978862
v -0.24338875305694233 0.23348733313315054 -1.313355708194524
v -0.4335271250598983 0.39518427576210685 0.8596219745564965
v -0.13529218992773312 -0.1468279078200334 0.09809648524279194
v -0.33754682768811234 0.09223269329406654 -0.3750607297298305
v 0.10440570433153931 -0.2686694745700642 -0.5705631283801161
v 0.09565164091484751 0.40831917650786775 1.2892587042417376
v -0.2629175034547509 0.6380047284415546 1.2654676416823303
v -0.06783204488156755 -0.5510298010665157 -0.6174757693793556
v 0.13542995509306938 0.03899970452008947 -0.6938815980500339
v 0.10599491120372759 -0.3478902929197021 -0.6328630551440114
v 0.13226557722378798 0.5558591761431914 0.08186713173012587
v 0.14924015433661555 0.589005997030526 0.7378767264565752
v -0.14844670360523937 0.14462490263707117 -0.8519058200290881
v 0.10207729165587887 -0.22956083097835744 -1.525945411698438
v 0.07842780835830092 -0.1750956686670404 0.37234338092109825
v -0.47380030554446473 0.5378127362065201 0.5449440795565029
v -0.35335463030480424 0.45529050373848334 0.5882579425231895
v -0.06270500076301862 0.19014256750909864 1.5344790711924396
v 0.35654460499944035 0.03954966333133645 0.8327255763415231
v -0.4109948669071237 0.3894007493551394 1.4127877459411629
v -0.3069689109739926 0.2241796154694983 -0.8824077768926023
v 0.09762001983308494 0.48152684289010445 1.1634223545339148
v 0.007151719101026768 -0.39107478173333754 -1.392751178260473
v -0.16694085066405842 0.5242860345174325 0.03480199467731628
v -0.48012256884321897 -0.07657419984143041 0.5841992692112504
v -0.22055691033827776 -0.34216197767841694 0.6420481114644409
v -0.007037465721628895 0.6947675024804066 0.6404604810854697
v 0.06082624463660265 0.6075138748367208 -0.16930668386420267
v -0.3575542217685141 0.8068915989426301 0.2074398849914152
v 0.060633878561022994 -0.12600984024364595 -0.9795748176746086
v -0.12233583975247624 0.2783104256064469 -1.4699961420627468
v 0.3019838190511525 0.5500125900075354 0.4681386352825717
v -0.06728250985881983 -0.15147008704082018 1.3807273322989662
v -0.12810894096236214 0.12537234367999392 -0.8163474391625402
v 0.1756428728530423 0.5589473229372277 -1.3584659089002924
v 0.05619157494802257 -0.40729316759964307 -0.06961299909812659
v 0.08843926920380807 -0.49130920367291686 -0.6395883074024727
v 0.30882552838920774 -0.32248969859168225 0.062372928570776164
v -0.22546390651647602 0.810410687785784 0.31547109993404004
v -0.18849661535686071 -0.6841217828153815 0.14270658161636515
v -0.14079793144921202 -0.007392252977431152 1.4782311323740165
v 0.07172950904839194 0.4214762159648296 0.930091746863557
v 0.47480943071887927 0.021011933863254492 -0.09242448301728717
v -0.18636072132063966 0.20733219185798574 -0.12015316794170794
v 0.13619452040033667 -0.00011743179314219199 -0.3558232915464065
v -0.43049347746686567 0.5113101222650502 1.4502614135027623
v -0.4339908513873179 0.03294403809044351 -0.26310353813015175
v -0.1877626984338592 -0.7557230534639002 0.1130780358982657
v -0.08021275466252288 -0.2764028010074619 1.3075435506365471
v -0.2343472423769791 -0.3569466701002189 0.8813245565369788
v -0.44941680361464537 -0.18811528198946537 0.2814547667554837
v -0.2102629690307104 0.460152612238841 -1.0441094659527503
v 0.32009050476087714 0.42043857830018544 -0.9377676923381564
v -0.1508042220750283 -0.5470289664089542 -0.25587275704670487
v -0.1424224653306978 -0.8132367976749637 0.36936524962146733
v 0.07222773175965046 0.20284522093716437 1.406144217056897
v 0.4767333626993153 0.5184078337597324 0.5134489828207659
v -0.25420190308225105 0.20824867686646426 -0.120206836517253
v 0.30533700317261986 0.0766376494555382 0.8521511935701541
v -0.4739549544436111 0.6321323929166842 0.3154678452383658
v -0.1529754261690069 0.6732519976950331 0.6736053355941679
v -0.4812403194857614 0.27959253838053855 -0.1816039581654256
v 0.2531153263217135 -0.16251101490870595 0.7110472698729434
v -0.04465505185757365 0.2376915354157322 0.6670086438148393
v 0.2412031740570692 -0.06479889735896394 0.787385665317621
v -0.1590646396962535 0.6353379630280929 1.185826543802216
v -0.14945808333446997 -0.7947442271093618 0.49661759536606503
v -0.09201111123934853 0.24767243263467342 -1.5022820620411643
v -0.4102513215094193 0.4068468844068526 1.2574612089844757
v -0.03241420923291087 -0.33926994325029364 1.067555378206828
v -0.18074740532651107 -0.2801704841842759 -0.10311968422748459
v -0.017521196470700464 0.3809986168597649 -0.42679662629981635
v 0.3261692083333423 0.20667055630141634 -1.3056476395516816
v 0.06523279745180631 -0.3439228866989614 -0.12600956901900645
v 0.148588215060909 0.6800969956318424 -1.0814957313742644
v 0.04328458765715837 -0.7568998463201583 -0.21592933486917515
v -0.4757285940706731 0.5089427549505386 0.6138292219071674
v -0.17297290359852618 0.626377667176126 1.0899368524115696
v 0.48497208234937894 0.5924293944305492 0.503337355325576
v 0.3812233519009173 0.7345811945225459 0.006753688466760989
v -0.01011249202372838 -0.5922521152255428 0.6431789317443001
v -0.1790328926708645 -0.20162610008560122 -1.2781170333718104
v 0.27510208391825325 0.1414030251442115 -1.0286774789771933
v -0.09506630423968311 -0.0034929071896701025 -0.6299887350751568
v -0.2219158305399735 -0.02424406703779594 -1.3011140179928629
v -0.14067582950680804 -0.6428559710047915 0.8913489344559432
v -0.41036874482679153 0.31748256966688126 1.2706385224832417
v 0.014666947025170383 0.2941291450148795 -1.5185916810955886
v -0.4846441717601991 -0.17235721519104547 0.004869609556794413
v 0.36550681637542387 0.1742054076908956 0.6610720450019426
v 0.24746208945095555 0.10037924742131318 -0.5196267172897359
v -0.2138206904334559 0.535819336815287 -0.21855160249021569
v 0.05784277360188117 0.4960327163824798 0.9095772983195726
v 0.1257435569780271 0.6632124650993356 -1.0293851549163213
v -0.18485656032448092 0.40080298234594586 -0.6939952581255328
v -0.2701015152394205 0.0374299919188667 1.0908278084008534
v 0.06463257732454826 0.7261919112944687 -0.028499768098806527
v -0.03202969745177117 -0.8052814908216587 0.3501384570051445
v -0.17002492908850192 0.3530572579148804 -1.396987351147438
v 0.3722856355001904 0.7485609091657921 0.5231449416043513
v 0.4523358248944009 0.7966103204354202 0.25005227628260285
v -0.008687528622309508 -0.0026444317595512717 1.0639204086364396
v -0.2674387842924716 -0.18632735221420865 0.29265210648267276
v -0.14252524251753598 0.38543220738122075 -0.0793926815376238
v 0.21374261164035402 0.669038370356228 0.6565305409770376
v -0.07601789267846468 -0.2305863482919231 -0.8720697785326529
v 0.16080512211113412 -0.2642437665146944 -0.07105350706169795
v -0.1643011399083888 0.5448817826471133 0.9358641191572242
v -0.28567989571415836 0.23448457527804614 -0.976300441262462
v 0.476236157080455 0.14425420636100703 0.6799962017751808
v 0.0041834196945784545 -0.6213637915384166 0.4402883230588661
v 0.03895458799645926 -0.5910836116723301 0.022959292871929084
v 0.0032909041636175473 -0.805639066605786 0.04120379460160984
v 0.09351711995336402 0.6993237204420055 -1.1571763053588657
v -0.09504606410095891 0.35143711448224685 -1.4586887698896123
v 0.08817704583201201 -0.0009010845344157026 -1.5772586046677315
v 0.1473437008024709 0.3627754571189064 -0.4834595896713249
v -0.15005198053731922 -0.8183383636289377 0.28984521963981885
v -0.12091843673788401 -0.020773798629755744 -0.386884615325851
v 0.28252614646043817 0.41057168018754253 -0.8457115069540275
v 0.21309735127139565 0.1652472985875848 0.6615330929860469
v 0.46259037082307797 -0.10494463616603575 0.5368744854207201
v -0.11009789584114833 -0.1716233321711239 -0.5348922062397072
v 0.2920367062513715 -0.31860649066997265 0.48771020527034453
v -0.11838511384706611 0.5950376770311144 1.475884801920608
v -0.3439799710098104 0.16937732093125774 -0.6760235405770494
v -0.12154483004285575 0.012495920922361528 -0.4463768924275937
v -0.12385422309066983 0.6014548689537008 0.7463710244747667
v 0.46115960999498934 -0.34712360866993847 0.2919323949501661
v 0.022751153388407334 -0.22516587301649327 -1.5465051378056824
v -0.24986088492057146 -0.2679422026507309 1.0911001179389315
v -0.2433277783676702 -0.016577139782460698 1.4501730959795185
v 0.3511713228112871 0.19114069113407273 -0.9559343017416748
v 0.20921400773736631 0.6935410416120366 -0.06884765402002067
v -0.22469773081291158 0.49844849729514573 -1.239145459932301
v 0.1044307926106949 -0.2978957093900554 0.5666386265070398
v -0.1442410943448402 -0.141848647226943 -1.475071043244348
v 0.07190639836797899 -0.43125796649220305 -0.281285014034224
v -0.258042528735556 0.37531857960431436 -0.415404428620672
v 0.45262549280940845 0.7853449202752517 0.40205188705323625
v 0.4535604549964542 -0.09713951995686501 0.7542245881851716
v -0.233914927253124 0.6118224816539778 1.0265534340674114
v -0.3603769752527799 0.7359327916589745 0.5666342869128074
v 0.11971284321521702 0.5597919673193132 1.0273193046432563
v 0.12232370244985771 0.7060616524523643 -0.05667819433017159
v -0.008272809196943252 -0.7994857932089928 0.2910747487369235
v 0.10377885333498837 -0.4030837272912106 -0.6479977968661943
v -0.05910651090664529 -0.19317746951608905 0.27673123709438086
v 0.261122945627366 0.5934842887628828 -0.1724775372217526
v -0.435492537458641 -0.2942325155056165 0.037165971683833794
v 0.476925745726435 0.001513814898171706 -0.1937325985470269
v 0.20837672032362767 0.09984518915455808 -0.9946534837025706
v 0.19517697993748143 0.429499108607995 -0.2919325136109458
v 0.0019362048953743619 0.06219880235220427 1.3432795327873608
v 0.07501527689539857 0.8055947722318444 0.39334410134066256
v 0.4532633114523199 -0.18184088983958635 -0.1406251698296077
v -0.04327029750896364 -0.24561532935623287 -1.1819304696616695
v 0.35390896261336346 0.36118002903154917 -0.5511975874091388
v 0.2844429418425468 -0.10860540598025889 -1.3722369161834278
v -0.42293224306324345 -0.31644284696282066 0.4768116703382068
v 0.0487264557760303 0.6239687346856079 0.7138366118719284
v -0.47936741164063507 0.17586126801824598 0.7889976889626089
v -0.19195905215343478 -0.8002445949926702 0.3469998285250776
v 0.21488646765445027 0.020792699596822367 -1.0519280755877372
v -0.19515572270635903 -0.059227773747820706 -1.4021902534073527
v 0.1399723575495927 0.38796417414884105 -0.35265398077899385
v -0.2628270839405509 0.40309598325460894 0.6202540928773601
v 0.15107883702254246 -0.1756365923074834 -0.18375871926563328
v -0.3605412356750893 0.16148531112820075 0.6656460790320499
v 0.39334358431869343 0.38571838327899444 0.8378450770247853
v -0.021077036252509264 -0.25747599979398833 0.9694965847131597
v -0.07698594427153194 0.5110703596837144 0.018574065094007684
v -0.28202100752087184 0.6033491357391894 0.21458702717665004
v -0.44685551068287704 0.6059644362773022 0.34376208439080597
v 0.15264314208251478 0.429997043143074 -1.4398597282071457
v -0.22837301114534905 -0.37565450827189995 0.5132481748782812
v 0.21407092906649314 0.11936410765918405 -0.7362994026139058
v 0.1323800679247454 0.7264847321959106 0.5816965268985383
v 0.3902720839369077 -0.14476415953792474 0.44890599438495915
v 0.15053760825438003 0.23451571525697107 -0.12312648500398737
v 0.2427669875223824 0.04632515995426885 -0.32960810791666795
v -0.05521623419276819 0.051687203271422004 -1.5234334816510622
v -0.08192333456089643 -0.5053227705414832 -0.6545422948539553
v 0.16151117070242496 -0.07984633865030111 0.5383601183836917
v 0.48016677845946076 0.5610826914757097 0.07131278086553926
v -0.1176224301607355 0.6387761082678898 0.710897231792669
v -0.02046433979183328 0.6406120448043416 -1.1761606400989977
v -0.30009921464344685 0.38364105681336974 -0.3817921523488409
v -0.45493197019234766 -0.19269724934027865 -0.10540748101337688
v 0.10143903227292812 -0.3218420141525082 -0.03490699251589049
v -0.4836049406507978 -0.32336346571943636 0.19359212113529548
v -0.09192411593622245 -0.23592298125066113 -1.187566839750157
v 0.05895094662434053 0.42580391021609276 -0.8689131136140579
v 0.11300820402935924 -0.2834763735092269 -0.682654796546377
v 0.21142164069074043 -0.11086665665455817 -1.50868279401844
v -0.02117359222417843 -0.33474717067705556 0.905722857161192
v -0.39502636369151617 0.10435843496233296 -0.36530694924340745
v -0.05739094725552056 0.5316058111857218 -0.22579770776579544
v 0.19413439242316605 0.26892367986345445 -1.478366727742237
v -0.029937351921733073 -0.51958477917985 -0.6559320838099364
v 0.07211953008002189 -0.18759144550131218 0.31399602778046987
v -0.3700935471089688 0.5876411607413807 0.1542885687370136
v 0.4410701196065129 0.554941436720755 0.08543722775704946
v 0.18601424879519268 -0.15449837794722238 -1.4716371189380033
v -0.15421883857734697 0.602339264697016 0.33169385929765777
v -0.35447933107873436 0.37521571765977635 -0.4003405951901839
v 0.46698466767488334 -0.26124868367509346 0.568153806004179
v 0.485199232984977 0.4447634448532484 0.61521253537488
v -0.25414340331781454 0.03033500962211956 -1.3242329689439993
v 0.44345257379159764 -0.052284100896845875 0.7851621996259149
v -0.30564828430108915 0.5530665455454522 -0.20573038999159973
v -0.002772492168254738 0.6364165047586846 1.2145275012531567
v -0.16093324185022745 0.6015664100867034 -0.17105170929179528
v -0.08467660368282517 0.6136506882882031 1.4080335509442543
v -0.39218343787468607 -0.33702444055662656 0.4019597045788793
v 0.0844549792492573 0.5313836273513349 1.5984833735910793
v 0.06194786023025821 -0.6351599718584077 -0.49853728946150855
v 0.002122197191925291 -0.7964253113281876 0.24110450761867375
v 0.23148192357584862 -0.361483020856973 0.24496440717292461
v -0.04715348847913327 -0.357903499773826 -0.7842855337848259
v 0.0381081128480569 -0.1294371364978622 -1.0864809080548044
v 0.3248460897840632 0.6024086134470333 0.2838434252041976
v -0.4288433637115651 -0.17984342207876042 0.6895488861429396
v -0.07792187269635605 0.8059368882115192 0.18179588350096607
v -0.4768424967136422 0.2797699192947847 0.8267385466972157
v 0.16006706901237996 -0.08286200065942564 -1.547279195975333
v -0.4245453007521695 0.6234867854527206 -0.14603913571368898
v -0.12871431435777106 -0.06641020903927311 -0.3190524517835036
v 0.10522236172113442 -0.3641974879039104 0.3961426310743112
v -0.24865634239338258 0.6706519704944333 -0.10032940989380132
v -0.016822182768497198 0.7851666409293871 0.46907981868478643
v 0.08070329832617498 -0.5500401193084467 -0.44591686153588767
v 0.32331355190999467 0.776338702701506 0.45224205745105683
v 0.04980103084626909 -0.4464149316832864 -0.02113947724998879
v 0.08147888213442278 -0.22332724118518632 -0.8995493605772145
v -0.25755400230516035 -0.21869821635941622 1.2993470572725487
v 0.016564909246372394 0.3776982706883841 -0.465169386589885
v 0.09630778417246663 0.27795895237670876 -1.518853785806605
v -0.47464489907193036 0.6776065770886888 0.4034693239709084
v -0.29540780815058715 0.5816267035054019 0.7767932921488817
v 0.05996286880285018 0.4176678321405476 -0.8127491357731065
v -0.421015871469634 0.3300208779149377 0.8907739212686205
v 0.16654559160657775 0.4139402732588426 -0.8333481725015415
v 0.46233696225206633 0.5753397502644052 0.13054242775852667
v -0.19997650335226982 0.10424536819073302 0.6540223063653753
v -0.1535068908501466 0.40694971244831074 -1.391414430673058
v -0.28734599477165057 0.1550248927786909 -0.1164350849708462
v -0.20479818242979902 -0.12988321627217295 -1.3741675779252323
v -0.04568616317932935 0.5650494874410112 -0.20203988717626917
v 0.43312798409976455 0.30357122058433406 -0.11151729066168706
v 0.08781536777521189 0.11274793856042976 1.19662540367933
v -0.212039642983427 -0.6320147322777524 0.4027020803203259
v 0.34809402500283165 0.3991091844721426 -0.9014731399937908
v -0.09015964709228426 0.5652370562307795 1.5563278602051633
v -0.07763486617312383 -0.34950902937451805 -1.4736677100079305
v -0.06623588787799158 -0.08428420095982941 1.423717641222245
v -0.2528049097217827 -0.3417455970021336 1.1013622412059751
v 0.09012896480493855 0.5952742527229359 0.18527050845477855
v -0.23925666262539308 0.28641926255726025 -1.30351198283702
v 0.013721898671842415 0.7974925972362393 0.44360529869095755
v 0.003909906597162369 0.438961254800774 -0.31037546701905544
v -0.15564158132702977 0.7149154587302397 0.6085708372569308
v -0.27649433084753 -0.34153412654100773 0.45950989460087815
v -0.17999862190295585 -0.3303856750550922 -0.05490040157581697
v 0.4104885752628395 0.18213705019440246 -0.5606855507972921
v -0.1049189122041313 0.7261123407658495 -0.027002218203236075
v 0.03152103259189115 0.5942915041447145 -1.2173469830902084
v -0.4819361802015302 -0.20430323984152465 0.6309566002012846
v -0.4195669555422375 0.5099455911036244 1.0900204065520818
v -0.017598139510624333 -0.09466147603788932 1.0134230085282023
v 0.47276934678656873 -0.18256372045544755 0.6581628725669096
v -0.48016986363973524 0.11895966086703963 -0.13948500925122492
v -0.47397317734907884 0.1523422437722772 0.6875123450824828
v -0.4802044108781941 -0.059476707112280286 -0.19593050131645823
v -0.04191817487479589 0.06625462780542847 0.6405082674766452
v -0.2636445041494446 0.3945401172432465 -0.6457136955160153
v 0.1516492902456132 0.04892540752488834 0.926412821950026
v 0.2800815818329032 0.1139481414933863 -0.598786967787061
v 0.0009942247707809652 0.20978711387644236 1.531519942569115
v -0.4791711806139422 0.31249376535678774 -0.2715865294711831
v 0.0992621324615196 -0.2578005031236342 -0.15941574846788228
v -0.4838747583125004 -0.19992825079374515 0.13554769201393105
v 0.17588755138096943 0.3763361127425541 0.6260699967256702
v -0.47719385128260067 0.014518934653922289 -0.0918674554138727
v 0.05003465697013576 -0.7369846008110336 -0.2906362293494393
v 0.041717468641551014 -0.7667854080783082 -0.13040730703342573
v -0.24199676040076515 0.49089250091737424 -0.24794970897396282
v -0.4035555649305058 0.4067449887000929 1.5566316826560458
v -0.42641724235951756 0.5472419116540574 1.2322512686264986
v -0.42879120382307745 0.6517152187269972 -0.118416262301761
v -0.22441840333728577 0.2724134594940002 -0.11397585726123721
v 0.47863057905275863 0.14911858636772068 -0.22062664049794437
v 0.41364802023398967 0.77128351616089 0.46067190571428224
v -0.44398980199632715 0.6780759143758383 -0.08510619808451511
v -0.46550862928353476 0.263774361421385 -0.2857028735265877
v -0.18261958425541872 0.24854955616734156 0.6669440245444735
v -0.0792358882686712 -0.6920418304655489 -0.440092770093772
v 0.14175952450555074 -0.13131368892408207 0.745385038152411
v -0.21671848838516894 -0.4423345604001856 0.6176138905270313
v -0.20625860845283517 -0.7669600089399992 0.5537960042134416
v -0.4819148551642479 -0.0622176185615709 0.6672647307291661
v -0.4726531609316143 0.3040638662389424 0.6840507050082874
v 0.0481748696169462 -0.18705957398321316 0.22517409451337878
v 0.038230350402780625 0.013789577695172708 0.9699281200661762
v 0.4374901069287069 -0.17445396812147573 0.15587035083469503
v -0.331453511888193 0.6560947168844088 -0.11707144578132034
v -0.22890803564988246 -0.7014465448409096 0.6838323013673138
v 0.18037025051371836 0.37575048789121024 -0.5868788669404694
v 0.042632275447572476 0.7913018778876523 0.1067128343487674
v -0.24092822007875567 -0.34270425744205746 0.5633437387315292
v -0.20961374200139907 -0.39139401313405264 0.14484028890393005
v -0.4298108559038134 -0.17964303792477493 0.2187731591176237
v -0.32492416857716505 0.8110828502486745 0.3029317067874255
v -0.4079012786687571 0.5385418897467902 0.7893035795013678
v -0.42882341174902044 0.6052179582631829 1.4050113625922414
v -0.30541099664458893 0.5569463970622477 0.08123404256686598
v 0.27141551386019575 -0.24459530434161758 -0.07803774494782104
v 0.06248963144769967 -0.435428096179445 -0.18099768633839827
v -0.14926688691514825 0.3958421819798828 -0.3606132712441918
v -0.035245370681001816 -0.2724527023090306 1.1440936831623723
v 0.3274499310811564 0.7274614799289825 -0.009650486277615783
v 0.1126690545691793 -0.32225642845015495 -0.7089830978023355
v -0.33358030294745017 0.3201449446314908 0.6543283494679939
v 0.3320401368803951 0.1228542432720691 -0.6288843931007307
v -0.4765952415516397 0.5403603831486128 0.7196653480359958
v -0.48289428124063505 -0.06158259692275439 0.7288967329151632
v -0.060344702240674605 -0.6344295639041799 0.8878371178234364
v -0.1441218233096112 -0.5842681094150685 -0.36016293663334853
v 0.015486570934260254 -0.6851634888496185 0.2591546090879785
v -0.41303964641600605 0.39270863896180686 1.5159651755895553
v -0.4101090980890709 0.2806433134886594 1.4840106751690911
v -0.1261718206838294 -0.17903874942792408 -0.33651019864009635
v 0.00912055571084339 -0.6391939467766106 -0.5252033162482894
v 0.04355615132747791 0.6296265145690778 1.3295028636898754
v 0.3881610917129026 0.34383341647099974 -0.46380339759602174
v -0.11418918391598978 -0.25535821000245523 -0.5503686571046055
v -0.05056152778394357 -0.347577774328815 -1.3369370123983426
v -0.23763331535170518 -0.14181499842010253 0.8340474743799242
v 0.0011603329109470782 0.8136411088547884 0.20013416114976088
v 0.3906943128944807 0.4320285665476997 -0.05497512396400477
v -0.0022288562814165684 0.4092962463201991 -0.7183264815060846
v 0.3132019922209647 0.7117717278366417 0.5941502978167644
v -0.16908705123658124 0.10319720361976749 -1.0338582425259073
v -0.11102934905942036 0.3975023140953056 1.5813660475601643
v -0.15468888782917534 -0.5806904699528583 -0.2262284633479733
v 0.137832310386079 0.7909935632786778 0.13087547466431745
v 0.13814972797201738 -0.05774147967479035 -0.8748393550360328
v -0.4748811187814124 0.11657785084047366 -0.2711165141224347
v 0.4779623493471409 0.12347168616393668 0.8257456950011722
v -0.28608030803978995 0.11215690616783545 -0.5128578487189317
v -0.2168294023111927 0.7973346766898787 0.40968847105202516
v -0.47646152780435624 -0.30044086445577234 0.4744119933885125
v -0.2290938584310337 -0.5647982995217355 0.9970759943766045
v 0.4856765883505325 0.6982219381501148 0.02051137183948009
v 0.14093074676487705 0.7975865087676732 0.3992126397205796
v -0.03573923684648804 -0.046870779171283405 1.2715776886522
v -0.04871311491407389 0.6861785809661026 -1.1072358480963433
v -0.28534661148680807 0.3223022993173139 -0.9684082788955451
v -0.07859761193418048 0.07778618409466616 -0.09978411275604608
v -0.37339555453126666 0.6426628251583733 -0.13016430670795567
v 0.22664020777807486 -0.24782864107549696 0.6200556411989312
v -0.19667573339238975 -0.5871567704867376 0.28440045280761206
v -0.3492337109380952 0.2941876956339359 -0.7201692834162242
v -0.005299475183123851 -0.44296353033923286 0.6696234866613728
v -0.21446612031781395 0.09529192076091397 -0.1041111628487904
v 0.18247346198087724 0.5204377637196009 -1.1566174639406746
v -0.019598302566305525 -0.7862912060909975 0.4375393087734698
v 0.36559055698287574 -0.16893413987028177 0.38622542079103733
v -0.073689615615124 -0.5822895765243891 -0.5876280741525239
v 0.4448602466222471 -0.04284965352037784 -0.0402489991127991
v -0.26704901753394117 0.5597742868631245 1.5755272930359745
v 0.42736134142660726 0.5241871731363273 -0.21786803164092505
v 0.03665795945824259 -0.6627056988119322 0.010719009648085311
v -0.22617632888679556 -0.07734859704188027 0.5450529932008104
v -0.1504340682482432 0.6112694885170762 1.4240712672975593
v 0.16196355644960456 0.3448182161855574 -0.09900666427840159
v -0.20425552973227912 0.1765511448404054 1.5353804354272647
v -0.13044269337311312 -0.26973440421406 -0.34328993314802125
v -0.1853948734277685 0.49270846853974126 0.5539352950173752
v -0.11541556002666001 0.45740090265858946 -1.4043247065626765
v -0.16996090312203518 0.5415669429090579 0.8895113366685744
v 0.09095728485403304 -0.23642708614628927 0.6575020845873387
v 0.1576621879399148 0.5224377742114223 0.028867514806915913
v -0.2345604249436419 0.06822410857376394 -1.4037913263575201
v -0.12549264028339105 -0.41736756951305876 1.192793897954529
v -0.1414494638879593 -0.3636040822957203 -0.2608613579383187
v -0.3314793968897272 0.2789350898543417 -0.7750017516956114
v -0.03934689748598515 0.42913283668386304 -0.8864014580002966
v -0.27057232731054753 0.442628906940225 -0.044933285958871375
v 0.28157323259256406 0.31137791328672193 -0.11078962885693447
v 0.08747798127518883 0.10699153461741434 -0.11013482477097299
v 0.0900978417775536 0.16904934253591802 -1.5651602905911366
v 0.3593802416540834 0.16004193835437444 -0.8114246102460099
v -0.14167495327264035 -0.44812364691226325 -0.30445242943813483
v -0.05252639773340721 0.6230636750150692 1.0812926519254233
v 0.010882447920706143 0.017259168041614106 0.6161277998724806
v 0.06312561932429446 -0.6682816875150467 -0.30434480411086523
v -0.1016280927982136 -0.21397790749090767 -0.6813138958316695
v 0.0673318727432125 -0.6163742922151844 -0.32616233448388443
v -0.08576996105935074 -0.24928204916098556 -1.474919988071675
v -0.2984324544758958 0.6053366868491328 0.30816418948458785
v -0.00312054118691895 0.5680253811373661 0.10388397831011237
v 0.37957757773984907 0.8002175742379581 0.2300946180204731
v -0.28275022886730167 -0.26075580069892546 0.6383127548743497
v 0.08831031883925622 -0.18943814626564487 -0.3479962230929746
v -0.47902604152871897 0.37243661439093334 -0.19670205065819318
v 0.36884840564355176 0.14790904313624068 0.8553823096522974
v 0.3353630116483961 0.4036130560783141 -0.8476509495935363
v -0.04190188444488471 0.01364379445143063 1.4163048005995205
v -0.25341563980382215 -0.2618762127332432 1.2791235819121494
v -0.09587470622931284 -0.024304431471629126 -0.04772340772869494
v 0.4712670504598067 -0.25916516989737975 0.021224896059897677
v -0.011937596526139297 -0.5032605648495118 0.7152508449485462
v -0.09463761674538157 0.6360329083607033 1.2134949829535833
v 0.1227355231618891 0.5556689629131879 1.1626338367006699
v -0.08117572079359914 0.0033771281716750284 -0.7713393375820111
v 0.009625762456569539 -0.7652950795387649 0.2814276781946117
v 0.05856357003294589 -0.39100434808476214 -0.08492534210457509
v -0.3628587993651689 0.5383239946520155 -0.2142465046417325
v -0.22756549063579776 0.7042829612663912 -0.0581911362240348
v 0.40009170420457424 -0.055617621231947995 0.7868700164232734
v -0.1102092674587513 -0.32431612531421083 -0.6265131947381861
v 0.07062304813146955 -0.5762873922033485 -0.3422471083121463
v -0.41190602913205165 0.1639855954676171 0.9672250275025588
v -0.476417063915015 0.46687259256837166 0.6453067229444155
v 0.3504307778361573 0.6524270477934178 0.6700011669719047
v -0.25876463043519843 -0.36825182162161724 0.3861076075882458
v 0.05920547399699019 0.567426330666366 -1.402660387416881
v 0.2368264390006728 0.24026922048665164 -0.123519540361272
v -0.24358810316698962 -0.5659400365933356 0.8014039786173791
v 0.03030221686804754 0.764880834756518 0.04344229630926935
v 0.3873018520549028 0.34685221451501874 -0.5330945632320477
v -0.30243991718558555 0.6362141203229826 1.1596070205782452
v 0.3754994101569444 -0.22459333475400628 -0.10144390584066948
v -0.45699736277383346 0.7649121951054625 0.4967014207312167
v 0.00030063556136810526 0.8076702679311524 0.16420277859771282
v -0.0200381611254473 -0.14039593415459325 -1.517633427492624
v 0.05510989718253634 -0.36769686210607905 -1.4424115791311507
v 0.1655945085050205 0.5487091352446216 -1.0768489582861458
v -0.06273008904217424 0.7848029456393306 0.4640843354679448
v -0.2115266046262347 -0.749466968977189 0.4225218039017197
v 0.2097567112895061 0.4422876215860088 -0.9961918020517689
v -0.1587106406870598 -0.30895860645374223 -0.12991340696485956
v -0.4831720830776635 0.08890113933760092 -0.16946234985574726
v -0.22736620833191035 -0.18154506851556979 0.8476892092192485
v -0.20247995762966056 0.12696807689507067 -0.6607593738471957
v -0.11224860552330317 -0.03869506839528836 -0.44682797290619575
v -0.3092540972227295 0.5053418240724096 0.5424136045244
v -0.4253830967121073 0.6289778469405854 1.1699218800861355
v -0.47731722459050235 0.43065794978342475 0.7491759788420639
v -0.26341186121489624 0.12486116999219833 1.5003344318078502
v 0.29103700613318023 -0.019320627865826764 -1.1618336053533058
v 0.22981768918775308 0.3659509382468682 -0.5377414041263263
v -0.15740391427693176 0.12390366225699241 -0.11231525050269525
v -0.1761416719166598 0.14217760881160108 -0.792835398951039
v -0.3315236234575089 -0.15726741200132321 0.4161370741781759
v 0.03568021158431248 0.5307028704576794 -0.22878395885307198
v 0.0001628703960318452 -0.153087823354778 0.10935576589703136
v 0.1767756256084582 0.006170860619512192 -0.31527169896937274
v 0.10644841575254521 0.6206634556160958 1.3915803523462842
v 0.46527805443686276 0.7649309943632892 0.09565973527518319
v 0.34554519145294116 0.5979564440377704 0.2191315994302895
v 0.23521290666862754 0.5749357442123 0.4174612098198532
v 0.3555192402497345 0.16888220035181373 -0.8642850211229862
v -0.46959762890048035 0.6235269945055294 0.27269949977945407
v -0.22489526710818208 -0.188709518223114 -0.14346492570846342
v 0.35419249407090186 0.7754073850955537 0.1022393229506822
v -0.4105091713839031 0.45362347234629274 1.2057517568168432
v -0.11044184258713981 0.12916052126863167 -0.11379344173961997
v -0.21115053471200007 0.07102097705649556 -0.36407597926540536
v -0.12688937937075984 0.626176943991341 1.087875850278936
v -0.23656485978739555 0.5727979685551422 0.437328940162442
v -0.04911296783888645 0.394378755534272 -1.463073862055214
v 0.20702485196255946 -0.13640633836803184 0.44905179458024125
v -0.04855241431515821 0.6620843062112516 -1.0321430179055822
v 0.4753667634500132 0.017318854413848506 0.6529261180816748
v 0.4841345745656207 0.4360381142968058 0.7076268050893352
v -0.2927891003529403 0.6392230017161191 1.2046007133497998
v -0.4769349843157186 0.5098373724724559 0.6683132173793911
v -0.4774764673569806 0.2145506322203345 0.8298874308589645
v 0.2908481829294543 -0.353503405495351 0.3671035921102088
v 0.07001369112416768 -0.3564258170831005 -0.04506552492217741
v -0.38012882486813376 -0.26699622196270456 -0.02332051323714996
v -0.42483935911602927 0.4302720479760075 0.6070793051580496
v -0.09371369001085623 -0.18157746290845245 -0.7556594512859329
v 0.11036923914144825 -0.09518122720490974 -0.5548411005556725
v -0.43043009565891777 -0.3128506969823961 0.07936910194552553
v -0.20572817781563363 -0.43577939989378345 0.36230449248391966
v -0.4809664504060059 0.19898208363877926 -0.159073954567467
v -0.27453037628122473 -0.30329975862325426 0.5766452222605755
v 0.14985352885889036 -0.038157907996718754 -0.29931802835123894
v 0.07391815627699966 -0.4851100594089648 -0.3402486234589221
v -0.08961104440423488 0.4128493569040727 -0.7551017117178397
v -0.2055022307393734 -0.27428770651078405 1.3097955966246426
v -0.24752542040428352 -0.17724598846377593 0.3586544021398776
v -0.169211526394581 0.09911352678637257 -0.5676039997567917
v -0.22042602749816934 -0.6488278798754455 0.450918803289458
v 0.4808064956748489 0.5730771434669083 -0.1280229881789442
v 0.0976485323233145 -0.2466084353253758 -0.8700494939990274
v 0.4490532100338287 0.7159012416341155 0.5810063279971196
v 0.3340338922539677 0.13340296622538567 -1.2481366245385535
v -0.3088111365317732 0.6368303088008924 1.2892282931790315
v -0.023945016445415065 -0.13512805664197347 1.0727006960854648
v -0.4096989894825765 0.43261858184789587 1.0097253860660846
v 0.08431502733526491 0.04254325443542002 0.6278982542145155
v 0.31222931285748556 -0.289718472975463 0.5505115755380927
v 0.09516560636082742 -0.3870315004196911 -0.7429541364660919
v -0.0009081957054331603 0.448268565627467 -0.9873550320715635
v 0.380929039263958 0.7157581197821488 0.5831520878296031
v -0.25460575657049656 -0.03804823153311279 0.9327810069705592
v -0.3254448351273439 0.6399790912534015 1.2445561033145482
v -0.4148836518854835 -0.33537588634300325 0.1467481847275545
v -0.23985889998590754 -0.5957721703064748 0.9050145709666251
v 0.10016939583225441 0.42789137370261954 1.3414014208194638
v 0.23072010441805646 0.6348812037836009 0.6928119558779264
v -0.2489897113784328 0.42281923562203344 -1.2071284083293476
v 0.12609699658640178 0.38434485084984454 -1.467499366692104
v 0.33323196575260644 0.8041624349105387 0.29259564090303264
v -0.16345361376450826 -0.8072286125087738 0.047187196616363655
v 0.32320245151703125 -0.004744744513375282 0.6035142945931171
v 0.1950030910404691 0.5643182149582451 -1.3141218838980886
v 0.1774789110987339 0.43408643264543884 -0.9564761746683562
v -0.09099349334340896 -0.18429469305640495 -1.4614639064981023
v 0.4726583650543851 -0.2187596317887276 -0.03768996073584669
v 0.06579369000633395 0.6590413691743153 -0.11869865800612134
v 0.2318291250175143 -0.1673351350079908 0.14662750671450803
v 0.2930009776510255 -0.17889842458005234 0.1826308485537288
v -0.20401791999651953 -0.35839026324406487 1.2404614927378728
v -0.44529254479456226 0.8015455748307485 0.20464749171523564
v 0.19800153028498407 -0.10614577143369064 0.5089946775174667
v -0.02430106659094512 0.43621849563362664 -0.049954247340288006
v 0.1209957527116872 0.4056820762893535 -0.7610831812570369
v 0.208915185990775 0.007247605486867162 0.8473220727665781
v -0.4163434846046207 0.4207290429375715 1.523827435439965
v -0.13289676781457122 0.7719245216933158 0.06736237703938854
v 0.17227689031889762 0.09530968597480255 0.9404511889215685
v 0.3702552817518226 0.5252813780898513 0.5029619973760201
v -0.24372541064074668 -0.579429665264509 0.896142033237083
v 0.027607939105214422 0.39772063297857935 -0.630123177738659
v -0.34931067092955903 0.39248269188554663 -0.35443850329471654
v 0.4230247984714797 -0.14866130162548968 0.7224270929279096
v 0.4807244502213941 0.17691385694114364 0.7244837554663108
v -0.10574006175181848 -0.5431192971333514 1.0446992439313867
v 0.009327279740777638 0.32959219042063614 0.648394734126132
v 0.07024894459587144 0.11030901879570484 1.3162187554892986
v -0.10236565430230866 -0.41190641054170096 -0.7109197603892891
v -0.10414714249237676 -0.23589804553536525 1.3442834707905447
v -0.15595179450848093 -0.5395493367187476 -0.1919394307459195
v -0.42324966064918185 0.7851412305709721 0.10968782961350386
v 0.4183035911713527 -0.35131262237270705 0.1730183930560357
v 0.4805200485524357 0.7397502445571406 0.07291354868798708
v -0.4801789496651592 -0.26849707740856915 0.5397457711639201
v -0.11412325937704643 0.10240282055369296 -0.775683067990086
v -0.2934066449540477 0.7758022881706951 0.0779673452023256
v 0.132814942731136 0.46808596684788484 -0.2653189687919121
v 0.1271399739861365 0.3770271931240514 -0.5756680337874642
v -0.25438486105314734 0.2277050950432208 -1.2548623853432137
v -0.2763724153720657 0.0014555863583747275 0.9662723170531643
v 0.336271885415428 0.40457693759254876 -0.3148282636352973
v 0.47099218123919295 -0.15015769881634214 0.5019317505828028
v 0.018844416729219358 -0.736004276303028 0.18901281517625745
v -0.21685355825564995 0.08993753953982726 -0.42046780275509366
v 0.14558367326200483 0.5502233654555225 -1.1873639467682562
v -0.39840466999521906 0.6759443429823097 -0.0936801344374856
v -0.4456995343177022 0.5872068453358092 0.4076037198118936
v -0.03604989076797841 -0.5575621787031982 0.9556762654002515
v -0.27161732194353866 -0.08918348418734132 0.5318822060449329
v 0.10763737981450164 0.31735326331999003 -0.10884566015625385
v -0.30541136957846826 -0.0009066107364459342 0.6062385596301572
v 0.28982703911320096 0.532566539713522 0.7711349528645928
v -0.11405430051244844 0.015370681731255317 0.6183935088017919
v 0.040611957010866936 0.10408227742468157 -0.10929212981598395
v -0.07676845601371673 0.660023354933238 -1.0664615292356436
v -0.09846939369482216 -0.12010070292550074 -0.6530916159664019
v -0.15649532868607927 -0.3148605732704801 1.2844400594898633
v 0.1602287358490739 0.5400560012969112 -1.2097125858400755
v -0.013272615056477303 -0.07372827360202558 -1.5824255357598298
v -0.29516867277623027 -0.2303520441064576 0.6673542518117477
v 0.4691404289159492 0.1237985966122583 0.6607664087362833
v -0.13386312425364147 -0.21139781530131252 -0.2831791621589328
v -0.24060744608790316 0.5560045695015141 0.08198423296823869
v -0.4714841318806626 0.19787028298676632 -0.28094223694449044
v -0.4766608270597837 0.3593691299196331 0.6930021521563899
v -0.1162357941911888 -0.07459175114501787 -0.0029388800088303493
v -0.08881788184903819 -0.732062534713802 -0.36259904244243846
v 0.28892877701019026 -0.18688053181804992 0.2591588978275909
v 0.23502852476837371 0.7628834348018518 0.05581534399415823
v 0.040489821165383036 -0.6799416856226372 -0.44555321710045104
v -0.13868907511924314 -0.0743849254058438 -1.527407651536251
v 0.124742653300498 0.015906757231266874 -0.5529139308311022
v 0.006442856554100929 0.14023036846370623 -1.5820924040963393
v 0.2413445499004191 0.2420015322592667 0.6609168027988972
v 0.08637004557428904 0.1206644602902834 1.2586526649228078
v 0.21985771016913486 0.7626451978591133 0.5036211749592938
v 0.4753984289266772 0.16206339254425797 0.6880987836077452
v 0.2227602376004995 -0.1740940699763725 0.37195447869110637
v -0.231489602623455 -0.6299408978293616 0.6883426823648338
v 0.02608477543274929 -0.552678863826338 0.20267897718467845
v 0.2318416352540122 0.5192806176981684 0.023821566855583495
v 0.009647748603910645 -0.7213074267613505 0.31504815901178834
v 0.07640747297005542 0.38545115920290723 -0.5974161815073862
v 0.4200341908384309 0.007695024432835554 -0.0716276218174022
v 0.14287954665444913 -0.2705273124961572 0.5959963374710383
v -0.4272972307024407 -0.22500686757157462 -0.07721688357631334
v 0.00025786682602377264 -0.05657870574208759 -0.01926090759051246
v -0.24581697639994618 -0.2438873571778501 -0.08004077281375716
v -0.14442172995476057 -0.12025755552484321 0.4931153902567213
v -0.17378344148219213 -0.5114442258977528 0.04975067629678819
v -0.39757021348865546 0.2167818956204268 1.5071781244760818
v 0.18799996913881942 0.21078749205623243 -1.5070753642407837
v -0.38077254264695487 0.546933529238923 0.9818132346245685
v -0.47364384283054145 0.41070798752044135 -0.08168956434894002
v -0.13271621696235067 -0.7370660868636694 0.6974064504167776
v 0.3511225023761735 0.28995448926646555 -1.0017101555189856
v 0.330046127233723 0.7904730662438987 0.15652551090299588
v 0.18854302867329858 -0.3615245521298995 0.3229589511211321
v -0.4777582019512821 0.626118189953805 0.0748110532176099
v -0.12350644529664513 -0.4435859908869315 -0.534158763959825
v -0.2825119071668633 0.5456173947241116 0.49115330035981275
v 0.06022821125800071 -0.6869035305244598 -0.3966750958963091
v -0.09512487181027948 -0.7495307745736361 0.656257333007341
v -0.46547999813252544 -0.19400662019064208 0.21414401563107385
v 0.27375601298385477 0.7137824517017243 -0.0357530438757936
v -0.1639803659175363 0.7150552919834522 -0.04366785350011026
v -0.17117829491652128 0.556665967736524 0.9792376515446053
v -0.17224169892191987 0.6146849186933133 1.0335207882197244
v 0.12085761461247163 -0.20738618251279017 -0.7438579417226728
v -0.022457484909966893 0.4273400757197149 1.5825425352887028
v -0.2519706396821587 -0.005867987454867982 1.1965042510231645
v -0.08216165626133476 0.5432034276262226 -1.128129604298697
v -0.10132499926354985 -0.011346318336215383 -0.5723404634428916
v 0.39578511462057375 -0.1414246383576732 0.07925518759692708
v 0.29170055721376625 0.1488440392263664 0.6581751624333879
v -0.03537018486980099 0.09795046467749033 1.4770945485705675
v -0.3592964671435516 -0.31934740857898175 0.08397717466789266
v 0.308701053231208 0.44315784584190915 -1.2724930887621206
v 0.192855907278628 0.3792319273640906 0.8755600667093978
v -0.3080324505917109 0.39656582626966247 1.5851618702933286
v 0.3001226416716854 -0.3615900698318835 0.2756385747309941
v -0.04475062463992456 0.5497512142127379 1.5892710422428382
v 0.29159467789511356 0.16109944322386344 -0.9944297742295866
v -0.4692641582061903 0.6597742520533787 0.6533613997250247
v 0.48472928544238847 0.765273110342964 0.31239931137607485
v -0.13686610651086845 -0.18067616647978707 -1.4107553410564588
v 0.02258429938048254 0.5804073114291994 -1.3320587490803937
v -0.1436605041008674 -0.24631697054713153 -0.22004564341701233
v 0.32918783686196157 0.3636936881360018 -0.3933149107888341
v 0.3844015622268142 0.12840077019871587 -0.5988458743884567
v -0.02934542109752035 -0.39686966567208487 1.0006474295751857
v 0.029401768016380673 -0.5620445727082277 0.15428628027911767
v 0.23285042139762735 -0.32390025318412663 0.47880871431053357
v -0.4285406939654006 0.18238820421059812 0.8846503469698548
v -0.34899391445367944 0.11116578352886901 -0.10706701982490073
v 0.4062819150069622 0.799951994461248 0.32496172471396867
v -0.2591372591868191 -0.15176277232994234 1.2284786695030934
v -0.48106941405978376 -0.292942418556199 0.07624986602718425
v -0.28933758034810697 -0.3379969504047059 0.12067003734693349
v -0.4757328319556655 0.7082498080863129 0.37450721109518986
v 0.09514865482085742 -0.15151743269195644 -0.4087608827848662
v -0.11078536554463202 0.7523370850641311 0.02067347941621328
v -0.3143058765038116 -0.3455272821509628 0.1663208396138854
v 0.427632786436147 0.7791989190891055 0.12671910962753113
v 0.20168591359438545 0.39110836273401817 -0.6912155785043308
v 0.2324248021320604 0.3736141700664899 -0.5874146203612216
v -0.11255405532202276 0.006013380813190819 -1.512127109618786
v -0.0784632031737583 0.8034755754624939 0.38667695896121845
v 0.013269326457723132 0.4717327685931727 -1.446015239207215
v -0.3036400353608422 0.18016928153160397 -0.8362553616063979
v -0.27082010797028916 0.34847651107494493 0.6437969509885266
v -0.36895048781725115 -0.14395136709944276 0.09814722120192218
v -0.0036485308023647967 0.5396858474701262 -1.418302539584986
v 0.037065593139901376 -0.20073160122446382 -0.9227728855784261
v -0.39963185977980786 -0.2399625671285941 0.6244421572938903
v 0.20749503682670759 0.4079853667827784 -0.8051715600849532
v 0.07090539298121001 0.483932656297268 1.0652805832520928
v -0.008770964102041888 0.17525255516946292 0.6654706305933603
v 0.0861429118902309 -0.15544420607138892 0.12039532069017952
v 0.12258755316949091 0.5615808633323481 -1.2729158432174326
v -0.3633218137279097 0.6095050535762179 0.27286828626293547
v 0.4230403091305523 0.2275174075926729 -0.45503780713215036
v -0.24346125479339403 -0.37159798780553704 0.45746845454536994
v -0.116789584050469 0.09734953258555352 0.6525820865779834
v 0.4728753956206211 0.2219892730868936 -0.1307039420313609
v -0.0355884020438349 -0.014720674931105265 1.3369787470897485
v 0.30636358843320355 0.5014772289415871 -1.2367888229425905
v 0.46722109080284496 0.41470188899815513 0.8131558710231469
v -0.3563585279451896 0.34285087131125813 -0.09685627667550618
v 0.08800041078552452 0.10257777739772342 -1.5716813445991191
v 0.3580225589148055 0.5267726050610131 0.03805106244028784
v -0.2769501577573235 0.0868083530675236 -0.10155254826033727
v 0.4368582043732448 -0.1918611824374179 0.2595243899808843
v -0.19677074677392162 0.3917566913317111 -0.07653090560834702
v 0.358400968141556 0.25845300180015984 -0.9474299514602813
v 0.049851732902319396 -0.4335212852543787 0.12705256337028117
v 0.3533004701346001 0.6187292510024379 -0.1474589967015769
v -0.3849275854636235 0.810042110452216 0.31978063908599536
v -0.15345796870579315 -0.10111243542809589 -0.2538640843179587
v -0.10499351593153931 0.2184847964711939 0.6686225490807638
v -0.22007645284090782 -0.5636836849140877 0.5518875828920781
v 0.14394110294199094 0.4155297005010505 0.6067668882764023
v 0.09796710261397086 0.413801575758808 1.4099491427670252
v -0.34556129541591263 0.5861333043095086 1.5131255722745593
v 0.05569408115298276 -0.46136269791960005 -0.10969594940114948
v -0.48548027256613974 -0.07754764202420814 -0.10577732971244252
v 0.03455639229046081 -0.4142485370131971 0.4036041565198299
v 0.2263958343778672 -0.2171499644077955 -1.253878365399495
v -0.3671271462749971 -0.29000224175456096 0.016565595783741185
v -0.1687275599284373 0.010768389484017968 0.6140083657815704
v 0.17811701791782492 0.5189206856499851 0.5133362381284254
v 0.15246732070994587 0.06208863429393918 -0.8729840767924752
v 0.090056361359247 0.27592629321890505 0.6592798095355336
v -0.1064862854928382 0.32185649076764267 -0.10477861278356952
v -0.182569119520928 -0.6294694585512557 0.09575049382018261
v -0.12609650499174266 0.4535814325271671 -1.0097250809383653
v 0.16720924439640358 0.04517114996773059 -0.9829897393046468
v -0.25523579445656186 -0.11819101023863945 1.3796460274673592
v 0.19132370843535887 -0.03642683368652147 -1.5034272402753783
v -0.2340370461470679 0.602077617677579 0.3318405918276382
v -0.07337607993183873 0.6364568663753533 1.260500162409519
v -0.19948934999661172 -0.6601517289454308 0.2833674090102998
v -0.0949243859470542 -0.8096799238492167 0.38793686521794934
v -0.026552807451321207 0.2481426514019015 1.5483842668659775
v 0.44630838277880497 0.3516431095959624 -0.31245142040994256
v -0.23890871531596866 0.14129860365799624 -1.367540525937817
v -0.13318094343062845 0.8122048387762095 0.2903127092091118
v -0.106127489197833 0.5558427501009604 -1.35967685910959
v -0.13229236065694058 0.47187589044513956 1.5930259439585148
v -0.17543224996891496 -0.10265490690458687 -1.217818541029094
v 0.3334582010050462 0.20027535052617113 -1.2533067933747861
v 0.2993086117707856 0.7479586039991177 0.5294419132054703
v -0.007665350762118004 0.0008599092438286438 -1.558775425255273
v -0.22410569827945903 -0.4015825328145466 0.3328301379733874
v 0.24824306384891376 -0.18443925578926917 0.3204884167343631
v -0.20687015220879318 0.3899416390925024 -1.332458652859826
v 0.41981609232517675 0.38733803511696885 -0.3188947346556227
v -0.08120421633228872 0.5739627936241813 -1.313848167382193
v -0.13384861373542717 -0.16236445189412524 -0.27710369633060183
v 0.10148647963330416 0.5761416937173063 -1.378688774005253
v 0.4763404768574304 0.4217170464931835 -0.23252275660577706
v -0.3216737955456158 0.0983397398413616 1.4227057359952755
v -0.26733807519350977 -0.3612594130932286 0.19546770732373708
v -0.30906115479479085 0.7366286523747434 0.5667308767875565
v 0.4677065320529662 0.015261734183868086 0.8055714808159257
v -0.15364792766269705 -0.7342813556835562 -0.2682253611743899
v -0.03215720693542558 0.4567640333019163 -1.445568142340506
v 0.04978475736789789 -0.4946963925835641 -0.05988073011592548
v 0.12188306411987732 -0.10107983761673359 -0.6984238987973174
v -0.24855336178806478 -0.511852215561751 0.9789933459505575
v 0.03511467430783306 0.3959214473807826 -0.0750757854173215
v -0.21725737784081547 0.7331766916298708 0.5743528994135112
v 0.38035870470166705 0.58929203731598 0.37166192901430395
v -0.3769184066162938 0.5338737746698492 0.8918332230013464
v 0.09917545923765296 -0.08328855225969098 -0.3923933064152847
v -0.02251172983787092 -0.412728204247907 0.9052700984801331
v 0.4255606640932931 0.12024124814339217 -0.39893688901988744
v 0.4862506861546967 0.7109275920007553 0.24318946227728494
v -0.2678384337988045 0.4005466411585194 -0.7191010482219342
v -0.10055524678505175 0.07374117372394283 -0.7428285933610741
v 0.4669765309356977 -0.20557345263455734 0.3605712483766062
v -0.1958792652868989 -0.1408235876049566 1.4093832325566664
v -0.23669726826610127 0.38847931449698964 -0.37418648795895726
v -0.002564022129703577 -0.5824912489954122 0.5518761066995184
v -0.4809360393432997 -0.14827784083982812 0.6868846973635533
v -0.053917644521825736 -0.5350243604453134 1.0246046002747593
v -0.18924056759152447 -0.5132153397453593 0.22449988091415166
v 0.1271777250656497 0.33623670249422033 1.066222783746706
v 0.43987573105176603 -0.32627689299100177 0.4633555379100142
v 0.1239758164868747 -0.034773312671686984 -0.6973835149831982
v 0.33604434489441065 0.3651668617170954 0.6296593666535397
v -0.08198895397212032 -0.7801986531103767 0.5422969609778665
v 0.1429605580639658 -0.03830908183017129 -0.9159811493802024
v -0.41659477423313607 -0.1657369607711584 0.1583713640903301
v 0.37894211536099337 -0.10833847008035119 0.7537201103556641
v -0.2791664020930024 0.0994481671369205 -0.4336751204796065
v 0.2972107908933372 0.5313281110579331 -0.21695410631498205
v 0.4856543987847117 0.6168701417108472 0.10999224536828527
v 0.2581564430841545 0.5994272613548081 0.2125362976772383
v 0.4768336988643978 0.3154855765491744 0.8292436113709035
v -0.3121907481040538 -0.18114229992588238 0.7163779358896122
v -0.23243200653654764 0.40613330933181513 -0.3328282224493707
v -0.35086826317970327 0.07210504498911756 1.0332551575883941
v 0.46776408253116436 -0.18952241237083578 0.1519056060057297
v 0.061501729601327534 0.38018121360241114 -0.5572192999042249
v -0.10771294977968793 0.8096732618940086 0.3433353802266809
v 0.4462327111043789 0.7982066469543959 0.29925801989974515
v -0.4292114494504739 0.6045792920432729 1.3229910991257963
v 0.08922107422722483 0.7909396065269533 0.12256013405358941
v 0.09998045396774871 0.3946676097753609 0.9036670082967093
v -0.41232334214303334 -0.05259368687131813 -0.2238846078194002
v 0.15461945432145818 0.01378564493789966 -1.5186341277516733
v -0.4564087035968349 0.6899549602829212 0.6289717952408161
v -0.4164453803113804 -0.2466543400956146 -0.049312919728602675
v -0.2212483127990345 0.7594479170507502 0.035212221944590484
v -0.05325375441044032 0.8121564929842151 0.33183725237426404
v 0.4103873915207585 0.18315782107677647 0.856591005306779
v -0.16570737185814077 0.8108577846524929 0.252456581002709
v -0.22218122384974393 0.30231078882986406 1.5688223487223973
v 0.19690107021321107 0.3599334805883146 -0.45501032868585894
v -0.06278219807604205 0.46478721412126117 -1.0248325306811963
v -0.016937521046453137 -0.7040256199381065 0.6474909288695511
v -0.41189011163601985 0.46168296336425346 1.0842035873206133
v -0.04737331604946434 0.10662588990026126 0.6546940619913069
v -0.03659461155337466 -0.807316624904298 -0.10647269883355225
v 0.11094669335052659 -0.33195910004356843 -0.7624601378972607
v 0.189326189819913 0.7492449885612817 0.023179001781480357
v -0.15166993722129662 -0.5997486625526394 0.9622200514233338
v 0.14824664153051334 0.06912867664964353 -0.821447937169496
v 0.1989559189368355 -0.10385836453321765 0.7613925638130297
v 0.1178095073558445 -0.26259473765795194 -0.7343299557486503
v -0.2541296556188989 -0.07713675364687508 1.193240893111998
v -0.20305980200587467 -0.013552171377892663 -0.27151299369079324
v 0.05175186492063756 -0.5300743582102112 -0.10464301741534943
v -0.21715588897101504 -0.52052302996565 0.5129905284222771
v 0.15426942197261748 -0.3540402268631212 0.3970625911484836
v -0.4104188196758629 0.43563815966275343 1.3327702730190947
v 0.33114651949933616 0.08855887079406649 -1.2390778571909007
v -0.0642909868426126 0.576351011332856 0.7700046750340125
v 0.10638094862346459 -0.06948370970277531 -0.4931617018639193
v -0.11577891628591715 0.37369258789039117 -0.4492601968126324
v 0.12887315028729007 0.4116862947951905 -0.8054440221868912
v -0.2334757976102009 -0.39000730935834615 0.3915562563231057
v -0.40968883551013446 0.17875979488617771 1.1563986195596616
v -0.44910525126153666 -0.04957176974394467 -0.02767419419918718
v 0.16331745899546915 0.5181109783917777 -1.0662372264587607
v -0.1522787348277795 0.7420896079276216 0.000552221841832989
v 0.3241698589515797 0.8027546603706494 0.2438359770602011
v 0.43858960076270154 0.6709123970029924 0.6439151540767375
v 0.37448458926509987 0.24916823652162695 -0.12107629795385472
v 0.11759312094812735 0.414679885899274 -0.06620104398758322
v -0.1341258222685567 -0.190567356149207 -1.206922582731032
v 0.0784174170642993 -0.48347852454147144 -0.3859000868359329
v 0.33138023038090264 0.42176518886669834 -0.06139714707548254
v 0.3062066171730813 0.4995065785169937 -1.1771904292006357
v 0.32657645212958175 0.43626997746051555 0.5894584505838655
v -0.2603540915804862 0.5455287890246885 0.919339283351341
v -0.11282626315086115 0.0356639974363312 -0.5551820977337092
v 0.19717975353031802 0.26560365295416843 0.9445274070773767
v 0.1668404297412761 0.6989925551571513 0.6206574378194064
v -0.23576484881005097 0.7807124881899477 0.09074938269207086
v 0.106646358884775 -0.37960301352557396 -0.6770551095903843
v 0.11584468826100078 -0.1028943135035833 -0.29263956234309485
v -0.3973678290529535 0.5027825992285175 0.5451225114662273
v 0.0200700469721309 -0.43346217523450326 0.4499852989348497
v 0.025547615034179665 0.2995746577148449 1.554191593235063
v 0.2846545987706124 0.37018665344225404 -0.08889508763783159
v 0.4547963748241276 -0.19325590429153028 0.20897494864493926
v -0.4713460615876069 0.6124441285277579 0.4239054733517716
v -0.09022287633637238 0.7003989227192232 -0.0658051238200437
v 0.35955416445417565 0.31442310487847425 -0.9358963440347072
v -0.0662709097595696 0.5744572361420266 -1.3601054618461916
v 0.04263095322745482 0.1720389669796486 0.6637465064145508
v 0.1621437343679458 -0.06300667884409483 0.7962742222524349
v -0.07480006014393933 -0.5292546834465015 1.052098726740615
v 0.1255558525759392 -0.10641045277878233 0.5071001056042588
v 0.055674112238898094 -0.7141795754286016 -0.30007177857600537
v -0.009861202395212975 0.39669853987608766 -0.3775181944792826
v -0.055755123648414756 -0.1101307394498402 -0.9745448889285478
v -0.13090224962170005 0.05092690975222716 -0.509590812323592
v -0.2105226666230509 -0.41215910714803394 0.5202724523018135
v -0.2507218875387281 -0.3395921581220435 1.219255319653872
v -0.48352031856326744 -0.23212349698486345 0.533602600884949
v -0.4411239407459176 -0.00747990939061606 0.6046039395823892
v -0.4776299974544889 0.5075499994750627 -0.039597042885552575
v -0.09269871655515198 0.03222661501583282 0.6274178645233055
v 0.10438017531234448 0.4771100852478388 1.591904413122559
v -0.4521438487042405 0.4967575981346773 -0.006735533367453087
v -0.13942434816544225 0.2688930823338086 -0.11511789946055664
v -0.09979129173322339 0.5007269029278947 -1.098931441228896
v -0.4743485861532546 0.29916854967178347 -0.1348856496204024
v 0.06234654349881284 0.47293519217786534 -0.9885373850329315
v 0.47462169241371144 0.6102376313275618 -0.14854269170031956
v 0.48653557373543277 0.3989765217203373 -0.09866598917962434
v 0.4833551088547198 0.590143241944034 0.11523591608182786
v 0.11201699663269296 0.6307280934424888 1.1826152271187576
v 0.4786362917217285 0.3089645225411919 0.674165906069436
v 0.473488142935917 -0.2311929082951299 0.0777556713227201
v 0.4349859915412573 0.13054927618067458 0.8494029760071364
v 0.40645241359598056 -0.2810762219164134 -0.01899475146144336
v -0.004379871091290868 0.10427959334993246 -0.1089786788903985
v 0.09790838247951475 -0.42766991878445126 -0.6933123483863011
v 0.4002279098282333 0.16306405890022752 -0.6016878000644286
v 0.04827634153520666 -0.09530573626598945 -1.062468170207209
v 0.20950303149385494 0.04579950965133886 -1.4766548256237457
v 0.2538318001100859 -0.060534805285668236 -1.175964324314605
f 1 1647 2666
f 2998 1647 1
f 2666 1767 1
f 1 1767 2765
f 1 2765 2998
f 2 729 2022
f 2116 729 2
f 2022 1515 2
f 2 1515 2745
f 2745 2116 2
f 3 464 1423
f 1532 464 3
f 3 1110 1532
f 3332 1110 3
f 3 1423 3332
f 4 97 467
f 2127 97 4
f 4 467 1852
f 1827 888 4
f 4 888 2127
f 1852 1827 4
f 1306 216 5
f 5 216 2488
f 1238 1161 5
f 5 1161 1306
f 3088 1238 5
f 5 2488 3088
f 2770 2150 6
f 6 2150 3000
f 2891 2770 6
f 3000 2891 6
f 2118 49 7
f 7 49 3295
f 7 1320 2118
f 3116 1320 7
f 1638 1406 7
f 7 1406 3116
f 1794 1638 7
f 3295 1794 7
f 2297 633 8
f 8 633 2449
f 2449 1184 8
f 8 1184 3326
f 2727 2297 8
f 3326 2727 8
f 9 1445 2318
f 2601 1445 9
f 9 1812 1823
f 2715 1812 9
f 9 1823 2601
f 9 2318 2715
f 1196 538 10
f 10 538 2314
f 10 997 1196
f 3251 997 10
f 2314 1328 10
f 10 1328 3251
f 464 244 11
f 11 244 3283
f 11 450 1944
f 3283 450 11
f 1423 464 11
f 11 1185 1423
f 1944 1185 11
f 12 388 1473
f 2274 388 12
f 12 872 2274
f 2359 872 12
f 1147 940 12
f 12 940 2359
f 1473 1147 12
f 2610 1461 13
f 13 1461 2875
f 13 2454 2610
f 2875 2454 13
f 2101 713 14
f 14 713 2593
f 14 1428 2101
f 2593 1428 14
f 15 237 1292
f 1870 237 15
f 1388 593 15
f 15 593 2879
f 15 1292 2117
f 2117 1388 15
f 3219 1870 15
f 15 2879 3219
f 214 49 16
f 16 49 516
f 2378 214 16
f 16 516 1884
f 16 1884 2378
f 817 495 17
f 17 495 2789
f 2722 817 17
f 2785 2722 17
f 2789 2785 17
f 2081 965 18
f 18 965 2842
f 18 1297 3205
f 3266 1297 18
f 3302 2081 18
f 18 2842 3266
f 18 3205 3302
f 933 487 19
f 19 487 1192
f 1765 933 19
f 19 1192 1765
f 20 576 3335
f 3375 576 20
f 20 633 1346
f 1838 633 20
f 20 1346 2532
f 2642 1838 20
f 20 2532 3375
f 3335 2642 20
f 21 212 1606
f 3013 212 21
f 1606 1057 21
f 21 1057 3149
f 3149 3013 21
f 22 476 658
f 891 476 22
f 569 501 22
f 22 501 891
f 1501 569 22
f 22 658 1501
f 23 255 749
f 1037 255 23
f 749 282 23
f 23 282 2664
f 2664 1037 23
f 24 350 695
f 754 350 24
f 24 499 754
f 2701 499 24
f 24 695 3035
f 3035 2701 24
f 25 190 1333
f 3109 190 25
f 25 1333 2091
f 25 2091 3109
f 26 174 2362
f 2809 174 26
f 1727 1120 26
f 26 1120 2809
f 2362 1727 26
f 27 187 1783
f 1842 187 27
f 1783 1042 27
f 27 1042 2658
f 2936 1842 27
f 27 2658 2936
f 2524 207 28
f 28 207 2808
f 28 438 453
f 2808 438 28
f 28 453 1384
f 28 1384 2524
f 29 1274 2772
f 3028 1274 29
f 1645 1574 29
f 29 1574 1862
f 2772 1645 29
f 29 1862 3347
f 3347 3028 29
f 1269 98 30
f 30 98 2686
f 2201 1269 30
f 2686 2201 30
f 1071 152 31
f 31 152 2249
f 31 156 1071
f 2509 156 31
f 2249 1813 31
f 31 1813 2509
f 32 636 1266
f 2416 636 32
f 32 1266 1404
f 32 1404 2333
f 32 1977 2416
f 2752 1977 32
f 32 2333 2752
f 2437 284 33
f 33 284 3002
f 1088 1049 33
f 33 1049 2695
f 3002 1088 33
f 2132 1607 33
f 33 1607 2437
f 2695 2132 33
f 34 407 762
f 1709 407 34
f 34 762 2498
f 34 918 1709
f 2072 918 34
f 2498 2072 34
f 35 311 2764
f 2944 311 35
f 35 2260 2963
f 3296 2260 35
f 35 2764 3296
f 35 2784 2944
f 2963 2784 35
f 36 165 437
f 1622 165 36
f 36 310 577
f 2630 310 36
f 36 437 2630
f 36 577 1622
f 37 569 665
f 1416 569 37
f 37 665 984
f 37 984 1941
f 1941 1001 37
f 37 1001 2356
f 2356 1416 37
f 38 762 1314
f 2498 762 38
f 38 893 1194
f 2953 893 38
f 38 1194 2498
f 38 1314 2953
f 39 548 560
f 1730 548 39
f 39 560 1841
f 993 870 39
f 39 870 1690
f 2787 993 39
f 39 1690 1730
f 39 1841 2787
f 40 810 1270
f 3010 810 40
f 40 1270 2921
f 2921 1939 40
f 40 1939 3010
f 41 513 2871
f 3340 513 41
f 2871 1287 41
f 41 1287 2885
f 41 2885 3340
f 42 82 642
f 1540 82 42
f 42 642 2017
f 42 1074 2471
f 3102 1074 42
f 2471 1540 42
f 42 2017 2273
f 42 2273 3102
f 530 340 43
f 43 340 2806
f 3260 530 43
f 1163 1098 43
f 43 1098 3260
f 1769 1163 43
f 43 1562 1769
f 2806 1562 43
f 213 85 44
f 44 85 2654
f 1321 213 44
f 44 966 1321
f 2654 966 44
f 403 245 45
f 45 245 2105
f 1959 321 45
f 45 321 3374
f 3067 403 45
f 2105 1959 45
f 3374 3067 45
f 1259 481 46
f 46 481 1405
f 1405 893 46
f 46 893 2953
f 3172 1259 46
f 46 2953 3172
f 146 135 47
f 47 135 3073
f 2082 146 47
f 47 266 2521
f 2985 266 47
f 2521 2082 47
f 47 2899 2985
f 3073 2899 47
f 1044 385 48
f 48 385 1980
f 1383 1044 48
f 3298 1383 48
f 48 1980 3298
f 49 214 3295
f 2862 516 49
f 49 2118 2862
f 50 249 589
f 2799 249 50
f 50 589 591
f 50 591 2027
f 2027 1574 50
f 50 1574 2799
f 2471 1393 51
f 51 1393 2510
f 2426 1540 51
f 51 1540 2471
f 2510 2426 51
f 52 1352 1535
f 2645 1352 52
f 52 1535 3287
f 3202 2645 52
f 52 2978 3202
f 3287 2978 52
f 53 463 1190
f 1708 463 53
f 53 1190 2246
f 53 1302 1708
f 2246 1302 53
f 54 1539 2668
f 2697 1539 54
f 2668 1804 54
f 54 1804 3174
f 54 1830 2697
f 3174 1830 54
f 55 89 883
f 2377 89 55
f 55 883 2110
f 55 2110 2834
f 2834 2377 55
f 56 396 2632
f 3139 396 56
f 2632 669 56
f 56 669 3018
f 3018 1704 56
f 56 1704 3139
f 57 362 2779
f 3318 362 57
f 2779 1584 57
f 57 1584 3199
f 2272 1714 57
f 57 1714 3318
f 3199 2272 57
f 1847 258 58
f 58 258 2945
f 58 832 1847
f 2945 832 58
f 59 756 1535
f 1599 756 59
f 1535 1352 59
f 59 1352 2206
f 2206 1599 59
f 1070 575 60
f 60 575 2916
f 60 691 2514
f 2916 691 60
f 2514 1070 60
f 1922 1210 61
f 61 1210 1956
f 1956 1592 61
f 61 1592 2608
f 2608 1922 61
f 1215 728 62
f 62 728 2088
f 3118 1215 62
f 62 2088 2816
f 62 2816 3118
f 1193 1115 63
f 63 1115 3334
f 63 1125 1646
f 3334 1125 63
f 1224 1193 63
f 1646 1224 63
f 64 1492 2364
f 3011 1492 64
f 1854 1745 64
f 64 1745 3011
f 1952 1854 64
f 2137 1952 64
f 2364 2137 64
f 65 657 1834
f 2959 657 65
f 65 1834 3136
f 65 2628 2959
f 3136 2628 65
f 66 505 1581
f 2872 505 66
f 1978 1263 66
f 66 1263 2005
f 1581 1439 66
f 66 1439 1978
f 66 2005 2872
f 3335 576 67
f 67 576 3375
f 3299 2817 67
f 67 2817 3335
f 67 3002 3299
f 3375 3002 67
f 68 143 1873
f 3246 143 68
f 68 1873 2134
f 68 2134 2717
f 68 2717 3246
f 2720 832 69
f 69 832 2797
f 69 2172 2434
f 2797 2172 69
f 69 2434 2720
f 70 1766 2538
f 2646 1766 70
f 70 2538 2646
f 2632 396 71
f 71 396 2660
f 2660 720 71
f 71 720 3084
f 71 1537 2632
f 3084 1537 71
f 72 341 352
f 2995 341 72
f 72 352 982
f 1148 900 72
f 72 900 2995
f 72 982 2574
f 2574 1148 72
f 1141 936 73
f 73 936 3378
f 1869 1141 73
f 2041 1869 73
f 3378 2041 73
f 74 158 2252
f 2649 158 74
f 1659 329 74
f 74 329 3040
f 2252 1659 74
f 3040 2649 74
f 1518 626 75
f 75 626 1881
f 1839 1518 75
f 1881 1839 75
f 621 172 76
f 76 172 1243
f 2637 621 76
f 1243 995 76
f 76 995 2077
f 2077 1669 76
f 76 1669 2637
f 708 490 77
f 77 490 2038
f 2091 708 77
f 77 2038 2091
f 805 444 78
f 78 444 969
f 3288 805 78
f 78 969 3049
f 78 3049 3334
f 3334 3288 78
f 2514 1011 79
f 79 1011 3372
f 79 1112 2554
f 2902 1112 79
f 2554 2514 79
f 3372 2902 79
f 80 405 2311
f 2662 405 80
f 2063 752 80
f 80 752 2662
f 2311 2063 80
f 81 231 536
f 3133 231 81
f 81 536 2479
f 2479 1763 81
f 81 1763 2783
f 81 2783 3133
f 1832 642 82
f 82 1540 1832
f 83 636 2416
f 2545 636 83
f 2020 1290 83
f 83 1290 2545
f 1977 1893 83
f 83 1893 2020
f 2416 1977 83
f 84 1745 1854
f 2282 1745 84
f 84 1854 2281
f 84 1860 1992
f 2547 1860 84
f 84 1992 2282
f 84 2281 2547
f 85 213 1901
f 1901 1872 85
f 85 1872 2654
f 1729 455 86
f 86 455 2296
f 1758 1729 86
f 3259 1758 86
f 86 2296 3348
f 3348 3259 86
f 87 799 2278
f 2768 799 87
f 2657 2172 87
f 87 2172 2768
f 87 2278 2657
f 88 289 412
f 2347 289 88
f 88 412 2576
f 88 2153 2347
f 3257 2153 88
f 88 2576 3257
f 2377 272 89
f 89 272 3220
f 3289 883 89
f 89 3220 3289
f 1570 742 90
f 90 742 3350
f 2780 1570 90
f 3350 2780 90
f 617 95 91
f 91 95 1588
f 1588 265 91
f 91 265 2099
f 2099 617 91
f 92 145 1167
f 2251 145 92
f 92 1062 2251
f 2802 1062 92
f 92 1167 3092
f 3092 2802 92
f 1292 237 93
f 93 237 2410
f 93 550 1587
f 2563 550 93
f 1587 1292 93
f 93 2410 2526
f 93 2526 2563
f 2715 1607 94
f 94 1607 3041
f 94 1812 2715
f 3041 1812 94
f 95 520 1855
f 3306 520 95
f 95 617 3306
f 1855 1588 95
f 96 1693 2196
f 3178 1693 96
f 2196 1766 96
f 96 1766 2226
f 2226 1841 96
f 96 1841 3178
f 2988 467 97
f 2836 702 97
f 97 702 2988
f 97 2127 2836
f 98 1269 2777
f 98 1966 2686
f 3151 1966 98
f 2487 2206 98
f 98 2206 3151
f 2777 2487 98
f 1640 986 99
f 99 986 2511
f 3060 1640 99
f 2511 1899 99
f 99 1899 3342
f 3342 3060 99
f 2743 396 100
f 100 396 3139
f 100 1195 2405
f 2577 1195 100
f 100 1627 2577
f 3139 1627 100
f 100 2405 2743
f 101 2202 2427
f 2800 2202 101
f 101 2427 3186
f 3341 2800 101
f 101 3186 3341
f 1746 533 102
f 102 533 2572
f 2820 1746 102
f 102 2572 2974
f 2974 2820 102
f 103 383 511
f 838 383 103
f 103 511 2634
f 103 572 978
f 2634 572 103
f 978 838 103
f 734 247 104
f 104 247 1480
f 104 326 734
f 2960 326 104
f 1480 416 104
f 104 416 1830
f 104 1830 2960
f 105 787 2007
f 2095 787 105
f 105 974 2095
f 2233 974 105
f 2007 1917 105
f 105 1917 2233
f 833 384 106
f 106 384 2111
f 1930 833 106
f 2046 1930 106
f 2111 2022 106
f 106 2022 3367
f 3367 2046 106
f 107 859 1387
f 2478 859 107
f 107 1387 1448
f 107 1448 2248
f 107 2248 3377
f 2716 2478 107
f 3377 2716 107
f 108 154 538
f 2957 154 108
f 108 538 1196
f 108 1196 1760
f 108 1760 3246
f 108 2717 2957
f 3246 2717 108
f 1168 1029 109
f 109 1029 1932
f 2952 1168 109
f 109 1932 2693
f 109 2693 2952
f 1474 718 110
f 110 718 1695
f 1695 1345 110
f 110 1345 2156
f 3113 1474 110
f 110 2156 3113
f 111 164 1587
f 2677 164 111
f 111 550 1556
f 1587 550 111
f 111 1538 2677
f 3086 1538 111
f 111 1556 3086
f 693 320 112
f 112 320 3321
f 112 402 693
f 2450 402 112
f 3110 2450 112
f 112 2898 3110
f 3321 2898 112
f 2258 1111 113
f 113 1111 2534
f 2534 1170 113
f 113 1170 2808
f 113 1742 2258
f 2808 1742 113
f 2371 462 114
f 114 462 2533
f 1678 1546 114
f 114 1546 3373
f 114 1575 1678
f 2533 1575 114
f 3373 2371 114
f 1904 662 115
f 115 662 2106
f 115 732 2374
f 2440 732 115
f 2919 1904 115
f 115 2106 2440
f 115 2374 2919
f 116 126 2203
f 2244 126 116
f 1940 220 116
f 116 220 2263
f 2203 1940 116
f 2263 2244 116
f 901 140 117
f 117 140 1950
f 1080 901 117
f 3360 1080 117
f 117 1950 3360
f 1411 459 118
f 118 459 1849
f 118 991 1411
f 2084 991 118
f 118 1665 2084
f 2310 1665 118
f 118 1849 2838
f 2838 2310 118
f 1192 487 119
f 119 487 2812
f 119 858 2602
f 2812 858 119
f 119 868 1192
f 2602 868 119
f 1278 442 120
f 120 442 2876
f 120 491 679
f 2876 491 120
f 120 679 1278
f 121 678 1337
f 2249 678 121
f 1337 1157 121
f 121 1157 1731
f 121 1731 2625
f 121 1991 2249
f 2625 1991 121
f 122 669 1537
f 2932 669 122
f 122 1338 2932
f 3072 1338 122
f 122 1537 2066
f 122 2066 3072
f 123 889 2301
f 2527 889 123
f 123 1139 1808
f 3204 1139 123
f 123 1808 2958
f 123 2301 3204
f 2958 2527 123
f 124 858 1575
f 2157 858 124
f 124 1273 1947
f 1967 1273 124
f 124 1575 1967
f 124 1947 2157
f 125 618 625
f 1240 618 125
f 125 625 2109
f 1956 1240 125
f 2109 1956 125
f 1291 414 126
f 126 414 2203
f 126 1104 1291
f 2244 1104 126
f 127 391 1062
f 1247 391 127
f 127 1062 1510
f 2795 1247 127
f 127 1510 2795
f 128 724 1151
f 3119 724 128
f 128 1151 2725
f 128 2725 2915
f 128 2915 3119
f 1899 533 129
f 129 533 3137
f 129 1818 2070
f 3137 1818 129
f 2070 1899 129
f 130 327 2173
f 2618 327 130
f 130 331 1549
f 2942 331 130
f 130 1549 2618
f 130 2173 2942
f 673 566 131
f 131 566 1779
f 1233 673 131
f 2363 1233 131
f 131 1779 2235
f 131 2235 2363
f 132 824 1223
f 2251 824 132
f 132 1223 1385
f 2139 1288 132
f 132 1288 2251
f 132 1385 2581
f 2581 2139 132
f 133 479 998
f 2216 479 133
f 133 998 2301
f 3329 2216 133
f 133 2301 3329
f 134 267 2438
f 3229 267 134
f 134 276 1958
f 2754 276 134
f 1958 1100 134
f 134 1100 3229
f 134 2438 2754
f 135 146 906
f 906 776 135
f 135 776 1054
f 135 1054 3274
f 3274 3073 135
f 1375 958 136
f 136 958 3184
f 2835 1375 136
f 136 1644 2452
f 3184 1644 136
f 2452 2344 136
f 136 2344 2835
f 767 390 137
f 137 390 1614
f 2169 767 137
f 137 1614 2415
f 137 1928 2169
f 2415 1928 137
f 1426 375 138
f 138 375 2854
f 2949 1426 138
f 138 2854 2949
f 139 735 1739
f 2793 735 139
f 2558 1652 139
f 139 1652 3303
f 139 1739 2558
f 3303 2793 139
f 901 178 140
f 140 178 3196
f 3196 1950 140
f 703 156 141
f 141 156 2509
f 2509 463 141
f 141 463 2699
f 1571 703 141
f 141 741 1571
f 2699 741 141
f 3039 344 142
f 142 344 3206
f 2559 733 142
f 142 733 3039
f 3206 1506 142
f 142 1506 3346
f 3171 2559 142
f 3346 3171 142
f 2958 1873 143
f 143 2527 2958
f 3246 2527 143
f 2316 1034 144
f 144 1034 3044
f 1985 1722 144
f 144 1722 2316
f 3044 1985 144
f 145 394 1167
f 1288 394 145
f 2251 1288 145
f 1920 906 146
f 2082 1920 146
f 342 327 147
f 147 327 2831
f 2049 342 147
f 2831 2049 147
f 2076 882 148
f 148 882 2670
f 148 1738 2076
f 2315 1738 148
f 3012 2315 148
f 148 2670 3012
f 2309 510 149
f 149 510 3369
f 149 1101 2481
f 3369 1101 149
f 2481 2309 149
f 150 160 485
f 2048 160 150
f 150 485 548
f 150 548 1730
f 150 1730 2048
f 2125 188 151
f 151 188 3021
f 151 802 1608
f 3021 802 151
f 151 1608 2125
f 152 1071 2168
f 152 2168 2249
f 153 592 624
f 2406 592 153
f 153 624 2890
f 1916 1285 153
f 153 1285 2406
f 2890 1916 153
f 2739 538 154
f 154 1207 2428
f 2957 1207 154
f 154 2428 2739
f 155 1349 1435
f 3310 1349 155
f 155 1435 2515
f 2515 1604 155
f 155 1604 3310
f 156 703 1071
f 157 1548 1589
f 2707 1548 157
f 157 1589 2909
f 2909 2707 157
f 2649 1467 158
f 158 1467 2904
f 3179 2252 158
f 158 2904 3179
f 2100 429 159
f 159 429 2667
f 1279 646 159
f 159 646 2100
f 159 1064 2519
f 2667 1064 159
f 2519 1279 159
f 1741 485 160
f 1970 1741 160
f 160 1903 1970
f 3175 1903 160
f 160 2048 3175
f 161 1121 1942
f 2930 1121 161
f 161 1942 2638
f 2638 2191 161
f 161 2191 2930
f 525 402 162
f 162 402 792
f 2841 525 162
f 162 792 979
f 162 979 2841
f 163 615 3352
f 3377 615 163
f 3352 1422 163
f 163 1422 3377
f 164 720 1388
f 3160 720 164
f 164 1388 2117
f 2117 1587 164
f 164 2677 3160
f 1100 437 165
f 3229 1100 165
f 165 1622 3229
f 166 919 1147
f 1330 919 166
f 166 1147 1473
f 1849 1330 166
f 166 1473 1849
f 167 270 565
f 2103 270 167
f 167 565 922
f 922 717 167
f 167 717 2518
f 2518 2103 167
f 675 272 168
f 168 272 2719
f 1224 675 168
f 168 1193 1224
f 2222 1193 168
f 2719 2222 168
f 1815 807 169
f 169 807 3351
f 169 932 2661
f 3351 932 169
f 1097 1004 169
f 169 1004 1815
f 2661 1097 169
f 170 951 2286
f 3262 951 170
f 170 1093 1144
f 2286 1093 170
f 170 1144 3262
f 2444 656 171
f 171 656 2708
f 171 1323 2053
f 2708 1323 171
f 171 2053 2436
f 171 2436 2587
f 2587 2444 171
f 788 616 172
f 172 616 3106
f 172 621 788
f 3106 1243 172
f 1164 747 173
f 173 747 2039
f 1952 1164 173
f 2281 1952 173
f 2039 2030 173
f 173 2030 2547
f 2547 2281 173
f 174 1202 2162
f 2735 1202 174
f 174 2162 2362
f 174 2464 2735
f 2809 2464 174
f 175 756 1021
f 2684 756 175
f 1021 784 175
f 175 784 2684
f 1052 426 176
f 176 426 1609
f 2525 1052 176
f 176 1609 2994
f 3167 2525 176
f 2994 2730 176
f 176 2730 3167
f 177 523 800
f 1828 523 177
f 177 800 1735
f 177 1735 1828
f 769 674 178
f 178 674 1975
f 901 769 178
f 178 1975 3196
f 912 708 179
f 179 708 3224
f 1225 912 179
f 179 1065 2568
f 3224 1065 179
f 2568 1225 179
f 180 611 952
f 3233 611 180
f 180 952 3173
f 3016 2530 180
f 180 2530 3233
f 3173 3016 180
f 379 224 181
f 181 224 659
f 469 379 181
f 1470 469 181
f 181 659 1784
f 1784 1470 181
f 1522 1116 182
f 182 1116 2458
f 182 1184 1228
f 3326 1184 182
f 182 1228 1522
f 182 2458 3326
f 183 258 1670
f 2945 258 183
f 2820 303 183
f 183 303 2945
f 1670 1120 183
f 183 1120 1727
f 183 1727 2820
f 184 242 682
f 775 242 184
f 184 682 2544
f 3070 775 184
f 3042 2432 184
f 184 2432 3070
f 184 2544 3042
f 185 791 1146
f 1351 791 185
f 185 1146 3053
f 185 1172 3005
f 3053 1172 185
f 3005 1351 185
f 186 603 647
f 2528 603 186
f 186 647 1089
f 1089 710 186
f 186 710 3179
f 2751 2528 186
f 3179 2751 186
f 2747 1595 187
f 187 1595 2857
f 3215 1783 187
f 187 1842 2747
f 187 2857 3215
f 188 481 1259
f 2029 481 188
f 188 1178 3021
f 3172 1178 188
f 188 1259 3172
f 2125 2029 188
f 1847 832 189
f 189 832 2720
f 2720 1847 189
f 2628 1333 190
f 3188 2628 190
f 190 3109 3188
f 191 368 373
f 1810 368 191
f 191 373 1211
f 191 1211 2882
f 2858 1810 191
f 2882 2858 191
f 192 305 1764
f 2844 305 192
f 192 945 1407
f 3037 945 192
f 192 1407 1655
f 192 1655 2844
f 192 1764 3037
f 547 302 193
f 193 302 1974
f 1244 547 193
f 1836 1244 193
f 2221 1836 193
f 193 1974 2221
f 1197 743 194
f 194 743 2951
f 1203 1197 194
f 1205 1203 194
f 2951 1205 194
f 1194 893 195
f 195 893 1405
f 3079 1194 195
f 195 1405 3100
f 195 2906 3079
f 3100 2906 195
f 2235 1562 196
f 196 1562 2806
f 2363 2235 196
f 3152 2363 196
f 196 2806 3236
f 3236 3152 196
f 197 1098 3208
f 3260 1098 197
f 3208 1166 197
f 197 1166 3260
f 198 433 2825
f 2826 433 198
f 198 1401 2515
f 2825 1401 198
f 198 1435 2266
f 2515 1435 198
f 198 2266 2826
f 199 667 1181
f 3087 667 199
f 1181 789 199
f 199 789 2585
f 199 2585 3128
f 199 2616 3087
f 3128 2616 199
f 200 1378 2044
f 2375 1378 200
f 200 2044 2165
f 200 2165 2375
f 652 445 201
f 201 445 1358
f 3000 652 201
f 201 1358 2891
f 201 2891 3000
f 2738 698 202
f 202 698 3017
f 202 2209 2688
f 3017 2209 202
f 202 2688 3315
f 3315 2738 202
f 203 498 2037
f 2302 498 203
f 203 2037 2365
f 2365 2302 203
f 1462 822 204
f 204 822 2394
f 3278 1462 204
f 2394 2086 204
f 204 2086 3278
f 2097 628 205
f 205 628 2731
f 205 697 1850
f 2731 697 205
f 205 1850 2097
f 206 296 1132
f 2020 296 206
f 791 661 206
f 206 661 2020
f 1146 791 206
f 206 1132 1146
f 207 1015 1296
f 1722 1015 207
f 207 1296 3191
f 2524 1722 207
f 3191 2808 207
f 3141 345 208
f 208 345 3232
f 208 3075 3141
f 3232 3075 208
f 209 1314 1874
f 2953 1314 209
f 2798 1315 209
f 209 1315 2953
f 209 1874 2798
f 1790 947 210
f 210 947 2241
f 210 1200 1790
f 2435 1200 210
f 210 2241 2435
f 211 687 688
f 3023 687 211
f 211 688 816
f 2880 775 211
f 211 775 3023
f 211 816 2880
f 212 320 693
f 3013 320 212
f 212 693 1226
f 1226 855 212
f 212 855 1606
f 1321 1124 213
f 213 1124 2146
f 2146 1901 213
f 214 2378 3257
f 3257 2576 214
f 214 2576 3295
f 780 525 215
f 215 525 2841
f 2154 780 215
f 3282 2154 215
f 215 2841 3282
f 2190 996 216
f 216 996 2551
f 216 1306 2190
f 216 2141 2488
f 2551 2141 216
f 1020 924 217
f 217 924 1845
f 3133 1020 217
f 217 1845 2126
f 217 2126 2387
f 217 2387 3133
f 935 588 218
f 218 588 2147
f 2972 935 218
f 2147 1174 218
f 218 1174 3181
f 218 1636 2972
f 3181 1636 218
f 1096 374 219
f 219 374 2652
f 219 601 2057
f 2652 601 219
f 2478 1096 219
f 219 2057 2478
f 1940 911 220
f 220 911 2665
f 2665 2263 220
f 221 475 1585
f 2810 475 221
f 221 968 1227
f 1585 968 221
f 221 1227 1434
f 221 1434 3281
f 3281 2810 221
f 222 818 2409
f 2727 818 222
f 222 1346 2297
f 2409 1346 222
f 222 2297 2727
f 2155 286 223
f 223 286 2753
f 223 1005 1107
f 2753 1005 223
f 223 1107 2155
f 224 379 3283
f 1485 659 224
f 3132 1485 224
f 3283 3132 224
f 1998 590 225
f 225 590 2380
f 225 1296 1547
f 2380 1296 225
f 225 1547 1998
f 1938 587 226
f 226 587 3128
f 2289 1938 226
f 2585 2289 226
f 3128 2585 226
f 227 469 1470
f 1603 469 227
f 1278 679 227
f 227 679 1603
f 1667 1278 227
f 227 1470 1667
f 228 691 1055
f 2514 691 228
f 228 877 1011
f 3238 877 228
f 228 1011 2514
f 228 1055 3238
f 1726 923 229
f 229 923 3016
f 3016 1018 229
f 229 1018 3071
f 3071 1726 229
f 230 795 2557
f 3077 795 230
f 230 2557 2775
f 230 2775 3077
f 2866 536 231
f 3133 804 231
f 231 804 3222
f 231 2000 2338
f 3222 2000 231
f 231 2338 2866
f 1232 800 232
f 232 800 1592
f 1591 1232 232
f 2207 1591 232
f 232 1592 2207
f 1425 408 233
f 233 408 1736
f 233 454 496
f 1736 454 233
f 233 496 1649
f 1649 1425 233
f 234 261 1014
f 3239 261 234
f 234 1014 3239
f 850 516 235
f 235 516 2862
f 2641 850 235
f 235 2593 2641
f 2862 2593 235
f 1800 371 236
f 236 371 3054
f 236 1699 3142
f 3230 1699 236
f 3142 1800 236
f 236 3054 3230
f 1870 267 237
f 237 267 2410
f 238 656 887
f 1151 656 238
f 238 887 2725
f 2725 1151 238
f 1931 1239 239
f 239 1239 2897
f 2475 1931 239
f 239 2199 2475
f 2897 2199 239
f 2035 1837 240
f 240 1837 2326
f 3099 2035 240
f 2326 2040 240
f 240 2040 3099
f 241 1073 1555
f 1820 1073 241
f 241 1555 2352
f 2477 1820 241
f 241 2352 2508
f 2508 2477 241
f 1179 682 242
f 242 775 2880
f 1729 1179 242
f 242 1437 1729
f 2880 1437 242
f 1257 393 243
f 243 393 2156
f 243 666 1257
f 2889 666 243
f 243 1345 1545
f 2156 1345 243
f 243 1545 2889
f 244 464 3132
f 244 3132 3283
f 403 351 245
f 245 351 2675
f 245 830 843
f 3063 830 245
f 245 843 2105
f 245 2675 3063
f 1968 821 246
f 246 821 2621
f 246 1221 2267
f 2621 1221 246
f 2149 1968 246
f 246 2012 2149
f 2267 2012 246
f 2220 684 247
f 247 684 3112
f 247 734 2220
f 3112 1480 247
f 1283 625 248
f 248 625 3307
f 248 746 2607
f 3241 746 248
f 2607 1283 248
f 3307 3241 248
f 2348 589 249
f 249 1440 2348
f 2799 1440 249
f 250 524 1837
f 2089 524 250
f 1837 1806 250
f 250 1806 2006
f 250 2006 2089
f 2575 1662 251
f 251 1662 2956
f 251 2453 2575
f 2849 2453 251
f 3046 2849 251
f 251 2956 3046
f 2861 312 252
f 252 312 2934
f 252 502 961
f 3319 502 252
f 961 599 252
f 252 599 2861
f 252 2934 3319
f 2635 841 253
f 253 841 2788
f 253 900 1127
f 1675 900 253
f 253 1127 2635
f 2788 1675 253
f 1165 1117 254
f 254 1117 2766
f 1924 1165 254
f 254 1703 1924
f 2766 1703 254
f 2791 749 255
f 255 752 1610
f 3164 752 255
f 255 1037 2818
f 255 1610 2791
f 255 2818 3164
f 256 279 1721
f 2391 279 256
f 1937 657 256
f 256 657 2391
f 256 1721 3302
f 3302 1937 256
f 257 543 1934
f 2850 543 257
f 1934 1204 257
f 257 1204 3089
f 257 1433 2850
f 3089 1433 257
f 2497 1670 258
f 258 1847 2497
f 259 733 1527
f 3039 733 259
f 1451 1152 259
f 259 1152 3039
f 2063 1451 259
f 259 1527 2063
f 563 422 260
f 260 422 1969
f 2927 563 260
f 260 1969 2653
f 260 2653 2927
f 261 309 2840
f 3239 309 261
f 2823 1014 261
f 2549 2353 261
f 261 2353 2823
f 2840 2549 261
f 2207 1219 262
f 262 1219 2868
f 262 1971 2207
f 2366 1971 262
f 2607 2045 262
f 262 2045 3145
f 3145 2366 262
f 2868 2607 262
f 263 594 2393
f 3051 594 263
f 263 2393 3034
f 263 3034 3096
f 3096 3051 263
f 1295 613 264
f 264 613 2239
f 3057 1295 264
f 2239 1583 264
f 264 1583 2965
f 264 2965 3057
f 1588 1583 265
f 265 1583 2239
f 2614 2099 265
f 265 2239 2622
f 2622 2614 265
f 266 801 2521
f 2805 801 266
f 2985 2805 266
f 267 1870 2438
f 2594 2410 267
f 3229 2594 267
f 268 1162 1371
f 2420 1162 268
f 268 1371 3277
f 3371 2420 268
f 268 3277 3371
f 1802 651 269
f 269 651 2423
f 269 755 2609
f 2762 755 269
f 2609 1802 269
f 269 2423 2762
f 1331 565 270
f 270 631 1331
f 2468 631 270
f 270 2103 2468
f 938 798 271
f 271 798 2680
f 2111 938 271
f 271 958 1375
f 2680 958 271
f 271 1375 2111
f 272 675 3291
f 272 2377 2719
f 3291 3220 272
f 1698 860 273
f 273 860 2792
f 273 1502 1521
f 2792 1502 273
f 273 1521 3083
f 273 1570 1698
f 3083 1570 273
f 1932 1326 274
f 274 1326 2814
f 2104 1932 274
f 2178 2104 274
f 3275 2178 274
f 274 2814 3275
f 275 1003 1200
f 3317 1003 275
f 275 1200 2350
f 2350 2225 275
f 275 2225 3317
f 2010 1958 276
f 2372 2010 276
f 2754 2372 276
f 1955 347 277
f 277 347 2373
f 277 555 1152
f 1468 555 277
f 277 1152 1451
f 277 1451 1955
f 2373 1468 277
f 1924 552 278
f 278 552 1926
f 1926 1846 278
f 278 1846 3055
f 3055 1924 278
f 2672 1721 279
f 2391 1843 279
f 279 1843 2672
f 843 830 280
f 280 830 3244
f 3207 843 280
f 280 2100 2599
f 3026 2100 280
f 280 2599 3207
f 3244 3026 280
f 477 472 281
f 281 472 972
f 798 477 281
f 2849 798 281
f 281 972 2849
f 282 605 2476
f 2740 605 282
f 282 749 2740
f 2476 1460 282
f 282 1460 2664
f 603 440 283
f 283 440 1910
f 647 603 283
f 1089 647 283
f 1910 1089 283
f 2318 1137 284
f 284 1137 3002
f 2437 2318 284
f 835 486 285
f 285 486 2541
f 3197 835 285
f 285 1763 2447
f 2541 1763 285
f 285 2447 3197
f 2385 739 286
f 286 739 2753
f 2155 956 286
f 286 956 2385
f 1543 530 287
f 287 530 3227
f 3227 1543 287
f 1556 500 288
f 288 500 2583
f 3086 1556 288
f 2442 2231 288
f 288 2231 3086
f 2583 2442 288
f 289 410 930
f 1183 410 289
f 2908 412 289
f 289 930 2859
f 2347 1183 289
f 289 2859 2908
f 571 522 290
f 290 522 1611
f 3064 571 290
f 1611 760 290
f 290 760 3357
f 290 836 3064
f 3357 836 290
f 291 344 2061
f 3206 344 291
f 2161 667 291
f 291 667 3087
f 3087 1981 291
f 291 1981 3206
f 291 2061 2778
f 2778 2161 291
f 292 1626 1869
f 1990 1626 292
f 292 1814 1990
f 2041 1814 292
f 292 1869 2041
f 293 317 1212
f 2313 317 293
f 293 535 2600
f 3333 535 293
f 293 578 2313
f 2600 578 293
f 293 1212 2673
f 293 2673 3333
f 1208 518 294
f 294 518 3365
f 1949 1208 294
f 294 1921 1949
f 3365 1921 294
f 295 600 1409
f 2198 600 295
f 1409 981 295
f 295 981 2424
f 2954 2198 295
f 295 2424 2986
f 2986 2954 295
f 1893 539 296
f 296 539 2626
f 1649 1132 296
f 2626 1649 296
f 2020 1893 296
f 297 606 1297
f 2151 606 297
f 1684 1052 297
f 297 1052 2151
f 297 1297 3266
f 3266 1684 297
f 298 1115 3030
f 3334 1115 298
f 298 3030 3155
f 298 3155 3320
f 3320 3288 298
f 298 3288 3334
f 299 591 1767
f 2027 591 299
f 299 1767 1795
f 299 1795 2016
f 2016 1811 299
f 299 1811 2027
f 1064 568 300
f 300 568 1725
f 300 648 1539
f 1725 648 300
f 3076 1064 300
f 300 1539 3076
f 1482 399 301
f 301 399 3148
f 301 1058 2175
f 2553 1058 301
f 2175 1482 301
f 2742 2553 301
f 3148 2742 301
f 302 547 960
f 302 960 1810
f 302 1810 2445
f 2259 1974 302
f 2445 2259 302
f 2920 1066 303
f 303 1066 2945
f 303 2820 2974
f 2974 2920 303
f 304 448 929
f 1683 448 304
f 929 732 304
f 304 732 1683
f 1041 959 305
f 305 959 2971
f 3238 1041 305
f 2001 1764 305
f 2971 2001 305
f 305 2844 3238
f 1529 1072 306
f 306 1072 2768
f 306 1477 1529
f 2797 1477 306
f 2768 2172 306
f 306 2172 2797
f 3154 892 307
f 307 892 3313
f 3313 3154 307
f 308 1115 1193
f 3030 1115 308
f 308 1193 2222
f 308 1487 1979
f 2222 1487 308
f 308 1979 2034
f 308 2034 3030
f 2230 886 309
f 309 886 2279
f 2279 1370 309
f 309 1370 2840
f 3239 2230 309
f 1498 508 310
f 310 508 3221
f 3221 577 310
f 1902 1498 310
f 2630 1902 310
f 1243 328 311
f 311 328 2764
f 311 1143 1243
f 2494 1143 311
f 2944 2494 311
f 1802 876 312
f 312 876 2570
f 3058 1802 312
f 2570 2079 312
f 312 2079 2934
f 312 2861 3058
f 313 362 1397
f 2779 362 313
f 1397 399 313
f 313 399 2767
f 2767 1436 313
f 313 1436 2779
f 314 406 549
f 1237 406 314
f 314 549 2985
f 2899 1237 314
f 2985 2899 314
f 1639 1180 315
f 315 1180 3093
f 2164 1639 315
f 2495 2164 315
f 3093 2495 315
f 316 684 1108
f 2789 684 316
f 316 1108 1909
f 316 1909 2414
f 316 2414 2789
f 3089 1212 317
f 317 2313 2837
f 317 2837 3225
f 3225 3089 317
f 2086 1004 318
f 318 1004 2612
f 2612 1797 318
f 318 1797 3051
f 3278 2086 318
f 318 3051 3278
f 319 820 2567
f 3314 820 319
f 319 866 1251
f 2567 866 319
f 319 1251 3314
f 320 3013 3321
f 321 1959 2964
f 2964 2854 321
f 321 2854 3374
f 1068 435 322
f 322 435 1775
f 2271 1068 322
f 322 1775 2692
f 1965 1895 322
f 322 1895 2271
f 2692 1965 322
f 1485 670 323
f 323 670 1940
f 323 1478 1485
f 2203 1478 323
f 323 1940 2203
f 1978 1439 324
f 324 1439 2212
f 2212 1799 324
f 324 1799 3129
f 3129 1978 324
f 1151 724 325
f 325 724 3343
f 325 1076 1151
f 2009 1076 325
f 1503 1213 325
f 325 1213 2009
f 3343 1503 325
f 326 590 1998
f 2298 590 326
f 1998 734 326
f 2555 2298 326
f 2960 2555 326
f 327 342 1031
f 327 1031 2173
f 327 2618 2831
f 328 389 2078
f 3106 389 328
f 328 1243 3106
f 328 2078 2999
f 3296 2764 328
f 328 2999 3296
f 1659 1262 329
f 329 1262 2746
f 329 2746 3088
f 3088 3040 329
f 1945 1335 330
f 330 1335 2596
f 2211 1945 330
f 3251 2211 330
f 330 2250 3138
f 3280 2250 330
f 330 2596 3280
f 330 3138 3251
f 2942 834 331
f 331 834 3126
f 3126 1549 331
f 2096 431 332
f 332 431 3290
f 332 1561 2167
f 3290 1561 332
f 2215 2096 332
f 332 2167 2215
f 333 1083 1171
f 2376 1083 333
f 1171 1159 333
f 333 1159 2121
f 2170 1318 333
f 333 1318 2376
f 333 2121 2170
f 334 1000 1865
f 3045 1000 334
f 334 1130 1551
f 1865 1130 334
f 334 1551 3045
f 1084 359 335
f 335 359 3165
f 335 488 1713
f 3165 488 335
f 1713 1084 335
f 2105 843 336
f 336 843 3207
f 336 1959 2105
f 3362 1959 336
f 336 3207 3362
f 2121 1159 337
f 337 1159 2919
f 337 1602 2335
f 2374 1602 337
f 3147 2121 337
f 337 2335 3147
f 2919 2374 337
f 1810 960 338
f 338 960 2008
f 1390 1123 338
f 338 1123 2327
f 2008 1390 338
f 2327 1810 338
f 2133 1421 339
f 339 1421 2381
f 2171 2133 339
f 3189 2171 339
f 339 2381 3189
f 340 530 1543
f 340 1543 2291
f 340 2291 3236
f 3236 2806 340
f 517 352 341
f 3322 517 341
f 341 2995 3322
f 668 393 342
f 342 393 1257
f 2049 668 342
f 2873 1031 342
f 342 1257 2873
f 343 688 1404
f 2848 688 343
f 343 1404 3243
f 343 1894 2848
f 3243 1894 343
f 344 1152 2061
f 3039 1152 344
f 2961 524 345
f 345 524 3192
f 345 1307 1694
f 3141 1307 345
f 345 1694 2961
f 345 3192 3232
f 2276 1844 346
f 346 1844 2651
f 346 2090 2276
f 2651 2090 346
f 347 1955 2456
f 2456 2373 347
f 1693 963 348
f 348 963 2194
f 2196 1693 348
f 2194 2028 348
f 348 2028 2196
f 349 1176 2727
f 2918 1176 349
f 2727 1612 349
f 349 1612 2918
f 350 466 695
f 1650 466 350
f 350 754 2306
f 350 1572 1650
f 2306 1572 350
f 351 403 2886
f 1716 561 351
f 351 561 2675
f 2092 1716 351
f 2886 2092 351
f 352 517 1050
f 352 588 935
f 1050 588 352
f 352 935 2323
f 2071 982 352
f 2323 2071 352
f 1701 456 353
f 353 456 1905
f 3007 1701 353
f 1905 1785 353
f 353 1785 2686
f 353 2686 3007
f 354 1051 1721
f 2288 1051 354
f 354 1721 2672
f 2672 2288 354
f 355 428 2554
f 3031 428 355
f 355 1112 1840
f 2554 1112 355
f 1840 1796 355
f 355 1796 3031
f 356 402 525
f 693 402 356
f 356 525 780
f 2142 693 356
f 356 780 2439
f 2439 2142 356
f 1878 905 357
f 357 905 1934
f 357 1772 1878
f 2726 1772 357
f 357 1934 2726
f 358 852 1719
f 1867 852 358
f 358 1322 1875
f 1984 1322 358
f 358 1719 1984
f 1875 1867 358
f 359 1084 3318
f 1424 1382 359
f 359 1382 3165
f 1714 1424 359
f 3318 1714 359
f 360 1218 1357
f 2579 1218 360
f 360 1357 2911
f 360 2074 2579
f 2911 2074 360
f 361 434 558
f 2500 434 361
f 361 558 892
f 361 892 2500
f 362 1023 1397
f 3318 1023 362
f 363 365 1177
f 1276 365 363
f 363 957 1913
f 2548 957 363
f 363 1177 2548
f 1913 1276 363
f 364 730 1885
f 3104 730 364
f 364 1776 2358
f 3235 1776 364
f 364 1885 3235
f 364 2358 3104
f 1580 961 365
f 365 961 2050
f 2050 1177 365
f 365 1276 1580
f 2293 1568 366
f 366 1568 2829
f 366 1941 2293
f 3214 1941 366
f 2829 2283 366
f 366 2283 3214
f 695 627 367
f 367 627 3275
f 3035 695 367
f 367 2683 3035
f 3256 2683 367
f 3275 3256 367
f 1747 373 368
f 368 881 1747
f 2327 881 368
f 368 1810 2327
f 1721 1051 369
f 369 1051 2504
f 3302 1721 369
f 2504 2081 369
f 369 2081 3302
f 1356 874 370
f 370 874 1374
f 1374 1340 370
f 370 1340 1835
f 1835 1356 370
f 1807 793 371
f 371 793 3054
f 371 880 1750
f 1800 880 371
f 371 1750 2648
f 2648 1807 371
f 929 448 372
f 372 448 2737
f 1602 929 372
f 2737 1602 372
f 373 1173 1211
f 1747 1173 373
f 374 1096 1452
f 374 1452 2687
f 2687 2652 374
f 375 879 2854
f 2906 879 375
f 1426 1399 375
f 375 1399 2906
f 376 1079 1415
f 3231 1079 376
f 376 1415 3140
f 3140 2197 376
f 376 2197 3231
f 377 490 680
f 2038 490 377
f 377 680 3328
f 1580 1276 377
f 377 1276 2038
f 3328 1580 377
f 378 897 2182
f 2941 897 378
f 378 1295 1619
f 2991 1295 378
f 378 1619 2845
f 378 2012 2267
f 2845 2012 378
f 378 2182 2991
f 378 2267 2941
f 379 469 2588
f 2588 2537 379
f 379 2537 3283
f 380 1228 2449
f 2500 1228 380
f 2449 1838 380
f 380 1838 2505
f 2505 2500 380
f 381 714 1339
f 2811 714 381
f 1279 1064 381
f 381 1064 3076
f 1925 1279 381
f 381 1339 1925
f 3076 2811 381
f 1399 737 382
f 382 737 1713
f 2906 1399 382
f 382 1713 1997
f 382 1997 3079
f 3079 2906 382
f 1508 511 383
f 383 838 1624
f 1624 1390 383
f 383 1390 2008
f 2008 1508 383
f 384 833 2993
f 2361 2111 384
f 2993 2361 384
f 385 494 1007
f 1044 494 385
f 385 1007 1131
f 385 1131 2080
f 2080 1980 385
f 1493 756 386
f 386 756 1599
f 3199 1493 386
f 386 1599 2584
f 2584 2272 386
f 386 2272 3199
f 1724 1640 387
f 387 1640 3060
f 387 1711 1724
f 3060 1711 387
f 2274 937 388
f 388 937 2310
f 388 1369 1473
f 2838 1369 388
f 388 2310 2838
f 3106 616 389
f 389 616 3247
f 389 1022 2078
f 3247 1022 389
f 390 767 2451
f 1739 1614 390
f 2558 1739 390
f 390 2451 2558
f 3108 1062 391
f 391 1247 3116
f 3116 3108 391
f 392 458 2550
f 2562 458 392
f 392 736 1948
f 3216 736 392
f 392 1948 2562
f 392 2550 3216
f 393 668 2156
f 394 973 1167
f 2925 973 394
f 394 1288 3008
f 3033 2925 394
f 394 3008 3033
f 1836 470 395
f 395 470 2775
f 395 754 1836
f 2306 754 395
f 2775 2306 395
f 2743 2660 396
f 1560 542 397
f 397 542 2266
f 1435 1216 397
f 397 1216 1560
f 2266 1435 397
f 1808 1444 398
f 398 1444 1983
f 2958 1808 398
f 398 1856 1873
f 1983 1856 398
f 398 1873 2958
f 399 1397 3148
f 399 1482 2767
f 400 2419 2523
f 2744 2419 400
f 400 2523 2952
f 2952 2744 400
f 401 879 1686
f 1986 879 401
f 401 1500 1986
f 1995 1500 401
f 401 1686 3100
f 2144 1995 401
f 3100 2144 401
f 2450 792 402
f 3067 2886 403
f 404 1061 1144
f 2462 1061 404
f 404 1144 1450
f 404 1450 2624
f 2470 2462 404
f 2624 2470 404
f 2662 1509 405
f 405 1509 2943
f 2874 2311 405
f 2943 2874 405
f 939 549 406
f 2655 939 406
f 406 1237 3168
f 406 2075 2655
f 3168 2075 406
f 1874 762 407
f 407 1709 1832
f 407 1832 2643
f 2643 1874 407
f 2227 687 408
f 408 687 3355
f 408 1425 2752
f 3355 1736 408
f 2333 2227 408
f 2752 2333 408
f 409 903 1001
f 2909 903 409
f 409 1001 1941
f 409 1941 3214
f 3214 2909 409
f 410 473 930
f 2024 473 410
f 410 1183 2108
f 410 1531 2024
f 2108 1531 410
f 411 690 1761
f 3217 690 411
f 1488 1263 411
f 411 1263 2513
f 1702 1488 411
f 1761 1702 411
f 411 2513 3217
f 2908 2576 412
f 413 760 869
f 2520 760 413
f 413 869 1197
f 413 1197 1359
f 413 1359 1752
f 413 1752 2520
f 1270 810 414
f 414 810 1573
f 1542 1270 414
f 414 1291 1542
f 414 1573 3065
f 3065 2203 414
f 415 765 1563
f 2776 765 415
f 1563 1113 415
f 415 1113 2473
f 2663 2113 415
f 415 2113 2776
f 415 2473 2663
f 416 1480 1773
f 416 1773 1830
f 871 825 417
f 417 825 3208
f 1264 871 417
f 417 1030 1264
f 1377 1030 417
f 3208 1377 417
f 2875 577 418
f 418 577 3221
f 418 1043 2454
f 3221 1043 418
f 418 2454 2875
f 658 476 419
f 419 476 2866
f 2620 658 419
f 419 1672 2460
f 2866 1672 419
f 419 2460 2620
f 2869 1707 420
f 420 1707 3102
f 420 2273 3062
f 3102 2273 420
f 3062 2869 420
f 421 495 1379
f 2789 495 421
f 421 684 2789
f 3112 684 421
f 421 1379 2308
f 2308 1480 421
f 421 1480 3112
f 422 563 812
f 422 812 1024
f 422 1024 2262
f 2351 1969 422
f 422 2262 2351
f 3085 1040 423
f 423 1040 3263
f 423 1051 1188
f 2504 1051 423
f 423 1188 1590
f 423 1590 3085
f 3263 2504 423
f 1225 975 424
f 424 975 1235
f 424 1006 1225
f 3131 1006 424
f 424 1235 3131
f 1490 426 425
f 425 426 1684
f 425 965 1564
f 2842 965 425
f 425 1441 1490
f 1907 1441 425
f 425 1564 1907
f 425 1684 2842
f 426 1052 1684
f 426 1490 1609
f 427 1111 2257
f 2534 1111 427
f 427 1613 2534
f 3220 1613 427
f 427 2257 3279
f 3279 3220 427
f 2772 1274 428
f 428 1274 3028
f 428 2003 2554
f 3028 2003 428
f 3031 2772 428
f 429 1666 2475
f 3026 1666 429
f 429 2100 3026
f 429 2475 2667
f 430 1033 1099
f 2617 1033 430
f 430 1099 2060
f 1494 1165 430
f 430 1165 2617
f 2060 1494 430
f 2096 2087 431
f 431 2087 2902
f 431 2902 3290
f 2106 662 432
f 432 662 2342
f 1677 1003 432
f 432 1003 3317
f 432 1138 1677
f 3276 1138 432
f 3317 2106 432
f 432 2342 3276
f 433 924 1020
f 2826 924 433
f 433 1020 2825
f 1298 558 434
f 1402 1298 434
f 1471 1402 434
f 2500 1471 434
f 435 470 623
f 1068 470 435
f 435 623 2221
f 435 1634 1775
f 2221 1634 435
f 970 913 436
f 436 913 1238
f 2120 970 436
f 436 1238 2746
f 436 1262 1886
f 2746 1262 436
f 436 1886 1912
f 436 1912 2120
f 437 1100 1958
f 437 1745 2630
f 3011 1745 437
f 437 1958 3011
f 1170 453 438
f 2808 1170 438
f 439 1253 1625
f 3021 1253 439
f 439 1625 3081
f 3022 3021 439
f 3081 3022 439
f 440 603 1671
f 440 1671 2815
f 2815 1910 440
f 441 959 1041
f 2971 959 441
f 441 1041 1117
f 441 1117 1165
f 441 1165 1494
f 441 1494 2971
f 1278 837 442
f 442 837 1888
f 442 1888 2159
f 442 2159 2876
f 443 950 2208
f 2954 950 443
f 2676 2198 443
f 443 2198 2954
f 443 2208 2676
f 444 790 969
f 1909 790 444
f 444 805 962
f 444 962 1919
f 1919 1909 444
f 445 652 705
f 445 705 2679
f 1463 1358 445
f 3349 1463 445
f 445 2679 3349
f 1358 1012 446
f 446 1012 2069
f 2891 1358 446
f 446 2069 3066
f 446 2770 2891
f 3359 2770 446
f 446 3066 3359
f 447 844 988
f 2955 844 447
f 988 983 447
f 447 983 2491
f 2491 2379 447
f 447 2379 2955
f 448 1022 1160
f 2078 1022 448
f 448 1160 2737
f 448 1683 2999
f 2999 2078 448
f 943 884 449
f 449 884 2910
f 2639 943 449
f 2517 2181 449
f 449 2181 3170
f 449 2429 2639
f 3170 2429 449
f 2910 2517 449
f 2537 1944 450
f 3283 2537 450
f 1053 715 451
f 451 715 1469
f 1481 1053 451
f 451 1469 3311
f 2996 1481 451
f 3311 2996 451
f 2590 467 452
f 452 467 2988
f 2988 2280 452
f 452 2280 3252
f 3252 2590 452
f 453 675 1224
f 3291 675 453
f 453 1170 2534
f 453 1224 1646
f 1646 1384 453
f 2534 1613 453
f 453 1613 3291
f 3150 496 454
f 454 1736 2905
f 2731 2135 454
f 454 2135 3150
f 2905 2731 454
f 1437 816 455
f 455 816 2296
f 1729 1437 455
f 456 1060 1905
f 2254 1060 456
f 456 1701 2291
f 2291 2254 456
f 457 1393 1463
f 2510 1393 457
f 457 1459 1993
f 3025 1459 457
f 457 1463 3349
f 457 1993 2510
f 3349 3025 457
f 773 564 458
f 458 564 2658
f 2562 773 458
f 2658 2550 458
f 1518 1330 459
f 459 1330 1849
f 459 1411 2604
f 2604 1518 459
f 2561 1589 460
f 460 1589 2966
f 460 2398 2561
f 2573 2398 460
f 2966 2573 460
f 1189 714 461
f 461 714 3361
f 2395 1189 461
f 461 2183 3107
f 3361 2183 461
f 3107 2395 461
f 2371 1551 462
f 462 1551 2533
f 2509 1190 463
f 463 1708 2699
f 464 1532 3132
f 878 872 465
f 465 872 2214
f 1452 878 465
f 2214 1452 465
f 466 509 627
f 1650 509 466
f 466 627 695
f 2590 1852 467
f 468 870 993
f 1690 870 468
f 1781 925 468
f 468 925 2256
f 468 993 1781
f 2256 1690 468
f 469 1603 2588
f 1836 623 470
f 470 1068 3077
f 2790 2775 470
f 3077 2790 470
f 904 601 471
f 471 601 2652
f 1032 904 471
f 2067 1032 471
f 2652 2067 471
f 472 477 2361
f 1817 972 472
f 2343 1817 472
f 3366 2343 472
f 472 2361 2993
f 472 2993 3366
f 473 553 845
f 2011 553 473
f 473 845 2908
f 2859 930 473
f 2024 2011 473
f 2908 2859 473
f 1660 793 474
f 474 793 1807
f 3270 1660 474
f 474 1807 3270
f 891 501 475
f 475 501 1585
f 475 835 891
f 2810 835 475
f 476 891 3197
f 3197 2866 476
f 477 798 938
f 477 938 2361
f 820 619 478
f 478 619 2814
f 3351 820 478
f 2814 967 478
f 478 967 3351
f 479 667 2161
f 3264 667 479
f 2778 998 479
f 479 2161 2778
f 479 2216 3264
f 480 751 1791
f 1863 751 480
f 1791 1628 480
f 480 1628 3043
f 480 1740 2407
f 3043 1740 480
f 2407 1863 480
f 2144 1405 481
f 481 2029 2144
f 1603 491 482
f 482 491 2603
f 482 624 699
f 902 624 482
f 482 699 1603
f 3120 902 482
f 482 2603 3120
f 2214 872 483
f 483 872 3223
f 3223 1195 483
f 483 1195 3325
f 3325 2214 483
f 1824 819 484
f 484 819 2589
f 484 876 899
f 2570 876 484
f 484 899 1824
f 2589 2570 484
f 3218 548 485
f 2830 1699 485
f 485 1699 3230
f 485 1741 2830
f 3230 3218 485
f 486 835 2810
f 486 953 2541
f 3281 953 486
f 486 2810 3281
f 487 933 2929
f 2929 2812 487
f 1641 918 488
f 488 918 2072
f 3165 1641 488
f 1997 1713 488
f 2072 1997 488
f 1472 620 489
f 489 620 2123
f 2369 628 489
f 489 628 3211
f 3211 1472 489
f 489 2123 2369
f 1006 680 490
f 490 708 912
f 490 912 1006
f 1603 679 491
f 2876 2603 491
f 492 1213 1503
f 2419 1213 492
f 492 1503 2014
f 492 2014 2129
f 492 2129 3020
f 3020 2419 492
f 493 594 2803
f 3158 594 493
f 1961 1268 493
f 493 1268 3158
f 493 1272 1961
f 3159 1272 493
f 493 2803 3159
f 1044 980 494
f 494 980 2204
f 2204 1007 494
f 495 817 894
f 495 894 1379
f 496 1230 1649
f 3150 1230 496
f 497 838 978
f 1896 838 497
f 497 978 3314
f 497 1251 1896
f 3314 1251 497
f 498 1141 1869
f 2302 1141 498
f 498 1869 2037
f 1836 754 499
f 499 1244 1836
f 2300 1244 499
f 2701 2300 499
f 500 707 915
f 1946 707 500
f 500 915 2583
f 500 1556 2563
f 2563 1946 500
f 501 569 1416
f 501 1416 1585
f 1921 676 502
f 502 676 2937
f 2937 961 502
f 3319 1921 502
f 503 589 2348
f 2765 589 503
f 2597 994 503
f 503 994 2998
f 503 2348 2597
f 2998 2765 503
f 504 932 1128
f 2661 932 504
f 504 1128 3050
f 2648 1750 504
f 504 1750 2661
f 3050 2648 504
f 2218 1581 505
f 2872 2218 505
f 506 731 1617
f 2240 731 506
f 506 1145 2240
f 2337 1145 506
f 506 1617 2640
f 2640 2337 506
f 941 574 507
f 507 574 2948
f 1615 941 507
f 2152 1615 507
f 2948 2152 507
f 508 1498 3231
f 3345 3221 508
f 508 3231 3345
f 2782 627 509
f 509 1650 2914
f 509 2706 2782
f 2914 2706 509
f 2491 1271 510
f 510 1271 2910
f 510 2309 2491
f 510 2910 3369
f 2300 660 511
f 511 660 2634
f 511 1508 2300
f 512 1364 1883
f 2217 1364 512
f 512 1883 2757
f 3237 2217 512
f 512 2757 3245
f 3245 3237 512
f 1755 764 513
f 513 764 2871
f 513 849 2452
f 3340 849 513
f 2452 1755 513
f 1643 1191 514
f 514 1191 1927
f 514 1385 2321
f 2822 1385 514
f 2321 1643 514
f 1927 1661 514
f 514 1661 2822
f 1749 847 515
f 515 847 2140
f 515 1336 2446
f 2959 1336 515
f 2446 1749 515
f 515 2140 2888
f 515 2888 2959
f 850 532 516
f 516 532 1294
f 516 1294 1884
f 1542 1050 517
f 517 1360 1542
f 3322 1360 517
f 518 1208 1489
f 2480 1217 518
f 518 1217 3365
f 518 1489 2480
f 2736 702 519
f 519 702 2836
f 519 2223 2736
f 2836 2223 519
f 520 1552 2339
f 3306 1552 520
f 2339 1855 520
f 2591 726 521
f 521 726 3124
f 521 1567 2158
f 3124 1567 521
f 521 2158 2591
f 522 571 3062
f 522 743 1611
f 3062 743 522
f 2608 800 523
f 523 1199 1431
f 1828 1199 523
f 523 1431 1922
f 523 1922 2608
f 2089 1265 524
f 524 1265 3192
f 2961 1837 524
f 1208 819 526
f 526 819 1824
f 1489 1208 526
f 1824 1447 526
f 526 1447 2970
f 2970 1489 526
f 527 644 2496
f 3219 644 527
f 2438 1870 527
f 527 1870 3219
f 2496 2438 527
f 528 1467 2245
f 3129 1467 528
f 2243 1978 528
f 528 1978 3129
f 2245 2141 528
f 528 2141 2290
f 2774 2243 528
f 528 2290 2774
f 529 644 992
f 1674 644 529
f 1147 919 529
f 529 919 1674
f 529 940 1147
f 2704 940 529
f 529 992 2704
f 530 1313 2983
f 3260 1313 530
f 530 2983 3227
f 2392 917 531
f 531 917 2670
f 531 1075 1719
f 2670 1075 531
f 531 1719 2392
f 532 850 3095
f 2195 1294 532
f 3095 2195 532
f 533 1746 3137
f 533 1899 2511
f 533 2511 2572
f 534 765 1410
f 1880 765 534
f 534 1410 2569
f 2633 1880 534
f 534 2569 2813
f 2813 2633 534
f 1963 582 535
f 535 582 2600
f 535 1879 2114
f 3333 1879 535
f 2114 1963 535
f 536 1596 2447
f 2866 1596 536
f 536 2447 2479
f 1783 573 537
f 537 573 2535
f 537 974 2233
f 2543 974 537
f 2233 1783 537
f 537 2535 2543
f 2739 2314 538
f 539 1893 1977
f 539 1977 2626
f 540 1204 1249
f 2673 1204 540
f 540 1249 2295
f 540 2295 2673
f 541 795 2843
f 2939 795 541
f 541 1495 2542
f 2843 1495 541
f 2769 1692 541
f 541 1692 2939
f 2542 2143 541
f 541 2143 2769
f 1560 730 542
f 542 730 2826
f 2826 2266 542
f 2650 614 543
f 543 614 2755
f 2755 1934 543
f 2850 2650 543
f 2772 655 544
f 544 655 2799
f 544 1574 1645
f 2799 1574 544
f 544 1645 2772
f 545 685 928
f 1477 685 545
f 545 928 2979
f 545 1136 2818
f 2979 1136 545
f 2818 1477 545
f 1107 1008 546
f 546 1008 1908
f 2155 1107 546
f 2021 1344 546
f 546 1344 2155
f 1908 1413 546
f 546 1413 2098
f 2098 2021 546
f 2008 960 547
f 547 1244 2008
f 1676 560 548
f 3218 1676 548
f 549 939 2292
f 549 2292 2985
f 2563 1556 550
f 1593 595 551
f 551 595 3332
f 1423 612 551
f 551 612 2422
f 3332 1423 551
f 2336 1593 551
f 2422 2336 551
f 1924 1703 552
f 552 1703 2702
f 2702 1926 552
f 553 643 845
f 1890 643 553
f 553 921 1890
f 3249 921 553
f 553 2011 2264
f 553 2264 3249
f 554 991 1365
f 1411 991 554
f 554 1365 3163
f 1954 1411 554
f 2516 1954 554
f 3163 2516 554
f 2061 1152 555
f 1505 1432 555
f 555 1432 3195
f 555 1468 1505
f 3195 2061 555
f 1059 723 556
f 556 723 1550
f 2456 1059 556
f 556 1550 1908
f 556 1908 2373
f 556 2373 2456
f 557 672 2062
f 2443 672 557
f 557 875 937
f 2062 875 557
f 557 937 1759
f 557 1759 2443
f 3313 892 558
f 558 1298 2981
f 558 2981 3313
f 925 813 559
f 559 813 999
f 2234 925 559
f 559 999 2324
f 559 1892 2234
f 2676 1892 559
f 559 2324 2676
f 560 1250 1841
f 1930 1250 560
f 560 1676 1930
f 1716 1140 561
f 561 1140 2924
f 2924 2675 561
f 2921 1360 562
f 562 1360 3322
f 562 1361 2921
f 3004 1361 562
f 562 2995 3004
f 3322 2995 562
f 948 812 563
f 1903 948 563
f 2927 1903 563
f 564 773 1414
f 564 1414 2936
f 2936 2658 564
f 565 904 1032
f 1700 904 565
f 1032 922 565
f 565 1331 1700
f 566 673 3101
f 2759 1779 566
f 566 2457 2566
f 3101 2457 566
f 566 2566 2759
f 567 1215 2629
f 3300 1215 567
f 567 1391 2205
f 2640 1391 567
f 567 2205 3300
f 2629 2337 567
f 567 2337 2640
f 568 701 956
f 2199 701 568
f 568 956 1725
f 1064 1035 568
f 568 1035 2199
f 1501 665 569
f 2480 815 570
f 570 815 3068
f 3294 2480 570
f 570 3068 3125
f 570 3125 3363
f 3363 3294 570
f 571 2370 3062
f 3064 2370 571
f 2814 978 572
f 572 2634 3256
f 3256 2814 572
f 1783 1166 573
f 573 1166 2535
f 2653 580 574
f 574 580 2948
f 574 941 2653
f 575 1070 1652
f 1652 1419 575
f 575 1419 3268
f 575 2467 2916
f 3268 2467 575
f 2875 1622 577
f 578 1939 2313
f 2600 1939 578
f 579 887 2418
f 2801 887 579
f 579 2023 2722
f 2914 2023 579
f 579 2418 2706
f 579 2706 2914
f 579 2722 2855
f 2855 2801 579
f 1961 1272 580
f 580 1272 3159
f 1969 1961 580
f 2653 1969 580
f 3159 2948 580
f 970 655 581
f 581 655 3031
f 1277 970 581
f 1889 1277 581
f 3031 1889 581
f 1963 1597 582
f 582 1597 2507
f 2507 2213 582
f 582 2213 3010
f 3010 2600 582
f 583 1359 2275
f 3356 1359 583
f 2384 1905 583
f 583 1905 2847
f 583 2275 2384
f 583 2847 3356
f 584 620 1472
f 2627 620 584
f 584 1472 2627
f 1024 909 585
f 585 909 1749
f 1293 1024 585
f 3344 1293 585
f 585 1749 2446
f 585 2446 3344
f 586 1248 1944
f 3170 1248 586
f 586 1944 2355
f 586 2355 2429
f 586 2429 3170
f 1082 652 587
f 587 652 1757
f 1938 1082 587
f 587 1757 2616
f 587 2616 3128
f 588 1050 1542
f 1291 1104 588
f 588 1104 2147
f 1542 1291 588
f 2765 591 589
f 590 2298 3153
f 3153 2380 590
f 2765 1767 591
f 699 624 592
f 2136 699 592
f 2406 2136 592
f 1497 683 593
f 593 683 2879
f 1388 720 593
f 593 720 2660
f 2660 1497 593
f 594 1630 2393
f 3158 1630 594
f 3051 2803 594
f 1593 1277 595
f 595 1277 1889
f 1889 1796 595
f 595 1796 3332
f 1036 618 596
f 596 618 1240
f 3350 1036 596
f 596 1240 2781
f 2781 2571 596
f 596 2571 3350
f 1671 1179 597
f 597 1179 1729
f 2815 1671 597
f 597 1729 1758
f 597 1758 2565
f 597 2565 2815
f 598 783 2205
f 2926 783 598
f 2205 1391 598
f 598 1391 2592
f 2592 1594 598
f 598 1594 2926
f 599 961 1580
f 1726 1524 599
f 599 1524 2861
f 599 1580 3328
f 599 1654 1726
f 3328 1654 599
f 600 999 1565
f 2324 999 600
f 1565 1409 600
f 600 2198 2324
f 601 904 1427
f 601 1427 2057
f 2647 1087 602
f 602 1087 2659
f 602 1408 1651
f 2659 1408 602
f 602 1651 2578
f 602 2578 2647
f 603 682 1671
f 2544 682 603
f 2528 1541 603
f 603 1541 2544
f 2915 805 604
f 604 805 3288
f 3119 2915 604
f 3320 3119 604
f 604 3288 3320
f 2740 1316 605
f 605 1316 3203
f 605 2370 3064
f 3203 2370 605
f 3064 2476 605
f 3210 1297 606
f 2151 1559 606
f 606 1559 2659
f 606 2659 3210
f 607 933 1256
f 2651 933 607
f 607 1256 2090
f 607 2090 2651
f 608 770 2938
f 3141 770 608
f 1694 1307 608
f 608 1307 3141
f 2112 1694 608
f 2566 2112 608
f 2938 2566 608
f 609 953 2073
f 2541 953 609
f 609 1604 2541
f 3310 1604 609
f 609 2073 3310
f 610 852 1235
f 2392 852 610
f 1235 975 610
f 610 975 1681
f 610 1681 2392
f 3140 952 611
f 611 1906 3140
f 3233 1906 611
f 1423 1185 612
f 612 1185 3261
f 612 1586 2422
f 3261 1586 612
f 613 1295 1454
f 613 1454 3353
f 2622 2239 613
f 3353 2622 613
f 2433 763 614
f 614 763 2755
f 1717 1325 614
f 614 1325 2340
f 2650 1717 614
f 614 2340 2433
f 3167 1133 615
f 615 1133 3352
f 615 2525 3167
f 3377 2525 615
f 616 788 1418
f 616 1418 3247
f 3192 1265 617
f 617 1265 3306
f 617 2099 2723
f 617 2723 3192
f 635 625 618
f 1242 635 618
f 618 1036 1242
f 619 820 3314
f 619 978 2814
f 3314 978 619
f 1394 782 620
f 620 782 2123
f 2627 1394 620
f 3330 788 621
f 3120 2603 621
f 621 2603 3330
f 621 2637 3120
f 622 711 864
f 1814 711 622
f 622 864 2484
f 3105 1814 622
f 622 2484 3105
f 623 1836 2221
f 624 902 2890
f 625 635 3307
f 625 1283 2109
f 626 1518 2604
f 626 1744 1881
f 2604 1744 626
f 2782 2178 627
f 627 2178 3275
f 628 2097 3211
f 2369 2135 628
f 628 2135 2731
f 1093 1067 629
f 629 1067 1569
f 1144 1093 629
f 1450 1144 629
f 1569 1450 629
f 1256 925 630
f 630 925 1781
f 1781 993 630
f 630 993 2646
f 2090 1256 630
f 630 1513 2090
f 2646 1513 630
f 631 831 1331
f 1571 831 631
f 631 1091 1571
f 2468 1091 631
f 1242 1036 632
f 632 1036 2894
f 2031 1242 632
f 2918 2031 632
f 632 2894 2918
f 2297 1346 633
f 633 1838 2449
f 1568 796 634
f 634 796 1653
f 2829 1568 634
f 634 1653 2829
f 635 1242 1403
f 635 1403 1973
f 635 1973 3307
f 1982 1266 636
f 2545 1982 636
f 637 886 1324
f 2279 886 637
f 637 1016 1264
f 1324 1016 637
f 1264 1030 637
f 637 1030 1771
f 1771 1637 637
f 637 1637 2279
f 2228 1113 638
f 638 1113 2900
f 3248 2228 638
f 638 2900 3154
f 638 3154 3248
f 639 1506 1981
f 3346 1506 639
f 2616 1757 639
f 639 1757 3346
f 639 1981 2616
f 1848 1464 640
f 640 1464 2294
f 2211 1848 640
f 2956 2211 640
f 640 2294 3046
f 3046 2956 640
f 1144 1061 641
f 641 1061 1926
f 3262 1144 641
f 2702 1530 641
f 641 1530 3262
f 641 1926 2702
f 642 1832 2059
f 2990 2017 642
f 642 2059 2990
f 2908 845 643
f 1927 1191 643
f 643 1191 2341
f 643 1890 1927
f 643 2341 2908
f 3219 992 644
f 644 1674 3052
f 644 2372 2496
f 3052 2372 644
f 2745 1515 645
f 645 1515 2835
f 645 2002 2056
f 2835 2002 645
f 645 2056 2745
f 646 1279 1925
f 646 1925 2884
f 3187 2100 646
f 646 2884 3187
f 648 1304 1804
f 2397 1304 648
f 2668 1539 648
f 648 1725 2474
f 648 1804 2668
f 2474 2397 648
f 2489 936 649
f 649 936 2654
f 649 2148 2489
f 2654 2148 649
f 1876 917 650
f 650 917 2694
f 2315 1876 650
f 2733 2315 650
f 650 2484 2733
f 3105 2484 650
f 650 2694 3105
f 651 1802 3058
f 3173 2423 651
f 651 3058 3071
f 651 3071 3173
f 1821 705 652
f 652 1082 1821
f 3000 1757 652
f 653 709 1162
f 2276 709 653
f 653 1162 2420
f 2420 2276 653
f 2740 749 654
f 654 749 2791
f 654 1028 3177
f 3193 1028 654
f 3177 2740 654
f 654 2791 3193
f 655 970 2120
f 655 2120 2799
f 655 2772 3031
f 2418 887 656
f 656 1151 2708
f 2444 2418 656
f 1937 1834 657
f 657 2285 2391
f 2959 2285 657
f 2870 1501 658
f 658 2620 2870
f 1045 692 659
f 659 692 1784
f 1631 1045 659
f 1485 1478 659
f 659 1478 1631
f 660 2300 2701
f 2683 2634 660
f 2701 2683 660
f 661 791 1351
f 661 1290 2020
f 2940 1290 661
f 661 1351 2833
f 661 2833 2940
f 662 1904 2342
f 663 784 1021
f 3284 784 663
f 663 1021 2769
f 2769 2143 663
f 663 2143 3284
f 1850 826 664
f 664 826 3042
f 3255 1850 664
f 2463 1858 664
f 664 1858 3255
f 3042 2463 664
f 1501 984 665
f 2873 1257 666
f 2881 2873 666
f 2889 2881 666
f 3264 1181 667
f 668 2049 2400
f 3113 2156 668
f 668 2400 3113
f 2632 1537 669
f 669 2932 3018
f 670 1485 3132
f 670 1532 2325
f 3132 1532 670
f 2325 1940 670
f 796 786 671
f 671 786 2620
f 1429 796 671
f 1897 1429 671
f 671 1616 1897
f 2749 1616 671
f 671 2620 2749
f 672 808 2033
f 3352 808 672
f 672 2033 2062
f 672 2443 3352
f 1233 748 673
f 673 748 2326
f 673 2326 3101
f 674 769 2190
f 674 1774 1975
f 2190 1774 674
f 676 1921 3365
f 676 2209 3017
f 3365 2209 676
f 3017 2937 676
f 2516 1635 677
f 677 1635 2853
f 2604 2516 677
f 2853 2604 677
f 2052 1337 678
f 2168 2052 678
f 2249 2168 678
f 680 1006 3131
f 680 3131 3180
f 680 3180 3328
f 681 1047 2153
f 2411 1047 681
f 681 1114 2411
f 2606 1114 681
f 681 2153 3257
f 681 2378 2606
f 3257 2378 681
f 682 1179 1671
f 683 1497 2704
f 2704 2490 683
f 683 2490 2879
f 2312 1108 684
f 684 2220 2312
f 2396 928 685
f 685 1477 2797
f 2797 2396 685
f 686 1206 2718
f 3168 1206 686
f 686 2718 2763
f 686 2763 3168
f 2227 688 687
f 687 3023 3355
f 2296 816 688
f 688 1142 2296
f 2848 1142 688
f 2227 1404 688
f 689 700 1201
f 1644 700 689
f 1201 811 689
f 689 811 2506
f 3094 1644 689
f 689 2506 2878
f 689 2878 3094
f 3217 768 690
f 690 768 3339
f 690 926 1761
f 3339 926 690
f 2705 1055 691
f 2916 2705 691
f 692 1045 2507
f 2507 1784 692
f 2142 1226 693
f 1756 778 694
f 694 778 2556
f 1883 1756 694
f 2556 1883 694
f 1919 962 696
f 696 962 2801
f 2414 1919 696
f 3059 2414 696
f 696 2801 3059
f 2905 1723 697
f 697 1723 2989
f 2989 1850 697
f 697 2731 2905
f 2615 2138 698
f 698 2138 3017
f 3169 2615 698
f 698 2738 3169
f 1656 1603 699
f 2136 1656 699
f 1207 1201 700
f 2428 1207 700
f 700 1644 3184
f 2698 2428 700
f 3184 2698 700
f 2897 956 701
f 701 2199 2897
f 1511 1267 702
f 702 1267 2280
f 2883 1511 702
f 702 2280 2988
f 2736 2688 702
f 702 2688 2883
f 2168 1071 703
f 1571 1091 703
f 703 1091 2103
f 703 2103 2168
f 3166 1043 704
f 704 1043 3345
f 2197 1906 704
f 704 1906 2923
f 3345 2197 704
f 704 2923 3166
f 705 1821 2448
f 705 2448 3025
f 3025 2679 705
f 1220 806 706
f 706 806 2267
f 3163 1220 706
f 2267 1221 706
f 706 1221 2621
f 2390 2160 706
f 706 2160 3163
f 2621 2390 706
f 2354 915 707
f 707 1946 2610
f 2968 2354 707
f 707 2610 2968
f 2091 1544 708
f 708 1544 3224
f 2865 1162 709
f 2276 1513 709
f 709 1513 2538
f 709 2538 2865
f 710 1089 2851
f 710 2851 3179
f 2032 864 711
f 711 1814 2041
f 3378 2032 711
f 711 2041 3378
f 1670 1022 712
f 712 1022 3247
f 712 1120 1670
f 2809 1120 712
f 712 1355 2464
f 3247 1355 712
f 712 2464 2809
f 1735 1232 713
f 713 1232 2713
f 2101 1735 713
f 2641 2593 713
f 2713 2641 713
f 714 1189 1339
f 2811 1773 714
f 714 1773 3361
f 715 985 1312
f 2947 985 715
f 715 1053 2947
f 715 1312 1469
f 1099 1090 716
f 716 1090 2055
f 1598 1099 716
f 2448 1598 716
f 716 2055 3025
f 3025 2448 716
f 717 922 1245
f 717 1245 2052
f 717 2052 2518
f 718 1395 1629
f 2864 1395 718
f 718 1474 2864
f 718 1629 1695
f 1196 997 719
f 719 997 3251
f 719 1103 1196
f 1458 1103 719
f 3138 1458 719
f 3251 3138 719
f 3160 3084 720
f 721 732 1826
f 2469 732 721
f 1826 1348 721
f 721 1348 1882
f 2260 1751 721
f 721 1751 2469
f 721 1882 2260
f 722 1507 1957
f 3245 1507 722
f 1957 1803 722
f 722 1803 2265
f 722 2265 3237
f 722 3237 3245
f 723 1059 1929
f 2098 1550 723
f 1929 1577 723
f 723 1577 2700
f 2700 2098 723
f 3119 2761 724
f 724 2761 3343
f 725 1169 1965
f 2006 1169 725
f 1965 1332 725
f 725 1332 2339
f 725 1552 2089
f 2339 1552 725
f 2089 2006 725
f 726 1122 1146
f 2591 1122 726
f 726 1146 1231
f 726 1231 3305
f 3305 3124 726
f 727 1209 2371
f 2907 1209 727
f 727 1728 2268
f 2371 1728 727
f 727 2268 2907
f 728 1215 3082
f 728 1621 2088
f 3082 1621 728
f 2046 2022 729
f 2116 2046 729
f 730 1560 1885
f 3104 2826 730
f 3020 1617 731
f 731 2240 2459
f 731 2459 2523
f 731 2523 3020
f 732 929 2374
f 2469 1683 732
f 2440 1826 732
f 1610 1527 733
f 3193 1610 733
f 733 2559 3193
f 1998 1027 734
f 734 1027 2220
f 735 934 1739
f 2877 934 735
f 2793 2461 735
f 735 2461 2877
f 736 1154 1948
f 2118 1154 736
f 2862 2118 736
f 736 2593 2862
f 3216 2593 736
f 737 1023 1084
f 1578 1023 737
f 737 1084 1713
f 737 1399 1426
f 737 1426 1578
f 1106 799 738
f 738 799 2768
f 738 1072 1102
f 2768 1072 738
f 738 1102 3357
f 3357 1106 738
f 2385 1239 739
f 739 1239 2506
f 739 1284 2107
f 2506 1284 739
f 739 2107 2753
f 740 971 1275
f 2462 971 740
f 1926 1061 740
f 740 1061 2462
f 740 1275 3254
f 740 1846 1926
f 3254 1846 740
f 741 1446 1972
f 2699 1446 741
f 1753 1571 741
f 1872 1753 741
f 1972 1872 741
f 2145 944 742
f 742 944 2892
f 742 1570 3115
f 3115 2145 742
f 742 2892 3350
f 743 1197 1611
f 2273 2017 743
f 743 2017 2951
f 3062 2273 743
f 2993 833 744
f 744 833 3234
f 744 1754 2867
f 3234 1754 744
f 744 2867 3366
f 3366 2993 744
f 745 896 2430
f 2925 896 745
f 2430 1149 745
f 745 1149 3092
f 745 1167 2925
f 3092 1167 745
f 746 1300 2045
f 2171 1300 746
f 746 2045 2607
f 2729 2171 746
f 3241 2729 746
f 747 1164 1173
f 747 1173 2472
f 2472 2039 747
f 748 1233 3202
f 748 2040 2326
f 2978 2040 748
f 3202 2978 748
f 1140 963 750
f 750 963 3323
f 2924 1140 750
f 750 2885 2924
f 3323 2885 750
f 1085 770 751
f 751 770 1791
f 1863 1085 751
f 752 1527 1610
f 2063 1527 752
f 3164 2662 752
f 753 1017 1742
f 2455 1017 753
f 753 1254 1566
f 1742 1254 753
f 1566 1438 753
f 753 1438 2455
f 2425 2180 755
f 755 2180 2609
f 2682 2425 755
f 2762 2682 755
f 1493 1021 756
f 2684 1535 756
f 757 812 948
f 1024 812 757
f 757 847 909
f 1789 847 757
f 757 909 1024
f 757 948 1311
f 757 1311 1789
f 1755 861 758
f 758 861 2878
f 2475 1666 758
f 758 1666 3324
f 3324 1755 758
f 758 1931 2475
f 2878 1931 758
f 759 1197 1203
f 1359 1197 759
f 759 1203 2319
f 1994 1359 759
f 2319 1994 759
f 1611 869 760
f 760 2520 3357
f 2581 1385 761
f 761 1385 2822
f 1661 1526 761
f 761 1526 1933
f 2822 1661 761
f 761 1933 3301
f 3301 2581 761
f 1874 1314 762
f 763 1633 2935
f 3161 1633 763
f 763 2433 3161
f 763 2726 2755
f 2935 2726 763
f 764 1755 3324
f 3324 2871 764
f 2776 1410 765
f 1880 1563 765
f 766 1202 1364
f 2162 1202 766
f 766 1364 2217
f 2362 2162 766
f 766 2217 3286
f 3137 2362 766
f 3286 3137 766
f 767 2169 3036
f 3036 2451 767
f 2774 2290 768
f 768 2290 3339
f 3217 2774 768
f 769 901 2290
f 769 996 2190
f 2551 996 769
f 769 2290 2551
f 770 914 2881
f 3141 914 770
f 770 1085 2938
f 2881 1791 770
f 2080 1131 771
f 771 1131 2230
f 771 1156 1668
f 3239 1156 771
f 771 1668 2187
f 2187 2080 771
f 771 2230 3239
f 772 2160 2399
f 3163 2160 772
f 772 2188 2516
f 2882 2188 772
f 772 2399 2882
f 772 2516 3163
f 2795 1414 773
f 773 2562 2795
f 1056 927 774
f 774 927 1996
f 1996 971 774
f 774 971 2470
f 2624 1056 774
f 774 2470 2624
f 3070 3023 775
f 776 823 1054
f 2833 823 776
f 776 906 2833
f 1775 1634 777
f 777 1634 1968
f 2499 1775 777
f 777 1968 2149
f 777 2149 2845
f 3269 2499 777
f 777 2845 3269
f 1756 837 778
f 778 837 2623
f 2681 2556 778
f 778 2623 2681
f 779 1063 1183
f 1851 1063 779
f 779 1183 2347
f 2347 1851 779
f 2154 2110 780
f 780 2110 2439
f 781 1145 1525
f 2240 1145 781
f 781 1356 2240
f 2644 1356 781
f 781 1525 3190
f 3190 2644 781
f 782 809 2123
f 2322 809 782
f 2241 947 782
f 782 947 2322
f 782 1394 2241
f 783 1499 2205
f 2841 1499 783
f 2926 2804 783
f 783 2804 3282
f 3282 2841 783
f 784 1806 2035
f 3284 1806 784
f 784 2035 2684
f 785 1899 2070
f 3342 1899 785
f 785 2070 2734
f 785 2734 3342
f 786 796 2709
f 2709 2620 786
f 787 1828 2007
f 3014 1828 787
f 787 2095 3014
f 3330 1418 788
f 789 1181 3264
f 789 1354 1386
f 3264 1354 789
f 789 1386 3074
f 3074 2585 789
f 1108 969 790
f 1909 1108 790
f 2192 979 792
f 2450 2192 792
f 793 1660 3230
f 3230 3054 793
f 1531 908 794
f 794 908 2461
f 794 1528 1531
f 2016 1528 794
f 794 1648 1811
f 2461 1648 794
f 794 1811 2016
f 2767 1303 795
f 795 1303 2984
f 2984 2557 795
f 2939 2767 795
f 3077 2843 795
f 796 1429 1653
f 796 1568 2709
f 797 823 1172
f 1373 823 797
f 1172 1083 797
f 797 1083 1373
f 3271 2680 798
f 798 2849 3271
f 799 1106 1299
f 799 1299 2278
f 800 1232 1735
f 2608 1592 800
f 2794 2521 801
f 2805 2671 801
f 801 2671 3354
f 3354 2794 801
f 3127 1608 802
f 3022 2202 802
f 802 2202 3127
f 802 3021 3022
f 1590 839 803
f 803 839 2404
f 803 1491 2383
f 2404 1491 803
f 2383 1590 803
f 804 1488 2839
f 3292 1488 804
f 3133 2085 804
f 804 2085 3292
f 804 2839 3222
f 2915 962 805
f 806 1019 2941
f 2950 1019 806
f 806 1220 2950
f 2941 2267 806
f 807 1815 2732
f 2732 2567 807
f 807 2567 3351
f 808 1133 2601
f 3352 1133 808
f 808 1392 2033
f 2601 1392 808
f 2322 1567 809
f 809 1567 3124
f 2369 2123 809
f 3305 2369 809
f 809 3124 3305
f 810 1343 1573
f 2213 1343 810
f 3010 2213 810
f 811 1201 1284
f 811 1284 2506
f 813 925 1256
f 1565 999 813
f 813 1256 1565
f 814 2146 2421
f 3201 2146 814
f 814 2421 2482
f 814 2482 3201
f 2480 1489 815
f 815 1489 2970
f 815 2970 3068
f 816 1437 2880
f 1650 894 817
f 2914 1650 817
f 2722 2023 817
f 817 2023 2914
f 2727 2145 818
f 818 2145 3115
f 2712 2409 818
f 3115 2712 818
f 819 1208 1949
f 819 1949 2589
f 3351 2567 820
f 2259 1182 821
f 821 1182 2621
f 821 1968 1974
f 821 1974 2259
f 1251 866 822
f 822 866 2394
f 822 888 1251
f 1462 888 822
f 1373 1054 823
f 3005 1172 823
f 2833 1351 823
f 823 1351 3005
f 2251 1062 824
f 824 1062 3108
f 1406 1223 824
f 3108 1406 824
f 825 871 2543
f 2543 2535 825
f 825 2535 3208
f 826 1850 2989
f 2989 2432 826
f 826 2432 3042
f 1947 1273 827
f 827 1273 2229
f 827 1421 2133
f 2229 1421 827
f 827 1877 1947
f 2133 1877 827
f 828 1301 1878
f 2757 1301 828
f 1957 1507 828
f 828 1507 2757
f 1878 1772 828
f 828 1772 1957
f 1198 865 829
f 829 865 2577
f 2067 1198 829
f 829 1627 2200
f 2577 1627 829
f 2200 2067 829
f 3063 2269 830
f 830 2269 3244
f 1700 1331 831
f 831 1571 1753
f 2482 1700 831
f 831 1753 2482
f 2945 1066 832
f 832 1066 3078
f 3078 2797 832
f 833 1930 3234
f 2942 2622 834
f 834 2622 3353
f 3331 3126 834
f 3353 3331 834
f 3197 891 835
f 836 1102 1460
f 3357 1102 836
f 836 1460 2476
f 836 2476 3064
f 837 1278 3312
f 837 1756 1888
f 3312 2623 837
f 1896 1624 838
f 839 1558 1853
f 2093 1558 839
f 839 1590 2093
f 839 1853 2404
f 840 1234 2728
f 2788 1234 840
f 2595 1675 840
f 840 1675 2788
f 2728 1871 840
f 840 1871 3225
f 3225 2595 840
f 841 1057 1234
f 2635 1057 841
f 841 1234 2788
f 842 1150 1801
f 3299 1150 842
f 842 1801 3304
f 842 2817 3299
f 3304 2817 842
f 1950 988 844
f 844 1793 1950
f 2237 1793 844
f 2955 2237 844
f 1778 1301 846
f 846 1301 2556
f 2441 1778 846
f 846 2131 2441
f 2681 2131 846
f 846 2556 2681
f 1749 909 847
f 847 1789 2238
f 2238 2140 847
f 2157 1877 848
f 848 1877 2685
f 848 1989 2602
f 2685 1989 848
f 2602 2157 848
f 849 2002 3327
f 3340 2002 849
f 3327 2452 849
f 850 2641 2912
f 850 2912 3095
f 851 1332 1965
f 2339 1332 851
f 1861 1855 851
f 851 1855 2339
f 2499 1861 851
f 851 1965 2499
f 1867 1235 852
f 2392 1719 852
f 853 1126 1465
f 2761 1126 853
f 853 1465 2014
f 2014 1503 853
f 853 1503 3343
f 3343 2761 853
f 2036 1280 854
f 854 1280 2094
f 2094 1520 854
f 854 1520 2821
f 2718 2036 854
f 3258 2718 854
f 854 2821 3258
f 1226 987 855
f 855 987 2850
f 855 1433 2307
f 2850 1433 855
f 2307 1606 855
f 1275 971 856
f 856 971 1996
f 2026 1275 856
f 856 1486 2026
f 3186 1486 856
f 856 1996 2058
f 856 2058 3341
f 3341 3186 856
f 1253 1178 857
f 857 1178 3172
f 2798 1253 857
f 857 1315 2798
f 3172 1315 857
f 1678 1575 858
f 2812 1678 858
f 858 2157 2602
f 2421 1387 859
f 2478 2421 859
f 860 1698 3080
f 860 1831 2792
f 3080 1831 860
f 861 1755 2452
f 861 2452 3094
f 3094 2878 861
f 862 2644 3190
f 3270 2644 862
f 862 2867 3270
f 3366 2867 862
f 862 3190 3366
f 2375 2165 863
f 863 2165 2586
f 3143 2375 863
f 863 2586 2773
f 863 2773 3143
f 864 1214 2484
f 3183 1214 864
f 864 2032 2047
f 864 2047 3183
f 865 1198 2687
f 3325 2577 865
f 865 2687 3325
f 2732 2394 866
f 866 2567 2732
f 1271 983 867
f 867 983 3009
f 867 989 1271
f 2367 989 867
f 867 1774 2367
f 2501 1774 867
f 3009 2501 867
f 2663 1192 868
f 2602 2113 868
f 868 2113 2663
f 1611 1197 869
f 1264 1081 871
f 871 1081 2543
f 872 878 1759
f 872 1759 2274
f 872 2359 3223
f 1999 994 873
f 873 994 2261
f 873 1089 1910
f 2261 1089 873
f 873 1910 1999
f 874 1356 2644
f 3270 1374 874
f 874 2644 3270
f 2310 937 875
f 875 1073 1665
f 2062 1073 875
f 875 1665 2310
f 2180 899 876
f 876 1802 2609
f 2609 2180 876
f 3372 1011 877
f 3238 2844 877
f 877 2844 3372
f 878 1286 1422
f 1452 1286 878
f 878 1422 2443
f 2443 1759 878
f 2906 1686 879
f 879 1986 3374
f 3374 2854 879
f 1911 1097 880
f 880 1097 2124
f 880 1615 1911
f 3142 1615 880
f 2124 1750 880
f 880 1800 3142
f 881 1620 1747
f 3252 1620 881
f 881 2327 3252
f 1002 916 882
f 882 916 2232
f 2076 1002 882
f 882 2232 2670
f 2340 1325 883
f 883 1325 2439
f 2439 2110 883
f 3289 2340 883
f 884 943 2406
f 1285 1101 884
f 884 1101 3369
f 2406 1285 884
f 3369 2910 884
f 885 890 2169
f 2766 890 885
f 1928 1688 885
f 885 1688 2702
f 2169 1928 885
f 885 2702 2766
f 2230 1324 886
f 2801 2725 887
f 1827 1251 888
f 888 1462 2127
f 889 1673 2301
f 3032 1673 889
f 889 2527 3032
f 890 1134 2169
f 2766 1134 890
f 1680 1309 892
f 892 1309 2500
f 3154 1680 892
f 1572 1236 894
f 894 1236 2130
f 2130 1379 894
f 1650 1572 894
f 1829 1313 895
f 895 1313 2747
f 2303 1829 895
f 2992 2303 895
f 895 2747 2992
f 896 1618 1664
f 2925 1618 896
f 1816 1642 896
f 896 1642 2430
f 896 1664 1816
f 1786 1420 897
f 897 1420 2182
f 2941 1786 897
f 898 2596 2898
f 3280 2596 898
f 898 2898 3013
f 898 3013 3149
f 898 3149 3280
f 1039 990 899
f 899 990 1824
f 2180 1039 899
f 1458 1127 900
f 900 1148 1458
f 900 1675 2995
f 901 1080 3339
f 3339 2290 901
f 2966 2890 902
f 3121 2966 902
f 902 3120 3121
f 2329 1001 903
f 903 1334 2329
f 2561 1334 903
f 2909 2561 903
f 1700 1427 904
f 1833 1249 905
f 905 1249 1934
f 2179 1833 905
f 905 1878 2166
f 905 2166 2179
f 906 1920 2833
f 2911 1357 907
f 907 1357 3253
f 2352 1555 907
f 907 1555 2911
f 3048 2352 907
f 3253 3048 907
f 908 1531 1866
f 908 1866 2877
f 2877 2461 908
f 2388 1408 910
f 910 1408 2659
f 910 1559 1632
f 2659 1559 910
f 910 1632 2947
f 2947 2388 910
f 911 1940 2325
f 911 2096 2215
f 2325 2096 911
f 911 2215 2665
f 1225 1006 912
f 913 970 1780
f 1261 1238 913
f 2336 1261 913
f 913 1780 2336
f 914 2331 2873
f 3141 2331 914
f 914 2873 2881
f 2354 1738 915
f 915 1738 2583
f 916 1002 2923
f 2236 2232 916
f 2530 2236 916
f 3233 2530 916
f 916 2923 3233
f 2392 1601 917
f 917 1601 2694
f 917 1876 2670
f 918 1641 1709
f 919 1330 2242
f 2242 1674 919
f 1511 1105 920
f 920 1105 3209
f 1864 1511 920
f 2039 1864 920
f 920 2030 2039
f 2547 2030 920
f 3209 2547 920
f 3061 1890 921
f 921 2334 3061
f 3144 2334 921
f 3249 3144 921
f 922 1032 2832
f 2832 1245 922
f 1875 1322 923
f 923 1322 3016
f 1726 1654 923
f 923 1654 1875
f 3104 1845 924
f 924 2826 3104
f 925 2234 2256
f 3339 1080 926
f 926 1080 3360
f 926 1702 1761
f 3123 1702 926
f 3360 3123 926
f 927 1056 3045
f 927 1209 1246
f 3045 1209 927
f 927 1246 1996
f 2396 1964 928
f 928 1964 2979
f 929 1602 2374
f 1205 1009 931
f 931 1009 2546
f 931 1203 1205
f 2319 1203 931
f 2546 2319 931
f 2756 1128 932
f 3351 2756 932
f 1565 1256 933
f 2413 1565 933
f 933 1765 2413
f 933 2651 2929
f 2856 1739 934
f 934 2492 2856
f 3098 2492 934
f 934 2877 3098
f 2703 2323 935
f 2972 2703 935
f 1798 966 936
f 936 966 2654
f 936 1141 1798
f 2489 1770 936
f 936 1770 3378
f 2274 1759 937
f 938 2111 2361
f 2655 2292 939
f 2580 2359 940
f 2704 2580 940
f 941 1615 1710
f 941 1710 2830
f 2927 2653 941
f 941 2830 2927
f 942 1395 1502
f 1629 1395 942
f 942 1502 2792
f 2042 1629 942
f 942 1831 2042
f 2792 1831 942
f 943 2136 2406
f 2639 2136 943
f 2145 1176 944
f 944 1176 2894
f 2894 2892 944
f 3273 1407 945
f 3037 1582 945
f 945 1582 3370
f 1732 1636 945
f 945 1636 3273
f 3370 1732 945
f 946 1777 2357
f 2977 1777 946
f 2357 2171 946
f 946 2171 2729
f 946 2729 2977
f 1677 1095 947
f 947 1095 2322
f 1790 1677 947
f 1903 1311 948
f 1891 1685 949
f 949 1685 3098
f 2631 1891 949
f 3098 2631 949
f 950 1853 2208
f 2404 1853 950
f 2540 2404 950
f 2954 2540 950
f 951 1530 1688
f 3262 1530 951
f 951 1688 3001
f 2619 2286 951
f 3001 2619 951
f 952 1415 2423
f 3140 1415 952
f 952 2423 3173
f 3281 2073 953
f 954 1971 2366
f 3056 1971 954
f 954 2366 2824
f 954 2824 3056
f 3111 1347 955
f 955 1347 3134
f 2976 1376 955
f 955 1376 3309
f 955 1898 3111
f 3309 1898 955
f 3134 2976 955
f 956 1344 1725
f 2155 1344 956
f 2897 2385 956
f 2748 1293 957
f 957 1293 3344
f 3344 1913 957
f 957 2548 2748
f 958 2680 2698
f 958 2698 3184
f 2937 2050 961
f 962 2725 2801
f 2915 2725 962
f 963 1140 2194
f 963 1693 3323
f 1949 1921 964
f 964 1921 3319
f 2079 1949 964
f 2934 2079 964
f 3319 2934 964
f 2081 1564 965
f 966 1312 1321
f 1469 1312 966
f 1798 1469 966
f 1326 1029 967
f 967 1029 3351
f 2814 1326 967
f 3006 1227 968
f 1585 1416 968
f 968 1416 2997
f 968 2997 3006
f 3044 1034 969
f 969 1034 3049
f 969 1108 3044
f 970 1277 1780
f 971 2462 2470
f 972 1817 2453
f 972 2453 2849
f 2925 1167 973
f 2543 2095 974
f 975 1175 1681
f 2365 1175 975
f 975 1225 2365
f 976 1486 2427
f 2863 1486 976
f 976 2408 2863
f 3091 2408 976
f 976 2427 3081
f 976 3081 3228
f 3228 3091 976
f 1786 1456 977
f 977 1456 3048
f 3253 1786 977
f 977 3048 3253
f 1962 1499 979
f 979 1499 2841
f 3082 1962 979
f 979 2192 3082
f 980 1044 3014
f 980 1081 2013
f 3014 1081 980
f 980 2013 2204
f 981 1409 1455
f 981 1455 1765
f 981 1765 2663
f 2473 2424 981
f 2663 2473 981
f 2102 1148 982
f 982 1148 2574
f 2323 1258 982
f 982 1258 2552
f 982 2071 2323
f 2552 2102 982
f 983 988 1380
f 983 1271 2491
f 983 1380 3009
f 984 1501 2870
f 2293 1941 984
f 2709 2293 984
f 2870 2709 984
f 3379 1312 985
f 2947 1632 985
f 985 1632 3379
f 986 1381 1964
f 3337 1381 986
f 986 1640 3337
f 986 1964 2511
f 987 1226 2142
f 2439 1717 987
f 987 1717 2850
f 987 2142 2439
f 1950 1380 988
f 2910 1271 989
f 2367 1366 989
f 989 1366 2517
f 989 2517 2910
f 990 1039 2852
f 990 1447 1824
f 2970 1447 990
f 990 2852 2970
f 1857 1365 991
f 2477 1857 991
f 991 2084 2477
f 992 2490 2704
f 3219 2490 992
f 993 1766 2646
f 2787 1766 993
f 994 1281 2261
f 2597 1281 994
f 994 1999 2998
f 1243 1143 995
f 995 1143 2494
f 2494 2077 995
f 998 1432 1505
f 3195 1432 998
f 998 1505 2301
f 998 2778 3195
f 3045 1056 1000
f 1000 1056 3134
f 3134 1865 1000
f 1001 2329 2356
f 1002 2076 3162
f 3166 2923 1002
f 1002 3162 3166
f 1790 1200 1003
f 1003 1677 1790
f 1004 1097 3293
f 2086 1815 1004
f 3293 2612 1004
f 1983 1107 1005
f 1005 1308 1856
f 3272 1308 1005
f 1005 1856 1983
f 2753 2107 1005
f 1005 2107 3272
f 1007 1016 1324
f 2204 1016 1007
f 2230 1131 1007
f 1007 1324 2230
f 1008 1107 1983
f 1008 1444 1908
f 1983 1444 1008
f 1009 1205 2277
f 2277 1412 1009
f 1009 1412 2807
f 2807 2546 1009
f 1823 1812 1010
f 1010 1812 2493
f 2601 1823 1010
f 1010 2493 2893
f 2980 2601 1010
f 1010 2893 2980
f 1393 1074 1012
f 1012 1074 3102
f 1012 1358 1463
f 1463 1393 1012
f 1012 1707 2069
f 3102 1707 1012
f 1150 1137 1013
f 1013 1137 2318
f 2994 1150 1013
f 1013 1445 2051
f 2318 1445 1013
f 1013 2051 3167
f 1013 2730 2994
f 3167 2730 1013
f 1831 1156 1014
f 1014 1156 3239
f 1014 1629 2042
f 2823 1629 1014
f 2042 1831 1014
f 3024 1296 1015
f 1015 1722 3024
f 2013 1264 1016
f 2204 2013 1016
f 2258 1742 1017
f 1017 1803 2258
f 2402 1803 1017
f 2455 2402 1017
f 1018 3016 3173
f 3173 3071 1018
f 1019 1456 1786
f 2950 1456 1019
f 1019 1786 2941
f 1020 2783 2825
f 3133 2783 1020
f 1021 1493 3199
f 3199 2769 1021
f 1670 1160 1022
f 3318 1084 1023
f 1578 1397 1023
f 1024 1293 1483
f 1024 1483 2903
f 2903 2262 1024
f 1025 1363 1414
f 1510 1363 1025
f 1025 1414 2795
f 2795 1510 1025
f 1026 1273 1689
f 2229 1273 1026
f 1689 1514 1026
f 1026 1514 2224
f 1026 2224 2229
f 1027 1985 2220
f 3024 1985 1027
f 1027 1998 3024
f 3193 3171 1028
f 1028 3171 3297
f 3297 3177 1028
f 1029 1168 2756
f 1029 1326 1932
f 1029 2756 3351
f 1030 1377 1771
f 2827 2173 1031
f 2873 2827 1031
f 1032 2067 2200
f 1032 2200 2317
f 1032 2317 2832
f 1033 1090 1099
f 2674 1090 1033
f 2617 1341 1033
f 1033 1341 2674
f 2316 1125 1034
f 1034 1125 3049
f 1035 1064 2667
f 2667 2199 1035
f 1036 2892 2894
f 3350 2892 1036
f 1529 1477 1037
f 1037 1477 2818
f 2664 1529 1037
f 1720 1618 1038
f 1038 1618 2925
f 2219 1720 1038
f 3033 2219 1038
f 1038 2925 3033
f 1039 2180 2425
f 1039 2425 2852
f 2981 1298 1040
f 1040 1298 3263
f 3085 2383 1040
f 1040 2383 3313
f 3313 2981 1040
f 2766 1117 1041
f 2636 1134 1041
f 1041 1134 2766
f 3238 2636 1041
f 1042 1783 2233
f 2233 1917 1042
f 1042 1917 2658
f 3240 2454 1043
f 1043 3166 3240
f 1043 3221 3345
f 1431 1199 1044
f 1044 1199 3014
f 1044 1383 1922
f 1922 1431 1044
f 1631 1343 1045
f 1045 1343 2507
f 2038 1913 1046
f 1046 1913 2091
f 2091 2038 1046
f 1047 1504 2153
f 3338 1504 1047
f 2411 1706 1047
f 1047 1706 3200
f 1047 3200 3338
f 1048 1302 1691
f 2721 1302 1048
f 2611 1319 1048
f 1048 1319 2721
f 1048 1691 2401
f 1048 2401 2611
f 1049 1088 1229
f 1049 1229 1825
f 1049 1825 2695
f 2288 1188 1051
f 2248 2151 1052
f 3377 2248 1052
f 1052 2525 3377
f 1651 1408 1053
f 1053 1408 2388
f 1053 1481 1651
f 1053 2388 2947
f 1373 1280 1054
f 1054 1280 2036
f 1054 2036 3274
f 1055 2705 3238
f 1056 1450 1569
f 2624 1450 1056
f 1056 1569 3134
f 1606 1234 1057
f 1057 2635 3149
f 3182 2175 1058
f 2786 2332 1058
f 1058 2332 3182
f 1058 2553 2786
f 2456 1929 1059
f 2254 1600 1060
f 1060 1600 2710
f 2710 1905 1060
f 2802 1510 1062
f 2108 1183 1063
f 1851 1255 1063
f 1063 1255 2631
f 1063 1866 2108
f 2631 1866 1063
f 1064 1279 2519
f 1065 1798 2302
f 2996 1798 1065
f 1065 2302 2568
f 3224 2996 1065
f 2920 2396 1066
f 1066 2396 3078
f 1067 1093 2976
f 3134 1569 1067
f 1067 2976 3134
f 1068 2271 3077
f 1787 1392 1069
f 1069 1392 2980
f 2911 1787 1069
f 1069 2074 2911
f 2980 2074 1069
f 2560 1652 1070
f 2514 2003 1070
f 1070 2003 3028
f 3347 2560 1070
f 1070 3028 3347
f 1460 1102 1072
f 2664 1460 1072
f 1072 1529 2664
f 2033 1555 1073
f 1820 1665 1073
f 2062 2033 1073
f 1074 1393 2471
f 1984 1719 1075
f 2236 1984 1075
f 1075 2232 2236
f 2670 2232 1075
f 2708 1151 1076
f 1076 2009 2349
f 1076 2349 2708
f 1077 1676 3218
f 3234 1676 1077
f 3230 1754 1077
f 1077 1754 3234
f 1077 3218 3230
f 1078 2231 2442
f 2887 2231 1078
f 1078 2442 2733
f 2733 2484 1078
f 1078 2484 2887
f 1914 1415 1079
f 1079 1498 1715
f 3231 1498 1079
f 1079 1715 1914
f 1081 1264 2013
f 1081 2095 2543
f 3014 2095 1081
f 3015 1821 1082
f 1082 1938 3015
f 1083 1086 1171
f 1172 1086 1083
f 2376 1373 1083
f 1085 1260 1779
f 1863 1260 1085
f 1085 1779 2759
f 1085 2759 2938
f 2485 1171 1086
f 1086 1172 3053
f 3053 2485 1086
f 1087 2647 3210
f 3210 2659 1087
f 2532 1229 1088
f 3375 2532 1088
f 1088 3002 3375
f 1089 2261 2851
f 2674 2055 1090
f 2468 2103 1091
f 2836 2127 1092
f 1092 2127 3034
f 2393 2223 1092
f 1092 2223 2836
f 3034 2393 1092
f 1093 2286 2976
f 1094 1105 1511
f 3003 1105 1094
f 1094 1511 2883
f 2883 1859 1094
f 1094 1859 3003
f 2158 1567 1095
f 1095 1567 2322
f 1095 1677 2158
f 1096 1286 1452
f 2716 1286 1096
f 1096 2478 2716
f 1097 1911 3293
f 2661 2124 1097
f 1098 1163 1657
f 1098 1657 3103
f 3103 1792 1098
f 1098 1792 3208
f 1099 1598 1821
f 1099 1821 3015
f 3015 2060 1099
f 1101 1285 2417
f 1101 2417 2481
f 1458 1148 1103
f 1103 1148 1760
f 1760 1196 1103
f 2263 2147 1104
f 1104 2244 2263
f 1105 3003 3294
f 3294 3209 1105
f 2796 1299 1106
f 1106 2520 2796
f 3357 2520 1106
f 1108 2312 3044
f 2596 1335 1109
f 1109 1335 2898
f 2898 2596 1109
f 2325 1532 1110
f 1110 1796 1840
f 3332 1796 1110
f 1110 1840 2087
f 1110 2087 2325
f 2846 2257 1111
f 1111 2258 2846
f 1112 1353 1840
f 2902 1353 1112
f 1113 1563 2900
f 1113 2228 3336
f 3336 2473 1113
f 1114 1294 2195
f 2606 1294 1114
f 1114 2195 2411
f 1116 1522 1680
f 1680 1563 1116
f 1116 1563 1880
f 1116 1880 2458
f 2182 1218 1118
f 1118 1218 2579
f 3331 2182 1118
f 1118 2579 3126
f 1118 3126 3331
f 1522 1228 1119
f 1119 1228 2500
f 1119 1309 1522
f 2500 1309 1119
f 1121 1818 1942
f 2070 1818 1121
f 1121 2025 2070
f 2930 2025 1121
f 1400 1146 1122
f 2485 1400 1122
f 2591 2485 1122
f 1123 1390 2771
f 2771 2185 1123
f 1123 2185 3252
f 3252 2327 1123
f 1321 1312 1124
f 1124 1312 3379
f 1448 1368 1124
f 1124 1368 2146
f 3379 1448 1124
f 1125 1384 1646
f 2316 1384 1125
f 3334 3049 1125
f 2034 1398 1126
f 1126 1398 2926
f 1594 1465 1126
f 2926 1594 1126
f 3155 2034 1126
f 1126 2761 3155
f 1127 1458 3138
f 1127 2250 2635
f 3138 2250 1127
f 1128 1168 2247
f 2756 1168 1128
f 1128 2247 3050
f 1129 1519 1581
f 2627 1519 1129
f 1129 1581 2218
f 1129 1776 2627
f 2946 1776 1129
f 1129 2218 2946
f 1689 1273 1130
f 1130 1273 1967
f 2533 1551 1130
f 1865 1689 1130
f 1130 1967 2533
f 1231 1146 1132
f 1649 1231 1132
f 1133 2051 2601
f 3167 2051 1133
f 3036 2169 1134
f 1134 2636 3036
f 2723 2173 1135
f 1135 2173 2827
f 3192 2723 1135
f 1135 2827 3232
f 3232 3192 1135
f 2512 1509 1136
f 1136 1509 2662
f 2979 2512 1136
f 1136 2662 3164
f 3164 2818 1136
f 1137 1150 3299
f 3299 3002 1137
f 2158 1677 1138
f 2591 2158 1138
f 3276 2591 1138
f 1554 1241 1139
f 1139 1241 1808
f 1139 1505 1554
f 3204 1505 1139
f 1140 1716 2412
f 2412 2194 1140
f 2302 1798 1141
f 3038 2296 1142
f 1142 2848 3301
f 3301 3038 1142
f 1145 1496 1525
f 2629 1496 1145
f 1145 2337 2629
f 1146 1400 3053
f 2102 1760 1148
f 2430 1953 1149
f 1149 1953 3194
f 1149 2305 3092
f 3194 2305 1149
f 1150 1490 1801
f 2994 1490 1150
f 1771 1377 1153
f 1153 1377 1792
f 2407 1771 1153
f 1153 1792 3103
f 3103 2407 1153
f 2562 1948 1154
f 1154 2118 3265
f 3265 2562 1154
f 1414 1363 1155
f 1155 1363 2992
f 2936 1414 1155
f 1155 1842 2936
f 2992 1842 1155
f 1831 1668 1156
f 1157 1337 1819
f 2895 1731 1157
f 1157 1819 2895
f 1158 1500 1995
f 2886 1500 1158
f 1158 1716 2092
f 2345 1716 1158
f 1995 1782 1158
f 1158 1782 2345
f 1158 2092 2886
f 1159 1171 1904
f 1159 1904 2919
f 1160 1670 2497
f 1160 2497 2737
f 1161 1238 1261
f 1161 1261 2422
f 2122 1306 1161
f 2422 2122 1161
f 2386 1371 1162
f 2865 2386 1162
f 1769 1657 1163
f 2853 1173 1164
f 1952 1768 1164
f 1164 1768 2853
f 1165 1924 3055
f 3055 2617 1165
f 1166 1783 3215
f 3208 2535 1166
f 3215 2857 1166
f 1166 2857 3260
f 2952 2247 1168
f 2542 1965 1169
f 1169 2006 3284
f 1169 2143 2542
f 3284 2143 1169
f 2342 1904 1171
f 3276 2342 1171
f 1171 2485 3276
f 1635 1211 1173
f 2853 1635 1173
f 1173 1747 2472
f 1174 2147 3181
f 1175 1626 1681
f 2037 1626 1175
f 2365 2037 1175
f 1176 2145 2727
f 2918 2894 1176
f 1177 2050 2937
f 1177 2138 2548
f 2937 2138 1177
f 1178 1253 3021
f 1180 1639 1706
f 1180 1706 2411
f 2411 2299 1180
f 1180 2299 3093
f 1182 2259 2445
f 2399 2390 1182
f 1182 2390 2621
f 2445 2399 1182
f 2449 1228 1184
f 1185 1944 3261
f 1186 1327 2284
f 2571 1327 1186
f 1186 1362 1579
f 1762 1362 1186
f 1186 1579 2780
f 2284 1762 1186
f 2780 2571 1186
f 2164 1222 1187
f 1187 1222 2176
f 1187 1898 1923
f 2176 1898 1187
f 1187 1923 2164
f 2093 1590 1188
f 2586 2093 1188
f 2288 2119 1188
f 1188 2119 2773
f 2773 2586 1188
f 2884 1339 1189
f 1189 2395 2884
f 1190 1367 2246
f 2625 1367 1190
f 1190 2509 2625
f 1191 1643 2341
f 2663 1765 1192
f 1194 1997 2498
f 3079 1997 1194
f 1195 2359 2405
f 3223 2359 1195
f 1195 2577 3325
f 1198 2067 2687
f 1199 1828 3014
f 1560 1216 1200
f 1200 1216 2350
f 2435 1560 1200
f 1201 1207 2957
f 2107 1284 1201
f 3272 2107 1201
f 1201 2957 3272
f 1756 1364 1202
f 2735 1756 1202
f 2673 1212 1204
f 1204 1212 3089
f 1934 1249 1204
f 2951 2017 1205
f 1205 2017 2990
f 2598 2277 1205
f 2990 2598 1205
f 1206 1237 3073
f 3168 1237 1206
f 1206 2036 2718
f 3274 2036 1206
f 1206 3073 3274
f 3371 1246 1209
f 3045 2371 1209
f 1209 2907 3371
f 1922 1327 1210
f 1210 1327 2781
f 2781 1956 1210
f 1211 1635 2188
f 1211 2188 2882
f 2419 2009 1213
f 1214 1533 2887
f 3183 1533 1214
f 2887 2484 1214
f 3118 2629 1215
f 3300 3082 1215
f 1216 1435 2582
f 2582 2350 1216
f 1217 2480 3294
f 3294 3003 1217
f 1217 3003 3365
f 3253 1357 1218
f 2182 1420 1218
f 1218 1420 2330
f 1218 2330 3253
f 2207 2109 1219
f 1219 2109 2868
f 1220 1365 2950
f 3163 1365 1220
f 1222 1514 2176
f 2224 1514 1222
f 1222 2164 2381
f 2381 2224 1222
f 2321 1385 1223
f 1223 1406 2321
f 2568 2365 1225
f 1227 1252 1434
f 3006 1252 1227
f 1229 1346 2409
f 2532 1346 1229
f 2466 1825 1229
f 1229 2409 2466
f 1230 1231 1649
f 3305 1231 1230
f 1230 3150 3305
f 1232 1591 2713
f 3130 2328 1233
f 1233 2328 3202
f 1233 2363 3152
f 3152 3130 1233
f 1234 1606 2728
f 1235 1867 3131
f 1236 1572 2901
f 2189 2130 1236
f 2901 2189 1236
f 1237 2899 3073
f 3088 2746 1238
f 1239 1931 2506
f 1239 2385 2897
f 1240 1956 2781
f 1241 1444 1808
f 1908 1444 1241
f 1241 1554 2373
f 2373 1908 1241
f 2031 1403 1242
f 1244 1508 2008
f 2300 1508 1244
f 1245 1443 1819
f 2832 1443 1245
f 1245 1819 2750
f 2750 2052 1245
f 3277 1996 1246
f 3371 3277 1246
f 1247 1320 3116
f 3265 1320 1247
f 2795 2562 1247
f 1247 2562 3265
f 1248 1366 1915
f 2181 1366 1248
f 1915 1586 1248
f 1248 1586 1944
f 3170 2181 1248
f 1249 1833 2295
f 2116 1841 1250
f 1250 1930 2046
f 1250 2046 2116
f 1251 1827 1896
f 1252 1430 2494
f 2928 1430 1252
f 2944 1434 1252
f 1252 2494 2944
f 2973 2928 1252
f 3006 2973 1252
f 1253 1479 1625
f 2696 1479 1253
f 2798 2696 1253
f 1254 1296 1566
f 3191 1296 1254
f 1254 1742 3191
f 1851 1282 1255
f 1255 1282 1988
f 1988 1891 1255
f 1255 1891 2631
f 1258 1354 1868
f 2703 1354 1258
f 1258 1868 2552
f 1258 2323 2703
f 1260 1657 1779
f 1863 1657 1260
f 1261 2336 2422
f 1262 1659 1886
f 1263 1488 2126
f 1263 1978 2513
f 2126 2005 1263
f 1265 2089 3306
f 3243 1404 1266
f 1982 1720 1266
f 1266 1720 3243
f 1267 1511 2280
f 1534 1289 1268
f 1268 1289 3158
f 1961 1534 1268
f 2201 1605 1269
f 1269 1605 3117
f 1269 2065 2777
f 3117 2065 1269
f 1270 1542 2921
f 1275 2026 3254
f 1276 1913 2038
f 1277 1593 1780
f 1278 1667 3312
f 1280 1373 2094
f 1281 1440 1886
f 2597 1440 1281
f 1886 1659 1281
f 1281 1659 2261
f 1282 1851 2128
f 2724 1988 1282
f 1282 2128 2724
f 2868 2109 1283
f 1283 2607 2868
f 1916 1548 1285
f 1285 1548 2417
f 3377 1422 1286
f 1286 2716 3377
f 1287 2253 2675
f 2871 2253 1287
f 1287 2675 2924
f 2924 2885 1287
f 1288 2139 3008
f 1289 1534 3169
f 3027 1630 1289
f 1289 1630 3158
f 3169 3027 1289
f 1290 1920 2177
f 2940 1920 1290
f 1290 2177 2545
f 1292 1587 2117
f 2748 1483 1293
f 2606 1884 1294
f 2991 1454 1295
f 3057 1619 1295
f 3024 1547 1296
f 2380 1566 1296
f 1297 1937 3205
f 3210 1937 1297
f 1298 1402 3242
f 1298 3242 3263
f 1299 2193 2278
f 2821 2193 1299
f 1299 2796 2821
f 3145 2045 1300
f 1300 2171 3189
f 1300 2495 3145
f 3189 2495 1300
f 1301 1778 2166
f 2166 1878 1301
f 2757 2556 1301
f 2246 1691 1302
f 2721 1708 1302
f 2767 1482 1303
f 1303 1482 2984
f 2896 1804 1304
f 1304 2397 2700
f 1304 2700 3213
f 3213 2896 1304
f 1305 1760 2102
f 3246 1760 1305
f 1305 2102 2552
f 3032 2527 1305
f 1305 2527 3246
f 1305 2552 3032
f 1306 2122 2190
f 2134 1856 1308
f 2717 2134 1308
f 3272 2717 1308
f 1680 1522 1309
f 1310 1914 1987
f 2682 1914 1310
f 1310 1987 2360
f 1310 2360 2852
f 1310 2425 2682
f 2852 2425 1310
f 2760 1789 1311
f 1311 1903 2760
f 1313 1595 2747
f 2857 1595 1313
f 1313 1829 2983
f 3260 2857 1313
f 3172 2953 1315
f 1316 2740 3177
f 3177 3066 1316
f 1316 3066 3203
f 2710 1600 1317
f 1317 1600 2758
f 1317 2292 2655
f 2758 2292 1317
f 1317 2655 2710
f 1318 2170 2193
f 1318 2193 2376
f 2611 2047 1319
f 1319 2047 3285
f 3285 2721 1319
f 3265 2118 1320
f 1322 1984 2236
f 1322 2236 2530
f 1322 2530 3016
f 2349 2053 1323
f 2708 2349 1323
f 1325 1717 2439
f 1327 1922 3298
f 3298 2284 1327
f 1327 2571 2781
f 1328 1464 1848
f 3271 1464 1328
f 1328 1848 3251
f 1328 2314 3271
f 2691 1523 1329
f 1329 1523 3144
f 3249 2691 1329
f 1329 3144 3249
f 1330 1518 1839
f 1330 1839 2242
f 1651 1481 1333
f 1333 1481 1734
f 1734 1544 1333
f 1333 1544 2091
f 2068 1651 1333
f 2628 2068 1333
f 2368 2329 1334
f 2561 2368 1334
f 1335 1945 2898
f 2628 2446 1336
f 2959 2628 1336
f 2750 1819 1337
f 1337 2052 2750
f 2246 1367 1338
f 1338 1367 2932
f 1338 1691 2246
f 3072 1691 1338
f 2884 1925 1339
f 1340 1374 1951
f 2952 1835 1340
f 1340 1951 3050
f 1340 2247 2952
f 3050 2247 1340
f 1341 1846 2026
f 3055 1846 1341
f 1341 2026 2674
f 1341 2617 3055
f 1342 1427 1700
f 2057 1427 1342
f 1342 1700 2482
f 2421 2057 1342
f 2482 2421 1342
f 1631 1573 1343
f 1343 2213 2507
f 2474 1725 1344
f 1344 2021 2474
f 2823 1545 1345
f 1345 1695 2823
f 1347 2176 2714
f 3111 2176 1347
f 1347 2714 3134
f 1348 1826 2440
f 2564 1882 1348
f 1348 2225 2350
f 2440 2225 1348
f 1348 2350 2582
f 2582 2564 1348
f 2582 1435 1349
f 1349 2564 2582
f 3310 2564 1349
f 1350 1528 1795
f 2011 1528 1350
f 1350 1795 2691
f 2691 2011 1350
f 3151 2206 1352
f 1352 2645 3151
f 2087 1840 1353
f 2902 2087 1353
f 3370 1386 1354
f 2703 1389 1354
f 1354 1389 3370
f 3264 1868 1354
f 3247 1418 1355
f 1355 1418 3330
f 1355 2159 2735
f 3330 2159 1355
f 2735 2464 1355
f 1356 1835 2459
f 2459 2240 1356
f 3356 1752 1359
f 1359 1994 2275
f 2921 1542 1360
f 2313 1939 1361
f 1361 1939 2921
f 2837 2313 1361
f 3004 2837 1361
f 1362 1570 1579
f 1698 1570 1362
f 2187 1698 1362
f 1362 1762 2187
f 1363 1510 1935
f 1363 1935 2305
f 1363 2305 2992
f 1364 1756 1883
f 1365 1857 2508
f 1365 2508 2950
f 2367 1915 1366
f 1366 2181 2517
f 1367 2625 2932
f 1448 1387 1368
f 1368 1387 2146
f 1849 1473 1369
f 2838 1849 1369
f 2279 1740 1370
f 1370 1740 3043
f 3043 2840 1370
f 1371 2386 3127
f 3127 2800 1371
f 1371 2800 3277
f 1372 1379 2130
f 3358 1379 1372
f 1372 2130 3107
f 1372 3107 3358
f 2376 2094 1373
f 3270 1951 1374
f 1375 1515 2022
f 2835 1515 1375
f 1375 2022 2111
f 2286 1809 1376
f 1376 1809 3309
f 2976 2286 1376
f 3208 1792 1377
f 1378 1892 2044
f 2234 1892 1378
f 2256 2234 1378
f 2375 2256 1378
f 3358 2308 1379
f 1380 1950 3196
f 3196 3009 1380
f 2979 1964 1381
f 1381 2512 2979
f 3337 2512 1381
f 1382 1424 2065
f 1382 2065 3267
f 3267 3165 1382
f 3298 1922 1383
f 1384 2316 2524
f 1386 1582 3090
f 3370 1582 1386
f 3090 3074 1386
f 2421 2146 1387
f 2972 1732 1389
f 1389 1732 3370
f 1389 2703 2972
f 1390 1624 1852
f 1390 1852 2185
f 1390 2185 2771
f 2640 2592 1391
f 1787 1696 1392
f 1392 1696 2033
f 1392 2601 2980
f 2627 1776 1394
f 1394 1776 3235
f 3235 2241 1394
f 1712 1502 1395
f 2864 1712 1395
f 1667 1470 1396
f 1396 1470 1784
f 2507 1597 1396
f 1396 1597 2656
f 2656 1667 1396
f 1396 1784 2507
f 1397 1578 3185
f 3185 3148 1397
f 1979 1705 1398
f 1398 1705 2804
f 2034 1979 1398
f 1398 2804 2926
f 1400 2485 3053
f 1401 1604 2515
f 2541 1604 1401
f 3029 2541 1401
f 1401 2825 3029
f 1402 1471 2689
f 1907 1564 1402
f 1402 1564 3242
f 3122 1907 1402
f 1402 2689 3304
f 3304 3122 1402
f 1403 1697 1973
f 2813 1697 1403
f 1403 2031 2813
f 1404 2227 2333
f 1405 2144 3100
f 1406 1638 2321
f 1406 3108 3116
f 2167 1655 1407
f 3273 2167 1407
f 1565 1455 1409
f 1410 1805 2569
f 2776 1805 1410
f 1411 1954 2604
f 1709 1641 1412
f 1412 1641 3267
f 2598 1709 1412
f 1412 2277 2598
f 3267 2807 1412
f 1908 1550 1413
f 1413 1550 2098
f 1415 1914 2762
f 2762 2423 1415
f 1416 2356 2502
f 1416 2502 2997
f 1417 1929 2456
f 3114 1929 1417
f 1417 2456 2874
f 1417 2874 3114
f 1419 1652 2451
f 1419 2451 3268
f 1420 1786 2330
f 2229 2224 1421
f 1421 2224 2381
f 3352 2443 1422
f 1424 1714 2272
f 2777 2065 1424
f 1424 2272 2584
f 2584 2487 1424
f 1424 2487 2777
f 1425 1649 2626
f 1425 2626 2752
f 3185 1578 1426
f 2949 2860 1426
f 1426 2860 3185
f 2613 2101 1428
f 1428 2550 2613
f 3216 2550 1428
f 1428 2593 3216
f 2237 1653 1429
f 1429 1897 2237
f 1430 2077 2494
f 2928 2077 1430
f 3089 2307 1433
f 2944 2784 1434
f 1434 2784 3281
f 1692 1584 1436
f 1436 1584 2779
f 2939 1692 1436
f 1436 2767 2939
f 1438 1566 2380
f 2380 2025 1438
f 1438 2025 2930
f 2930 2455 1438
f 1439 1581 2536
f 2536 2212 1439
f 1912 1886 1440
f 2799 1912 1440
f 2597 2348 1440
f 1801 1490 1441
f 3304 1801 1441
f 1441 1907 3122
f 1441 3122 3304
f 1733 1616 1442
f 1442 1616 3135
f 2403 1733 1442
f 3135 2320 1442
f 1442 2320 3222
f 2711 2403 1442
f 3360 2711 1442
f 3222 3123 1442
f 1442 3123 3360
f 2174 1819 1443
f 2200 2174 1443
f 2317 2200 1443
f 2832 2317 1443
f 2601 2051 1445
f 2148 1972 1446
f 2489 2148 1446
f 2690 2489 1446
f 2699 2690 1446
f 1632 1559 1448
f 1448 1559 2151
f 3379 1632 1448
f 1448 2151 2248
f 1449 1642 1816
f 2521 1642 1449
f 1816 1658 1449
f 1449 1658 2177
f 1449 1920 2082
f 2177 1920 1449
f 1449 2082 2521
f 2311 1955 1451
f 1451 2063 2311
f 1452 2214 3325
f 3325 2687 1452
f 2580 1497 1453
f 1453 1497 2660
f 1453 2405 2580
f 2660 2405 1453
f 2991 2182 1454
f 1454 2182 3353
f 1455 1565 2413
f 2413 1765 1455
f 2950 2529 1456
f 1456 2529 3048
f 2043 1990 1457
f 1457 1990 3105
f 2694 2043 1457
f 3105 2694 1457
f 3091 1993 1459
f 3025 2969 1459
f 1459 2969 3091
f 2526 2410 1461
f 1461 2410 2594
f 2610 2526 1461
f 1461 2594 2741
f 1461 2741 2875
f 3034 2127 1462
f 3278 3034 1462
f 3271 2294 1464
f 1465 1594 2592
f 2592 2014 1465
f 1466 1639 2164
f 3200 1639 1466
f 1466 1923 2128
f 2164 1923 1466
f 1466 2128 3200
f 1467 1799 2904
f 3129 1799 1467
f 2649 2245 1467
f 1554 1505 1468
f 2373 1554 1468
f 1469 1798 2255
f 1469 2255 3311
f 1471 2500 2689
f 1472 1519 2627
f 3255 1519 1472
f 3211 2097 1472
f 1472 2097 3255
f 1474 1718 2678
f 3113 1718 1474
f 2678 2503 1474
f 1474 2503 2864
f 2114 2004 1475
f 1475 2004 2522
f 2656 2114 1475
f 2522 2441 1475
f 1475 2441 2656
f 1476 1860 2547
f 3363 1860 1476
f 1476 2547 3209
f 1476 3209 3294
f 1476 3294 3363
f 2203 1631 1478
f 1993 1625 1479
f 2696 1993 1479
f 3361 1773 1480
f 1480 2308 3358
f 1480 3358 3361
f 2996 1734 1481
f 1482 1484 2557
f 3364 1484 1482
f 1482 2175 3364
f 1482 2557 2984
f 1483 2748 2903
f 3364 2557 1484
f 2863 2026 1486
f 3186 2427 1486
f 1487 1705 1979
f 2931 1705 1487
f 1487 2222 2719
f 2719 2270 1487
f 1487 2270 2931
f 1488 1702 2839
f 3292 2126 1488
f 2994 1609 1490
f 2540 2228 1491
f 1491 2228 3248
f 3313 2383 1491
f 1491 2404 2540
f 1491 3248 3313
f 2010 1881 1492
f 1492 1881 2364
f 3011 2010 1492
f 2289 2001 1494
f 1494 2001 2971
f 1494 2060 2289
f 1495 1895 1965
f 2271 1895 1495
f 1495 1965 2542
f 2843 2271 1495
f 1918 1525 1496
f 3118 1918 1496
f 1496 2629 3118
f 1497 2580 2704
f 1992 1715 1498
f 1498 1902 1992
f 1499 1962 2205
f 3067 1986 1500
f 1500 2886 3067
f 2828 1521 1502
f 1502 1712 2828
f 1504 1851 2347
f 3338 1851 1504
f 2347 2153 1504
f 3204 2301 1505
f 3206 1981 1506
f 3245 2757 1507
f 1509 2512 2943
f 2802 1935 1510
f 1511 1864 2346
f 2346 2280 1511
f 2163 1748 1512
f 1512 1748 2386
f 1512 1900 2163
f 3097 1900 1512
f 1512 2386 2865
f 1512 2865 3097
f 2276 2090 1513
f 2646 2538 1513
f 1514 1689 1865
f 1514 1865 2714
f 2714 2176 1514
f 1516 2467 2705
f 2916 2467 1516
f 1516 2705 2916
f 1517 1699 2830
f 3142 1699 1517
f 2830 1710 1517
f 1517 1710 3142
f 2536 1581 1519
f 1519 1858 2536
f 3255 1858 1519
f 1520 2094 2193
f 1520 2193 2821
f 2828 2712 1521
f 1521 2712 3083
f 1523 1647 2565
f 2666 1647 1523
f 1523 1795 2666
f 2691 1795 1523
f 1523 2565 3144
f 1524 1726 3071
f 3071 2861 1524
f 1918 1737 1525
f 1525 1737 3190
f 1526 1661 3259
f 3038 1933 1526
f 3348 3038 1526
f 1526 3259 3348
f 2024 1531 1528
f 2016 1795 1528
f 1528 2011 2024
f 2702 1688 1530
f 2108 1866 1531
f 1576 1538 1533
f 1533 1538 3086
f 3183 1576 1533
f 1533 2231 2887
f 3086 2231 1533
f 1534 1961 2351
f 2351 2262 1534
f 1534 2262 2615
f 1534 2615 3169
f 1535 2684 3099
f 1535 3099 3287
f 1536 1822 2760
f 3175 1822 1536
f 2760 1903 1536
f 1536 1903 3175
f 3084 2066 1537
f 1538 1576 2401
f 1538 2401 3226
f 3226 2677 1538
f 1539 2697 2811
f 1539 2811 3076
f 2643 1832 1540
f 1540 2426 2643
f 2528 2463 1541
f 1541 2463 3042
f 3042 2544 1541
f 1543 2254 2291
f 3227 2254 1543
f 1544 1734 2996
f 1544 2996 3224
f 2823 2353 1545
f 1545 2353 2889
f 1546 1678 2812
f 2929 2268 1546
f 1546 2268 3373
f 1546 2812 2929
f 3024 1998 1547
f 1743 1589 1548
f 1916 1743 1548
f 2707 2417 1548
f 1549 1788 2618
f 3069 1788 1549
f 1549 2579 3069
f 3126 2579 1549
f 1551 2371 3045
f 3306 2089 1552
f 1553 2368 2398
f 2973 2368 1553
f 2398 2382 1553
f 1553 2382 2928
f 1553 2928 2973
f 2033 1696 1555
f 1555 1696 2911
f 1557 1577 1929
f 3213 1577 1557
f 1557 1711 1976
f 2967 1711 1557
f 1557 1929 2967
f 1557 1976 2896
f 1557 2896 3213
f 2044 1853 1558
f 2586 2044 1558
f 1558 2093 2586
f 2435 1885 1560
f 1561 1655 2167
f 2844 1655 1561
f 3372 2844 1561
f 1561 3290 3372
f 2235 1769 1562
f 1563 1680 2900
f 1564 2081 3263
f 3263 3242 1564
f 1568 2293 2709
f 2780 1579 1570
f 1570 3083 3115
f 2306 1682 1572
f 1572 1682 2775
f 1572 2775 2901
f 1573 1631 3065
f 2027 1862 1574
f 2533 1967 1575
f 1576 2047 2611
f 3183 2047 1576
f 2611 2401 1576
f 3213 2700 1577
f 1582 3037 3090
f 1583 1588 2965
f 1584 1692 3199
f 1586 1915 2122
f 3261 1944 1586
f 1586 2122 2422
f 1588 1855 2965
f 1589 1743 2966
f 1589 2561 2909
f 1590 2383 3085
f 1591 2207 3056
f 2912 2713 1591
f 3056 2912 1591
f 1592 1956 2207
f 2336 1780 1593
f 3197 2447 1596
f 1596 2866 3197
f 1597 1963 2656
f 2448 1821 1598
f 1599 2206 2584
f 1600 2254 2922
f 2922 2758 1600
f 2392 2043 1601
f 1601 2043 2694
f 2737 2335 1602
f 1603 1656 2588
f 1605 1994 2319
f 2384 1994 1605
f 1605 2201 2384
f 1605 2319 2546
f 1605 2546 3117
f 1606 2307 2728
f 1607 2132 2678
f 2715 2437 1607
f 1607 2678 3041
f 2386 1748 1608
f 1608 1748 2486
f 2486 2125 1608
f 3127 2386 1608
f 3193 2791 1610
f 1612 2031 2918
f 2987 2031 1612
f 1612 2727 3326
f 3326 2987 1612
f 1613 3220 3291
f 2856 1685 1614
f 1614 1685 3001
f 1614 1739 2856
f 3001 2415 1614
f 3142 1710 1615
f 3293 1911 1615
f 1615 2152 3293
f 1616 1733 1897
f 1616 2749 3135
f 1617 2129 2640
f 3020 2129 1617
f 1618 1658 1664
f 1982 1658 1618
f 1618 1720 1982
f 3269 2845 1619
f 1619 3057 3269
f 2472 1747 1620
f 2346 1864 1620
f 1620 1864 2472
f 1620 2280 2346
f 3252 2280 1620
f 1621 1662 2088
f 2962 1662 1621
f 3082 2192 1621
f 1621 2192 3110
f 3110 2962 1621
f 2741 2594 1622
f 1622 2594 3229
f 2875 2741 1622
f 1623 2115 2539
f 2949 2115 1623
f 1623 2539 2553
f 1623 2553 2742
f 1623 2742 3185
f 1623 2860 2949
f 3185 2860 1623
f 1896 1852 1624
f 1625 1993 3091
f 3228 3081 1625
f 1625 3091 3228
f 1990 1681 1626
f 2037 1869 1626
f 1627 2174 2200
f 3139 2174 1627
f 1628 1791 2881
f 1628 2353 2549
f 2889 2353 1628
f 1628 2549 3043
f 1628 2881 2889
f 2823 1695 1629
f 3027 2393 1630
f 1631 2203 3065
f 1957 1772 1633
f 1633 1772 2935
f 1960 1957 1633
f 3161 1960 1633
f 1974 1968 1634
f 2221 1974 1634
f 2516 2188 1635
f 1636 1732 2972
f 3181 2215 1636
f 1636 2215 3273
f 1637 1740 2279
f 2407 1740 1637
f 1637 1771 2407
f 1794 1643 1638
f 1638 1643 2321
f 3200 1706 1639
f 1640 1724 3337
f 1641 3165 3267
f 2794 2430 1642
f 1642 2521 2794
f 1643 1794 3295
f 1643 2186 2341
f 3295 2186 1643
f 3094 2452 1644
f 1647 1999 2815
f 2998 1999 1647
f 2815 2565 1647
f 2027 1811 1648
f 2210 2027 1648
f 2461 2210 1648
f 1651 2068 2578
f 2558 2451 1652
f 1652 2560 3303
f 1653 2237 2955
f 2955 2829 1653
f 3180 1875 1654
f 3328 3180 1654
f 1656 2136 2639
f 2429 2355 1656
f 1656 2355 2588
f 2639 2429 1656
f 1863 1687 1657
f 1657 1687 3103
f 1657 1769 1779
f 1816 1664 1658
f 1658 1982 2545
f 2545 2177 1658
f 1659 2252 2261
f 2867 1754 1660
f 1660 1754 3230
f 3270 2867 1660
f 1661 1927 3061
f 1661 3061 3259
f 2575 2088 1662
f 3157 2956 1662
f 1662 2962 3157
f 1663 2292 2758
f 2805 2292 1663
f 1663 2671 2805
f 3176 2671 1663
f 1663 2758 3176
f 1665 1820 2084
f 1666 3026 3244
f 1666 3244 3324
f 2656 2131 1667
f 1667 2131 3312
f 1668 1831 3080
f 3080 2187 1668
f 1669 2077 2382
f 1669 2382 2398
f 1669 2398 2573
f 1669 2573 3121
f 3121 2637 1669
f 2338 2184 1672
f 1672 2184 2460
f 2866 2338 1672
f 2552 1868 1673
f 1673 1868 3329
f 3329 2301 1673
f 3032 2552 1673
f 1674 2242 3052
f 1675 2595 3004
f 3004 2995 1675
f 3234 1930 1676
f 1679 1874 2643
f 2798 1874 1679
f 2643 2426 1679
f 1679 2426 2696
f 1679 2696 2798
f 3154 2900 1680
f 1681 1990 2043
f 1681 2043 2392
f 1682 2306 2775
f 2469 1751 1683
f 1683 1751 2999
f 3266 2842 1684
f 1685 1891 3146
f 2856 2492 1685
f 1685 2492 3098
f 1685 2619 3001
f 3146 2619 1685
f 1686 2906 3100
f 1687 1863 2407
f 1687 2407 3103
f 1688 1928 2415
f 1688 2415 3001
f 2048 1730 1690
f 2389 2048 1690
f 1690 2256 3250
f 3250 2389 1690
f 3072 2401 1691
f 1692 2769 3199
f 1693 3178 3323
f 1694 2112 2961
f 1696 1787 2911
f 3307 1973 1697
f 1697 2813 3198
f 1697 3198 3307
f 1698 2187 3080
f 3236 2291 1701
f 1701 3007 3156
f 1701 3156 3236
f 3123 2839 1702
f 2766 2702 1703
f 1704 1819 2174
f 2895 1819 1704
f 1704 2174 3139
f 3018 2895 1704
f 1705 2154 2804
f 2931 2154 1705
f 2370 2069 1707
f 2869 2370 1707
f 1708 2690 2699
f 2721 2690 1708
f 2059 1832 1709
f 2598 2059 1709
f 3114 1724 1711
f 3060 1976 1711
f 1711 2967 3114
f 1712 1825 2828
f 2864 1825 1712
f 1992 1860 1715
f 1715 1860 3125
f 3125 1914 1715
f 1716 2345 2412
f 1717 2650 2850
f 1718 2400 3041
f 3113 2400 1718
f 3041 2678 1718
f 1720 2219 3243
f 1722 1985 3024
f 2524 2316 1722
f 1723 2905 3355
f 3023 2989 1723
f 3355 3023 1723
f 3114 2943 1724
f 1724 2943 3337
f 2362 1746 1727
f 1727 1746 2820
f 3373 2268 1728
f 1728 2371 3373
f 2932 2625 1731
f 1731 2895 3018
f 3018 2932 1731
f 2304 1897 1733
f 2403 2304 1733
f 2101 1828 1735
f 3355 2905 1736
f 1737 1918 2343
f 1737 2343 3190
f 2354 2076 1738
f 1738 2315 2733
f 1738 2442 2583
f 2733 2442 1738
f 1741 1970 2830
f 1742 2808 3191
f 1743 1916 2890
f 1743 2890 2966
f 1744 1768 1881
f 2853 1768 1744
f 1744 2604 2853
f 1745 2282 2630
f 1746 2362 3137
f 1748 2163 2486
f 1750 2124 2661
f 1751 2260 3296
f 3296 2999 1751
f 1752 2465 2520
f 2763 2465 1752
f 3356 2763 1752
f 1753 1872 1901
f 1753 1901 3201
f 3201 2482 1753
f 2735 1888 1756
f 3000 2150 1757
f 1757 2150 3346
f 1758 2334 3144
f 3259 2334 1758
f 3144 2565 1758
f 1762 1980 2080
f 2284 1980 1762
f 1762 2080 2187
f 2479 2447 1763
f 1763 2541 3029
f 3029 2783 1763
f 1764 2001 3074
f 3074 2605 1764
f 1764 2605 3090
f 3090 3037 1764
f 1766 2196 2538
f 2787 2226 1766
f 2666 1795 1767
f 2364 1881 1768
f 1768 1952 2364
f 2235 1779 1769
f 1770 2489 3212
f 1770 3212 3378
f 1772 2726 2935
f 2697 1830 1773
f 2811 2697 1773
f 2122 1915 1774
f 1774 1915 2367
f 2501 1975 1774
f 2190 2122 1774
f 1775 2499 2692
f 2946 2358 1776
f 1777 1877 2133
f 2685 1877 1777
f 1777 2133 2357
f 2977 2685 1777
f 2179 2166 1778
f 2522 2179 1778
f 1778 2441 2522
f 1782 1995 2144
f 2144 2029 1782
f 1782 2029 2486
f 2486 2345 1782
f 1785 1905 2384
f 2384 2201 1785
f 1785 2201 2686
f 3253 2330 1786
f 1788 2015 2831
f 2893 2015 1788
f 2831 2618 1788
f 3069 2893 1788
f 3376 2238 1789
f 1789 2760 3376
f 2403 1950 1793
f 1793 2237 2304
f 1793 2304 2403
f 1796 1889 3031
f 1797 2152 2948
f 3293 2152 1797
f 1797 2612 3293
f 2948 2803 1797
f 1797 2803 3051
f 2996 2255 1798
f 1799 2212 2751
f 1799 2751 2904
f 1802 3058 3071
f 1803 1957 2846
f 2846 2258 1803
f 2402 2265 1803
f 1804 2896 3174
f 1805 1989 2685
f 2776 1989 1805
f 2977 2569 1805
f 1805 2685 2977
f 1806 1837 2035
f 3284 2006 1806
f 2648 1951 1807
f 1807 1951 3270
f 1809 1891 1988
f 3146 1891 1809
f 1809 1988 3309
f 1809 2286 3146
f 2858 2445 1810
f 3041 2493 1812
f 2249 1991 1813
f 1813 1991 2625
f 2625 2509 1813
f 3105 1990 1814
f 1815 2086 2732
f 1817 1918 2019
f 2343 1918 1817
f 1817 2019 2453
f 3137 1942 1818
f 2477 2084 1820
f 1822 2048 2389
f 3175 2048 1822
f 2375 2054 1822
f 1822 2054 2760
f 3250 2375 1822
f 1822 2389 3250
f 1825 2466 2828
f 2864 2695 1825
f 1827 1852 1896
f 2101 2007 1828
f 1829 1936 2983
f 3308 1936 1829
f 1829 2303 3308
f 3174 2960 1830
f 1833 2179 2295
f 1834 1937 2647
f 2647 2578 1834
f 1834 2578 3136
f 2523 2459 1835
f 2952 2523 1835
f 2961 2326 1837
f 2642 2505 1838
f 1839 1881 2010
f 1839 2010 2242
f 1841 2116 3178
f 1841 2226 2787
f 2992 2747 1842
f 2238 2119 1843
f 1843 2119 2672
f 2888 2238 1843
f 2391 2285 1843
f 1843 2285 2888
f 1844 2268 2651
f 3019 2268 1844
f 1844 2276 2420
f 1844 2420 3019
f 2218 2126 1845
f 2358 2218 1845
f 3104 2358 1845
f 3254 2026 1846
f 1847 1887 2497
f 2720 1887 1847
f 1848 2211 3251
f 3255 2097 1850
f 3200 2128 1851
f 3338 3200 1851
f 2590 2185 1852
f 1853 2044 2208
f 1854 1952 2281
f 1855 1861 2965
f 2134 1873 1856
f 1857 2477 2508
f 1858 2212 2536
f 2751 2212 1858
f 1858 2463 2751
f 2688 2209 1859
f 1859 2209 3003
f 2883 2688 1859
f 3363 3125 1860
f 1861 2499 3269
f 3057 2965 1861
f 3269 3057 1861
f 1862 2027 2210
f 1862 2210 3347
f 1864 2039 2472
f 3134 2714 1865
f 1866 2631 3098
f 3098 2877 1866
f 1867 1875 3131
f 1868 3264 3329
f 2728 2307 1871
f 1871 2307 3089
f 1871 3089 3225
f 1872 1972 2654
f 3180 3131 1875
f 1876 2315 3012
f 3012 2670 1876
f 2157 1947 1877
f 1879 2004 2114
f 2295 2004 1879
f 2673 2295 1879
f 3333 2673 1879
f 2633 2458 1880
f 2963 2260 1882
f 1882 2564 2963
f 1883 2556 2757
f 2606 2378 1884
f 1885 2435 3235
f 2737 2497 1887
f 1887 2720 2737
f 2735 2159 1888
f 3061 1927 1890
f 2208 2044 1892
f 2676 2208 1892
f 1894 2219 2848
f 3243 2219 1894
f 2304 2237 1897
f 2724 1923 1898
f 1898 2176 3111
f 3309 2724 1898
f 1900 2028 2194
f 3097 2028 1900
f 2486 2163 1900
f 1900 2194 2412
f 2412 2345 1900
f 1900 2345 2486
f 1901 2146 3201
f 2282 1992 1902
f 2630 2282 1902
f 2927 1970 1903
f 2710 2655 1905
f 1905 2655 2847
f 1906 2197 3140
f 3233 2923 1906
f 1909 1919 2414
f 2815 1999 1910
f 2799 2120 1912
f 3109 2091 1913
f 3344 3109 1913
f 3125 1987 1914
f 1914 2682 2762
f 1917 2007 2613
f 1917 2613 2658
f 2816 2019 1918
f 3118 2816 1918
f 2940 2833 1920
f 2724 2128 1923
f 3114 2967 1929
f 2878 2506 1931
f 2436 2053 1932
f 1932 2053 2693
f 1932 2104 2436
f 1933 3038 3301
f 2755 2726 1934
f 3092 2305 1935
f 1935 2802 3092
f 1936 2671 3176
f 3354 2671 1936
f 3176 2922 1936
f 1936 2922 3316
f 3316 2983 1936
f 1936 3308 3354
f 3210 2647 1937
f 3302 3205 1937
f 2289 2060 1938
f 1938 2060 3015
f 1939 2600 3010
f 1942 2217 2638
f 3286 2217 1942
f 1942 3137 3286
f 1943 2066 3160
f 3226 2066 1943
f 1943 3160 3226
f 2537 2355 1944
f 1945 2211 2956
f 3110 2898 1945
f 1945 2956 3157
f 3157 3110 1945
f 2563 2526 1946
f 1946 2526 2610
f 1949 2079 2589
f 1950 2403 3360
f 1951 2648 3050
f 1952 2137 2364
f 1953 2430 2794
f 1953 2794 3354
f 3308 3194 1953
f 3354 3308 1953
f 1954 2516 2604
f 1955 2311 2874
f 2874 2456 1955
f 1956 2109 2207
f 1957 1960 2846
f 1958 2010 3011
f 2539 2115 1959
f 1959 2115 2964
f 3362 2539 1959
f 1960 2257 2846
f 3161 2257 1960
f 1961 1969 2351
f 3300 2205 1962
f 1962 3082 3300
f 1963 2114 2656
f 1964 2396 2920
f 2572 2511 1964
f 2920 2572 1964
f 2692 2499 1965
f 3007 2686 1966
f 1966 2982 3007
f 3151 2982 1966
f 2927 2830 1970
f 3056 2207 1971
f 1972 2148 2654
f 1975 2501 3009
f 1975 3009 3196
f 3060 2669 1976
f 1976 2669 3174
f 3174 2896 1976
f 2752 2626 1977
f 1978 2243 2513
f 1980 2284 3298
f 3087 2616 1981
f 2312 2220 1985
f 3044 2312 1985
f 1986 3067 3374
f 3068 2360 1987
f 3125 3068 1987
f 1988 2724 3309
f 1989 2113 2602
f 2776 2113 1989
f 2696 2510 1993
f 2384 2275 1994
f 3277 2058 1996
f 1997 2072 2498
f 2320 2184 2000
f 2000 2184 2338
f 3222 2320 2000
f 2001 2289 3074
f 2885 2056 2002
f 2002 2835 3327
f 3340 2885 2002
f 2003 2514 2554
f 2295 2179 2004
f 2004 2179 2522
f 2005 2126 2872
f 2007 2101 2613
f 2419 2349 2009
f 3052 2242 2010
f 2010 2372 3052
f 3249 2264 2011
f 2011 2691 3249
f 2845 2149 2012
f 2592 2129 2014
f 2015 2049 2831
f 2917 2049 2015
f 2893 2493 2015
f 2015 2493 2917
f 2018 2332 2786
f 3187 2332 2018
f 2018 2786 3362
f 3207 3187 2018
f 3362 3207 2018
f 2575 2453 2019
f 2816 2575 2019
f 2021 2098 2700
f 2021 2397 2474
f 2700 2397 2021
f 2022 2046 3367
f 2734 2070 2025
f 2025 2380 3153
f 3153 2734 2025
f 2863 2674 2026
f 3097 2196 2028
f 2029 2125 2486
f 2031 2633 2813
f 2987 2633 2031
f 3285 2047 2032
f 3378 3285 2032
f 3155 3030 2034
f 3099 2684 2035
f 2040 2978 3287
f 3287 3099 2040
f 2586 2165 2044
f 2917 2400 2049
f 2052 2168 2933
f 2933 2518 2052
f 2053 2349 2744
f 2744 2693 2053
f 2054 2375 3143
f 3376 2760 2054
f 2054 3143 3376
f 2863 2408 2055
f 2055 2408 3091
f 2055 2674 2863
f 2055 2969 3025
f 3091 2969 2055
f 3323 2745 2056
f 2056 2885 3323
f 2057 2421 2478
f 2058 3277 3341
f 2059 2598 2990
f 3195 2778 2061
f 3182 2332 2064
f 2064 2332 3187
f 2884 2395 2064
f 2064 2395 3182
f 3187 2884 2064
f 3117 2807 2065
f 2065 2807 3267
f 3226 3072 2066
f 2066 3084 3160
f 2067 2652 2687
f 3136 2578 2068
f 2068 2628 3136
f 2069 2370 3203
f 3203 3066 2069
f 2784 2431 2073
f 2073 2431 3310
f 3281 2784 2073
f 3069 2579 2074
f 2074 2980 3069
f 2847 2655 2075
f 2075 2763 3047
f 3168 2763 2075
f 3047 2847 2075
f 2076 2354 3162
f 2928 2382 2077
f 2079 2570 2589
f 2081 2504 3263
f 3019 2420 2083
f 2083 2420 3371
f 2083 2907 3019
f 3371 2907 2083
f 3133 2387 2085
f 2085 2387 3292
f 2086 2394 2732
f 2087 2096 2325
f 2088 2575 2816
f 2376 2193 2094
f 2099 2614 2723
f 3187 2599 2100
f 2933 2168 2103
f 2103 2518 2933
f 2104 2178 2782
f 2782 2436 2104
f 3317 2440 2106
f 2110 2154 2834
f 2566 2457 2112
f 2112 2457 2961
f 2115 2949 2964
f 2116 2745 3178
f 2119 2238 2819
f 2119 2288 2672
f 2819 2773 2119
f 2278 2170 2121
f 2287 2278 2121
f 3147 2287 2121
f 2126 2218 2872
f 3292 2387 2126
f 2129 2592 2640
f 2130 2189 3107
f 2656 2441 2131
f 2681 2623 2131
f 2131 2623 3312
f 2695 2678 2132
f 2133 2171 2357
f 2135 2369 3150
f 2615 2548 2138
f 2138 2937 3017
f 2139 2581 3301
f 2139 2848 3008
f 3301 2848 2139
f 2140 2238 2888
f 2141 2245 3040
f 2551 2290 2141
f 3040 2488 2141
f 2147 2263 3181
f 2150 2770 3297
f 3297 3171 2150
f 2150 3171 3346
f 3282 2804 2154
f 2931 2834 2154
f 3330 2876 2159
f 2160 2390 2399
f 2495 2381 2164
f 3273 2215 2167
f 2278 2193 2170
f 2657 2434 2172
f 2723 2614 2173
f 2173 2614 2942
f 3182 3107 2175
f 2175 3107 3364
f 2182 3331 3353
f 3358 3107 2183
f 3361 3358 2183
f 2184 2320 2749
f 2749 2460 2184
f 2185 2590 3252
f 2576 2341 2186
f 3295 2576 2186
f 2901 2557 2189
f 2189 2557 3364
f 3364 3107 2189
f 2191 2265 2402
f 3237 2265 2191
f 2191 2402 2455
f 2191 2455 2930
f 2191 2638 3237
f 2192 2450 3110
f 2195 2299 2411
f 2824 2299 2195
f 3095 2824 2195
f 3097 2538 2196
f 3345 3231 2197
f 2676 2324 2198
f 2667 2475 2199
f 3022 2427 2202
f 2202 2800 3127
f 2206 2487 2584
f 3365 3003 2209
f 2210 2461 2793
f 2210 2793 3347
f 2215 2263 2665
f 3181 2263 2215
f 3329 3264 2216
f 3237 2638 2217
f 2218 2358 2946
f 3008 2848 2219
f 3033 3008 2219
f 2223 2393 3027
f 3027 2736 2223
f 2225 2440 3317
f 2986 2424 2228
f 2228 2424 3336
f 2228 2540 2986
f 3143 2819 2238
f 3376 3143 2238
f 3235 2435 2241
f 2774 2513 2243
f 2245 2649 3040
f 3280 2635 2250
f 2851 2261 2252
f 3179 2851 2252
f 3063 2675 2253
f 2253 2871 3063
f 3227 2922 2254
f 2255 2996 3311
f 2256 2375 3250
f 2257 3161 3279
f 2903 2615 2262
f 2929 2651 2268
f 3019 2907 2268
f 3063 2871 2269
f 2269 2871 3324
f 3324 3244 2269
f 2719 2377 2270
f 2270 2377 2834
f 2270 2834 2931
f 2271 2843 3077
f 2278 2287 2657
f 2283 2309 2481
f 2829 2309 2283
f 2283 2481 2707
f 2283 2707 3214
f 2959 2888 2285
f 2286 2619 3146
f 2287 2434 2657
f 2975 2434 2287
f 3147 2975 2287
f 2289 2585 3074
f 2292 2805 2985
f 2294 2849 3046
f 3271 2849 2294
f 2296 3038 3348
f 2555 2483 2298
f 2298 2483 3342
f 2298 2734 3153
f 3342 2734 2298
f 2824 2366 2299
f 2299 2366 3093
f 2302 2365 2568
f 2303 2992 3194
f 2303 3194 3308
f 3194 2992 2305
f 2309 2379 2491
f 2829 2379 2309
f 2314 2739 3368
f 3368 3271 2314
f 2318 2437 2715
f 3135 2749 2320
f 2326 2961 3101
f 2328 3130 3202
f 2502 2356 2329
f 2329 2368 2502
f 3075 2873 2331
f 3141 3075 2331
f 3259 3061 2334
f 2737 2720 2335
f 2335 2720 2975
f 2335 2975 3147
f 3289 2433 2340
f 2341 2576 2908
f 3366 3190 2343
f 2344 2452 3327
f 3327 2835 2344
f 2349 2419 2744
f 2529 2508 2352
f 3048 2529 2352
f 2354 2968 3240
f 3240 3162 2354
f 2355 2537 2588
f 2580 2405 2359
f 3068 2852 2360
f 3145 3093 2366
f 2561 2398 2368
f 2973 2502 2368
f 3305 3150 2369
f 2370 2869 3062
f 2372 2438 2496
f 2754 2438 2372
f 2379 2829 2955
f 2381 2495 3189
f 2395 3107 3182
f 2396 2797 3078
f 2399 2445 2858
f 2399 2858 2882
f 2400 2917 3041
f 2401 3072 3226
f 2403 2711 3360
f 2405 2660 2743
f 2712 2466 2409
f 3059 2789 2414
f 2707 2481 2417
f 2418 2444 2706
f 3020 2523 2419
f 2424 2473 3336
f 2426 2510 2696
f 2427 3022 3081
f 2428 2698 2739
f 2963 2564 2431
f 2431 2564 3310
f 2431 2784 2963
f 2432 2989 3070
f 3289 3161 2433
f 2975 2720 2434
f 2782 2587 2436
f 2444 2587 2782
f 2782 2706 2444
f 2446 2628 3188
f 2446 3188 3344
f 2451 3036 3268
f 2968 2610 2454
f 3240 2968 2454
f 3101 2961 2457
f 2458 2633 2987
f 2458 2987 3326
f 2749 2620 2460
f 2463 2528 2751
f 2796 2520 2465
f 2465 2763 3258
f 3258 2796 2465
f 2466 2712 2828
f 2467 2636 2705
f 3036 2636 2467
f 3268 3036 2467
f 2483 2555 2669
f 2483 2669 3060
f 2483 3060 3342
f 2485 2591 3276
f 2488 3040 3088
f 2489 2690 3212
f 3219 2879 2490
f 3041 2917 2493
f 2495 3093 3145
f 2500 2505 2689
f 2502 2973 3006
f 3006 2997 2502
f 2503 2678 2695
f 2503 2695 2864
f 2505 2642 3335
f 2817 2689 2505
f 3335 2817 2505
f 2508 2529 2950
f 3337 2943 2512
f 2513 2774 3217
f 2977 2729 2531
f 2531 2729 3241
f 2531 2913 2977
f 3198 2913 2531
f 3241 3198 2531
f 3097 2865 2538
f 2786 2553 2539
f 3362 2786 2539
f 2540 2954 2986
f 2546 2807 3117
f 2548 2615 2903
f 2903 2748 2548
f 2549 2840 3043
f 2658 2613 2550
f 2960 2669 2555
f 2901 2775 2557
f 2559 3171 3193
f 3347 3303 2560
f 2938 2759 2566
f 2913 2813 2569
f 2977 2913 2569
f 2571 2780 3350
f 2572 2920 2974
f 2573 2966 3121
f 3225 3004 2595
f 2599 3187 3207
f 2603 2876 3330
f 2605 3074 3090
f 2614 2622 2942
f 2620 2709 2870
f 2634 2683 3256
f 3280 3149 2635
f 3238 2705 2636
f 3121 3120 2637
f 2641 2713 2912
f 2645 2982 3151
f 3202 2982 2645
f 2669 2960 3174
f 3226 3160 2677
f 2679 3025 3349
f 2739 2698 2680
f 3368 2739 2680
f 2680 3271 3368
f 2683 2701 3035
f 2688 2736 3315
f 2689 2817 3304
f 2690 2721 3212
f 2693 2744 2952
f 2707 2909 3214
f 3115 3083 2712
f 3272 2957 2717
f 3258 2763 2718
f 3285 3212 2721
f 2722 2785 2855
f 2736 3027 3315
f 3315 3169 2738
f 2742 3148 3185
f 3323 3178 2745
f 3179 2904 2751
f 2758 2922 3176
f 2761 3119 3320
f 3320 3155 2761
f 3356 3047 2763
f 2770 3177 3297
f 3359 3177 2770
f 2773 2819 3143
f 2775 2790 3077
f 3029 2825 2783
f 2785 2789 3059
f 3059 2855 2785
f 2793 3303 3347
f 3258 2821 2796
f 3341 3277 2800
f 2801 2855 3059
f 2803 2948 3159
f 2813 2913 3198
f 2814 3256 3275
f 2824 2912 3056
f 3095 2912 2824
f 2827 2873 3075
f 2827 3075 3232
f 2837 3004 3225
f 2839 3123 3222
f 2847 3047 3356
f 3068 2970 2852
f 2964 2949 2854
f 3071 3058 2861
f 2874 2943 3114
f 3069 2980 2893
f 3321 3013 2898
f 3372 3290 2902
f 2922 3227 3316
f 2962 3110 3157
f 3130 3007 2982
f 3202 3130 2982
f 3316 3227 2983
f 2989 3023 3070
f 3007 3130 3152
f 3007 3152 3156
f 3027 3169 3315
f 3278 3096 3034
f 3051 3096 3278
f 3066 3177 3359
f 3344 3188 3109
f 3236 3156 3152
f 3313 3248 3154
f 3289 3279 3161
f 3240 3166 3162
f 3198 3241 3307
f 3212 3285 3378
f 3220 3279 3289
