v -1.089103406358411 -1.3886317004748934 -0.11093133692215046
v 0.12018892883698251 -0.035262000281471584 0.023689280189073902
v 0.2685617859410877 -0.3892784650784208 -0.3597543584443478
v -0.13243462578842707 -0.4176435539565003 -0.065813884773746
v -0.11060979686407418 0.4100250804657193 0.24469142198509208
v 0.5820848780997826 0.8732584160271002 -0.34246425946970377
v -0.4134885232419163 -0.3130864266032446 0.5160068966628906
v 0.12211072359775121 0.8293146558685344 0.210355277005569
v -1.169576731318583 -0.7882028940673288 -0.058006307597571916
v -0.6637580805816321 1.570207204979933 -0.8011670808142142
v -0.6317479012613942 0.07140886754524486 0.1941199503911244
v -1.1379107436078533 -0.6342239514388325 -0.058821002963526825
v -0.04696491816308229 0.9319137851060303 -0.5298045937223461
v -0.41713175556486165 0.5051662386559768 -0.6032916901378687
v -0.8095019387565034 -1.110317709689907 -0.11032826734872528
v -1.2075494953150347 0.9752394708790307 -0.8408138304036904
v -0.5259387412147022 0.9126878655675249 -0.9281742442575933
v -0.3146214364338418 0.7365036790704003 -1.0286325804042677
v 0.7379411604863684 0.8849543574039148 -0.36661127787558606
v -1.2147079295532093 -1.2328809912272551 -0.20797660777098748
v 0.0917071580642303 0.974550248509402 -0.5049636576993611
v -0.8956026476827994 0.9103445574622508 0.12218740046479881
v 0.13085838921710058 -1.3947542832012 -0.1593169010899932
v -0.03998074753541059 -1.1506134223993945 0.1512151386097818
v -0.5970976941753026 0.9738891776448407 -0.6291456407881995
v -0.4196370596978767 -0.04007526829515873 0.260686631645739
v -1.030558185787243 -0.21723386849145998 -0.3206742952553173
v -0.6124253195642543 1.3877189394669118 -0.09346423710762525
v -0.39048005239903527 0.31626028911796483 -0.5269778949047924
v -1.089346999793317 -0.2590371752154046 -0.2993612083460763
v -1.142924208981921 0.6143350980175148 -0.4748382506140652
v 0.5743722248416891 0.6414754465768363 -0.5549008712888104
v -0.675661092361938 0.051718038587708626 -0.2912052238275557
v -0.8963879927570979 -0.9367888554674236 0.11827508051215263
v -0.720892788872284 1.2787240440192296 0.0006117392588840809
v -0.5739718221657953 -0.25870311335257423 -0.2304871626040842
v -1.0191432999262438 0.6741791239388708 -0.12660774926920187
v -1.0825167333839096 -1.066856281315467 0.08952398235238179
v -0.39967746278706334 0.919919645565176 -1.135923140978445
v -0.82394410041119 -1.259295714264192 -0.018995154657638458
v 0.07441370248713675 -1.0772700005565765 0.2728508989833637
v -0.7125493141312276 -0.4425260678943508 -0.22758110411433174
v -0.6827600068459634 1.1265302944196736 -0.5201735822250393
v -0.4344558800988597 -0.31000112953864467 0.44677810998940615
v 0.6217807979191887 0.8915079838281099 -0.36474504687322223
v -1.197270699504529 0.6748559388673023 -0.746340735999764
v -0.5648100956585697 1.144562821908726 0.3367338567009516
v 0.08858302031414339 1.539160530400911 -0.8376198233752352
v 0.42119141434444174 0.8631439139186312 -0.5370402697764118
v -0.6423968224312857 0.3053576647462661 -0.36225438791637077
v -0.6655425143790661 0.8185587429955653 0.3875311597085298
v -0.8195264319719071 -0.8087993063940505 -0.28641121631840016
v -0.8953051088513839 -1.2620153414595623 0.16576507117882888
v 0.14070869874110747 1.10859105250703 -0.1697843259702943
v -1.0985765576417093 0.865803461926111 -0.7654079361938719
v 0.16139697808010756 -0.015285360621316524 -0.04613114762568621
v 0.004021853064903769 0.2951270201970895 0.11934633618795226
v 0.22067965220133923 -0.8473165192997202 -0.26520468155715404
v -0.62468445088063 0.710012333590643 -0.615717672567671
v 0.07357223422069187 -0.8681264554977378 -0.22170882802783032
v -0.9777597882860267 -0.2437645741308927 0.11514946425860584
v -0.4326597381524055 0.9607910755340807 -1.0200316862229777
v 0.36007183953272637 0.5493832821973055 -0.29433651433762426
v -1.5183913214492106 1.0846779773040112 -0.8722970830786877
v 0.10402824666748606 0.015348272038429978 -0.20162217971834848
v -1.50127360798608 1.1876248345714533 -1.157490470543458
v -0.4665145902961798 1.4154193411408862 0.05450634717672975
v -1.0110292529585652 0.9787207271540117 -0.2689237970711897
v -1.1316019493647063 0.607775018125515 -0.3675117064624384
v -0.7511148381364383 1.598501385631267 -0.90599409498823
v 0.33923582972639577 -1.3080822126067604 -0.14974482993331723
v -0.2519947870818581 0.7449155246065886 -1.1150662922652403
v -0.11188884221531847 0.5023353640651377 -0.6094205065544382
v -1.0820782372293918 -0.3065221909177359 -0.33283446673876244
v 0.38793807335152664 0.7645709693799698 -0.5299686476670651
v 0.23570580274290776 -0.11242947142442511 -0.2346743043822824
v 0.08218399740038973 -0.0007127510059589115 0.03576913297104911
v -1.1083326625195893 0.7902921144560043 -0.7295032788613891
v -0.32459827788232865 1.1811733847242027 0.37206861088897447
v -0.2950450915955649 1.174516263057815 -0.9154446091847709
v -1.026496437086265 -0.9963185795248931 0.12236797768467078
v -1.141056659314309 -0.8373545228251617 -0.2462184194375871
v 0.8197628606221881 0.7517800563326678 -0.545828294544261
v -1.114176707181917 0.9660601022291687 -0.7753127705279066
v -0.37894366951723035 1.2028979151706007 0.35902847010979777
v -0.5305956474976171 1.2998168538927226 -0.538548283366175
v -0.3652059148623011 -0.3147879043687126 0.5443589587267017
v 0.4521846630011428 0.5685345772706389 -0.4190834056268012
v -1.5825641857235968 0.959491171296186 -1.1896981299744744
v -0.07815866387681103 -1.0368261378044519 0.05702427852848335
v -0.7290387835025622 0.46732162494590024 0.1778363925962449
v -0.7467060806774677 0.3774404226322064 -0.28325926671944607
v 0.17124698790746729 -0.03865814270862611 -0.217307822722136
v -0.5849820975731956 0.010805010724161956 -0.34798718916436383
v -0.1786406960383967 1.3813357804956872 -0.8294940282989836
v -1.5332975333925396 1.1539743555613446 -1.1877478240726616
v -0.8475523641441527 0.8712575413110035 -0.5370977915529123
v -1.1708798722802682 0.9112387323790633 -0.30402466799567845
v -0.030209438047625603 -1.282397270885717 0.28239383962592435
v 0.02844856836180054 0.8695376022320633 -0.5331646926327217
v 0.33713291829178993 -0.6205570250915429 -0.32128779427206766
v -1.3335101380459027 0.6687239057067185 -0.6279358453422523
v -1.1745415459369093 -0.5943402816597964 -0.21959624638140568
v -0.5519931889220605 1.3953050208409725 -0.6763298609555483
v -0.45058585335189855 0.44963410823719185 0.34035517120909287
v 0.6644749429372727 1.3511558486003636 -0.783922615649062
v 0.3786623022801242 0.929908394960448 -0.31243073937646265
v -1.0305089556179838 -0.4545384889306888 -0.3774014360854504
v -1.495070526740315 1.2191288662139947 -1.0582330987815245
v -0.2051671260056617 1.4201743281465666 -0.30732674563514134
v 0.5479152845370392 1.0887403253982837 -0.554100161766395
v 0.031771385009254915 0.09955747554510863 -0.22542582568555852
v -1.2765215818202391 0.9523971118978465 -0.9609825956686329
v 0.15912881391419365 0.5713865904649993 -0.04747818415630922
v -0.24532493829784943 0.7905478755747897 -0.7389876387992956
v 0.00182937229231539 1.286662788428028 -0.12594899605871282
v 0.043381553205619205 0.49943829647480353 -0.48647303389505914
v 0.06597036882320795 -0.3528646830815456 -0.38204401686862566
v 0.4384457495191775 0.9563868135248195 -0.5986788792216562
v -0.6591261889788764 1.1269207192319683 0.26571588104322974
v 0.33230766241221166 -0.8356598781432517 0.05260167508440872
v -1.353747553748741 0.8320639530319849 -0.503490528799341
v -1.1204859210003706 -1.0524101037257068 -0.14758611498298854
v -0.8272157688308426 -1.2955062020353316 0.1666073586161097
v -0.2528606306756148 0.8564956033336735 -1.2529395570489035
v -0.10453438639004914 0.7730366803935619 0.4028561477669854
v -0.7592150391190127 1.2166158099277036 0.03227710759654273
v 0.3049277962923872 -0.983660751768758 0.01670952509200546
v -0.5925674197157499 0.8732287660387964 0.4137272840109437
v -0.4724384941251186 0.2470677257792478 -0.49994319940352383
v -0.0201460242276289 -1.1658645252444084 0.033354117447970066
v -0.0045775226533733004 1.2429333513318173 -0.23349216094699066
v -0.4962202622370775 -0.10584137988579334 -0.3425697127299919
v -0.9905343179166111 -0.30793797785924404 0.09998701168185614
v 0.5240130983122048 0.6577254383472209 -0.6477577216537541
v 0.5684136760803252 0.8484686681914699 -0.26892641442190923
v -0.9337676171290376 -1.3217129955383888 0.18083327914989844
v -0.42536703981625146 1.0193863854048968 -1.0213956056647304
v 0.30655145282844587 -0.631962100882288 -0.09864731080427441
v -0.0013892498207693782 0.4157723231109772 0.1469248812051442
v -0.2097525046887602 1.4062003326144779 -0.397847540553675
v 0.025822946014792403 0.9113504992487208 0.3126210636521881
v -0.33185743017376423 0.008204802652842846 -0.4213486527453482
v -0.8293964815150814 -0.7397824851692961 0.04216346063732873
v -0.32975433892117 1.4470583761331377 -0.016305237389901417
v -0.8814265966711174 -0.8450237200694003 -0.3029396862134336
v -0.8016758203477512 -0.7381303574517463 0.006229512952518723
v -1.4566734522306501 1.2606809072688634 -1.143546065060344
v -0.7013204999286338 0.501961122871796 -0.5748529358238887
v -1.5143875540595924 1.0888867571801426 -0.805948501064184
v -1.0045452760351972 -0.8486992596909221 -0.3014103741819374
v 0.7704011844741676 0.9536971360144002 -0.8902204210892494
v 0.7025236900236973 1.2971746283514554 -0.9955587776828474
v -1.0763401253419878 -0.7389566011285095 0.09952689740918164
v 0.1471009684904092 1.1081116577500474 -0.029983951805317266
v -0.8811700763208257 -0.25686331559450026 0.16736964702834428
v 0.22562540611289872 -1.356989328859969 -0.2875806925754004
v 0.11645119217126282 -1.4037477400308682 -0.239030175372897
v 0.3547996160734008 0.8557913761519045 -0.48698749315977297
v -1.1396117418586857 0.9576625622129437 -0.3481217529589907
v -0.8093449976122131 -0.589639080212414 -0.07632328716444223
v -0.105725101149453 1.442322449834224 -0.8793014133008328
v -1.543896784838089 0.8239813342527175 -0.929969626972541
v 0.5945766339537739 0.8337414950252238 -0.33533755311658764
v -1.1960664784162214 0.8122562623617875 -0.7900247790438005
v -1.5625857478835583 1.0666609741012876 -1.1318303636845857
v -0.03540174240101085 -1.3289458344641933 0.2961080980637071
v -0.2422543463487425 1.0161766343125713 0.41910659907222925
v -1.3643407912815686 1.0362910944709203 -1.1080569071596447
v 0.06319979319780072 -0.8427509006155655 0.20064202874824955
v -0.3731981251529737 1.3746345434828204 0.1733635000547573
v -0.17229378038171614 0.1882926778391722 -0.37001193573222624
v -0.47721557876359133 0.8352510670375528 -0.8419007702040309
v -0.14119901448069438 0.5059246509915734 -0.6198117685267783
v -1.073231731655771 0.9816136988901664 -0.3515312618566138
v 0.7321005723253724 0.7168184244705034 -0.711080286600489
v -1.0034260289362804 -0.058985387486541085 -0.0847966304526516
v -0.7065311057572793 0.2377444827589168 -0.1909618500960841
v 0.07719346880972716 0.539827174882041 0.1826683816604986
v -0.013629480268590177 -0.49947114812638294 0.03975104248519279
v -0.5731057587944973 0.5524480999910082 0.3749135312626827
v -1.1595403501361707 -1.1896770222526016 -0.11458989373365985
v 0.03962333726900236 0.2574690975184893 -0.011864192612130953
v -0.7887591545872521 0.407090111239393 -0.20221068403471604
v -0.9715781852999836 -0.1500434785543111 -0.30138382105898875
v -1.4014261535054362 1.3089679311790818 -1.2207137360010625
v -0.009398942415866363 -0.675765782827917 -0.03003533979043682
v -1.2069061265324392 0.6484216756089629 -0.3839225753930807
v -0.31870614189800106 0.9250724898600032 -1.1801378668657012
v 0.32660499464829196 0.5477692958730656 -0.3725418549498709
v -0.08491284729736315 -0.9759946513898746 0.04487151954211421
v 0.1621624832363563 -0.17977884044306564 0.13989959219746628
v -1.3027473161514038 0.8538307407056487 -0.4410205608545531
v -1.2854073476546533 -1.401067772691821 -0.3742803752209422
v 0.015944105369964767 0.7332566057556007 0.3202366151965643
v -1.067379655123296 -0.5006976466654716 -0.04500608641181225
v 0.1694175996129419 1.0689412859713041 -0.18045826182034502
v -1.1439215195049492 -1.183300536526723 -0.034915560035125415
v -0.16541148663434177 1.4203434169949594 -0.819669312868654
v -1.416782290035432 0.7329279584121979 -0.5911291610407983
v -0.7724190140653668 0.44301788517326907 -0.38276115098600405
v -0.5451009252662201 0.30238882979879755 0.2797545910713535
v -0.6605848125611685 1.131533749925722 -0.5814129357967825
v -0.5787041521049415 1.3001030841706473 -0.4910056060289076
v 0.7678536231138864 1.3623659017928382 -0.8343040396091036
v -0.7648862587147449 0.381128729330902 -0.1391216826750915
v 0.005160380648128682 -1.3907075193325857 0.10264242387560346
v 0.3317898065854953 -0.6667813768369962 -0.23155793876524816
v -0.07902750443704043 1.3604460650501649 -0.18181786563037708
v 0.7877565773583646 1.2802127771246843 -1.166579330805843
v -0.026496576203629774 -1.129605326778198 0.20655752109128822
v -1.0377596165044132 -0.09709293505516114 -0.08078141465110736
v -0.4144449151827033 -0.33642955870225044 0.5878176498717632
v -1.0535547686631155 0.5810140255823155 -0.4122472052237779
v -0.394880618149647 1.2655817066833315 -0.8404319169761785
v 0.03347342220846444 -0.19386897841586193 0.16181632809365043
v -1.3990334354129146 1.1802076422480208 -0.9815787082987074
v -0.4533093766036834 -0.4087972282008677 0.54192150591463
v -1.2125073969306972 0.6994546001206294 -0.8167221759584482
v 0.2431174606682538 -0.9549980041806042 -0.1704919097545128
v 0.2771237994773379 -1.3164920202057475 0.06109913396283556
v -0.04458586623767635 1.2571626684276085 -0.29615063808291503
v 0.30758698466389023 -0.8431330538003953 0.11103664724893203
v 0.5790623574928988 0.7588609290785271 -0.2935249557965775
v -0.7370991847703783 0.2064046249397528 -0.17747034618633328
v -0.5849594405066616 1.360487762843689 -0.27236781104280244
v 0.09007437077031794 -1.2398444827862645 -0.23000459106264046
v 0.44424418035179003 0.6972834377695506 -0.5838385206216221
v -0.7778505962219373 -1.0880145449367253 -0.022185165730796597
v -0.047376501558674566 -1.2921242052899284 0.05228177888310631
v 0.8653713557372658 1.0437422324346008 -1.0646713220167419
v -0.0899254735208182 1.3235471341206795 -0.2833108145427775
v -0.8877336326939338 0.7086986033474207 0.10302987170120187
v -1.4107998654411684 1.1901301187246918 -1.3410411806508495
v -1.1348242677364406 -0.9829562248903417 -0.17337041613249235
v -0.3454789824486563 0.6791775045816919 -0.9616215689004017
v -0.9786056720830748 -0.7232216480363568 -0.3290070208766248
v -0.8143523291948997 1.1215422633010717 -0.26419328529170366
v -0.5172233629141527 0.9141091269677899 -0.7649225475039438
v 0.06979813436176929 1.1915506608530033 -0.13377057905820297
v -0.6830859169599878 0.5900779111240938 -0.618071969550012
v 0.02704864536282159 1.2659970862364558 -0.03245067498993964
v 0.365140668867434 -1.2955679994840001 -0.036153766723234226
v -0.13527576998437957 0.5338170583175691 -0.6211031613798904
v -0.5673982759044447 1.255046510401193 0.24967623635967984
v -1.3524859307625916 -1.3248079827945838 -0.43103143184352793
v -0.9658504229367987 -0.2272486315557155 -0.3576349237345887
v -0.8984512643151573 -1.1202418644678027 0.12134523290617694
v -0.052901968684948286 0.8237696485208582 -0.5598448669800392
v -0.7637368821128886 0.8858500308039639 -0.6042825272133159
v -0.7415160540186018 0.35992111566172574 -0.2321335161662299
v -0.46089110238647035 0.09386867374606953 -0.4363087101863042
v 0.10902309088986945 1.0945647898796562 -0.3670217623834717
v -0.13443210394252128 1.2116372492231555 -0.8488865591935978
v -0.7370123127022212 0.29620137273824426 0.01382560419459844
v 0.3015321533596448 -0.967821604142236 0.11972241552073065
v -0.47668809268460915 1.2283002629330393 0.3259058967539774
v -0.8813947089478473 0.024653393401488977 -0.06880653561478467
v 0.3121368393043983 -1.2486464334583238 -0.05655947208340606
v -0.39875995149131627 0.6354395161411458 0.43231918530224855
v -0.4107217437740412 -0.3538796157674339 0.6654107701729546
v -0.17348891067172315 1.2352963614872725 -0.8450143985916866
v 0.8084883726505492 1.0218656359093752 -1.0385955359080974
v -0.5327687678667916 1.3972959456283798 -0.4183802173934094
v 0.17538384058825252 -0.7347258634780208 0.16310060814633381
v 0.26330944235936493 -0.10879652868636963 -0.015738590949008535
v -0.5620087911369284 0.9594824201540857 -0.8925453877597102
v -0.7593818302931099 0.38952654906399786 -0.04406338061791759
v -0.21758453711135198 1.3289251904560464 -0.6914917940581092
v 0.19795847056453686 -0.9492662658418988 -0.21092248595527463
v -1.5254025446942432 0.8650555789327221 -1.4087402756770842
v -0.24868719502408532 0.20698499748709093 -0.46110411229867976
v 0.514427360988413 1.07097490754106 -0.6837252153832825
v -1.4731861780618134 0.8299014818836771 -1.4440784264271098
v -0.3891369518843799 1.0783799721401661 0.41505406104821085
v -0.3042161486584092 1.0736402896432733 -0.9754099123493911
v -0.8543419117690833 0.06313995733003067 -0.06250345558771236
v -1.0399112985734191 -0.10981983289860503 -0.15776541150659856
v 0.6082263577135099 0.7578706114772684 -0.8042046861523442
v -1.5746138330646606 0.8578633988520644 -0.7007780345323898
v -0.442843130530195 -0.3716898882228665 0.6615440041106944
v -0.08429926836150681 1.3677776440313592 -0.06649873157232455
v -0.9294719052454196 -1.4055696758687648 -0.11238982064600708
v 0.3896465240589879 0.7748373577492782 -0.09736802569571229
v -0.20699327757639646 1.184381157818656 -0.8947394269548644
v -0.4056456018411401 -0.13186797578473147 0.2923867448147053
v -0.6544132793824737 0.933480519258883 -0.5894948353040965
v -0.07088278851245738 -1.0574829290157117 0.05827005755188008
v -0.22347435544160732 1.255920685561744 0.2998269938002014
v -0.1883050338028807 0.5669406306622136 -0.6303344774486136
v -1.0701469740451361 -1.3895667739941708 -0.05241306906946086
v -0.7206523522420629 -0.13837542894546956 -0.32833120493701756
v -0.3598667991113036 -0.040407651856764204 -0.419075034100454
v -1.3592498643140685 0.710998675216381 -0.9016770646831024
v -0.20335110418160485 0.3183670566494323 -0.4754841568282743
v -0.8508801757357283 -0.7525318802410622 -0.3063519323404351
v -0.5888743378504744 1.5129128982347186 -0.9277887544500905
v 0.6377641795521565 0.775463603863426 -0.37360062326536736
v -0.0921621095994386 1.4999131765433709 -0.8395888902871677
v -0.55950054997677 1.3210093628508761 -0.786401066962481
v 0.2817330539933359 -1.0824734536252403 0.11750667828831357
v 0.18462005170221452 -0.07325622255786834 0.0354210453051263
v -0.1931078923530191 0.9039191212839839 -1.0602304570569598
v -0.07577110056662245 -0.8609401694511433 -0.11299504803529262
v -1.0657438508831345 -0.1712540292506307 -0.019161226559782252
v -1.3293483506040642 1.087219804468441 -0.6579716830895657
v -0.7420511324126482 0.34510355398666126 -0.1375871559219327
v -0.030657924090385813 -0.7809164494012145 -0.1529252906733155
v -0.5725723387218992 0.4056633354208181 0.27121355630041266
v 0.7056348808786217 1.3801076236351504 -0.7932147701371822
v -0.6196483284400284 1.5627100935505607 -0.8024738381154431
v 0.5531710246807645 0.8849151171228983 -0.29552051589212913
v -0.05641073711214911 0.4972911498150597 -0.5830232058825963
v 0.4347933065192725 0.6449245753712293 -0.17392195786236253
v -0.05437285985000212 1.370330799729056 -0.7799662402892662
v -1.0532050626352973 -0.6401361071591981 0.038175976765545794
v -0.0728462411071975 1.274867407703647 0.18556295177877202
v -0.19211239998965082 0.7456798509560247 0.42997915388031793
v 0.016357906520746923 1.2402151427005772 -0.18991904562199918
v 0.10578586760487713 -1.3067113801623438 -0.27773006337496964
v 0.07325733296351078 -0.010298528289303666 -0.25094027997385504
v 0.30433521610161673 -1.0112021743612405 0.08429441571585189
v -0.35420453045543665 -0.44782242692367025 0.3774183159215091
v 0.6491624022795675 1.2421312831846008 -0.7326998832607873
v 0.10896824640341801 -1.3944590620238566 0.12079936543282849
v -0.803667064811582 1.0627778446020861 -0.44352100990188226
v -0.7458700469102267 -0.34448804191152393 0.15307054057329073
v -0.36048165675285493 -0.29477052594430453 0.48681134837520945
v -0.4139909147216332 0.7635364764929027 -0.6820251961414978
v 0.28649583311184545 -0.19308283415050415 -0.24918223946115786
v -0.15973505231694693 1.3488463462769023 -0.8762670846460463
v -1.1638766809053829 1.0306505038725398 -0.8491290337610206
v -1.348166343046074 1.196509521497937 -1.0669596257973526
v -1.107084386024132 0.7490648047083477 -0.6653574672043636
v -0.3325361831405148 -0.06587033854418795 -0.40243357856939754
v -0.7587790004770025 1.1897577756101159 0.08478609803537279
v 0.07636229012817203 -0.5591795713047348 0.05893762184379897
v -0.07291153501675074 1.4076386767236375 -0.9236869862568129
v -0.004374528124285126 1.3094806122436884 -0.04412591731831578
v 0.5365034356020656 0.6243394316384451 -0.35612750953812017
v -0.5767591208641206 1.393751852956353 -0.015036241866229094
v 0.24887075718578666 -0.8350751500046399 -0.24958363317074278
v 0.8172735602901373 1.3172910465278997 -0.8701159308393663
v 0.14309863964469782 0.7131975894769977 0.1423807208009344
v -0.04726317626645132 1.0445248802390736 0.33268417578497067
v -0.6979995813599453 -0.37037769642243346 -0.2803582031738149
v -1.122996359935942 -0.7709621851001559 0.06387890028542587
v 0.2970547853482245 0.5436647504908565 -0.22799986024968216
v -0.49362810601568186 0.3404265480486023 -0.48732822826794925
v 0.32261587243483725 -0.400416051621584 -0.03123974069673291
v -1.1612906584753682 0.6946766363719914 -0.6630326803518911
v -0.32633114387665463 -0.23874253743271312 0.11510698725379859
v -0.4425785183704268 0.010314906806983382 0.26199662567075865
v -0.5232432296095493 1.4347135115958647 -0.12771744603495874
v -0.7929799423090511 -1.0239963640918863 -0.14500526731508348
v -0.19248444340757917 0.9349176246219005 -0.9940178174416604
v -1.1764030217524697 -0.5197078445572676 -0.3412581802621829
v -0.25271156156325975 1.3374376541466133 -0.6551672217632398
v 0.16067005387225153 0.9578296331039118 -0.39516473608636665
v -0.8176428785033307 0.07560689830162745 -0.17419999643192866
v -1.2534379070986685 0.9468831930823812 -0.4051487103150587
v 0.17558521675544547 0.5694477329751123 -0.36401376707409244
v -1.3449543941783353 0.9840061172860408 -0.5338305986031924
v 0.06112589239865113 -0.4371253944520028 0.10693747642659751
v -0.7783073139326093 -0.7068495598518719 -0.06445635886046835
v -0.7220779292740486 0.02124100741605206 -0.2973103042696611
v -1.5561322001597768 1.1013361159484325 -1.0675765613356583
v -0.1482475999077539 1.3965762940591642 -0.05137306176408385
v 0.905161640041011 0.931814465637123 -0.5110133342212735
v -0.712398406879436 1.5895772386462252 -0.8568733749446195
v -0.43440950703763787 -0.5772947551291059 0.8294684311302348
v -0.4506497486770978 1.3923075548738009 0.11446741462873522
v -0.6588780201751555 1.5395369693696659 -0.7717614851363456
v -0.39871383816718875 1.4452033138258291 -0.003776459010083333
v -0.8973686801060907 -1.3658164340706231 -0.12214262886076693
v -1.0292448151799973 -0.22748972751856078 0.06583512020107846
v 0.33905309469066336 0.7171429160203973 -0.06015061712905484
v 0.7922670518594206 0.7427030041181857 -0.6650982096246933
v -0.3294156417501952 1.1220028970479348 0.399680542112673
v 0.050759085672728854 -0.3373309862779271 0.14815273836903375
v 0.2925994350504908 -0.44894091479108056 -0.0051992988126906
v -1.113646823529757 -1.3908997447621485 -0.1822382601073993
v 0.0512856127224397 -1.2907906351286567 -0.20221190280108162
v -0.4138358916358856 0.8904827016180024 -1.2036775000664375
v -1.3986524610348974 1.1436931222181077 -0.8020124051775206
v 0.02244688326300537 1.3327263828918823 -0.7283057909577568
v -0.04809105828488641 1.1386593573911314 -0.48154586117563064
v 0.011587255370302474 -1.4040434407228473 0.26676945461684
v -0.09414805942250087 1.1649697460352635 -0.744128295430467
v -1.5300804697020205 0.7809694908087443 -0.6271173538187652
v -0.7316406099357766 -0.2895391211683379 -0.3484851051741481
v -0.8097291287949151 0.49669677144440555 -0.3764916369834266
v 0.047507696726208526 0.4561186046347485 0.19966224048919845
v -1.179289919636573 -0.6797567032212555 -0.2549942565417803
v 0.08943234063274691 0.4461588059356034 -0.17203922356462206
v -0.44330859938296746 0.4146326566804927 0.3308786233637919
v -1.1682041206740592 -1.2232834058960074 -0.23942869199466804
v -0.780768982233781 -0.4430036844512262 -0.32854576775669064
v -0.11293210622426259 1.3382267354391146 -0.3876103226580348
v -0.32430597375235215 -0.24302348426150877 0.38826713475513364
v -0.36056966766827164 -0.3693603861431435 0.6654030180196784
v -1.562486308535992 0.8292452860845781 -1.1525679331321743
v -1.1881255761915623 0.9368002390409822 -0.8034751445937686
v -0.8276243952195151 -1.407554886440097 0.0716833805962448
v -1.100160674200104 0.9079179936283635 -0.6810020317876978
v -0.6307513499698724 0.3905066969590256 0.2221969708518422
v -0.1951711639110786 1.3299208826171793 -0.6239900193044408
v 0.5651187312210675 0.6845216752161403 -0.23588975410497476
v -0.5028300318331956 1.0363591455896284 0.3990754545818229
v -0.028348082110724093 1.478466125232798 -0.9161005452467754
v -0.005627879482969611 0.1804962094187238 0.12285999966039196
v -0.19640763235863323 1.4186172442257559 -0.24620783015605002
v -0.02817379852044488 0.282733205207428 -0.27374839361814385
v -0.8861327730828445 -0.9532968261117835 0.11264152279509476
v 0.8827168786118795 1.0194077038264062 -0.7694649696675995
v 0.32432264484107376 -0.7427530383775424 -0.0760484453591137
v 0.3393935101224158 -0.7750855114722607 -0.15200737978203874
v -0.9013024783184583 1.0425315778582651 -0.03115117034757464
v 0.6328137703526759 1.1012380352256674 -0.49858869043649545
v -0.5832730274926634 1.0089673115836897 -0.8554892559488402
v 0.12834485341617363 0.9821975878781659 -0.40278628156368834
v 0.11956883649399208 0.4604723777488322 0.08087727454361154
v -0.4513159743239922 0.4447982031367471 -0.5953733051213084
v -0.46283901071510514 -0.48444697558268646 0.7282661080465863
v -0.8127115899499464 -0.32897370551131944 0.16158300426385785
v -0.1972192108794565 0.8782741990552398 -1.1480364199264796
v -0.5129786793796776 -0.0901904217739839 0.2284376540369517
v 0.10736085340541818 1.1633675277993731 0.014168636977070492
v -0.7783650155270981 0.4289903038806475 -0.028609343183144897
v 0.03929409053230498 -0.7255118498957337 0.1246217364317389
v -0.17819618597115702 0.8696454930250826 -0.6652519939642989
v -0.6103959337071134 1.4263854013029253 -0.7111454006920538
v -1.1623323840415227 -0.8062397172083257 -0.08027031198884294
v -1.124884348914898 -0.3318368874007349 -0.29058397265752917
v -0.8655023551765453 0.02982583785704812 0.02448825147093514
v 0.8876963184265927 1.0881589938216742 -0.8041483831422094
v -0.7571152645093149 -0.7648953259704664 -0.10283884813329935
v -0.11830298981987136 1.27614367586596 0.22434981174788426
v 0.21016895112517142 -0.1506339209089977 0.09742824166696712
v -0.6003665654262473 1.2144351172232413 0.2612111607178015
v -0.21019170013545485 0.871430106640505 -1.1842161788013854
v -0.7842953528440653 0.7296752508004296 0.24572147936177946
v -0.8213829128433463 0.4857447770450122 -0.32631686385156994
v -1.5964555449001432 0.8474574717237844 -0.7621378861361146
v -1.207493771718418 1.056333367696829 -0.6725374995809184
v -0.12439883960524062 0.7526729525437852 -0.574699431201154
v -0.31499156179322757 0.3345020248465924 0.31394384473415826
v -0.33133895497397686 -0.2698850749793107 0.42664073302742866
v -0.4201401304899941 1.3906399628092516 0.12872732076232507
v -1.1113285301046418 -0.6583385226877031 0.010184050172877879
v -0.1890829863598796 0.8543844002918263 -1.1702068190649182
v -0.49456154119328755 1.2562561659887046 0.28915463635249306
v -1.5474498084702042 1.149140188701454 -1.1231348452818624
v -0.14426327284065557 0.6722070201009125 -0.6110833034726312
v 0.050454553919543454 -1.403927937634987 -0.1526226170393433
v -0.8223760475930892 0.6676611214561485 0.19257877037239612
v -0.08659965990689106 -0.9104792859941276 0.060759577661471886
v -0.7509476873263643 1.2386650916610897 -0.021388012608595575
v 0.06777931780638913 -0.16126947560842064 0.15576197630404065
v -1.5197734624471178 1.0613741454253514 -0.9311814203961366
v -0.8682616022686855 -0.42169411398264656 -0.3702802241708677
v 0.30109217870166727 -0.14073799755527533 -0.07869890256829273
v -0.07835174843676262 -1.340573425025653 0.24116233412520582
v 0.1458950091615473 0.5059126431459058 -0.041405870547639334
v -0.7845681766919688 -0.3461916774928524 -0.3614162562725988
v -0.5434713946758748 0.7587325989741636 0.4287949325482717
v -0.6829637606065582 -0.43715456492567095 0.05028242263002253
v -0.7928225815894547 -1.3566614807076256 0.1339803836160014
v -1.0128698299279222 -0.787650912782376 0.12711559215282803
v -1.082943061854548 0.670528339260414 -0.6164374839750983
v 0.04418983506332247 -1.0167890992799826 0.24531263319556562
v 0.10665021271539743 -1.2228594350389943 0.23092022118432676
v -0.01922118035391185 0.15847735688492445 -0.22362235116113427
v -0.2889584325073788 1.4465916485544468 -0.44813276188994106
v 0.7270309637793819 1.2679632960403509 -1.10327710527157
v -0.6439426777177115 1.4089734256917223 -0.7362111891196017
v -0.12387133354648194 0.6144134587008891 -0.6223547944777972
v -0.45697352775260863 -0.40731938407359713 0.4707945006166291
v -0.09833777859186571 1.240340715595786 -0.48683962283400706
v -0.35980638026721273 -0.22602892614063175 -0.28878866986168733
v 0.003212352440835009 -1.2972322749056526 -0.03536480530939207
v -0.28520659011946065 0.933020185208667 -1.1341394264529643
v -1.0559208137540295 -1.2034187928426041 -0.20946156469868682
v -1.055459181018342 -0.8535348650947195 0.11729800950270358
v -0.4466741527723234 1.4452609554809883 -0.4633910174949366
v -0.7067569371708899 1.1126116029088955 0.23509649396411714
v -0.46875028732530544 -0.27814976946168657 -0.03762010249924952
v -0.39397477504336714 0.7287319456132404 -0.8525950454665433
v 0.3517530198358525 0.5659226210907466 -0.42919860702744717
v -0.262358776659296 -0.2841240423071443 0.3113932664276281
v -1.589013557674093 0.9287113665916749 -0.8437493790435349
v -1.582721985998276 0.9849087036887535 -0.7206375927023425
v 0.3788709510859578 -1.3933423723363298 -0.4085765206879421
v -0.5947746056038313 0.33683698140529583 -0.49463527208361957
v -0.917336348846604 -0.5157202807663787 -0.3539858173573568
v 0.08793523600094466 1.0188310075579414 -0.41784991416594286
v 0.4837078152897808 0.9280447213694742 -0.40842419487202
v -0.4958736730543911 0.41934614569041345 -0.5996369694434445
v -0.2533759290909411 -0.2813563038099979 -0.10018883047920299
v -0.8225298319326948 1.005372969773803 -0.5014443998895056
v 0.143999967321492 0.8695691702789097 -0.4558220388095471
v -0.7106714948585025 0.37699577270653134 -0.4051749837211366
v -0.1716317904474365 -0.25013354746081284 -0.27109182259736037
v -1.331222034063057 0.8848948176699893 -0.4880677597147674
v 0.34090290231675646 -0.25441765109429304 -0.18713626235315958
v 0.27589240589301045 -1.2542226492168695 -0.19014461729851553
v -1.0792169534187426 -0.16887813412990943 -0.19156234227834265
v -0.18540634785065124 1.4248592660558899 -0.0849101955021927
v -1.4751987809067066 0.7350318288760751 -0.7175140743253267
v -0.17773037746218423 0.2496004022060474 -0.4482577953311846
v -0.4361678272672059 -0.4031553389170156 0.7584504554725132
v -1.213122973844202 0.9849603314311909 -0.4659222154182763
v 0.400654481812316 0.8730413157758135 -0.1494910867719569
v -1.0391743245379912 -0.26077437682122784 0.05982602260520731
v -0.8238157703068265 -0.9625874021975614 0.0687779414795634
v 0.049979994268470274 0.008683797814295735 0.0955032301621842
v 0.2776342627867546 -0.21794702663331778 -0.27756169379853
v -1.3295112657015233 0.904338316974417 -1.0108721574911654
v -0.6118167755320723 1.3250533695103353 -0.39195608388174796
v -0.43007615325512194 0.8116955499145108 0.45450726654287643
v -0.663430691964148 -0.02228089974180819 0.187859707004836
v 0.014212997595969445 1.5733337602829747 -0.8626207774280892
v -1.455616422155708 0.8124008360244335 -0.5743913230679779
v -0.056179471199334474 -0.7525942970628016 -0.022620704878394515
v 0.2729673466358207 0.9374434280055893 -0.12537112098343534
v -1.5666032014200688 0.9718540775716251 -0.901057671632289
v -0.8492216145301502 -1.3060428168816003 0.17774594414809708
v -1.3039321968160742 -1.290649158331366 -0.3377503708642533
v -0.15211232803281266 0.15509378173717903 0.2788174196755451
v -1.2587518283515182 -1.3965245313573296 -0.19206387462767072
v -1.0709232682806866 -0.4934394334235308 -0.39187362734419406
v -0.8903642899446161 1.0818923169473575 -0.09886828713219922
v -1.5245084297167601 1.1810366031743857 -1.0865945513402835
v 0.652373152360717 1.330663530909129 -0.8873497268038755
v -0.34855414976657834 -0.29382304498382983 0.2134702640180257
v 0.011080548258864786 1.1642409836879708 0.21391513372124216
v -0.9990312373410729 0.7593009636758341 -0.10182383552830515
v -0.7930345869977378 -0.801206431895985 0.02613816143329517
v 0.8929314794005385 1.0081105188286803 -0.5916075967685096
v 0.2128905363386372 -1.3953070836569883 -0.004114536807987068
v 0.06501329757002045 0.41176408025142625 -0.28082590976155375
v 0.7330132684949864 0.7953551096959782 -0.8157233869319599
v -0.21876160568341654 1.2813721635945596 -0.7939464894913947
v -1.5004006915514474 1.1040726460347092 -0.9249888085532502
v -0.019264796205978763 -0.6520515263807012 -0.12807328585415773
v 0.1556411241511847 -1.3873631644860804 -0.31433675011380824
v -0.8945257976695841 -0.5702298861842111 -0.30942428250987275
v -0.3875988087916773 0.738703012906323 0.4497300820055212
v -1.074345464336378 0.5841438375889241 -0.3151552616170718
v 0.9280428796672349 1.1199290162285616 -0.9327084347533371
v -0.11232028550873696 1.147697009486385 -0.781326323613934
v -0.7674596739057975 -0.048372210136781446 -0.2953839740996302
v -0.5675628293435757 1.251670287811194 -0.7006669869346859
v -1.0769642735796046 -0.71839843009398 -0.34471044588148403
v -0.22536969697830986 0.77763053050189 -0.6239124777919022
v -1.0030709683283643 -1.2552770619410922 -0.2465545392173953
v -0.6335604665841192 0.5087708700507529 -0.6167265114217313
v 0.8876334420699943 1.0384642747794244 -0.6839542235813543
v -1.5989462837761008 0.9156243532568641 -0.7462802971758966
v -0.3555704678546145 1.4582436544027706 -0.22926114357963123
v 0.7660920661605279 0.7069835992732723 -0.6097571058488822
v 0.3596760601403338 -0.29787891963052116 -0.12797358676949724
v -0.37474042403918517 -0.1365738524998114 -0.3732518762668206
v -0.46622999835992657 0.8411502359032031 -1.1939060307404405
v -0.037581955590837435 -1.2031600147775698 0.17230141509636432
v -0.6639467496109805 0.29699377067364185 0.18080744529890336
v 0.20925189936428346 0.7432705696287969 -0.4679970952264736
v -0.7961752879825308 -0.9638626114317205 -0.20070708597555612
v 0.3723903907043685 0.548143157450654 -0.33547345555623903
v -0.9403842597682666 -1.3728231418861698 0.18353510436442055
v -0.4562302401078113 -0.44864984940724617 0.6568992455318823
v 0.037073258456884306 0.08520867938593671 0.08065475977289738
v -0.7513986508614086 0.8251138079636673 -0.5735160689994967
v -1.0733200422678348 0.7620616093523283 -0.13242228380166143
v -0.38586598275690426 -0.46999060830691886 0.6406319113155086
v -0.9238410447981871 -0.4621658285431912 -0.37513702811751576
v -0.0368460404835631 -1.0737687844848867 0.19488791305988085
v -0.8127130484736298 1.024948535400797 0.18145255232205304
v -1.0194638754399465 -1.3995623764527774 0.12195079995166264
v -0.6587455942166125 -0.1947562802895636 -0.31877100176757367
v 0.28504092576797957 -0.8601509682799834 -0.20920268673476983
v -0.6239094153709979 -0.01961709604193712 0.20985378461579385
v -0.30388414471255687 1.4538215304733315 -0.07087496195517737
v -0.3331785329545096 0.7167038404523615 -0.8344871342808127
v 0.13337652036661896 1.105607292666527 0.05144576509564186
v -0.8343992577087294 -0.9804552563688239 -0.22822876854887156
v 0.5695824730249249 1.1415754856882323 -0.7069087490277256
v 0.5813579738717032 0.6430033200644256 -0.39099999163760824
v 0.03724520441331475 0.3535946193366129 -0.04139759892017447
v -0.1987937371451384 0.4750278047564126 0.3200284459053664
v -0.30187347990598257 0.1400768218927936 -0.4675874298894239
v -0.8538088113729088 0.5090563011376186 -0.2063415627623323
v -0.35162492153367364 0.15896738088299714 0.29333046957720066
v -1.1447819285995018 -0.7219845602157312 0.015599109054295124
v 0.14290351714754468 1.0962743594546007 0.014191513821145862
v 0.08716989068290781 0.09067286853773071 -0.08107851392744025
v 0.23934240178005994 0.7448385225480152 -0.020073862790066954
v -0.9499183693496209 -0.5017635477611732 -0.36671119673778785
v 0.10428230950527018 -1.3760927124292914 -0.2903817373599473
v -0.14173331366345793 1.2565828752937884 0.2595602317868406
v -0.0551493938428706 0.03527216508866449 -0.32097129463276775
v 0.5392787264547233 0.6168768252830621 -0.4753150679798812
v 0.027237793906805696 0.3396021824708286 -0.2010267823790936
v -0.9239922717264026 0.8903980872645881 0.0048760828934205636
v -0.7930012007912313 1.1451386190872492 -0.22840832680014284
v -0.1976824220174862 0.8006853943857694 -0.6168369995856937
v -0.017961455446528607 -1.0856659821502355 -0.04989541743457804
v -1.058353930954604 0.9763422346623474 -0.48347205148722616
v -0.3832809193561608 0.554912205824911 0.3732381271055276
v 0.3535618489403747 -1.3635596983368585 -0.19343948223866733
v -0.19080993834036605 1.3806179271063557 -0.744211910795057
v 0.16171267852834803 -0.5442847877935555 0.05224429682242038
v 0.13816777066661967 0.556259941647711 0.056190722253526504
v 0.5545341249516814 1.0387327630158305 -0.4722087322106425
v -0.503889499440869 0.7845117253615577 -0.6239906586572882
v -0.05916528895681533 0.63271497392076 0.3403040829206204
v -1.1194492503176665 -0.5221113517290913 -0.3920748037136222
v -0.012932985260320828 -0.5819432699058972 -0.21615860595849162
v -0.08689617976970593 1.3329668195221038 -0.7809371775073344
v 0.8023101662265084 1.1007505486592084 -0.5180881530948578
v 0.6741368631488021 1.158465609517422 -0.8657452548343764
v -0.267475897113768 -0.21811493667489823 0.11742564031489017
v -0.22184778185818183 0.29484744318473394 0.319236387626169
v -0.3917482287518717 0.8387289267505312 0.4541921654879304
v 0.05893554946214663 1.070516711326928 0.20878133015340516
v -0.8455252360017546 -1.400995485860498 0.14632714623204057
v -1.2464451251873316 -1.3883537418244334 -0.04200450461068478
v -0.010982559479848941 -0.9239777628458717 -0.16426958798399308
v -0.16031031004150487 1.36968009836849 0.09985036999047481
v -0.16768078964751526 0.1195365127784419 -0.3564598531401727
v -0.05505676759908584 1.1426846829595771 -0.5645314032714817
v -0.8108879558310487 0.9047957339772661 -0.5710889057723147
v -0.5626467653798729 -0.3391564385564848 0.037840096743055385
v -0.8207464171038616 -1.111006532464006 0.06270303049995046
v -1.1563018481454832 -1.3964866696808902 -0.23060530302244037
v 0.43148423595803986 0.8070139885874131 -0.14410264095281777
v -1.1197969783476127 0.6113039461471894 -0.28668475943825716
v -0.06026195890830399 1.1282030612463325 -0.6380953419073656
v -0.47024593343342425 -0.43670935556625434 0.7308650973515399
v 0.8181707721329756 0.8515503688963025 -0.42921429115198795
v -0.5573719445496044 0.96920172228368 0.40802943137315695
v -0.9150268065635896 -0.21648508640812925 0.15734357541059824
v -0.7118918596062102 1.2775716704509004 -0.03263029318054039
v 0.3300952418226911 -0.4802162978715272 -0.0699293191341393
v -0.8029717086505723 0.5902105768399546 0.18900902366736283
v -1.017195471516715 -0.6024770256535619 -0.001891966492012176
v -1.409524556308127 1.1673835627717533 -1.2542554850675391
v -1.5132172586317563 0.9834331372560022 -0.6045958500681546
v 0.0695374781977452 1.2168766059501632 -0.09214998739021427
v -0.12490213017489932 0.3263499363844864 0.28931950946804774
v 0.26498150989384683 -0.531319711034633 -0.02374808374634063
v -0.3178691890610418 1.4133974476999271 0.08457039636844005
v 0.05740569797668538 0.39126996438030803 -0.06027235390717828
v 0.9209096998665376 0.8975789587917553 -0.5922007763525747
v 0.8643044356729634 1.1938771260067005 -0.8062898955049843
v 0.6210228051588984 0.6548372617574226 -0.47881194844007346
v -0.1965141245672986 1.3125157001299814 -0.5702866378273335
v -1.3885101470775612 -1.328479246743938 -0.1900551678391919
v -0.12809355981218795 1.2624388878422312 -0.775632466931444
v 0.4224458845706094 0.5860732246647572 -0.4848539926873685
v 0.032886336456227405 0.36986606938694244 0.03605438423992635
v 0.545047627177691 1.1318092510636746 -0.687423771707315
v -1.3661652245915255 0.9514437568830852 -0.5277285151275597
v -0.8483698766585919 0.8440245065685678 0.20530960423180766
v 0.043945502376686596 -0.5060160433882541 0.07009043297664375
v -0.9340199017667145 -0.6710268995220839 -0.31581315569717194
v -1.3742327786193234 1.335274164029705 -1.1980891965431182
v -0.8268291801356331 0.7790971659745526 0.204198269124379
v -0.133539587347157 0.8030749556736064 -0.5936494500061771
v 0.2876089064598283 -0.9239134479453662 0.14140213132847246
v -0.7625849281198658 1.0793552449697312 0.19954629784625566
v -0.15196437778794075 1.0991059932769462 -0.8764759132698682
v -0.6196552814022451 1.0478578865725356 0.35279565895662346
v -0.21199105882592317 0.6976630934823198 -0.5841549203620398
v -0.5891797686936016 0.8726829784845539 -0.6057168154278492
v -0.5095308292909796 1.348853858672861 -0.6357065997903645
v 0.2897646444234606 -1.0142563229543002 0.11976147598375891
v -0.08042540947859439 1.3400877317400393 0.04665363568547587
v -0.5350719565808837 1.295261664651893 0.22765344780991303
v -1.4053770544064752 0.8362250811411995 -0.5331462912585789
v -0.23375049394184041 0.6079328583597471 -0.6191086602124924
v -1.0153802089241646 -0.5251727130214621 -0.009545579510592372
v 0.5750548938446308 1.08792255314675 -0.5204286840112006
v -0.0024123342554634997 0.47790914826265307 -0.5188227495368841
v -0.7481672017318204 0.08042919717428584 -0.24448976917609944
v -0.09740666106833235 0.3970332707658599 -0.5491079948340606
v 0.11805390990156506 -0.6529396873847917 -0.3259301153181486
v 0.044608251542472666 0.7380909923930326 -0.5265676501542246
v 0.11818693525340263 -0.0645007448459134 -0.27853402960095214
v -1.2199699233669743 0.8903017447823772 -0.33857261858571963
v 0.27384677647758726 -1.4055662393472095 -0.18569350271339669
v 0.21707733846063526 -0.06333934041861311 -0.014301985080403035
v -0.0890758135460144 1.3185844773182134 -0.6637318126906564
v -0.7106953107520727 0.8885034450200625 0.34685509199409603
v -0.8191807618589391 0.4863841498723107 -0.013931979599676125
v -0.3000828723576147 -0.41632488870848616 0.39680675096194395
v -0.43561716464750105 0.7753637649203302 -1.1466046891233366
v 0.26154638692277 -0.46262492384726495 -0.3716779893539862
v 0.33312653355145194 0.887408053774269 -0.43936305857712876
v -0.7583569276987556 1.0723731322590377 0.22272138004524566
v -0.18914830024920928 -0.2031684654819521 -0.30476801557980526
v -1.4096665126200532 1.0373997522883 -1.2281156837550369
v -0.3703809766685797 0.3510447203424832 0.3220018684085727
v 0.3161157118925162 -0.8783019958233685 0.09665182755275753
v -0.7323177245608554 0.4166406042374651 0.08437541372972235
v -0.6276501090436373 0.6395822029166647 -0.6356896968994581
v -0.48984381647075204 -0.2723812483544721 0.016282237592095905
v -0.14492444360409928 -0.018987972839975442 -0.3568566714809426
v -0.6795935918888341 -0.4905870206336407 -0.09359436539187246
v 0.027565582119819687 -0.7290904676215263 -0.20539995585614423
v -0.15336438070602562 1.2861928041457698 -0.8794342588346821
v -0.8965546440727598 -0.48119049179316253 0.05909266490932302
v 0.26123538172200345 -1.2317534725008734 -0.143918407433849
v 0.36967384039457696 -0.4721421305377129 -0.18352495771303737
v -0.9021445060186448 -0.91697011598083 -0.2849901147563471
v -0.863434108654141 1.0668576550210065 0.045570492042667665
v -1.3743787708460997 -1.399268933475541 -0.43791002933225254
v -0.5850404984598615 1.0715665486823356 -0.8337892606679659
v -0.6669762231800813 0.3718915591876687 0.16917316151232148
v -0.8545011905472222 -1.3358737020817304 -0.06080173806492656
v 0.8905115888119972 0.8383848150601291 -0.5864719151016831
v -0.8205768887003858 -1.376089036150418 0.16679151221597255
v -1.3318115773278016 1.1717685243169302 -1.1040601726513488
v 0.3560511093128722 -1.3078895276423386 -0.2971760801312344
v -1.2141705335050905 -1.3497889970305055 -0.019865553640433742
v 0.2468248680332692 -0.3528457022938848 0.06993930594731068
v 0.2361183851273243 -0.2986210684280588 0.08652685604141042
v 0.19008915587902397 -0.03428876538910769 -0.18486943683227025
v -1.5775418693085466 1.024122471542022 -1.1836102720996993
v 0.22349877868360513 -0.48774907320192573 0.04071682492092776
v 0.684298697347764 0.8873660163245444 -0.8926844270242698
v -0.8405913101178741 0.002090731311319205 -0.19316350158607914
v -1.5404775058297648 1.050411022290456 -0.8920723066120968
v -1.1728889586845002 0.9638953733661181 -0.38977025637472906
v 0.03358271158583781 -0.2934001730145235 0.1593052897647842
v 0.32241765307232895 -1.3218577889785759 -0.215949457658246
v -1.1108043606685565 -0.35691941888097733 -0.04921768343642824
v -0.8691298833951734 0.683241890613166 0.1301790313419533
v -1.3168589723434747 1.0760761440732263 -0.9951388027811314
v -0.2706891246872018 0.5979946178394293 0.42214078786858034
v 0.2530066508373007 -0.9730338682923295 0.17841370823778085
v -0.0790825687010333 0.47195209798452553 0.2986078877784124
v -0.2065939417837895 0.33322991247778844 0.3257450595532727
v 0.28356481988126314 -0.9798499091008793 -0.08451073983092683
v -1.4487526296813587 1.2403953203249196 -1.065157569837059
v 0.1791417368484457 0.6756490560746533 0.012509436418644937
v 0.6388424081699495 0.6989232979043386 -0.42657422342658113
v -1.0961111331425584 0.5949148351931393 -0.4098563252706928
v -1.5790553573570667 1.0172578998563901 -1.0952466536887049
v 0.13370884398889515 -0.6962918663414114 -0.31783844570013337
v -0.8598548116159479 1.0980158567123683 -0.17457763418727285
v 0.3115791438033707 -0.28614795370552826 -0.28071765933255766
v 0.689652578153584 1.0806962476078559 -0.8640901501301302
v 0.20863060823470403 -0.6899808743228509 0.11024117242795578
v 0.005441895698803212 -0.2624337571976417 0.1620015206418905
v 0.11677364578395522 0.5310276817224895 0.11320519224929138
v -0.880062857047353 0.9801877222626509 0.09441011661090992
v -0.03494166808788929 1.4327429462006958 -0.8104030122113054
v -0.7404128307004261 0.6207180372111979 0.27487225297035744
v -0.08298875486229856 1.0316534087329838 -0.7764828062186484
v -0.315144766719315 0.7402044531496226 -0.7683528953084409
v 0.04987955593207988 -0.7649125884973494 0.16404157569967437
v -1.353514249898725 1.1286359630634344 -0.9688336488384386
v -0.12184244718375326 1.3492599476299194 -0.33195745444995056
v 0.14678424907356802 0.6319696882983142 0.0640729039150959
v 0.04512818526594348 1.1946552983412406 0.1288227641545942
v -1.432975739038364 0.9677533083671719 -1.3856826745638267
v 0.20470502171047178 -1.136889034214934 0.19469480852015264
v -0.7746134528560509 0.5061395734472232 -0.49977668794629737
v -1.1316311997574804 0.9401652729561495 -0.2940223723119496
v 0.10746332967901007 1.175829274029084 -0.05216565949724633
v -0.256487339723407 0.7334547451990031 0.4321611053106986
v 0.18076956915778974 -1.2870419695251996 -0.23418456010108052
v -1.0927547304908327 0.5993699457335551 -0.2616121778867043
v -0.3923498597813899 -0.288208068458903 0.45534481877313027
v -0.46454686202927187 0.4706165897849345 -0.6126796876137877
v -0.8773599329451242 1.046005221838405 -0.3656217994249398
v -0.674898004758644 -0.36835002882607026 0.11431109285751612
v -0.16301317420440423 0.8801414490262045 -1.0266555815210707
v -1.0011845977113034 -0.35053436183098674 -0.38319597086164847
v 0.6442547498017648 0.6634857877258531 -0.5033220193644659
v -1.0105744533064358 -1.404553144800758 -0.2921188990062177
v 0.48814064837941584 0.6413096743713398 -0.22118421903666202
v -1.296288473786854 0.8720429862841843 -0.9575682117055475
v 0.36129154494781 -0.45075212148900456 -0.2612543400898568
v -0.634459676404606 -0.09492289157156547 0.1936861095245278
v -0.9737096278554102 -0.41337033930120437 -0.3845317587781103
v 0.01143287163740242 0.8610678952631743 0.3332480050773792
v -0.9814305727207451 -1.3950110433088092 -0.034527972351091674
v -0.1646678593333442 1.0949754542055303 -0.9116635963231845
v -0.28702343111435336 0.6402082292532711 -0.5869404208804812
v -1.1990421464472478 -1.403488722208516 -0.04470353265649901
v -0.6690764173650852 1.4762704876555248 -0.8553868396145777
v -1.0817084115666535 0.629094978077867 -0.5636627625090169
v -1.536748959861228 1.0226181542109087 -0.6677023337322037
v 0.1482877472338454 -1.3757909578650378 -0.35393087297202286
v -0.7741979933838204 0.9488892425605876 -0.5914438225406615
v -0.33856855717599105 0.3872278557996149 0.324037208239106
v 0.1497271103116059 -1.2842616038093144 0.21533777372608454
v -0.8103398706025104 0.4905618412162315 0.13800828657561365
v -0.6805161980275849 1.2695929065498022 -0.23146926851720748
v 0.3249758636534764 0.8794989593537743 -0.09897356057449902
v -0.47317323042558035 0.6180308571728395 -0.6195076363691228
v 0.36985028180071655 -0.3980126643284192 -0.19523240744110745
v 0.05927194895882565 1.1658067588115522 -0.2039592341535828
v -0.5538757434018126 0.1387344006905387 0.27312659991908106
v 0.2989010165943268 -1.3588859491023668 0.042104600215803756
v -0.06448776155400077 1.0427733331537343 -0.6902304707686071
v -0.10417089431645643 0.15895407435185807 -0.31696606871946603
v -0.8923143760688877 -1.3750643932931585 0.19061683624066883
v -0.7603940457293963 0.4119902912807901 0.01071992775798375
v 0.8247286342697855 1.0300050971527428 -0.4333147406800174
v 0.8430687703976021 1.2762536045961808 -1.0301956182984706
v -1.3141242204573051 -1.375893833734159 -0.1002170419235999
v -1.263744255020947 0.6638209284966134 -0.5121886845325603
v -0.05948538495588257 -0.9151200685974191 -0.1250245118209725
v 0.2990615540983843 0.6385117664117009 -0.4824771585171524
v -0.9685882716883234 -1.0460189528438883 -0.23781854178751327
v -0.8229366401617072 0.052605620178281076 0.058436409170894654
v 0.8416517447099521 1.1767339982678804 -0.741026934625573
v -0.7590721637373679 0.6282017621903256 -0.5768363082557846
v -0.010067026181973915 -1.3962918468803842 -0.009632071962996203
v -1.1332171544553118 -1.3945050354895487 -0.05739926204862622
v -1.5774954163282189 1.0299228204331774 -0.7839265516650296
v -1.04820404466198 -1.3411132586065024 -0.36993729128727804
v -0.9118243880492342 0.6300891517759871 -0.08924484797018015
v -0.6697117542775337 1.1826808189004478 -0.4659402571564423
v -0.8551191450541288 -0.013550236912247715 0.0929442803293068
v -1.3387032415903475 0.6541420254750718 -0.6852832783131406
v -0.021559753252158975 -1.2130605734394364 0.2173142731148694
v 0.019363823933371715 0.23742370744744912 0.053767175365888376
v 0.7664003940712454 1.3796037536519736 -0.9321043462113111
v -1.0751253749114724 0.9470743196242373 -0.23587273133540948
v 0.7192893598251615 1.1700033310442515 -0.588002126223121
v -0.6296441107166231 0.024081592178263 -0.3368492629650005
v -0.41217996776080357 -0.22719950128533872 -0.16443921628635125
v 0.28744081660025933 0.7120365446856742 -0.4949459975675153
v -1.1042170883007605 -0.7899096864533418 0.08226123370117888
v -0.1148486063442628 0.8939216806859409 -0.5729528990397122
v 0.7182619797385228 1.3313624634501298 -0.7450354572019948
v -0.07578041114246448 0.0967625645519426 -0.3015208623458998
v -0.3723771761169789 0.7408129172626987 -1.0580764972934347
v -0.9962112117688652 -1.304931002259536 -0.2809768369931219
v 0.7066080758114328 0.7477595259105785 -0.7778755165183162
v -1.496609868619607 0.825185675219684 -1.2278477349725956
v -0.8685676924444368 0.5130019473574419 -0.013828084761953796
v 0.3017453975140699 -1.299312629172607 0.02736350114534758
v -0.30236330410629036 -0.35554293215981536 0.2768603206497271
v 0.15698444444338133 -0.2976569842733251 0.14258361543114023
v -0.9469032812195894 0.9725635993941627 -0.21918366399698913
v -1.256529038258002 1.0024444540152815 -0.924191735350155
v -1.5243537263074363 0.7730554214239049 -0.8135137035718178
v -0.9080702280072438 -0.4176863706175078 -0.3797439250198887
v 0.15229425185284218 0.9155881499018732 0.14440856821528586
v 0.1983324120612313 -1.085887857568102 -0.08324773824020004
v -0.902945495257931 -0.012501698242311565 0.05197806630075691
v -1.3132622529401865 0.7472196124106225 -0.9637213435100995
v -1.0459377985546088 -1.2789461840732281 0.11025709630981434
v 0.5374800870362084 0.6031514980491066 -0.28203978108190375
v -0.9356888124965118 0.9556193503504751 -0.06908894975540109
v 0.3269663688655773 -0.5837831276033008 -0.22944765479311932
v -0.12927566328792672 1.4538171349225046 -0.7323831438641696
v -0.6384923145712452 0.21019354979282723 0.2230955612992579
v 0.17893332779992988 -1.2188045793609037 -0.1732748528615643
v -0.047312146698616164 1.3240639909585714 -0.7564293043583553
v -1.3740457479316466 1.1738528745391816 -1.3254644873682349
v -1.103384531014628 -1.1356656325412007 -0.12921534985782043
v -0.23785853578493427 1.125333865444195 -0.9328843766650645
v 0.3176760125573407 0.5849733979085839 -0.4760232511573943
v -1.1063602589849837 -0.2210813740491886 -0.14980656744265602
v -0.7293299288055026 0.15211957222983602 -0.18607291866884804
v 0.08336166536574885 0.7050101168307367 -0.4898719934706981
v -0.18646371758179375 1.129005548968855 0.36743452151080547
v -0.38419563348319996 0.1408378315993332 -0.47123142144387564
v 0.07757698061935792 0.04588278502703402 0.010513416788234087
v -0.5830237797810122 1.2423911401575656 -0.5643580986902501
v -1.0711878804404549 -0.15423219873485167 -0.08907270221598484
v -0.39225084000912996 0.48348616321225824 0.3596445065581617
v -0.06567653827508557 -1.3873170711417293 0.09939513078326268
v -1.1708618904814316 0.6207985157508797 -0.44914937287705403
v 0.6345211621319837 0.9729526655816564 -0.8041075844386267
v 0.8286759388110572 1.1040624163891488 -0.5651197877091902
v -0.8395118627337157 -0.17075041900454824 -0.3559016781245095
v 0.14500119388071153 -0.8789187515436859 0.2236721976283934
v -0.5378044107927574 -0.18682297037996898 -0.2853195213312563
v 0.29033596613205104 -1.4069293196383499 0.04476500735367234
v -0.6182179962212392 0.5419692666583341 -0.6275057007343054
v -1.538019993322102 0.8160700220770328 -1.1831935139419973
v -0.8419333117448229 0.4937765472931252 -0.12426184379298463
v -1.1288658388537358 -0.9073434400950205 -0.2308210046893731
v -0.3183232294816648 0.9500772001108363 0.4492422957424149
v -0.355164518755991 0.3798234305533564 -0.5359205231830829
v 0.11225200258784407 1.041372950619896 0.15244315561188326
v -0.5436780255242833 1.39631751599413 -0.2652661193698456
v -0.9740851677342234 -1.4053464018665442 -0.1463375987302134
v -0.5516352112667776 1.4114585702302636 -0.20891943344354108
v -1.1910495165812691 0.826185603093432 -0.27243080727805985
v -1.2776067234406958 -1.277636210027985 -0.35101204740509645
v -0.7079418577951131 0.786546525738126 0.35640910143282944
v 0.32138020317834204 -0.3119214457959535 -0.018211048329482116
v -1.0980152458011379 -0.885947377174037 0.09009528408119566
v -0.44504624054387343 0.5673652608518507 -0.6198239761702107
v 0.21570229028338017 0.5846299455508057 -0.1252855675805263
v -0.756194796206648 -0.7635167613525501 -0.19665522726393825
v 0.44779053073855946 0.9105962427066331 -0.4540002428300861
v -0.987096757412803 -0.14522461620320815 0.09954128284825092
v 0.07307763485380409 -0.5646088358072329 -0.34015529660020744
v -0.6031345836402644 -0.409966784376974 -0.014078551239970538
v 0.7242994286372262 0.692985028616107 -0.5102008366307318
v -1.28772432241452 -1.254723422334691 -0.1110515152777081
v -0.8426985571639773 1.1409849234548868 -0.09714179468657194
v -0.875140978968693 0.5180080601737629 -0.09583753485740351
v -0.5515881788729318 -0.3389017163860768 0.014024542829060238
v -0.16743084264368713 -0.3410216705700244 -0.17305409631118082
v -0.5698497345398326 0.6777245152963687 0.410904541189134
v -1.2714565086835108 0.6354557796792046 -0.4529287873565216
v -1.2378822325409162 1.0890765850365272 -0.7308572683542288
v -0.7147735028090978 0.32219686012519516 -0.253065768555889
v 0.06877097405267224 0.45769522877696134 -0.32907649055946336
v -0.19385687423411466 0.9666074282262005 -0.9574159458289548
v 0.34591171240290286 -0.6318716524341401 -0.26270197479508206
v -0.9540960606935417 -1.1166178726696128 0.12945626292760615
v -0.08556930283355635 1.3852060430188322 -0.8223203095317981
v 0.716810768653307 1.009125871089875 -0.4220026307892573
v -0.6983958802265267 1.209517215120102 0.16521604690079583
v -0.10530298841165303 1.402064738659611 -0.6787736273769893
v -1.1078533476817127 -0.6507192349251243 -0.33360091094450595
v -0.7085035492514378 0.03728906358550216 0.15830925794745082
v -0.37159041247855007 0.7547511689746556 -1.1581994728918072
v 0.12218730608101847 -0.4989194865178539 -0.3776396749402583
v -1.1426478487135794 -1.0063728825668123 0.001300142457676956
v -1.061728595122037 0.9713182799056251 -0.28290992032760476
v -0.6528287232689964 0.4298708925494502 -0.5659954613529776
v -0.8836722835884855 0.5544583652020528 -0.03689539604658332
v -0.9671969000336801 0.5816892820881812 -0.24006420872510495
v -0.9270626239181917 0.8517434734360306 0.06271008336104966
v 0.10560501066813432 1.1182456401405891 0.10362165270091295
v 0.2541701531411319 0.5488003122790243 -0.34880835797789994
v -0.9586019798055591 -1.234264810526387 -0.18861568488277256
v -0.9156390468544214 0.9169993015352368 0.06000000649883924
v -0.35532389743301235 1.0565705276437065 -1.008327053643392
v 0.12080324702456868 -1.3774608076443298 0.23124343402852565
v -0.6325058740419082 0.9749689646851996 0.37277445643263885
v 0.14950155861486591 -1.3431166907339893 -0.3714229874667074
v -0.32619897765520595 0.9360296790012828 -1.1609093899158058
v -0.07212137481631942 0.41368313778281657 -0.5418815494367311
v -0.7672019947284696 0.14931525076194552 -0.09751333861008818
v -0.6323244576714238 1.382911445608629 -0.7213077943247574
v -0.42535167536813445 -0.2106824398426782 0.039085516130475284
v -0.7382194508378959 -0.5213248278479803 -0.03001615920501116
v -1.3688496674005057 0.6933534556944916 -0.6010053044158004
v 0.34158385305892036 -0.5967180748592836 -0.28332911601803784
v -0.45037984187656105 -0.3404234361025087 0.34386465890824713
v -1.2479539779277071 0.7071661944505693 -0.8537717743824076
v -0.8044550472163764 -0.09274413690542227 -0.3172551161458755
v -1.15291985140008 -1.407443299388428 -0.299460008340795
v -0.28995194687287507 0.7216149094719431 -0.6197146468332844
v -0.6478298231519866 1.0309277432510464 -0.7146538694226074
v -0.20146353477795498 0.816827555302464 -0.9445962818832907
v -0.08224017257673272 0.9914207721778596 -0.7614552371129495
v 0.3642164243870114 -1.3408329223626407 -0.015643047657856957
v -0.2361747201418791 0.5264519932309862 -0.6298450928033885
v -0.2174111725907911 0.8307400331027551 -0.8067952439916211
v -0.47488607668386834 1.347322968239022 -0.5748482405764148
v -0.13234949196082424 0.29167081856182075 0.2714471398672996
v 0.48976658260999384 0.7026863089873119 -0.6788619579688298
v 0.07020570182228814 -0.434517294368972 -0.37730023851755357
v -0.3315915992476305 1.259395108753167 -0.8408510527272821
v 0.26624419180814995 -0.2657208500047409 0.05359938520296681
v 0.2366386185474424 -0.06434024730140886 -0.04639967582164545
v -0.5400437641209799 0.21599064198041534 -0.39861292583126484
v -1.3364227499023422 1.2657112155945076 -1.1633353543563987
v -0.4331913200855671 -0.3801325026148419 0.7301569940931326
v -0.5095968424724863 0.8556291603466223 -1.0473582662789165
v 0.5213568269880686 1.004032146953667 -0.6526238761357972
v -0.6454695921760296 -0.06303075277080133 0.1922200135058303
v -0.057171027546735254 -0.5379593903561494 -0.08633673156344973
v 0.012030846367823811 0.9740946097066601 0.31311266605260313
v -0.5435612437307282 0.8029107818502287 0.43166105146483047
v -0.1673240107788215 -0.29571762728902595 0.043278432064077665
v -0.9197880871988626 -1.4078173607637812 0.1509282889587858
v -0.849899428447406 -1.2107503718237984 0.09921215599021249
v -0.8897501515750184 0.574342498497082 -0.32484109762105373
v -1.369730455867073 0.6650535808068594 -0.7601980895967329
v 0.7397804787298068 1.2882231490321818 -1.0916170076137695
v -0.33645309844175253 -0.11563344836134637 -0.38456072945401365
v 0.16831365702281276 -1.399150793057185 -0.2531469064281949
v -0.2726383516810846 0.869285257655057 0.4495693646834753
v -0.3916636343782339 0.20017996553538434 0.3028881153352545
v -0.5505851541338287 0.7286315072768499 -0.5808250308737096
v 0.6975649492574225 1.1458550539124506 -0.5461059335182974
v -1.3900638943756987 1.1428654599772141 -0.9451220696812717
v -0.3645921760882329 1.4012656474990912 0.11469939981350324
v -0.48418456476113436 1.297878096301718 0.25470416709192256
v -0.6761920349422521 -0.4358393561789887 -0.16023836838148428
v -0.21013002256544544 0.8163197493033197 -1.2013424635886283
v 0.910059882044089 1.0405606528271196 -0.8520850017324326
v -0.5006362923346886 1.1400876516727192 0.37003732695306757
v -1.3119234081179225 -1.4085045052366558 -0.1014528909980835
v -1.0597125557555884 -1.3417853982672368 0.09986249771480127
v -0.8052617906312902 1.1576017838810904 -0.16815637378229134
v -0.7042002650325319 1.2822425825571315 -0.14572238145268537
v -1.2853639915396806 0.7407252260237057 -0.9105382154328869
v -0.9795141924794036 -0.6355742246932461 0.03915512567174928
v -1.3556605973674092 0.9525854412709948 -1.049644711940314
v -0.9946249573743865 0.6264581470762507 -0.15620856734310595
v 0.21238900398930916 -1.0181483834135907 -0.14344027140278495
v 0.29149179620171184 -0.45564013384652224 -0.3533357753294153
v -0.22137118426990712 1.4282097147342232 -0.05027561260131236
v 0.06195155666189639 -0.2059748448668206 -0.36000320656046925
v -0.6529353553360973 1.301529840009446 -0.7640372635876671
v -0.6310890281722463 1.5717785744409305 -0.9139734582826228
v 0.17714873416428412 -1.3505608157961237 0.1829089381693787
v -1.294872147391381 0.6701811307046566 -0.4147674342498273
v -0.036671017641553894 1.2780285679795607 0.13059495034904284
v -0.7662736144343146 -0.7869630690173245 -0.04011613601597547
v -0.018378613199760196 0.30248153596168825 0.1632734132331531
v -0.029973277089572092 -0.5849138231141435 -0.055580662833402794
v 0.022382428504064522 1.1057943233542036 0.23526196647296638
v 0.05008049254419017 0.6578912105527175 -0.5369387325523147
v -0.8933663512603794 0.8732581163304529 0.1433867624862868
v -0.2979501910560461 0.8926301080148406 -1.235979364143581
v -0.6025363092131957 -0.3270869153189524 0.08996327769795887
v 0.05520548503059719 0.6375313987391319 0.2569587450098265
v -0.8195351031949016 -0.41420123826588884 0.11905828775036709
v 0.8266894295542531 0.7995586348908943 -0.7002108486375319
v -0.7054134970000343 0.9535278074086893 -0.6307646620161136
v 0.7098235810793858 0.9620873634324316 -0.3776727414703411
v -1.2735794398541547 1.1203307695741231 -0.7947808649371875
v 0.01227505917580074 -1.103819647024117 0.2475863317595658
v -0.30346149252079185 0.4228375716716253 -0.5789412576275919
v -0.5894247607128613 0.2561086545578449 -0.38178010400103446
v 0.3570564517060477 -1.3956736526161602 -0.0060705569258747705
v -1.1464215489769722 -1.3196310828488684 -0.46276866743720335
v 0.34740544045247923 0.8291276251808576 -0.07404077751901211
v -1.1626560164610278 0.9882286032888411 -0.49087142185003385
v -0.11526174816242096 1.152491696307941 0.3191518332120843
v -0.011282276106901412 0.7201627793170087 -0.5687721108304362
v 0.13576336440485415 1.0918393685491052 -0.24791967742551374
v 0.13775566779683868 0.5008584789671382 -0.18715250591144195
v -1.345658980996081 -1.3856041050047825 -0.34376212577039694
v -0.319108854272834 0.4262934136709172 0.33295190478987036
v -0.6245855909465818 0.3416171029697942 0.25880837281793123
v -0.07505170873450123 -0.8335487949800634 0.04432792976328509
v -0.717958079383052 0.6765570170372406 -0.6042729569003795
v -1.168485236129204 -0.8482542301494939 -0.06785437938661254
v -0.3979490522828935 0.8685539978357036 -1.2458268165595505
v -0.8971487826860961 -1.3980742427406168 0.06835281179551422
v -1.5694541956458283 0.8651737792904077 -1.271120374439028
v 0.16730300000909226 0.7862754800903295 0.13481929447105628
v -0.6608586753574492 1.3282117326175413 0.0028191249447303
v 0.5312547083598865 0.8890447571043724 -0.6766339131940979
v 0.031715461614873264 -1.394100844611256 0.010911773571793348
v -0.74734906984431 0.759071036408044 -0.5612633112318198
v -0.8656741412947639 -1.2141508298826733 -0.1095584265809793
v -0.32915446611198246 1.195834165093189 -0.896722959224972
v -0.05804232561947237 1.4923936677845586 -0.8897334140374259
v -0.9313082664819382 -1.281779795893446 -0.18063088708917596
v -0.002511573805264844 1.2230383889979333 0.1699988857148962
v -0.11659683678670585 0.33790769762713035 -0.5088019525801302
v 0.4273581723565565 0.8750228300884961 -0.6138311620921748
v 0.2843391361189417 -0.24208631286570037 0.02763296839080165
v -1.039733558481808 -0.36827554421933406 -0.3789574810578836
v 0.18639353658213476 -1.4021235040812918 0.14257650263071153
v -0.04054631506837325 0.17501961282573256 0.18822631592356043
v -0.6905862451333746 0.15059861174491057 0.14690180456330393
v -0.9437683943497536 0.826110758850719 -0.07270886567918836
v -1.0420965266871436 -1.3971560721122458 -0.19086476836214317
v -0.38223325979639006 -0.24595098105142965 0.13733540766314972
v -1.054479972172809 -1.378460915336066 -0.35944724929999583
v 0.14725637119190993 -1.0781300500151523 0.2684866564664018
v -0.6806419507407819 0.9503207336064128 0.3528926008321289
v 0.8799490002562977 1.2340168765809456 -0.94043729161016
v -0.8438532883459315 -0.9184251432033547 0.09231022212255335
v -0.6548944922991166 0.5475177504871186 0.33257462667050297
v 0.487914397390499 0.8826886907100617 -0.6235090661248923
v -0.055780974557339935 -1.1312844871333323 0.07412331090060076
v -0.2626657859047655 0.8173107462169789 -1.2493239167972843
v -1.311774119228026 0.8027957382972277 -0.36982406589393724
v -1.5346139409258108 1.054947650318931 -1.249927925420204
v -0.18809546592732887 0.33863592052045793 0.3272992264267164
v 0.031080983832813547 0.17445194741623896 -0.011277426536317636
v 0.44373163914561875 0.7886671991940271 -0.6737851367235281
v -0.22047720915085947 0.09373896503712853 -0.38047816182593824
v -1.1552765059960461 -0.5769760776941693 -0.1492826977032177
v -0.4300215685057648 1.3676454578301338 -0.7055428915476537
v -0.0976156695101425 -0.8894283337523706 -0.05949256321074281
v -0.04523177245188542 1.4568916429078027 -0.8516205518482609
v 0.20006056282830686 0.789467269363595 0.014539401689303788
v -0.6761064216000137 0.7482410385238685 0.37778296682213797
v 0.07423428409430088 -0.6783985978944598 -0.27932003400787453
v 0.18590872730572472 -0.5206293518083117 -0.38330567981432795
v -0.04527602765679983 -0.9298113181255451 0.15105903661610404
v -1.1039765917312099 -0.7259132835648715 0.06816917766984004
v 0.042058532366331336 0.45855877469642226 -0.4301749787447192
v -1.1105419462842017 -0.2877810806556408 -0.0577033142871759
v 0.1363380227361175 -0.3112710441320353 0.14530735846046644
v -0.9858182115559709 -0.9009393423180395 0.13421170946814548
v -0.4594092023645733 0.7847513228411667 -0.9883847991785677
v -0.6529708194393582 0.8284905700076314 -0.5851856770309041
v -0.027000466166583026 -0.24419126223750776 -0.35628620890274104
v -0.3719366420252597 1.3799849677873088 -0.6179888536798341
v -0.03438555098920404 0.19655347626513348 -0.22682922516564585
v -0.9507071109859218 0.9203983809895346 -0.12782521694931917
v -0.9736884293125595 -0.024545207810860392 -0.07389912090373302
v -0.22297108485172504 0.8004896724953217 0.4415587530186601
v -0.6460490656334259 0.8981019294412519 0.3879069992839903
v -1.2275240770582119 1.0969136923223464 -0.7986281107578217
v -0.8965004589189323 0.6463512912504747 -0.02491841913372972
v -0.6140247006718835 1.5805336325775792 -0.8259166692991095
v -0.6995454166665949 1.5906088944050314 -0.939581278066434
v -0.8422676533245239 0.5404520823511643 -0.35295923646177774
v 0.019314194168582877 -0.5582868948711587 0.030346222037473225
v 0.47354811892690263 0.9062706410773935 -0.28000589977505375
v -0.9011783839267097 -1.3927987226181715 -0.1082252759950135
v -0.0012985616153036728 1.4720262836356852 -0.7229222002243036
v -0.1459815535981475 1.407365972754393 -0.1505134719144741
v -1.35780918257106 -1.4014446911752119 -0.4663708612992484
v 0.8266938251050799 0.7958217173960105 -0.4527642339173906
v 0.19355748523861904 -0.3407196562686762 -0.386226922934209
v -0.4437042588967012 0.6690631623114349 -0.5730780923191676
v -0.747659515611335 0.5364067170669041 0.23624724917055073
v -0.08563753377025285 -1.3471851126803132 0.18671394674252362
v -1.5512773142716714 0.7932325581410875 -0.6565584735392243
v -0.2949084698839601 -0.2683761023602763 0.3944785076081395
v -0.55852285959425 -0.21279719928473972 0.13625935684099366
v -0.8755924419981496 0.8560241205681789 -0.5159127750109406
v 0.18440890542432042 1.034619666289286 -0.040510277066696354
v -0.6673026527682943 0.45954110038708695 0.23571039257639714
v -0.4266451261382245 1.3405294246587944 -0.7663510016237434
v -0.14659009763032954 -0.16056175196576672 -0.33294863118159806
v -0.32954479102539463 -0.23116902333806155 -0.19537550260029346
v 0.01973930387285555 -0.11584527395164096 0.14442529128820386
v -1.460265875981994 0.8712810575079264 -1.3447356810802553
v 0.2592983423917765 -0.7187629611159502 -0.33917626757266284
v -1.1043610026307824 -0.26297692740116474 -0.052828388683255845
v -0.9642068865231374 0.9741131908987912 -0.399848015674242
v 0.6241778116636547 1.0942110279572117 -0.7772382815271016
v -0.884457668622337 0.947677988590957 -0.4571940500607764
v -0.5602941466987568 0.3561374055303139 0.30103111498962676
v 0.13388074998577248 0.6422535989316001 0.1531270433811905
v -1.0295370593706443 -0.7378431281849968 0.11293344730931804
v -0.8341554245165056 -0.6719270883516184 -0.21985796147358352
v 0.23667642028455205 0.6799905016666457 -0.03503270146465731
v 0.2697857870081156 0.8852424258212764 -0.4302924198708984
v -0.9694567326327996 0.658232904690165 -0.5423505547099414
v -0.8796697949045623 0.9472926186621131 0.1391429580619769
v -0.28141598696516146 0.35863819423384335 -0.5247316285739062
v -0.9444918021169482 -1.1013650915233741 -0.20877653808211993
v -1.2983154221112638 0.7785071831547252 -0.9100039761894527
v 0.030074842248578704 1.5904153702899975 -0.8225552717032624
v -1.441468922244623 1.2128634880251499 -1.184371002089368
v -1.4613017075140855 0.7298917516584218 -0.6686773068651217
v -0.16652633818243182 1.2145726580045646 0.309386197980821
v 0.05658902461285842 0.38740423726642503 -0.1373280981400274
v -1.1476861489498178 -0.6791021857233813 -0.025168126380240075
v -0.5206132117117145 -0.32898347562202057 -0.05428777149705433
v -0.06503404860265538 -0.8828329695750984 0.10663030734291623
v 0.20113141890857678 1.0028069670798265 -0.2675493283074527
v -0.2057246616684774 0.0224197143297884 0.25435819728230713
v 0.514324345260856 0.8806099947645557 -0.27004458261289577
v -0.5007472999728396 0.8043822724085771 0.4406330699943306
v -0.06813788689983347 -0.7838756940559702 0.008221176991655754
v -0.8288877764259952 -0.6381928141589315 -0.10405931277988945
v -0.7853081277140931 -0.21162192889255893 -0.35964856552785934
v 0.19825495046779873 -0.22554213886634977 -0.3404657623470088
v -0.465045557250339 0.5272745206693232 0.3889420116452461
v -0.4019988530775334 1.4669558359390824 -0.18250692816179395
v -0.4216076250930455 1.4559198865188985 -0.05394487857301772
v -0.42036422366305054 0.9164926943226814 0.4486153503360901
v -0.982271221816354 -0.06257946955933325 -0.16076347686706471
v -0.17941317413663868 0.9065897380876363 -0.7490351087576572
v -0.13818274754385032 1.138550927144147 -0.8291514750311471
v 0.8942604941727721 0.9699431118497113 -0.5058100210110449
v 0.6622054800858874 0.7000425450032554 -0.7460774624850204
v -0.2108017226710968 -0.2974949682658077 -0.11302154121891181
v -0.3099700845287896 1.3918918156847 0.13828478670239047
v -0.023078096386364932 0.4008537037264513 -0.4758079490859912
v 0.21280068728378398 -0.9097307037085617 -0.2290569702437304
v -0.9771137222336058 -1.3267737730231728 0.16122392772086835
v -1.3726295414148324 1.105736262123738 -1.170745873434485
v -1.4330156386520045 0.8470678860621021 -1.1310200239099044
v -0.583425373288362 0.2474623663243808 0.259042735596101
v -0.04158973891552925 0.9923267951021278 -0.6114045183391815
v -0.2044957655562106 0.5416035168699985 0.38645151252660637
v -1.384297511104568 0.9794662125742224 -1.1275579282405728
v 0.017515354952303164 0.5067033428003022 0.2234727794792959
v -0.6641805929149618 0.7620629479973529 -0.5781196292791966
v -0.003660910447568111 1.2609906537437112 0.11803738111130985
v 0.41558880530115916 0.6688686791671292 -0.1356555311111333
v -1.4343742035136593 0.7477660792772656 -0.9602065611701766
v -0.48016982847422573 1.3846002561958053 -0.6675376204548606
v 0.6059279441659977 0.6957329871345332 -0.36858244266404944
v -0.9522585805895398 -1.2105017235054416 0.1252983116028526
v -0.5160765037641336 0.8873214814027592 -0.8555676166322146
v -1.063350533397318 -0.31165295755954725 0.029076826918271237
v 0.40292188674672336 -1.3540844092174762 -0.07360595764336769
v 0.31247457744610174 -1.31561742546989 -0.3345475927139212
v -1.1641209936122423 0.6606537742877543 -0.2770024798344896
v 0.24193335921486647 -1.1662288165090606 0.11844510841004052
v -1.589373693145236 0.8652821495980627 -1.1046899152263816
v -0.618226187929598 1.2184831198379977 -0.5097045989221723
v -0.8501312937535151 -0.4902843469996684 -0.3417853466647413
v 0.25570489967183196 -1.2773542154626751 0.08904153068959691
v 0.02000601390915463 0.04399373711992427 -0.2790466107666764
v -0.13168724228945033 1.0939642177782918 -0.834449372503256
v -0.6374893497714715 1.295973683946491 -0.2772964622656908
v 0.3549917615838577 0.944490455010083 -0.22833540061597235
v -0.7439783816523975 0.7132976681774115 0.310757330121885
v -0.5835934631479308 1.1564394204245185 0.3081482110702535
v -1.102822080326797 -0.702769229958763 0.059561610243203944
v -1.4062590216798552 1.0315888141156078 -1.395802830949041
v -0.9500511549441406 -0.023984894959113268 -0.13789856071822892
v 0.18372755508662686 -0.3375954385994834 0.11933364902988425
v -0.8851101681627861 0.7595411605487375 0.1432205906852605
v -0.5182767966293277 1.4336564815209223 -0.069081037763913
v 0.38048086153579475 -1.329087431140143 -0.3347152230386309
v -1.0154707173116417 0.988328981685902 -0.3645128019513599
v 0.15213795006139952 0.5194848653526563 -0.0992428679817412
v -1.4827697176101917 1.1732083669093263 -1.2529563600409275
v -0.7007361314259986 0.42559825730767237 0.15812618325551814
v -0.25883520321771974 -0.056619702031603714 0.2392496501425142
v 0.5556511143358553 0.640853096519103 -0.6190314383763778
v 0.5817977687116923 0.9200967263241631 -0.7389255216742034
v -0.31582613703678514 0.7488898617854445 -1.1566227288709354
v -0.3858201091900945 1.4418978995636929 -0.40144645773237647
v -0.41425280963179945 0.6922497728414567 -0.950389178317817
v -1.092867156693114 0.6316236785291459 -0.20124020635150705
v -0.37013842218205106 1.4024299689737578 -0.4479640326775247
v 0.2297706502998078 -0.16717763537348923 -0.28354255997022776
v 0.8071433940369042 0.8379106150450325 -0.8115589421798487
v -0.1588747231415001 0.38580721377242094 -0.5674975409491246
v -0.18036600967721136 -0.27583547199186875 0.08302242322570685
v -0.7611827274263676 0.9195089612595255 0.29390079229696686
v -1.1147580387585267 0.9643228406840159 -0.6783987867903529
v -1.0068652477615367 -0.09593129087054308 0.044938351894456774
v -1.378581896445486 1.0949929165301782 -0.6967379439091217
v -1.2669868129062607 -1.2865652520582658 -0.2099356648149009
v -0.22730731572205481 -0.11737053008851067 0.2038915995351097
v -0.9261021161434488 -0.042287129450937655 -0.19584902330298948
v -0.30306435450359825 0.4807320509226747 0.352918554561783
v -0.6478728196309824 1.2823499338961857 -0.35265454487038056
v -1.5418213056365973 0.9077376361860328 -0.9527816766327973
v -0.8337519728899427 0.48858300419359785 -0.07751440151937578
v -0.3106272393571598 0.6220615173416065 0.4179575021872437
v 0.34440160093660876 -0.3467402622158027 -0.06892553516352978
v -1.3358843548653994 -1.3092429577014366 -0.13846348889834406
v 0.49215788213838507 1.0717147986238547 -0.6513517038276637
v -0.27506509533296036 -0.3877891925190008 0.4112621592084401
v 0.2902181853496716 -0.8865086290752789 -0.18378287664768303
v -0.7042437610059398 1.2271837330837245 -0.32994305342517355
v -0.723574054896803 1.0845846717478258 -0.5032896721063366
v -0.863292412079309 -1.0425780157578544 0.10617702615379954
v -1.0914133682167315 0.9107702266002651 -0.7125593095345722
v -0.6981147248118289 1.0551741610449419 0.29100198646607844
v -0.24451897409421847 0.748795397402223 -0.9643131644693634
v -0.15023241088355657 1.3903230635744221 -0.26592593150848837
v -1.0891983902158209 -0.42511820811710377 -0.025623105850357875
v -1.136856270944301 -1.0288064753008888 -0.05672876072956401
v 0.7564830324173546 0.9995441696809332 -0.9398795961091324
v 0.3113877175648673 -0.18884266604551453 -0.04983923430310211
v 0.024466738766762863 -1.401845905066808 -0.08159047572009351
v -0.4731470768981614 -0.21194470218167505 0.08439521368821906
v -0.11192924132337129 -0.15625417209491654 0.18674819207941895
v 0.8952159470640639 1.1620535577988331 -1.0305438857823819
v -0.6910950701011197 0.3379952490076879 -0.32345887670404055
v -0.9416538546852334 -0.6538277484899998 0.052255605375910896
v -0.49675969622239774 0.8336992178181815 -0.9154550985674255
v -0.3073660403403854 -0.4306606580533898 0.441620490527999
v -1.0126671350954812 -1.2075755853403214 0.1070908212111204
v 0.217469621392143 -1.22206559855969 0.1365516010316407
v 0.6091713212221475 1.1551693459929162 -0.5922249518821215
v -1.4232664467767886 0.6852590688268745 -0.7122801920570759
v -0.5976953692090767 -0.145444273865885 0.18825181011835546
v -0.4787103257817683 1.4241390150933801 -0.7958750773761685
v 0.19962816050561716 -1.3975177460261783 -0.1489038611612844
v -1.4079355447044934 0.8978264882426287 -0.5385271247828772
v -0.2641296841480496 0.8714816145042835 -1.2422860005708676
v 0.34143320554422296 0.6179343148928635 -0.10256300733914656
v 0.1972525251219902 0.8963674650648069 0.021201278542494928
v -0.8407103895857251 0.508271935072368 0.07783605286593764
v 0.7460098933209787 1.0945343606800697 -0.9700590085302675
v -1.557424911678137 1.057820542379718 -1.1729734986339109
v -0.48225635649211385 0.9403227535544048 0.43455668051125773
v 0.5339940555946475 0.6931385532186183 -0.7014309736279218
v -0.7456415781661201 1.5683728816806162 -0.8565038489785282
v -0.842750524562615 -1.1696166473491973 -0.10388624795597584
v -0.380043596172286 1.13136380194694 0.39513086729015334
v -0.02113252569157892 -1.3825236230663154 0.2993057414114827
v 0.28027041447597045 0.9192188748847389 -0.3848831431071531
v -0.3535273558910284 0.6877091888172377 -0.9126753921841646
v 0.5170692268937035 0.9728229169131624 -0.4390996452039497
v -0.5495838876150562 -0.25492627626427333 0.1006215893627983
v -0.16374862977681942 0.2279229640928248 -0.3970325055315198
v -0.2093371251356357 0.9883077831430515 0.4248766786020095
v 0.027873010940595355 -0.6127930238078827 -0.26108079575130755
v -1.1222793856567757 -1.0638937000380384 0.04052661744878994
v 0.8736022843973819 0.853010291164066 -0.4837678920376405
v -1.2739581964769822 -1.3345511008177486 -0.05070000303363159
v -1.0734856346553432 -0.9318510734866817 0.10472589498768942
v -0.2892295980338341 -0.2636648311055454 -0.04106209851343734
v -0.7372704114548553 0.20660841865990046 0.05869992244295619
v -0.17013516533026987 -0.1872396286387885 0.1718975239147188
v 0.4368468679059603 0.8685065258867751 -0.18658747783244437
v -0.23208619854041115 -0.2717916251706213 0.05282636765075971
v -0.4970769151336511 0.9353268703836441 -0.9495333445920793
v -1.085999248384809 -0.23250353254882838 -0.02159638169755823
v 0.8635009489616168 0.8157810545697294 -0.4987762805579138
v -0.27963343126671714 -0.2714413996686147 -0.15222745702002172
v -0.06274572484226809 -1.3475286849167505 0.0754221562103417
v -0.08109117559062967 -0.46719192113599717 -0.011252212058393496
v 0.10358481550817661 -0.6441728611597933 0.07002048377916953
v 0.7200014989984185 0.9950285004379911 -0.8934526094705675
v 0.5688959878846747 1.0573993287318602 -0.710703068420451
v -0.6609131402281475 1.0103119905006872 0.3433152949740138
v -0.5094106509354219 1.15880542555588 -0.9106946371029885
v -0.8071482611472335 1.1156720651113248 0.10559929093695747
v 0.32169520433440546 -0.7534364846011999 0.06933621639410903
v -0.5148946600254891 1.437317495844939 -0.7275530328989056
v -0.008343370864607513 1.2089182613806329 -0.43554254569743145
v -0.15265336040025168 0.9173849511809514 0.4198217152321825
v -0.7942741123510946 1.1967392889275152 -0.01329550383996797
v -1.5348984529429581 1.1389100436466895 -1.0206681020433563
v -0.5655229940633332 1.5222864902917919 -0.8905583390489412
v -0.5964338461218099 0.5034618638229185 0.34453376164295535
v 0.3046421054684273 0.8352377804861902 -0.06271622022750184
v -0.026976730192118825 -0.008156196755692735 0.15982947918064627
v 0.11532675033045992 -0.4425487049811083 0.09772112521046167
v -0.6863110325004302 1.5577729109631129 -0.9588863374995966
v 0.10910017286754886 0.029675070463691833 -0.0800961282974462
v -0.8765585441103083 -0.35975628740476195 -0.3799455409443995
v 0.08964436602080639 -0.22611681717738952 0.16910367184970648
v -1.0029184626944538 0.8202556453922182 -0.6018040559201203
v -0.15971609150906263 0.30073875999822564 -0.4451794512288014
v -0.6806139390941499 -0.30622059619169395 0.1454809027990157
v 0.3041287051318672 0.5419925231181627 -0.28931229984380785
v -0.2954144577234443 1.44769107571509 -0.311079966627637
v 0.08228295723332024 1.2093697843494189 -0.021455823969985854
v -0.11470633035591266 0.8895221139241536 0.40729970999659293
v 0.05386004688209306 -1.21473723632251 0.24691736888329285
v -0.7960912930021876 0.4799578545636549 0.05155709241021661
v -0.535603978069128 0.5240775566339483 0.3777718380866357
v -0.35664384138672156 1.3516193394552642 -0.7034947247006169
v -0.4093925691635959 0.7560973863344427 -0.7419848050698199
v -0.8867897880527795 -0.6518059749276998 -0.28813650997743834
v -0.05919372017875357 0.36877045836360756 0.2031953642639347
v -0.09701757490106222 1.2020073565933318 -0.672881171716238
v -1.5202731566570094 1.0911975581890756 -0.7366600347983387
v 0.09549800097584726 0.6231641412664878 0.20196630831345608
v -0.045660718273243306 -0.7417378059950067 0.02564242321914778
v 0.5456042437707884 1.122605067531418 -0.6192117758389319
v -0.6431293809361105 1.47485797739736 -0.9072522614730474
v -1.0193321088140275 -0.17121359018302496 0.06315613187107871
v -0.03520062597091217 -0.017646151031015078 -0.3291293970075958
v -1.3903456691634675 0.7071196615511355 -0.8715474818245211
v -0.4501509135975952 -0.06565397754463126 0.2503487156766141
v 0.46485993310214935 0.5908226572925745 -0.265562579293331
v -1.237806549147591 0.8247363500263115 -0.32450781496950637
v -1.4891678813935563 1.1151644589099452 -0.8538283371296368
v -0.6907039060370952 1.2096487020291502 -0.44625813938145353
v -0.3619097712164543 1.0197461412602868 0.4259556264917559
v -0.4584048589602221 0.34320921143878297 0.3412314242663982
v -1.3807938575001473 1.0626983650512285 -0.6386315391688953
v 0.8677608770655498 0.9589886199782572 -0.46712493802334765
v -1.476074074934741 1.0046025296127625 -1.4229385042406646
v -0.26287679232422423 1.0395860992695076 -1.0071172182378918
v 0.10060229441381585 0.4681387978041393 -0.2125828053811834
v -0.06095879357277356 -0.3418584435889953 -0.330771075302044
v -0.08687685932584482 -0.9305966032605141 -0.05350921954676091
v -0.013288445463766618 0.117301255304399 0.1165338230117029
v -0.8632961682772882 -1.4074220009466951 -0.027115495254909694
v -1.102442724310675 0.6768622880421558 -0.17911002650313296
v -0.40143656222791424 1.3449519082242105 0.21723858972154408
v -0.09543713462154074 -0.4623785931829806 -0.16242127884113639
v 0.18578337418805735 -1.3978467729853343 0.06839522886099197
v 0.4114238011153064 0.5598034349264428 -0.30475614759257313
v -0.20173585913144637 1.4138227172424118 -0.021497901379263384
v -0.19762456058478547 1.3162544957238547 -0.511680099322133
v 0.1648515613534809 1.0566236338896038 -0.28064265525163273
v 0.39775074097663576 0.611730614274028 -0.14924983097089978
v 0.22242900151126543 0.8929258087068195 -0.4172087031992077
v -0.7659045080435296 0.673040476476987 0.25571991894864665
v -0.7465601483900208 0.22641021529603472 -0.010431842435916772
v -1.2962742481859966 1.0472570147745237 -0.5890039521756352
v -0.7957622260834787 0.9749728807213905 0.23201940858765258
v 0.10925042078671654 0.6744897695036605 0.21608182060238834
v -0.9965631755114259 -1.3715525879399317 -0.3080720312575872
v -0.8077077947876977 -0.31631296070781745 -0.3737881134879032
v -1.1418691968644035 -0.4173939466088724 -0.280940633638131
v -0.2402167288236898 0.5272625527832088 0.35770662807732245
v -1.5894013051963385 0.953361555688557 -1.1449185758059854
v -0.7779932318462641 -0.8405259726859652 -0.24677185924622336
v -1.3226199011356248 0.9455759562665165 -1.009241647891772
v -0.8250635073483187 -0.49432032178898067 0.05867181089744172
v -0.44282211180533265 0.8426359320826324 0.4466528367908448
v -0.6366824664981223 0.7077775756110123 0.39252508486119486
v -0.9183204327575992 -1.0161012555149314 0.12602028082614036
v -0.7622018558653176 1.165120273671302 0.12159372138632163
v -0.008153902644199684 0.3597166626089541 -0.3786786432972581
v -0.8627000916256328 -0.519919290531809 -0.3182438153852388
v -0.016207390909351915 0.4656987476211245 0.256722004638255
v 0.6470746554953137 1.3918071413919564 -0.8620221233852672
v -0.03813109974752937 0.7499259730344068 -0.5658475710474351
v -0.7924641843588658 -1.3864326063962888 0.12606633421093838
v -0.053141006730815565 -0.5148668845733723 -0.19979930483095726
v -1.126158419301798 -0.4750735633436014 -0.38045568457739254
v -0.723070624468709 0.38090135947450204 0.07215084742666583
v -0.6091958484325382 1.3748929619118786 -0.7939283078947933
v -0.49190113405541896 1.4250941083486954 0.010533916038907798
v -0.5146252127598115 0.09606694865383864 -0.3818966859968248
v -0.7872620499554498 -0.46031024676169385 -0.2977676213736277
v 0.16349681262913474 0.9857296327449718 -0.3478749827396237
v -1.038769054751768 -0.9467170461601696 -0.24954798924949342
v -1.0882234570424558 -0.405537048152694 -0.35165997157673057
v -0.7902366190987695 0.7130462027105704 -0.5489151899909797
v -0.08697060443711274 0.45564947948287926 -0.5779973530471081
v -0.8341880514915057 -0.5354077331416889 -0.2826456478240368
v -1.1213984972913258 0.6485667887255739 -0.6259094164920312
v -1.4536986233502363 1.1321568192554086 -0.9286472654658771
v -0.32265482504385007 0.20544751372701234 -0.4827763356902397
v 0.0015544905274338938 1.4189889080279312 -0.780416604431016
v -0.17464801742472758 0.4982161934865416 0.35198859586528575
v -0.255738917276053 0.47387197468675174 -0.6149378818712355
v -0.6791166146848062 0.16315486231739557 -0.2530483461907941
v -0.7605749825852449 0.9923793818738366 -0.5783790666768551
v -0.07730346950392086 0.847469859185205 0.39530968628969454
v 0.5498149417054625 0.8077902029038578 -0.7007827897191934
v 0.08560887074612983 -0.378503731256003 0.1276779629215531
v -0.7827762704581294 1.1699775571325857 0.07684623475909108
v -0.5490761215754647 0.38946511125130634 -0.575633006237195
v 0.4497840129373565 0.56221425469646 -0.33949514480536447
v -0.010969792402675038 1.0865102826459032 -0.5285551983594057
v 0.7399778189821498 1.072932546020843 -0.4815778487977832
v -0.7315656058548516 -0.16170489487735962 0.18813878452277943
v 0.11858081656702912 -0.1301793649953199 -0.32507943637474407
v -0.12525870924582827 1.0081993089553802 -0.6018814375944469
v 0.14201397753887668 -0.7522302455554671 -0.2930300567330425
v -1.0432049447472054 -0.7627199279067728 -0.3294394231993145
v -0.280657534670012 -0.390418071569576 0.4795365718985626
v -0.5452458985243958 0.3319865510073465 -0.4987544826217686
v -0.746239612835871 -0.9512976696564647 -0.09374181614233223
v -0.003610361613060886 -1.348804373665545 -0.029099387160994084
v -1.1856785530665543 -1.391238182196029 -0.1936343050391732
v 0.023280059922208995 -0.8602340841501611 -0.2079687756986053
v -0.9242689316913912 0.9235168444830998 -0.48507468929842246
v 0.364941270698113 0.9264738114433362 -0.1857343014169792
v -0.6836654503567136 -0.3489300057590127 -0.3082997807297404
v 0.10068920644152579 0.5669425886803092 -0.4132711487888609
v -0.3861583268464337 -0.22527307121642537 0.0869680095062006
v -0.4164433723458453 0.02019864249704989 -0.4244105135321312
v -0.01261294920058309 -1.132507049656453 -0.008956196084059509
v 0.6255360168893329 1.3067345518040283 -0.8385914598854803
v -0.4612883802620994 1.4468745022501457 -0.3277650180309838
v -0.35437697590627926 1.4356781352045633 0.03489427849809762
v -0.38493776230096116 0.11668242168732712 -0.4563509634324362
v -1.1014791796099064 -1.3957179477806272 -0.002726561715346243
v -0.10034504683643763 -0.8609324172978671 -0.012329281849150275
v 0.4051250167401783 0.9206301863563143 -0.24482850630662717
v 0.3639999235290192 -0.35601161775660195 -0.217720465045882
v -1.2056473606543272 -1.2861093734982063 -0.0324338520181392
v -0.14740858915381663 0.5943595572450664 0.3791726202160036
v -1.125491933917809 -0.2681484128274526 -0.14435934112109786
v -0.6271119337842357 1.346259384797393 -0.20786472102267112
v -1.2915985808929622 -1.302270195526138 -0.06994696127677563
v -1.054062135107177 0.8169188429012244 -0.12917117457201194
v 0.20053340421860244 -0.43229098783479447 0.07812969564093858
v 0.8425826424559442 1.078963681310177 -1.1114447979391107
v 0.5569987302799965 0.6654841449901125 -0.3230852948433228
v 0.03429463098155355 -1.1054387681509135 -0.06257841970908434
v -0.07923797140253414 -0.4575448858579494 -0.21102046677915737
v 0.16620345296978978 -0.9851095852605724 0.23937522303772285
v 0.20979005464390865 0.8545099731870349 0.00392013050771628
v -0.9967155013273481 -1.398906080754796 -0.1492300110326266
v 0.2706419004507241 -0.420514607877851 0.0293109499391232
v -1.2811923740478113 0.660379152259967 -0.7841139819482359
v 0.015351485219641359 -0.45981211097436825 0.08408684581794856
v -1.2246465297095037 0.9206585975984761 -0.8774923444389928
v 0.6806133876155414 1.4158704445343662 -0.8530723623267715
v -0.7691318613189384 -0.6978644345889978 -0.13489959626782091
v -0.6694957529139538 1.4528679956405819 -0.7573540283534135
v -1.2136268837869317 0.6429443797237947 -0.5690628765176233
v -0.08666988882123605 0.05244935834639142 0.18246920326871896
v -0.3403089955056049 0.9819020070648458 -1.066252821224417
v -1.390955392002462 1.1793728871864748 -1.4067200605373502
v -0.2519684337566743 0.07167146174758807 0.2851643153524491
v -0.3852098668769113 -0.4238783830670997 0.7703723081820445
v 0.7962570132234879 0.7927212157215053 -0.7606105720822669
v -0.058609531494106804 -0.8144748216417271 0.07773301715860415
v -0.47415152020139495 0.5538422088750299 -0.6307420249293559
v -0.7450544924138829 0.48037487245845123 0.22758223988652027
v -1.5088307586437901 0.8891009602156249 -0.5741388785920891
v 0.0214591230731368 -1.3848805174195995 -0.10272064777561371
v 0.04629300623502264 -1.2678155704720586 -0.1207195892603948
v 0.017573735859192474 -1.233914565044604 -0.03339713698181357
v 0.06546971558404524 -1.3893357478386745 0.2905595143360402
v -0.6693731170458884 0.6867817076130246 0.3688578608078249
v -1.1694431864925567 1.0470787352289475 -0.6967438978825142
v -0.45195486763665504 0.7914544779125758 -0.6901959656946175
v -0.5257489533178705 0.1383879313865112 -0.3870090312847168
v -0.5193779620305254 -0.217175627443006 -0.2401826488401084
v -0.48672333501976184 -0.05674555464368314 -0.36478494648686294
v -1.186412010661321 1.0281854390093657 -0.6413858512562437
v -0.5912877150318816 0.9527446800895807 -0.7557361259929826
v 0.39700579501039024 0.694374901787514 -0.5372375500894253
v -0.4393054513664202 -0.4976264753028464 0.7154810890333473
v -0.32125803886977927 0.027888558769503413 0.27442174897017224
v -0.2656105851811225 0.7668799122696897 -0.8269035503788127
v 0.918249372647775 0.9447651369771997 -0.5696254271043368
v 0.5682018105304776 0.7778932046233391 -0.2342453585609246
v -0.6270152316660479 0.22758176944978942 -0.3217168999316374
v -0.03150794370116633 -0.39382032780833487 -0.3369719387926188
v 0.1322199310654516 -0.18125021112275513 -0.34570396024698025
v -0.6295656301545898 1.1508785091747604 -0.6721752462534677
v 0.1409439006698897 -0.8179134011141359 -0.27763997456279854
v -0.26529979975789736 1.4046376543562515 0.09548962393439792
v -0.8245372200559256 -0.597487635910159 -0.20757839084586366
v 0.09202397737995394 -0.2747911690345475 -0.3825567778523383
v -0.001509128479679711 -0.17170761013639463 -0.34712630055517546
v 0.0874429542881292 0.5997189924287492 -0.46067700461675853
v -0.9501337513401299 0.6176248281551099 -0.12779996251184209
v 0.42852369261781265 -1.3981150814037524 -0.11971192921314713
v -0.2191929290981761 1.4420143616808243 -0.16979905106556378
v -0.8618043982458073 -1.0876167875464606 -0.18216883038411372
v -0.5238110148977018 -0.320637363550468 -0.01397169939532844
v -0.43086173808673817 1.2338868282158044 0.33404781550985263
v -0.326124632906905 0.5484353217221951 0.36714519436752524
v -0.9339897123244455 -0.441587358055753 0.07413715688570488
v -0.21602989072327275 0.786625365936136 -1.0900206234726129
v -0.09381727424301423 0.3188110472424834 -0.4642950024820033
v -1.102583062260706 -1.199537461523286 0.04223908409132471
v 0.6547781580157772 1.1830221134423655 -0.6419536765039491
v -0.13106001716625476 1.4579238980599034 -0.8286477249266293
v 0.3070671708190783 0.5593301739608412 -0.17334204484988355
v -0.9675944176666268 -0.8399737516436946 -0.29884209379344145
v -0.826421472816679 -0.8837834075424927 -0.26780944501751175
v -0.304027119993084 -0.3348605468548783 0.4995795044570951
v -0.42129546106524285 -0.2158730259352858 -0.29523210781856724
v 0.2453767538134083 0.8125029726418251 -0.027262926025592993
v -0.5155280988591716 1.3139794385350538 -0.5799024447147353
v -1.0848668346131887 -1.4050186536130833 -0.34107822241538194
v 0.007311643141828417 0.21113174015723635 -0.14576467863950426
v 0.09685476765761847 -0.4864957218432413 0.0824160569891616
v -0.7942654011685472 0.4474312979201606 -0.35644085237273543
v 0.17147421790543182 -1.2955940930720895 -0.3269817508534399
v -0.02822534634377638 -0.9962671316004442 -0.10534856779691759
v 0.763531897561285 0.8492126751082206 -0.8555946492697989
v -0.22986302883114168 0.8046163954294291 -0.667894379343778
v -0.8242854548924373 0.9458862821548825 -0.5484735969711069
v 0.18820314489793988 -0.026425045041010564 -0.045246183385833305
v -0.13492450553399568 0.4457991499790958 -0.5948796847634684
v -0.6009761484068066 1.5078757967850693 -0.7490600035591576
v 0.174959230378392 0.5476719544020303 -0.3033217195196045
v -1.3489605991006846 0.8268779822677454 -0.9866642007670036
v -0.6279778373173217 1.3086597431267997 0.10928500026471005
v 0.3110255641362991 0.8072994396540553 -0.05360088676127439
v 0.06822125048246219 1.5983996885689584 -0.8428527066546616
v 0.02513396340248153 0.7936370087564747 -0.5174347944240197
v 0.786683343684693 1.1602856872361054 -0.6821243557721933
v -0.8574494463249112 -0.14090199156066474 0.17730251298878758
v -0.04615389907600059 -0.1952802699076609 0.1639515668066091
v 0.07337972907425822 0.4368449733899969 0.03198476350701329
v -1.4993105549868693 0.950548562997672 -0.5691207179705476
v 0.14663539973875417 -0.11759402386827267 0.11280305928797646
v -1.1680121549815907 -0.8387379625085404 -0.02453256969025014
v -0.6004321790122242 -0.23148967877087046 -0.28229608165465414
v 0.09957145782584548 -0.9204513123164816 -0.19999276900666213
v -0.1259019181902119 0.9931182539880307 -0.6665893003437737
v -0.004739778418208496 1.0604849254931072 -0.5815503966589999
v -0.9272787651402071 0.8352449931855013 0.011980571735085321
v 0.12127776671608892 0.45836646934775355 -0.07687143233230995
v 0.4751514160707231 -1.3534053565540787 -0.2125878602646341
v -0.9346604933603786 0.9807480351143981 -0.2824977974780473
v -0.4529711589473443 -0.3992524893784234 0.7135256483289777
v -1.3838173371363025 1.0263880183572165 -1.4843194744681343
v -1.0913672349128274 -1.1212341001276038 0.04809581591172074
v -0.2811239625520558 -0.10165733497295026 0.26259569928888693
v -0.5560661862371995 0.9343753535083196 -0.6651134541941515
v -1.5624532020463562 1.0435031544291806 -1.0243167888452822
v -0.27266164810046617 -0.15646158215460793 -0.30671130858007195
v -0.5252144143777892 -0.30511235794962055 0.01952725298991742
v -1.0138178903019148 0.7532734247462674 -0.6168282884031463
v -0.5792942947629809 1.3272360402126697 0.15264688939270143
v 0.2332825755316933 0.930754398636155 -0.36782560873079523
v 0.17490342686266913 -0.2637976766393946 -0.3703634199601515
v -1.147025018145927 -1.2049574154499423 -0.17319045828569138
v -1.3962518709104406 0.685365241359116 -0.6483903612963772
v -0.22616812880620596 1.4158091266003332 -0.4778627092592681
v 0.5920224792672528 1.167152836312904 -0.667732543154249
v -0.849690020410066 -0.3937698988524866 0.12462273542056312
v -0.7918923032165337 1.1900272228757935 -0.1139343772469614
v -0.14226589458544378 -0.07576556260573336 0.19787822626707074
v -1.1835389387825455 -0.5691025272960415 -0.2776135213387323
v -0.8482123561007837 -0.24336258102801323 0.18313355081662386
v -0.06157413072896051 0.7171838146228622 -0.5867859572284753
v -0.26035978004218896 1.1126960374443216 0.39828827136808787
v -1.204537683868347 -1.2135866009947351 -0.14319050421694518
v -1.0243532464222653 -1.3878621394240183 0.0007132565032046401
v -0.4748396037237641 -0.15242734560584992 -0.3193941510163663
v 0.26825721422834947 0.9015107190669214 -0.08220583285605698
v -0.04139875223210848 1.3117828419285091 -0.1857505849348145
v -1.1668564447905887 -0.7548610226848084 -0.03414044460638738
v -0.711919451677536 1.1401149840069507 -0.44584216043503455
v -0.5403660379156838 1.286263132958997 -0.6466092641216161
v -0.7567798040621307 1.2273777367133945 -0.09516371689544473
v 0.16053341218087014 -0.37378268989057095 0.1235682427772345
v -1.5996898711175453 0.8895169391620439 -0.7984549260552491
v -0.7116040109663899 1.2145572336171182 -0.2795874633161271
v 0.06358096737358276 1.1001471793891358 0.19950557906177913
v 0.4644744432946466 0.9648359413239288 -0.5024761755269708
v -0.8245762205796244 -0.8472272096988319 0.06271240101512193
v -1.3508878683202103 0.7870678980055037 -1.018952318757925
v -1.3509467687012884 1.1609158493864442 -1.0236675260286234
v -0.2814751670631102 0.09644128974606278 -0.44305278383995483
v -1.2973224671795092 0.6997050266390932 -0.46370817646686047
v 0.7977640877637562 0.9805579075613662 -0.3968152254622448
v -1.2451039027716657 0.6583169396300612 -0.5424151493273176
v 0.25460453346169365 -0.2211147202961421 0.05628354829507615
v 0.3042457866220696 0.9506243063303269 -0.29681246817898277
v -0.46308931735491 1.2482610786102182 0.312903537732134
v -1.2021606698801426 1.0713720655380299 -0.9256796892443272
v -1.4413171958219955 0.8276380129652373 -1.0281103689862774
v -1.0068025512229266 -0.49435670496196005 -0.3763954143798745
v -0.08579281659309473 0.660501568350491 -0.6056150784059872
v -0.23221900411470736 1.4412589862712535 -0.10578388716697415
v -0.8843001880240816 -0.1594087390445902 -0.34851965020769077
v -0.7952179769720256 0.8089157036728144 -0.5702241211067118
v 0.36587646409604946 -0.37744388403257634 -0.13307704105685345
v -0.5228515460713361 1.1753859028091038 0.33316958445467515
v -0.7389476537514469 0.37648908557487015 0.01592723692350928
v 0.2951173264426914 -0.711973593309008 0.06176943548413294
v -1.4603848555509624 1.0401064525682844 -1.4144391472834719
v -0.7531106379893077 0.08674090846479973 0.10105443124057067
v 0.09090295208092997 1.0324100428684733 -0.36741728203877
v -0.7800431369338552 0.4880132409075733 0.18544784828644167
v 0.6112383489781862 0.6355592749213972 -0.5876522603570911
v 0.48227326733815323 1.026028082683838 -0.5612053299204601
v 0.0722168661232746 -0.8266377103747741 -0.23850662530988237
v -0.9226364041345732 -0.7388502487782794 0.09442246411277772
v -0.02021771166565728 0.2602668656196927 -0.22666183459825398
v 0.053459252565802695 -1.392080149956886 0.08045334364615142
v -0.016530244117574033 1.5659077368983358 -0.8271060653932653
v -0.29918070553020815 -0.3898232336640627 0.5448659855145631
v 0.2528031967733533 -0.6613277769667394 0.012198970671843501
v -0.6258083932270206 1.066991619422339 -0.7668566897665803
v -0.4301747334722993 0.711902540324789 0.44271290478709624
v -1.0402493364117698 0.5872823008387508 -0.4695890438572505
v -0.10203447679668509 1.4920467589254485 -0.7606423998662076
v 0.16811775531437667 -0.433552371063626 0.0844957319437154
v -1.495410882232738 0.9968135136489431 -0.5949965864356825
v -0.3837447099077086 -0.2039139109426099 -0.0014621016009360166
v -0.1930704502518861 1.3956295323706431 0.06870018018948354
v -0.1543073062774617 0.9089473517128739 -0.639541578028237
v -1.0126362263812587 -0.8999662672638874 -0.27214617538225366
v 0.27761474254512886 -1.287537128325829 -0.27411660091898704
v -0.5544201523514776 -0.2834632711392303 -0.1731014883410034
v -0.2025459191892568 0.8550325842005547 -0.704790692922544
v -0.02548458054488484 -0.9828446378386727 0.18901783474879275
v -0.2471714492608225 -0.26401405761872787 -0.20541330234683625
v 0.6777396564041416 0.6822527518187199 -0.47630276823042034
v 0.07754519279497019 1.5871762888857917 -0.8183698881453949
v -1.4580242849188052 0.7590292786751902 -0.6042531169823299
v -0.22060044441221932 -0.2920418479101865 -0.02577193520539517
v 0.2335078275317859 -0.7660833634398213 -0.28815766856073605
v -0.14225146918682158 0.4854843606383059 0.33292515186915694
v -1.2504703308771183 -1.22898799171847 -0.15445907817474436
v -0.49056274876801403 0.35526229132026815 0.3315745189787668
v -0.8224930092046329 -0.5619760806800196 -0.02239217619495837
v -0.30225727143248415 1.027325069874366 0.4258526707035284
v -1.3917150630639772 0.8720669819957428 -1.0665671630478566
v -0.005165867131529001 0.04791015292674988 0.1351742352003134
v -0.7356500316021402 0.2593520316139946 -0.10437291535159898
v 0.2717297793005594 -0.1797694899076706 0.02235051528591575
v -1.1381179538697799 -0.978323554076303 -0.0704919696197352
v -0.5339017011126006 -0.10232775637290664 -0.3271215893090588
v 0.21507080946779322 -1.2742033647514273 0.14957733639197174
v -0.021414380398453725 -0.8500811809112879 -0.18374389610376068
v 0.18573592221890534 0.545378935394169 -0.17642158773885583
v -0.10918569833554836 1.3365927093990604 -0.9237163365484694
v -1.1478158976183117 -0.728365921007072 -0.2870212388540421
v -0.3039455425656955 0.6006683115286605 0.37428438808094455
v -0.745811526144902 0.040305150704357806 -0.2769369461676186
v -0.565016966264296 1.3103873544399098 -0.6678982953799691
v -0.1172456600482818 -0.38445970262620044 0.014951184882661006
v 0.798995581246966 1.2829207361305874 -0.7499664860182849
v -0.37808529835987903 0.8292282033756834 -1.2832069803854553
v -1.3256852983428455 -1.333540523723134 -0.102202612130909
v -0.1602684524097687 1.3794477515571786 -0.3972662089770656
v 0.013046598224548012 0.4015377113744174 -0.39478286261840767
v -1.1023728150727536 0.9840358871530035 -0.4306607270706241
v 0.8447975804973016 1.1040276315982884 -0.6292359493779118
v 0.7407527146333466 1.3895068297656779 -0.9740810574153697
v -0.44577973809819305 -0.35707144500025223 0.5121043068613926
v -0.39436671831867465 -0.46945251296662327 0.8038811505566504
v -0.39526478929190173 1.3872914122096844 -0.5332220345912339
v -0.1763966874222533 1.0332647377469515 0.39607708952470944
v 0.32406007061850706 -0.1877765451722716 -0.09718435161048511
v 0.56537882795135 0.938945987116372 -0.37857502817640654
v -0.8402452603891528 1.0349264557572142 0.12417666693075763
v -1.031744784712691 -1.1260057502668728 0.0985792765902716
v 0.32526261340559004 -0.6612317941205051 -0.1578468290957752
v 0.767991303753645 1.0000566709275516 -0.4011183298631623
v -0.8519336094509032 0.6368967211593073 0.13842378600739708
v 0.894580250515639 1.0957825772361973 -1.0964197263054722
v -0.5058940304560624 -0.19119734264360871 0.12356550554785606
v -0.05973391339558026 -0.1732898685755762 -0.32615784481052534
v 0.3146543111212927 -0.8687389355458875 -0.13311771988177704
v -0.7533896955274746 -0.062270182619344416 0.16545920078061904
v -0.06182951223199257 -1.36977302920796 0.26671085393240934
v -1.5223736505386605 0.8593723714710988 -0.5946880986867531
v -0.19762060458904143 1.2845560009167838 0.2589026973427172
v 0.24707781200357004 -0.43321035724975465 0.04239264865338893
v -1.0151153570070783 0.64353386304921 -0.5649721571407421
v 0.1343995049024307 0.928832963511363 0.1711333374237181
v -0.30343973454419965 -0.42213330942934135 0.5664391491743102
v -0.793966603611213 0.4947005320364534 -0.45006440668051695
v -0.017642897890250697 1.3046720394774753 0.010391080616816095
v -0.7009979064575058 -0.26071971215276457 -0.3327145481202991
v -0.7410778975202843 0.52752828381046 -0.5595296660262109
v -1.052197862122909 -0.16631323032363943 -0.25033369395976857
v 0.1912525183244197 -0.019343293184985844 -0.1079973267250954
v -0.0005605086719454033 1.1986507341640646 -0.28721212563858045
v -0.32170073077735883 0.29768457144561294 -0.5268260086439529
v 0.49444718490782 0.6918197081526157 -0.20695925753214453
v -0.5114294874705787 1.422367108615802 -0.24543543197691395
v -1.1483916348575054 -0.8574142983352712 0.03408469795492286
v 0.683936304161878 0.6572575319617172 -0.5868776244429887
v -0.3205743908577899 0.831245801164698 -1.3067165240428054
v -0.3621839736689353 1.4534605758313526 -0.3442146077684542
v -0.3950277292439065 0.2616665288815773 0.33221944618392796
v -0.2859984086413402 1.3838228430927715 0.1575989768934068
v -0.8736341441857425 0.5313591262346001 -0.18917441933217738
v -0.37398011362482253 -0.3309318834450675 0.5921144406633115
v -0.9657452693731577 -0.9944842562255759 0.1302615677986131
v -0.31895856639411335 -0.433986931202176 0.6434296594369355
v -1.120879682435338 -0.9795524302087933 0.0640368404185403
v -0.3475633326709076 -0.4488834529539095 0.7520989844267939
v 0.17417716198743716 -0.6629953090919591 -0.3395375618708422
v 0.8069403395684867 1.0738791278913757 -0.46547824480500166
v -0.5242008802762549 1.0217655971685145 -0.9233786583460954
v -0.31550246465772713 1.363594418289352 -0.6337655445250641
v 0.2667455643192661 0.5624447613777682 -0.39161658751971373
v -1.306532724563817 0.9401270316639571 -0.4954936832005238
v -0.3084605524760136 -0.29084641792353216 0.44436960787346114
v 0.07233115044476918 0.5921566470291528 0.22042278667974513
v 0.20736387042577453 -0.23826518061293211 0.10843500063370598
v -0.8512635277071472 -1.2885420111841452 -0.06335109760509117
v -0.9684300118787852 -0.030403737811140086 0.001361660189474423
v -0.09432791737041946 1.388506242559306 -0.8727000352108385
v -1.1797827008438007 -1.3814783810594995 -0.002198995717258123
v 0.3186144226992912 -0.8445347350197049 -0.07949883287942522
v 0.6054420559816575 0.6543833811750115 -0.6803518698810974
v -0.06242740704330807 0.5720785900235594 -0.6029734522580146
v -0.22875592943632783 1.3657763697197325 0.15415260530816882
v -0.05931094152739147 1.3418288094225006 -0.006259245934999713
v 0.804437812624403 1.1323660474747603 -1.1566470842184708
v 0.24432032313176044 -1.2250523353868892 -0.10668761241694652
v -0.590927979156268 0.023595524175934357 0.2111648975082968
v -0.714305716302253 0.30538659546261643 0.09038071516806129
v -0.8626468455213001 0.5636763947194134 0.01775568616853984
v -1.2116113239351187 -1.2308602965728848 -0.07795357698629393
v 0.12988329620552352 -1.4035906590281426 0.21142301624070725
v -0.5114515651235947 0.028547072222674608 -0.3695369165462939
v -1.0672825334298022 -1.4035305199009227 -0.281847475733235
v 0.2366268904186456 -0.8949333216077472 0.19290246273123057
v -1.153967351121639 0.8716978756049579 -0.24871639099263212
v -0.6515894176931809 0.13935659091006003 -0.2959666243414876
v -0.7837343806596941 -0.9750193186209798 0.01531887270931559
v -0.899816782139029 -1.205645399073429 0.12535725194348352
v -1.1636281324859086 -0.9079772385646797 -0.0383057285091109
v 0.8865953528231598 1.1582527849383029 -1.121238484776559
v 0.02400300815454448 -1.3917996938343653 0.17497810575206824
v 0.5894534995865799 0.8454647087969406 -0.7559283514225453
v 0.5366037141002441 0.9988703716987509 -0.4432994341806629
v -0.43781863631950774 -0.35545701912092964 0.581118370876992
v -1.2528937978456507 -1.3148252473120339 -0.37484454416955093
v -0.2793788289749679 1.4249888349063955 0.047366294332921666
v -0.7094773835370962 1.1607888379473286 0.20443936508722427
v -0.6992360897670531 0.5515821764781454 0.2859060046151276
v 0.8648819111527111 1.0173313854743022 -1.0195182858864174
v -0.7678025068905047 1.191886301118176 -0.15833385612737508
v 0.7668677010634546 0.7259578135876188 -0.4940713828518816
v 0.15074699798206237 -1.1705693630111114 0.22472589108066254
v -1.2486388646858386 0.7597260534003303 -0.3313520472426767
v -0.37212830802108093 -0.4787904411226708 0.5697378302517706
v 0.045471997259698416 1.5583459709122578 -0.8989985758475149
v -0.5184725185197754 1.422766644206174 -0.3468495806508573
v 0.37169765189407855 -1.3983833898221705 -0.2882229424905127
v -1.2131537626797657 -1.396945645106305 -0.5032035392899095
v -0.9696625243305957 -1.3884859280256587 0.043106705885188557
v -0.08049218189160745 -1.306222874627284 0.1348389146115646
v -0.6153147349001946 1.3153377636393904 -0.7147160664668053
v -0.9006356332984928 -0.10138495068012943 0.14459565884229203
v -1.3053600715223557 1.1383507897230962 -0.8828596116950578
v 0.4326890564396422 0.9098122762369122 -0.350737745053733
v 0.017093841607797755 0.16777132953270482 -0.13784365629244796
v -1.055023182335885 0.8629613986604402 -0.15152754546997346
v -0.38288228285573084 -0.37282605819246617 0.2679411086694772
v -0.6646668607150552 1.0698033134277523 0.31002784850263887
v -0.6967854702822776 -0.46535787755355085 0.016824928280983198
v 0.6327058795596567 1.3296060213195515 -0.8190609286746837
v -1.0919765981158456 -0.5872500383987654 -0.05479609697038734
v -0.5144803394005184 0.3615182790141652 -0.5444896894793148
v 0.7141805709374838 1.1144439082507878 -0.9181137474849634
v -0.5748020617978558 1.0720063435223248 0.3630842648373831
v 0.5287511025078726 1.0410626646910832 -0.5039668266909684
v 0.005892060042788194 -0.3809961883927381 0.12064390279199821
v -0.09471170889692104 0.29878765490535325 -0.39765651391070134
v -0.9818750028688787 -1.3892702541313562 0.15837864771118343
v 0.09775633509173043 0.027428164779958075 -0.04496095209673251
v -0.4489131065050161 0.7842892705301729 -0.8481040912071133
v -0.6899179815492786 0.21977073577228337 0.15435961577233048
v 0.2614455290110733 0.9671185109086884 -0.23643967747294964
v -0.8638744029885423 0.011703621151354149 -0.14766605406870528
v -0.2827054018204015 0.875759384548618 -1.3008505815454496
v 0.5113544513852338 0.7440453853608876 -0.7354331966030498
v -0.4978522503399304 0.9160886233230476 -1.0475314310017125
v 0.19677289060768965 -1.3953062644861527 -0.1087459689499907
v 0.35289899987570617 -0.4832818149574071 -0.11182397339617364
v -1.1820352608042795 -1.403985799067688 -0.5205980725562409
v -0.1560992125113011 1.0109056495993878 -0.8837896303308844
v 0.4970012796550116 0.8458454833771929 -0.22667124507297845
v 0.4009826296613067 0.5721667807569646 -0.2547046496816293
v 0.03504489156834417 -0.03878357574539937 -0.2896477403112156
v 0.855048025004975 0.8513968642735678 -0.47553224815027384
v 0.04541347649437366 0.5948979922415624 -0.5338280611715788
v -0.13463294065574916 1.4708746892786393 -0.7920460531116884
v 0.02071387741024394 -1.1528184704513924 -0.02066600342575481
v -0.10042118976462217 0.5510350502788786 0.3382844471944043
v -1.1990556727559283 0.7671643243879545 -0.2730745956359616
v 0.10981011426539261 0.5348102330268651 -0.35445969769602953
v 0.45868370467598063 1.0086352277187314 -0.6231401195723191
v -0.07943071630628551 0.12462706013018876 0.20777139241163822
v -0.1640755988189975 0.06155893763699111 -0.36585010833083464
v -1.128479809592268 0.6181335732037491 -0.5416061881572138
v -0.2574474878621732 0.9076709436921255 -1.1399408942116027
v -1.3030997594086005 1.3606788893855453 -1.237220627737492
v -0.9417451422839936 -1.392693089539895 0.08902452789980819
v 0.07764251428622893 0.5140930629310677 -0.44476716854103215
v -1.590573378824282 0.9065423460578138 -1.1647475049785865
v 0.2272437680081889 -1.4027658538952865 -0.23125464575820492
v -1.2759435868663027 -1.3936303208750327 -0.208292228300122
v -1.5255364091966932 0.8520972952978045 -0.9840896267489148
v -1.3269457824817352 1.1438528205715528 -0.83922667691927
v -0.29331462317441714 0.977124462891514 -1.0667939135311855
v -0.8012247369340479 -0.031117315528304157 0.1382181141882598
v -1.1657563183377682 -0.8515045202083072 -0.12547351733792128
v 0.6300993778587449 1.1584606545328535 -0.5767386471083256
v 0.37409674353529887 0.6322965974011628 -0.5089218312390404
v -1.3882751849060968 1.251015490596449 -1.0977882410958166
v 0.7247136094037616 1.2201960859749446 -0.9844927986586068
v -1.5531321168418857 1.0002879967796956 -1.2725526446961364
v -1.532602057352871 1.0109405542689074 -0.9401257469554284
v -1.4232472661913629 1.1468710655062688 -0.8577919052089672
v -0.7646095787699797 -0.9681568248321021 -0.02834632940549553
v -1.4509125434182764 1.1526572287561199 -1.3649743355292356
v -0.3710946542846262 0.21899669925147552 0.32222907842676074
v -1.5656170196325425 1.0080587712075841 -0.8217070702521421
v 0.024230877505356685 1.085165044295164 -0.41245097896414906
v 0.6577633364204103 0.9508417462378138 -0.8307492377768811
v -0.5690823313048177 0.569670887098674 -0.6370403297898484
v 0.22523248382854355 -1.4014704051475477 0.10897693209108689
v -1.2213141227693365 -1.3911643569219168 -0.13298635285138777
v 0.9306798705070629 1.0568041911296993 -0.9339489790752946
v 0.22509302498867778 -0.3344472651782848 -0.37161013803304294
v -1.313277797206292 0.7703187314994163 -0.9579908638973126
v 0.35951480336432273 -1.4127029755481213 -0.106975261259002
v -0.7896887336679961 -1.135541538149452 0.005647362205073503
v -1.1247461887605041 -1.1104100162572679 -0.011448693180347636
v -0.4781450179858999 -0.24729649911903984 -0.164660272533382
v -0.5608402339496464 1.3463701326984494 0.12439029070093593
v -0.039838291729072106 0.326128360663267 -0.35200218518836673
v -0.9505103701268733 0.5811773202955278 -0.4182454138414647
v 0.5934095752497284 1.0004471556791756 -0.4146544286340278
v -1.1985525220447049 1.0748520231275394 -0.742656904771001
v -0.03179215602166635 -1.1813050963098304 0.08495738465917924
v -1.0958552121855614 -0.4999417917412651 -0.07801823154299961
v -0.931979986567366 -0.114619334846294 -0.29446466462399945
v 0.5552859239812614 0.9212843442182118 -0.7063052199194413
v -0.2241338279240498 1.3391637270169348 0.19915097798872228
v -0.8978160472813678 -1.0283394080659973 -0.23542973973118264
v -0.44587512155113274 -0.21515003774339725 0.1724298450996103
v 0.07258169684189186 -1.1342634917870318 -0.04913506706066251
v -1.0674549189413152 -1.303729518400607 -0.3716503173635544
v -0.740192054170266 1.2240326426151595 0.07701866023015719
v -0.4291540665905598 0.936253971972104 -1.0790841133999953
v -1.5525996757783351 0.9270580001279829 -1.2949049596994715
v -0.046143389713569405 0.7556571319595942 0.36780542608147415
v -0.6477959174712914 1.3024423563610719 -0.23248334207270685
v -1.1358555638592702 -1.1627102180318292 -0.08926346912186423
v 0.16135935616098618 -1.1955827644647155 -0.1021045513879203
v -1.3429409521828295 0.7260141365775301 -0.54661943375374
v -0.613356656865329 -0.387156772653919 0.04528739858965081
v -0.3395326013711718 0.10005667026058793 0.29351744032554794
v 0.029699881783283588 0.3339393144216671 -0.10886273076376943
v -0.8841883012757652 0.024786039137573324 -0.03972101595620692
v -0.43109286414111736 1.1468330639713944 0.38023710274757483
v 0.15174370911179624 0.5121200200436147 -0.14024552512259983
v -0.43898409664143445 -0.2438198182128739 -0.11212357014456714
v -0.5499161313182263 1.3813531828810057 0.06057714232238676
v 0.056551562531948874 1.1530552858430316 0.1621411193401916
v 0.28682148348877534 0.7883332572098558 -0.4854015784214946
v -1.0818033954240633 -1.3982203548460523 0.05903724100935348
v -0.21294223604504756 0.21226157653769018 -0.4304506397208836
v 0.2890015767999431 -0.6186495158709608 -0.3734595260838299
v 0.23333300448754157 -1.0281824469419307 0.1945948297186214
v 0.12424312518244907 0.5035948292354266 0.048996624114326315
v -0.3263035318255523 -0.46533090485529593 0.4999192605562236
v -1.222955821043561 -1.4009682134655956 -0.03057607246122862
v -0.8088087204315777 -0.6839873209930852 -0.0425391034900956
v -0.5203366716253848 1.124872452486049 -0.9006476066997096
v -0.42611266509489754 -0.10713722822906158 -0.393598581347032
v -1.2540111468658013 0.6674256198307191 -0.6226099761830644
v -0.017418924595853147 -1.2098456675647777 0.03049439205988652
v -1.2321291158413716 1.10551564543179 -0.8343092743105427
v -0.45742187393693345 -0.5722424890291045 0.7880721124532911
v -1.231527424872524 0.7745125864825135 -0.8154054487487531
v 0.11622596015094666 -1.3903667043053036 -0.050186522777965425
v -1.305067467695732 -1.3418468360799283 -0.2581530991636218
v -0.5211464319865479 0.5940716286861402 0.40653492411229775
v -1.4363049891738464 0.8557336745574156 -0.5521714939625153
v 0.14766014249489656 -1.2864367621156907 -0.2603982066674719
v -0.6467799857965789 -0.29473128566328777 -0.2999855364016816
v -8.532964780116892e-05 1.0445267783178398 0.2933223777677243
v 0.08490344477777173 -0.07345194444831604 0.08851348517687319
v 0.302844764735384 -0.6897101883110314 -0.0589449375170637
v 0.24814265417111792 -1.0973089371598115 0.1730644827198819
v -0.4200163957342221 1.3763828938039229 -0.5952223179504108
v -0.08015334486219727 0.35331032709700694 -0.49520701336751616
v 0.00811898595003685 0.5856793633309072 0.2802642951492639
v 0.1557424615775168 1.0370898659550167 0.07799345354508697
v -0.05604025211678659 -1.396674359701191 0.23845247704053674
v 0.28301112033553255 0.9587419896173257 -0.17386589460954543
v 0.7224911789462223 0.7414308517898287 -0.4478431350500136
v -1.022345838319258 0.6024920055868876 -0.5042714783228126
v 0.22169993946732547 0.5544044597650961 -0.19197678278197233
v -1.1050707042713084 0.9664417758993628 -0.32308757253784215
v 0.9157690032758132 0.9572465233271952 -0.61092096778869
v -0.8544610112167108 0.9305428927222842 0.17793573204492869
v -1.145118288136628 -0.3549784035752299 -0.13592429906441034
v 0.5468383745844942 0.9193599920460529 -0.3497159992640634
v -0.7379760372209783 -0.8411154560113806 -0.13824145364226556
v -0.5809577909733508 -0.3443466849928921 -0.12602108309227095
v -0.0842774904051381 -0.24035398632533944 0.14643066145400968
v -0.43911426488523464 0.8996761160507334 -1.1657206999113974
v -0.36939345623602904 -0.10250799393657839 -0.4043280409959347
v -0.2401105562914482 0.9904913928948805 -1.0101944234930156
v -0.045371790725492744 -1.118491136553299 0.02374058825508757
v -0.0597224450038778 0.21831664759925345 -0.27811479395096605
v -1.300144031194506 1.112778154325675 -0.7404060630712996
v -0.9136590709845281 -1.4043764236777472 -0.007088526537788742
v -0.49495132665273467 0.7078335389649468 0.43108483471100134
v -0.07908378746739891 1.2131631247330963 0.26339750769900894
v 0.8278798446170097 1.117673539220716 -0.7100239158581707
v -0.6054517981574491 1.2069297141866273 -0.6336255262514567
v -0.8552826595448826 -0.2785729011680872 -0.37796976082756806
v -1.1880509717061671 1.0675516525572153 -0.8268410935975204
v 0.8722655174718723 1.2122756830009593 -0.8514741800057313
v -0.02788255331862216 1.162832589263762 -0.4482848679283219
v -0.31214120692031544 0.044213914256789666 -0.4422231036416361
v -0.28744084860467933 -0.31479945267952103 0.4322184472692109
v -1.2842652836509905 0.8967183498994377 -0.374872555816183
v -1.2583615633774354 0.8737014875504329 -0.9232359428026625
v -0.46482256296498925 0.8196600882147514 -0.7594163608619782
v -0.13460528864509383 1.397866028590828 -0.8811493228481598
v 0.6362057769660983 0.914009327984247 -0.8084565024670245
v 0.1942980955933673 -0.6526576328801521 0.04946497005491268
v -0.005982640394238403 -0.5035960329210537 -0.3083224377962745
v -0.4804112041539418 1.4484712260475026 -0.1852516499564295
v -0.5734124683433195 0.2178680416778343 -0.37076021832114486
v -0.4740906218426685 -0.17537014292342457 -0.29764200851886613
v -0.33974566570760856 0.8976695870578916 -1.2465699243863595
v 0.015244633374999206 0.15262428136362519 0.06096441032999678
v -1.0901362009644768 -1.3811094544867029 0.06148909924027096
v 0.5918970262507032 1.1257279265758098 -0.5525820184299539
v -0.93143092232978 -0.3529627638043108 -0.3879779305655835
v 0.03257547111389625 -0.6774929945454978 -0.227426940158973
v -0.23245172855120538 1.359667832776295 -0.5031350685958952
v -1.5073831039587884 1.1316257368166593 -1.2648058659798065
v 0.0915912953403934 1.5000435645647126 -0.7858151799968331
v -0.7681229825053251 -0.5056649587558585 -0.22252755930863524
v -0.8259533666334105 -0.08456399683713123 0.15679335234597608
v -0.4673435312427686 1.392744013091117 -0.7213364653040135
v -0.873408732347438 -0.6231947751628774 -0.033829359486515
v -0.9010280960479891 -0.364742840019904 0.1264799355639557
v -0.32684875994605317 -0.09549741004439344 0.27894127430997595
v 0.04258483963850085 1.5566316861100629 -0.7847208876387461
v 0.30711939795481036 -1.2456605357817367 -0.08981708874848884
v -0.19065587428388972 0.6252648149661273 -0.6223456836997199
v -0.5866064933609842 0.4362934716196797 -0.6023092445685452
v -0.7357159848443173 -0.12164879962725733 0.18197028827011041
v -0.024859553197102646 1.2925306489839261 0.08189236706771164
v -0.4529704796349438 0.7327796485313494 -0.9371676011883794
v 0.6436689627349992 0.8228876213081485 -0.8576541246703262
v -0.45460032990171284 1.36493500135217 0.15875644530473948
v -0.11358048993075587 0.03195688081694498 -0.3432554985780652
v -0.7514788896437726 -0.8384055989267115 -0.08049668285641873
v -0.08199368207423646 -0.8121558089446587 -0.10159456759313906
v -1.0962325902038113 -1.2905950930561971 0.06277981278098255
v -0.03743668263601452 1.5407583530859745 -0.861672537236108
v -0.44076563337127805 -0.22338777950729483 0.2937640107471501
v 0.13917443172504296 0.7291193734590622 -0.4774557012324909
v 0.35322401089978883 -1.409754460033338 -0.014409176581245353
v -1.1495521401948638 0.9716190554608314 -0.573283684219199
v -0.2084619509862605 0.4300557254617135 -0.6041883625267418
v 0.011031378028935057 0.6248427621676569 -0.5696576944433602
v 0.21959666839674274 0.6082158119543286 -0.0919494503736337
v 0.7852014037032429 1.3070219009494366 -1.1316755403966028
v -0.8928587250792233 0.5843780205491056 -0.10589213759597024
v -0.6504691516256633 -0.009239380358053939 -0.32611530786638865
v -1.3091951296793343 0.7155468515556644 -0.38961605245981734
v 0.7475249397920647 0.9793582618418735 -0.3846576313699662
v -0.5035696831586727 0.4206620137697197 0.31237735033862335
v 0.28353023488816753 -0.3331256629031274 0.04096007869963336
v -0.3924955722912955 -0.23213716338742185 -0.27300021092810767
v 0.9055066508213547 0.943742811774012 -0.7169300055193388
v 0.3685401878768144 0.5622132157480828 -0.2133970012527262
v -0.728441767801412 1.023251992640121 -0.5749928741783902
v 0.29754684728349867 -0.5718959398059711 -0.10403757478307368
v 0.7980365519756829 1.317727864381193 -1.0085064520564513
v -0.014676100879983722 0.35338413239134275 0.1414749975733135
v -0.7633206634091518 0.6126043698592727 0.2442248742243892
v -1.0301599688621192 -0.9167370518881318 0.12461702120448842
v -0.8711096394875253 -0.056589152953358035 -0.26282910611285654
v -1.2985413933833097 0.7038015801107081 -0.8813820672644344
v -1.3280897645439405 1.0283216611254407 -0.5733294379073497
v -1.3617618017328765 0.7645747455577254 -0.5254300616204945
v 0.24165088513492072 -0.5498534312168135 -0.3590798212104355
v -0.4555583801639481 0.3945279266732919 -0.5552779895699659
v 0.16778245470540432 1.073701028163788 -0.10284592097417505
v -0.016606047389558398 1.3052746295362647 -0.15609887837020295
v -0.8468713334828828 1.0214691172652528 -0.45023111793550835
v 0.9272653466855421 1.0584854094018117 -0.9948247606543392
v -0.8800358443895451 0.6214828830348227 -0.45897314925788885
v -0.7602270347777575 0.4712469317532617 0.122130278283828
v -0.8298526198122353 -0.6922620852828095 -0.0067589801044441455
v 0.09801139691833877 0.44239735327519597 -0.07814722097998716
v -0.33878957346346883 -0.15609115709857485 -0.34288737119632795
v 0.7297109311184293 1.1523746947368445 -0.9954708267067602
v -0.2824200706324183 1.3244031476644054 -0.7333754194835238
v -0.05580552970264008 -1.103200733487939 0.14582831115253797
v -1.0300167538242744 -1.3150882011503535 -0.3470543533800527
v -0.5052416707740487 1.355063852921289 0.15419628109956512
v 0.1738318115508929 0.9872060383283355 0.05203568797613983
v -0.7447630274345188 -0.808838007221102 -0.13150051681352307
v -1.285538035372642 -1.2996557218944083 -0.0637857776223002
v 0.9004456135994765 1.0107708460474432 -0.9036238541442541
v -0.2554239560795425 1.192282100490345 0.3571911498440079
v -0.6765505520515 1.2908538262626408 0.07865995890885219
v -1.004824373532917 -1.163047476658897 -0.1743093257688549
v -1.549308427177727 0.945226889591546 -0.640261749071641
v 0.6341395883606717 1.2093528215191829 -0.8189140173781891
v -0.7498083405723035 -0.4207259339737335 0.10425842815726838
v 0.10950674133924343 -0.6962856726107011 0.13174624500944165
v -1.462502372202179 0.8304816746130268 -1.189025770536199
v 0.007283731394078785 1.0175945191306104 -0.6006629909052819
v -0.7493680062783492 1.192249653333333 -0.3118641728546757
v 0.10759559579934119 1.1506927971523317 -0.13556730041817525
v -0.6640554196152829 -0.46891357847571513 -0.05984736408156455
v 0.9030666405978929 1.0612284528952225 -1.0399929814147924
v -1.4806926999659105 1.1908369033178507 -1.006310394903872
v -1.474555571962323 1.116527019726897 -0.7848771694504124
v 0.16559490893760764 -1.3779601422182446 -0.3833925718622615
v -0.47556774669798574 0.8994137616057081 -1.1196992028365969
v 0.5190491827838203 0.6514447756293649 -0.594475553824505
v 0.32434218506247625 -0.2357139829333309 -0.02956393694404824
v -0.1812514334519234 1.0958821964017518 -0.9576547241377279
v -0.9837120034582449 0.5679669118611455 -0.3055871864156928
v -0.9329763380611231 -0.8438096089917325 0.12299608191803174
v -0.5441731044058067 0.2089696686044582 0.28551539998484476
v 0.1850927732138512 0.7245431455135939 0.01903205422973514
v -0.49501578141167546 0.8615104872718713 -1.1098702117340995
v -1.5918934826162028 0.9544397843063499 -0.8184784982103677
v -0.4053388723125414 -0.2049334789366427 -0.3308315540854643
v -1.0887304838303171 -0.21845685058988717 -0.2512280686743459
v -1.1607269490616186 0.6286247340585145 -0.5937188797294628
v -0.7721762997406263 -1.3711474380323678 0.05816666220856981
v -1.032748588663077 -0.09547509263405962 -0.02989482202241739
v 0.3377138902324226 -0.6835693840285707 -0.28555192609133057
v 0.06897564688298524 0.5636567545991287 -0.4857239321353046
v -1.2409296479493004 1.1064444852608042 -0.8960369535993574
v -1.5808710994642527 0.9416319683681414 -1.0362878917038492
v -0.1159736875379132 -0.01286501049791594 0.18978613707374936
v 0.24780795295544022 -0.55151728706316 -0.010426427916489345
v -1.0354106940819467 0.5827520663387511 -0.25601608225055594
v -0.7665240809123314 0.41856841291095587 -0.3497625321634971
v -0.0804715627622749 -1.3561082007372014 0.1296526441506778
v -0.13328020988882794 1.3621221285399439 -0.4520537930251347
v -0.7362008740398334 -0.4085554729053985 -0.28877802064082075
v 0.013053930802517988 -0.8280654652023968 0.17112112978028576
v -0.867331223996882 0.5273456486736101 -0.21490685298192597
v -0.7018279063322483 1.2255747217238295 -0.40760696207445146
v -0.5838899630309691 -0.050630704090876555 0.22097065213074207
v -0.24112738705610248 0.7584784162577205 -0.6154704428134448
v -0.8100431109823778 1.1455734789224465 -0.35169457654960273
v -0.8115419538547343 -1.0369183244931537 0.056685061883319954
v 0.670268738461741 1.4547542463789838 -0.9252293650621304
v 0.09047034996047537 0.9079702807034248 0.23762749208969203
v 0.038230686908663936 0.42507137062198475 0.09825968008561653
v 0.12670071760921775 -0.822391008882874 0.20380848366493187
v -1.4072282805966987 0.903707495491454 -1.1292314742785146
v -0.029024357585190508 0.4966790493826633 -0.5587061196192731
v -0.8895293151055289 1.0119457767834237 0.042486273885997905
v -0.1987302014559159 0.8014740561029643 -1.1663970553049698
v -0.4220699371411334 0.9934826651313418 0.43744535659546824
v -0.2580467412982897 1.2004919105267162 -0.8839105679179485
v -0.7642297232594457 -0.38509440018580143 -0.3413781987795287
v -0.1548293978167929 1.3179024476681191 0.1919291479197608
v -0.4804808336749922 1.3383740463311389 0.2063685923248454
v -0.06283415533299103 1.4327609279995324 -0.8549178143615909
v 0.24654732895811504 -0.729062356076012 0.13818181093438642
v -0.7129243345358522 0.9358359151289306 0.32846940197589347
v -1.366016794832018 -1.3861965653168942 -0.21532860608374915
v -1.0635869740722423 -0.9649009404358729 -0.23746394071445637
v -0.006619975284335389 0.8262778497214637 0.3529248082318228
v 0.6678687477305785 0.796546643626218 -0.3895547145460082
v 0.7703852206327559 1.2433788603878813 -1.1705658156888017
v -0.07644294053070916 -1.3831188405875818 0.21847218108128486
v -1.1643848265607275 -0.6265103191716912 -0.1274877185649335
v -1.005539189996223 -0.5757482804696091 -0.35710535975885216
v 0.2047370093326243 -0.5508342584242416 0.03179673383051235
v 0.2605332324369889 -0.09070763824785272 -0.1374989052491982
v 0.06280403378518457 0.10864861350201263 -0.1563644695390189
v -0.5918672684083839 0.4489713790511823 0.29439119591079266
v -1.017388695935102 -1.2733837943200101 -0.30932060744969175
v -0.8349284620484891 -1.236615031634325 0.08600432494699656
v 0.8864067237533644 1.1541701973304512 -0.8129612427722293
v -0.017997738720625434 0.547206705326799 -0.5740127462631388
v -1.4319089388527204 1.1019482763201585 -0.7295751461174058
v -0.6713267196108215 -0.07542035202762443 -0.3270116405990615
v -1.1012225993202853 -0.7860666763453222 -0.303250072041129
v -0.12017675319797 0.13184797112943195 0.24752233653548406
v -0.06427681507387151 -0.5238527890475294 -0.1602342125879754
v -0.033198492528897006 -0.5849774187426955 -0.16424701083656496
v 0.40211861981291785 0.8913064877822581 -0.17023510968735028
v 0.2607508122029112 -0.3069592485283468 -0.3349391563734755
v -0.9372566255572947 -0.25211084604065714 -0.3725436930893075
v -1.342973758975818 1.0545681144848205 -0.6055663077715872
v 0.1598734801635685 0.8341494820610489 0.14579856126535168
v 0.07395007177380086 -1.2940862992598676 -0.2580887642833399
v -1.2345567386034129 0.6173453910011899 -0.5020898265890791
v -0.005037317249624085 0.6771099173919117 -0.5751570879613209
v -0.04318098825412908 1.3386546223323186 -0.09877991658080579
v -0.26733845623132724 -0.22689297155450483 0.27396087546599124
v -0.8737488281027668 -0.8398982480683576 0.0980115512414485
v -1.4990883399128025 0.8199768475911456 -1.0963089784044158
v 0.09521171075859275 0.8781901241557907 -0.535037077406243
v -1.1854301245257393 -0.7802402738256305 -0.21308595609240674
v -0.46493446969308205 0.0041584383797584334 -0.40472525893223427
v -0.1104055835686204 1.3360504982248083 0.10832431267197878
v 0.32277908722894366 -0.3714584424920635 -0.2995685784462148
v -1.2717420796288117 0.7573673808469392 -0.8580148395549876
v -1.0993941101157017 -0.574933704982313 -0.3816376881542489
v 0.1037188198690619 0.03714822614105895 -0.15616239407964896
v -0.6160481125758555 1.2394995470259884 0.21881205705907225
v -1.1981747644107017 0.9807013423767524 -0.5341306748662216
v 0.07995567290878708 -0.12283212186936165 -0.33447182940148984
v -0.6743619273757733 0.10868173997142488 0.1668537492197235
v -0.3344043521811977 -0.34971830784023084 0.5811308182777424
v -0.7538482513775833 0.44461259101320083 -0.4401082043411392
v -0.6865364043791817 0.621219409722314 0.33587678422907175
v -1.1314929397042037 -1.27702432937313 -0.3052099482558784
v -0.3836624331881431 1.1878341427099106 -0.9116885510640144
v -0.22589054977149897 0.9172224556587985 0.43947915798321224
v -0.8657409736471064 1.0943861506981034 -0.22568622211248834
v -0.989243624355676 0.8677587827518216 -0.12366494797049338
v 0.16914351703911978 0.5472179139814072 -0.11105583090942889
v -1.5105927951117843 0.7729338444839933 -0.7261551278573516
v 0.031746690005519385 1.2491298991906712 0.062348229629128726
v -0.7425661710908802 1.5761352046630517 -0.9660435130118524
v -0.8017160995771451 0.4345115153145299 -0.2697555551662629
v -0.04802188829869508 -0.3796920484422286 0.09613996565898675
v -0.07685562281400815 1.525338381170109 -0.8083680519965253
v -1.1348869642750508 0.741434408190043 -0.7543819566821544
v -0.37704015625194537 0.26183072268473156 -0.522038534521708
v 0.044085960205376584 0.7010097060435678 0.285830021525155
v -0.27555378068600855 0.2118388644065957 0.3020330008814702
v 0.05889878667341408 1.0156243133714182 0.25124255093722636
v -1.015351398086473 -0.6770581347103005 0.07711554216633326
v -0.001765149335559324 0.32875833860154885 -0.243037019648094
v 0.8069349849883884 0.7594205825976502 -0.6502199693684438
v 0.0987730259979494 -1.0044872312217055 0.2564340960591053
v 0.041330089695462424 -1.3709056827368986 -0.1965369669669232
v -0.770178981424744 -0.5301073981368489 -0.17187177305790072
v 0.7619115776478993 1.1303965010481922 -1.023425590915166
v 0.7637367302298099 1.2545162071737264 -0.7011875200514512
v -1.3285998082780512 1.0153627181578995 -1.0273755927262629
v 0.34716184701757336 -0.5193773191148752 -0.23819899669134187
v 0.9173626501875913 1.1439337986056468 -0.9558199812631044
v -1.1494951578723285 -0.7764806393248832 0.025445922117417197
v -1.1766898514236894 -0.7112189371713905 -0.09482372103899842
v -0.7585739680107129 -0.47699857484838437 0.06024667681932383
v -0.36791583188629967 -0.39445678358826664 0.7291841587962985
v -0.014977955343120075 -0.8275438731574777 0.14749114803028385
v -0.017081626009232354 0.3712848333151468 -0.42425335261029967
v -0.7519834988786793 -0.9179192352829765 -0.0675594978654695
v -0.003968279329014335 -1.2124095124428944 0.23529495308394321
v -0.5939454248999247 0.1685572540205213 -0.34645809691040896
v 0.9117561850474472 0.9133750699797287 -0.6851334699490557
v -0.29267838717202677 -0.2142330059622859 -0.24828370895307159
v 0.7475241006414524 0.8025797369336477 -0.4022122625852725
v -0.7704870895579201 -0.9004029652385216 -0.20532684985398542
v -0.329550325423481 -0.30680908052828504 0.4935035944886579
v -0.06213266538060047 0.17223660977935162 -0.27282678646821734
v -1.2289029413727754 -1.4032929403787389 -0.2665299800909613
v -0.7223182260458345 1.0052536905081872 0.2929331917015717
v -0.4767408792540827 0.29542637718816517 0.3044442602065701
v -0.6556917652999765 1.4761784208454816 -0.7501106401056246
v -0.4759001702191442 -0.11340886008794643 0.2216448297286775
v 0.34520099179377617 -0.42199029418926126 -0.0762174143288479
v -0.6871004734289081 1.0732028723966858 -0.5979232840345441
v -0.394901956550933 -0.2876652179318039 0.21998359123305034
v 0.025757032732168228 1.5000114171043482 -0.8287915992970981
v -0.8182059285844563 0.653781450448846 -0.5103015147244401
v -0.46780640272459806 1.1037666557578405 -0.9984188627069078
v -0.6089864004356451 1.3551986564732337 0.041102114930665734
v 0.004682764091253233 0.9489269843583679 -0.5763591512337682
v -0.65664669871708 1.2738103176893754 -0.4444589804887501
v 0.14683801465208923 0.9769121178270307 0.11627536462309213
v -1.394884255210038 0.959733286227632 -0.5413721850150208
v -0.6098950407106329 1.0304288282524379 -0.8159106773567308
v 0.1820715512924389 -0.11689041605957462 -0.286021590697165
v -0.9444244502904171 -0.05722514919843058 0.08040635121185857
v -0.9088144746813124 0.9520345988333015 0.03896166149604435
v -1.1451272190967168 1.0049846827975923 -0.667192210078987
v 0.22352141577036266 0.8196621061721765 -0.4590554859167838
v -1.1611306604252758 -0.5079542015859642 -0.2109690787940378
v -1.3445683049775379 1.1195093410234929 -1.4034627375972137
v -0.8602421995022167 -0.5707819074287169 -0.27870697454620685
v -0.07910270831573024 0.9768502004997035 -0.556889718179463
v 0.029818401817392926 1.1866627284145914 -0.24333315989515558
v -0.2351590482042609 -0.19032564497534188 0.15934145316022214
v -0.08080348678902122 0.16367471612176046 0.22907287107074126
v -1.3399388509075132 -1.3826268785511902 -0.1330379006747192
v -0.7267944751897715 -0.48707825220643985 -0.16918780976355624
v -1.050027898558419 -0.42367652738527106 0.010690657385433122
v 0.2918513122997842 0.6181973686300659 -0.0867220415529642
v -0.4562484217044127 -0.21208202318545688 -0.22150711220443714
v -0.6860316752656161 0.8933361133967167 -0.572077185436372
v -0.32152544819825535 0.8098456224097588 0.45105929657551946
v -0.2989443847339428 1.4402348229286295 -0.4000471341266921
v 0.7823503095786009 1.1523068034563482 -0.6114943673940348
v 0.8267156230412251 1.117863067380453 -0.6078682377597607
v -1.3727746545314434 0.9803845230610289 -1.4751657198917263
v 0.012170465045901468 0.38082861310831995 0.1046933079722423
v 0.3377021621036258 0.913170117432545 -0.13586755649919277
v -0.7688202167653243 0.7645275533256677 0.2925692600728963
v -0.7076450582154274 0.41298656285544133 -0.464109470277563
v -0.6109592435253333 1.373149626514674 -0.1615050662308608
v -0.9349371333455908 -0.7515666772188453 -0.3212386440219144
v 0.16069662697497666 1.0486533414137353 0.010403268280472
v -0.055187395377745196 0.3308013506662525 -0.43598791489506
v -0.508385268826432 1.389024757718646 0.08613727037972813
v -0.9867948629901138 -0.29345709539772935 -0.3783271191097799
v -1.505292979581133 1.1494365287462804 -0.980794681889657
v -0.1880111512705619 1.0701224703773247 -0.9999215816559023
v -0.2648927717513436 1.1159662273605142 -0.9380386595037987
v -1.012017512642846 -1.3492724998285905 0.13993567567379828
v -0.09314599371266907 1.066661933130559 -0.7965442400502061
v -0.9215538798648361 1.0279934533371207 -0.1048313113634958
v -0.9630318958478273 0.9814709633669572 -0.3391130315800876
v -0.41732490006414275 -0.22470906210602848 -0.02990958707723984
v -0.24573408416071058 0.26658764772873084 -0.5003072309310818
v 0.8351698456833383 1.2798686654342823 -0.9614338788801011
v 0.11832937107996466 -1.0592029280339812 -0.10279479272614978
v 0.07409218792393912 -1.3988754717372207 -0.24408483904607664
v -0.6746850203413133 -0.23259827664892063 0.17695086892265044
v -0.6534678763187536 1.2016311573818945 0.21483180586637685
v -1.5687294092740562 0.8397374259483913 -1.2116334470627899
v -0.2905446669220809 1.3035058798633716 0.2654251153560425
v -1.1981832358359314 -1.2642895794775275 -0.2867294342184778
v 0.41613513230936683 0.5916379720316005 -0.21823402522065405
v -0.7934096873214684 -0.9075137477097791 0.03725930462041105
v -0.45422291192391 -0.3082345177018354 0.3432265248270907
v 0.1997783884450084 0.9760344462055949 -0.31539449946070397
v -1.4217780733073102 1.2662728271317265 -1.1061976291194975
v -0.33753162675619275 0.7950319368113323 -1.2303930785776866
v -0.0624617922386389 -1.0137246011627035 0.13886989445675552
v -0.2935246905443811 1.2323649886207138 0.3356671763939669
v 0.3984374658742039 0.8949384515112657 -0.41924616088604855
v 0.050036077501063814 0.3838931312053754 -0.2248373013894145
v -0.18877783523362324 1.308987831036461 -0.8196110118808705
v -0.16049845959666473 1.0583928231175799 -0.9420889997524037
v 0.7767559921425597 1.122241355680284 -0.544077806387075
v 0.9049633607391729 1.1757976660226848 -0.89553791872209
v -0.9991457414401087 0.9272802152020498 -0.5498050692558479
v 0.028221398303165335 -1.3365955114668062 -0.12497102595932194
v -0.9907225873504298 -0.0889031447548278 -0.2132003602925602
v 0.09138706206516306 0.6501501060929091 0.20675937677311673
v -0.4118799514371039 1.4086184250231355 0.0913794842147731
v -0.28982925106548024 1.0155873308051444 -1.0309597448501417
v -1.0089488787118346 -0.7961281321472232 -0.31517644018014596
v 0.08335882823748797 0.49172012879840005 -0.38414081449162707
v -0.751874169541753 -0.2542842061671493 0.1799610220478901
v -0.29646587348119424 0.7502358993272431 -0.6670133710996691
v -0.43593082715854004 1.4383139272578025 -0.40794346147001287
v 0.15569197268233914 -0.8708016676499818 -0.25373093527462975
v -0.7653816972322449 1.5142884858659387 -0.8681199911280615
v -0.5595070434041276 1.1825474339126334 -0.8408125916575483
v -0.7047015975840951 0.7061661466981624 0.34476073190382583
v -0.4641862270637165 0.16163334239872856 0.29893537629477895
v -1.2464965731117807 1.0441358739909097 -0.602318794901705
v -0.3702209386589344 -0.20343058016965965 0.3599126351585912
v -1.2597694383274556 0.653759872290242 -0.7236652281320066
v -1.0949464320521383 -0.19364622388782993 -0.09002318014293229
v -0.1659953356627883 0.8286277511529778 -1.015214242436005
v -0.34233396583214254 1.3402273104585638 0.22913045278657118
v -0.7068995927749934 0.2717639482811515 -0.21486821209420384
v -0.9711261828165619 -0.5747018396762039 -0.34507261928982874
v -1.0556831742925161 -0.6375240710601998 -0.35476484882228587
v 0.31599025887596655 -0.9131477250021433 -0.05780511124836729
v -0.2800610384430504 1.453877274049725 -0.13755794548871156
v -1.1513545557911344 -0.9015242902341928 -0.20673442510735812
v -0.5901570195210389 1.4145741766157913 -0.8945029063608342
v 0.3195371287369244 -0.7022921528558524 -0.32252364334655126
v -1.4486486549245305 0.9910325451409784 -1.309762640765718
v 0.2831972519332673 -0.5219340911521158 -0.33736763826590543
v 0.06404134138335155 1.0057330253258403 -0.5131878531748018
v -0.5714421626852451 0.07885209351743735 0.24143635675969843
v 0.8549220325344602 0.9052753684915664 -0.45978986258126875
v -1.0245540431759401 -0.11414793199990542 0.03188604343140061
v -0.7727393498217519 -1.027735259584642 -0.009597666787888981
v -1.485090048972508 0.7336525250064287 -0.7940038114701303
v -0.8994080158919211 0.7200459176043474 0.0493952206552033
v -0.20341553896076917 0.15434709753037923 -0.38410738832556757
v -1.0514300393125877 0.8784870635939118 -0.6136533820410108
v -1.1035358378619493 0.9385426753482445 -0.6111207056142112
v -0.7896024210335806 0.845351163727176 0.2895504157448856
v 0.8696791553856573 1.0687815276785297 -0.7182583609589481
v 0.7076920186453004 1.249112916380659 -0.710890238966563
v -0.7983409359152998 -1.2826922523057425 0.10612817560029358
v -0.049090007149586556 0.9037853766601929 0.3747548518778383
v 0.19079707931944268 -0.7305078529451533 -0.31173995858426806
v -0.5153811675829004 0.8819174113984087 0.43371193556146925
v -1.5469633208925695 0.7966285607098067 -0.7795684629192251
v -0.5863617810585953 1.3604639269703425 -0.6861178735364748
v -1.1562444062880886 -0.5654847292285616 -0.3839200579412436
v -1.4298284647071073 0.875508538454848 -1.2086775590104835
v -0.1475223540011226 -0.33525408851230465 -0.2234384173388128
v -0.4291937064671062 0.7361740726977262 -0.9601887591893284
v -1.3794837036369159 1.0323220319530566 -0.5881851209959477
v 0.44635140741811674 0.7291521802520506 -0.1532249074014855
v 0.11526407377162623 1.1642664179434363 -0.009965474493202509
v -1.510834650306136 0.759402900495461 -0.8829920376536007
v -0.9505427573445556 0.8644774041607973 -0.09084514814752775
v -0.6254657200805254 1.1956622590963115 -0.5781020071163367
v -1.3386338718063913 0.6831819712634872 -0.8447425137932778
v -0.05241496163312481 -0.8363779912696777 -0.15375157430963177
v 0.7329273954156537 1.1910556618905859 -0.6706991004071983
v -1.5424429564021533 0.9346797454030694 -0.9611735024329477
v -1.267518714515846 1.0857436386423949 -0.6860739779675371
v 0.1520675013695132 -1.393050128145683 0.013286050330619303
v 0.3545710674101882 -1.409045537604095 -0.15156832419377947
v -1.4632649003717313 0.9996991128475748 -0.568990569706524
v -0.8207544289942321 -1.2276999155082544 0.030994725622625396
v 0.26965573864297443 -0.8463080800411896 0.15567128809857494
v -0.9102839672620123 -1.3192296291999543 -0.1512762997806738
v -0.08816167883249332 -0.9710036432845764 -0.007330361752363956
v -0.4812283170728514 0.1250212011809096 0.2938062879541924
v -1.0211884098674782 -1.391963667859978 -0.09232137391290315
v -0.2699399230285649 0.13434532331140592 0.2927056220474068
v -1.5777141749009538 0.8456076640976913 -0.8188103822775611
v -1.1175556270417417 0.8307743383789801 -0.17651637179850094
v -0.7543900829360817 1.1818268233141467 -0.2459062154502315
v 0.10535644226888363 0.7044482055968707 0.23146952517923058
v 0.042245283337137174 -0.95826675555289 -0.17057916143842308
v 0.033152786755432206 1.0575818240102746 -0.44307164474895677
v -0.27726848506350965 0.7778128259825398 0.44933482208731723
v -0.6262161205257514 -0.2588348400189403 0.15139829322082043
v -1.0333954139470043 0.9344706770219298 -0.2005659488344656
v 0.6659696300161204 0.65227447580746 -0.6249493682521474
v 0.13849222225696045 -0.7655722208180037 0.18284362428004908
v -0.2735131062551536 1.4456675239526828 -0.2485833057014651
v -0.6228760613311903 0.9778942437199305 -0.7471472995966895
v -0.05635065792425853 1.1404526022699955 0.2896840404900177
v 0.10301303426472702 0.7533696473498194 0.2319546341522879
v 0.19866533507680184 -0.7966213928690867 0.19323512600970694
v -1.0722274681705257 -0.52649573386075 -0.3936626764699961
v -0.19054041115558254 0.6477831219525003 0.40564538450362964
v -1.3124488762394797 0.6827813168056323 -0.5777980347968931
v -1.06254756616016 -0.9346921777230811 -0.2553921138309274
v -0.6178863918709165 1.1290412128698808 -0.7578687073956687
v 0.22090080834725234 0.8932329378309478 -0.02231111824175841
v -1.1725287033346983 0.7036248589876978 -0.25823769353725956
v 0.582804070134139 0.7186173036463359 -0.758893609990023
v -0.582836029821382 1.4026489872835874 -0.85217954603476
v -1.1566687767406316 -0.4731907691065316 -0.36574455517166404
v -1.1884602774072404 -0.6722435680111418 -0.1876848270963335
v -0.34419490219373783 0.8857041984153994 -1.3158933952206067
v -0.07581074044316877 -0.9920572328568292 -0.027023907959502158
v 0.9114030824576267 1.1369940829806544 -1.0407552098876973
v 0.4996686197753206 0.7714196771230728 -0.19923151954280474
v 0.11521534309677922 0.7828898470256063 -0.49016094099822505
v -0.11635819833636823 -0.08399902869746306 -0.34120405504768486
v -0.1956244850597482 1.331069979502165 -0.773587376969986
v -0.5609967954781834 1.219667101412726 0.28578191022337895
v 0.0809396369411235 -1.2335763473882646 -0.143640209026071
v -0.04473925098175219 1.116024328550533 -0.5833434816996519
v -0.5643487426397531 0.3505805701549587 -0.5313607385936618
v -0.20309050795691017 0.1711152847836804 0.29039797784315846
v 0.25293472364195446 -1.2232494602557593 0.004284281913932986
v -1.3823817302565211 1.1165554109892821 -0.7348239932382439
v 0.6384266689808482 1.2300080543078766 -0.7572821610973968
v -1.3980178433944022 1.1189384388902086 -1.2596729015625816
v 0.23734476378775393 -1.1562685782548332 -0.009141728288499795
v -0.7010955476251883 -0.5141672527401947 -0.06520941661596691
v -0.1060023605077362 0.21412489049268718 -0.3354586705216401
v -0.18282462107258082 1.1398006421835112 -0.8921216766397915
v 0.857692268503667 1.0860289098910487 -0.7427754248051104
v -0.647060661696641 -0.4399098760018437 0.010853952098645592
v -0.37107083839105603 -0.5017050269958484 0.7333744174196283
v -0.16239775712911134 0.9170748450701267 -0.9053088485941218
v -0.0465135750122847 -0.4425567967905848 0.059563867957946826
v -0.953342423524525 -0.3100921174407577 0.12357937151273668
v -0.44547892258343397 1.3751168552871702 -0.6504059011684138
v 0.1529749028983588 -0.5730532883386449 -0.35799905516102903
v -1.533829854577431 0.8291353773341338 -1.3107958549470902
v 0.11838467510127526 0.8783086042303472 0.20543030206155388
v 0.6742739244154898 0.7754566309214328 -0.8193797659478324
v -0.6576679849718906 1.3472923592214472 -0.11105706965557094
v -0.38314094104210644 0.5730585181410459 -0.5826246892608251
v -0.6161103895391593 0.2997527979882407 0.2309890714940943
v 0.17803755450099867 0.6083197067920509 -0.427233795807906
v -0.8172983272578458 -1.3199067638048092 -0.009453432781443283
v 0.32829784115031835 0.9293295009165697 -0.3473541299464346
v -1.2242948057242606 0.8376392697005889 -0.8569591081655168
v -0.1548193679689974 1.330748085323214 -0.6400363971726659
v -0.7199983542183773 0.9904426422402569 -0.6100541451858855
v -0.20529477679762476 1.413458066341783 -0.4498799933435599
v -1.1601658170390357 -1.2416844004229977 -0.002250383702377734
v -0.46297465341766225 -0.41592181669767647 0.6685833988405707
v -0.38484335785706925 0.9667315825572788 -1.0654033011080486
v -1.069834790037557 -0.8467582443851746 -0.29458358425363856
v -0.06313668910852782 -0.9877316911669191 -0.06119414087509323
v -1.4300012697939266 0.7019653187730719 -0.8299381787302466
v 0.23976029878502159 0.7658310139637767 -0.020654455114946457
v 0.09755639746844441 -0.00042995724958933 -0.0017025182513807913
v -0.03229438766317139 1.0045193338234788 0.3385294791732172
v -1.182905499948863 -1.3938986292934503 -0.41853478094429786
v -0.31993180128647725 -0.392042567256247 0.3207812639035471
v 0.30857638319543057 -0.16379398030663778 -0.15542863678823501
v 0.1396321484245393 -0.22462754461796952 -0.3688233188493534
v -0.8827477993507452 -1.3076515884841777 -0.10903821314063775
v -0.7834524660134898 1.0891339869343688 -0.4111542515107155
v -0.2382074825812459 0.14920977752188086 -0.44362522441602836
v 0.23775810540367692 0.593478608940287 -0.4412748434698785
v -0.9310331050001859 -0.2839460624582153 -0.3776238509572821
v 0.43390448618255795 0.831641960172844 -0.645548158172271
v -0.9810290591325012 -0.37854552894840976 0.0791322208856296
v 0.2521562915703198 0.961650185943162 -0.27614662612897545
v -0.47804629791028724 1.4407716795227832 -0.03652381216351408
v -0.13010598283909297 1.318848250327369 -0.81929752918782
v -1.0843210470589462 0.9669239078857238 -0.5428694295052585
v -0.6340916489217512 1.4109826919139423 -0.8091517787089283
v 0.870728213529782 0.8739677580316494 -0.7650338348589656
v -0.4586375034776142 -0.40732551786497806 0.642158266340085
v -0.31932819225908704 1.4616498266777205 -0.17967019949644467
v -1.4320869786409787 0.9450769014094725 -1.2280276928193965
v -0.8097426950631483 -0.026787677984214442 -0.2543072918868944
v 0.6596141030757747 1.0598197987339195 -0.8180784031862542
v -0.6980292113684727 0.37764451604900134 0.12433780382810966
v -0.13201836712513726 0.6665722036579361 0.3928235827218818
v -0.4273556869091393 0.1107672090611593 0.2974760734000864
v 0.8184750441490667 0.9308823691045419 -0.42081904881005866
v -1.2121120171338344 0.6575050614125906 -0.5972407349102613
v -1.5889919994952657 0.9383335670075519 -1.088369694541652
v -0.4613383496830885 0.7863424922606606 -1.081098914020302
v 0.47714084237489374 0.9226322398792236 -0.6117223766032824
v -0.28805998191839843 1.351281601313561 0.20421523195461477
v -1.1769218965477868 0.7298687149761345 -0.7993119186080231
v -0.362601710835685 -0.4513480383024481 0.41976033735882046
v -0.2547506975513253 0.33296074492898164 0.310236856944449
v 0.5086002791563209 0.8410412662022536 -0.6561072502670855
v -0.46160198283380893 1.4573715771187503 -0.10771007747856964
v -0.2851494279789369 1.3624842819685123 -0.5269078458084357
v -0.3349994298440288 1.320885747973763 -0.7661529420994471
v -0.30391739106062804 0.24628623680181105 -0.5103761192098353
v 0.09343053366472587 1.135526008964085 -0.22187519962662144
v -1.4680429640192518 0.8482045755058902 -1.2899022634249295
v -1.567705245931432 0.8970269775068024 -0.9114312714822163
v -0.8805760575861483 0.6388167576997454 0.07422724569787603
v -1.502572872871127 1.040793357283841 -1.3269442895136008
v -1.1525012551029414 -0.38362656592654976 -0.22997949646337523
v -0.029256182931746755 0.1276011897184258 -0.25225688730489126
v -1.0132248905358383 -1.0891513542591724 0.12323074439284881
v 0.5068302707575091 0.5736139958868837 -0.33693036087775335
v 0.5189556974096468 0.939818184279051 -0.3851326305761221
v -0.1598575483265769 1.149131417579577 0.34537423092057606
v -0.3901069900125062 0.5042475285736406 -0.57631531560416
v -0.619286994182296 0.7731029932717158 0.4099453320998626
v -0.866251956430712 1.0971033403607424 -0.015553158643450637
v 0.29874161793752907 -0.753281081899699 -0.24056526155979735
v -0.09310815201600636 1.3765717626310359 -0.11854215325949966
v 0.28483413508135924 -1.0817463096398425 0.053484241751083406
v -0.6006259828441294 0.9420636114593248 -0.8427793409154085
v -1.07333928279259 -1.2309684271232224 -0.2841955989646421
v -0.5791351958028303 1.3691956487280565 -0.3312199809201104
v 0.22871605775759674 -1.3729224613550772 -0.3581430294303804
v 0.28290424851111395 -0.7770352379605555 0.13258533568248487
v -0.47027032874051256 0.6429397044560972 0.42539209689599466
v -0.45601128173731154 1.2051099161848149 -0.8924353591306069
v -1.3832259357523446 1.193080532318241 -1.2036323058120284
v 0.006921637904839961 0.28777877808230695 -0.15443474280698555
v -0.6784340455807469 0.33512057874679346 0.18504109999675877
v -1.462961107870276 0.9085119524237113 -1.2983726896657721
v 0.7136640737355684 1.1871073383807134 -0.9495186994159158
v -1.5724337797130459 1.0252780618543653 -0.7381528437781967
v -0.17697516189082535 0.28681543317930314 0.29223383958526505
v -0.4527035298413269 1.3705003880718607 -0.5356906558546223
v -1.0122989078148614 0.9632734229039145 -0.49114488505078496
v -0.8502332105933654 -1.1454747437660955 0.09510379447069484
v 0.05521783253246498 0.08152179125137149 0.04573948099217834
v -0.6015071509264501 -0.058009575203010644 -0.32932721677457444
v -1.2384392687093198 0.7012674651400017 -0.3493396801739672
v -0.01627294455599937 0.26559780964210783 0.1319040452841207
v -0.4473636748385994 1.182543497896666 0.3541379602802194
v 0.9136779198688865 1.0984171305432944 -0.8498904230833133
v -1.147432305889575 -0.33161890803928284 -0.1996769686595392
v -0.9198912228050785 -1.175408644693782 -0.16326198787607485
v -0.5001607336947911 1.0154484114192437 0.41424937555027486
v 0.2307400890346396 -1.2041779843894838 -0.03875857014314493
v -0.37812365953073035 -0.3886383529993924 0.31090987571534834
v -0.5077858755318801 1.4056988402247028 -0.48187724574841184
v -0.631588442665267 0.6217610215032712 0.3741190354507541
v -0.3650485941022577 1.3031765931671213 0.27413693725637767
v -0.8090855402347782 -1.1554392576924908 0.028301351853556478
v 0.05897964482884921 0.962087663129079 -0.5587259595373227
v 0.30335778545619096 -1.4034319197039689 -0.02432096387749688
v 0.04524784414731248 0.12012901305010648 0.033068886158869326
v 0.19286248871358613 0.6631675298662224 -0.4523782246356992
v -0.09289698575833572 0.27794848829433805 -0.36349689025642384
v 0.23045975279077757 -0.44891518083896786 -0.39318713780987513
v 0.0022961598103359293 -0.3259118647043129 -0.36274706922471595
v -0.05159631027142586 1.271595559466006 -0.39936438520464457
v -0.9922448465208268 -1.2503110685159533 0.14040723835839874
v 0.06092587485625922 1.2067185679087333 0.08532027733947745
v -0.13789140244314516 1.3809316095971713 0.0446772561753499
v -1.380555318948692 1.218614826524587 -1.0601632251090876
v -0.10533141963359127 0.2035201845681572 -0.32678904590924146
v -1.0527053084860765 -0.23378589454296927 0.03281144673885927
v -0.3752283102011739 1.4688419667988253 -0.08923301994250099
v -0.06436598481632433 -1.0488398175667086 -0.0005030323701000206
v -0.4875874004134114 1.4041551027945842 -0.8744445094553023
v -0.051067825203619466 0.4052268172641725 0.19613417159791313
v 0.18187023506457534 0.5447170053992189 -0.26355571064428884
v -0.8215507429658208 -0.7964905253331093 0.0522581428075245
v -0.43987497489512695 -0.413352197664156 0.4050534636454832
v -0.04352539964117863 -0.13101318100737108 -0.32782194041418977
v 0.08670478146611199 -0.7381852618775272 -0.26066697462074895
v -0.07098130879030523 -1.313836568052447 0.2535628623197663
v -0.43816176900086223 1.3093010340126408 0.25792478718265577
v -0.33960342967881135 0.4109218327736984 -0.5468453450864565
v 0.6678561205118401 1.2705486591377417 -0.9106811907134139
v -0.15868075947138313 0.8406516805405713 0.4287292590229653
v 0.7768954509824255 1.0347263782754927 -0.4276957082604642
v -1.127368054909533 -0.4623202322558677 -0.118581133803422
v -1.1579642854276995 -1.3899828728192491 -0.13157140506049203
v -0.11742336018033994 1.2375294012061258 -0.5263933066246159
v -0.4428795736425037 0.04908794077076789 0.28173111043991483
v 0.029620402232425957 -0.6561326354850933 0.036041976798729114
v -1.5799620995532884 0.8888424818472376 -1.2441277163874842
v -0.11150555018322905 1.0866668841339933 0.356936068037623
v 0.0449901050306552 0.1562669742326054 -0.061632916746481636
v -1.3815777040912094 1.3126041905600339 -1.1556425609961312
v 0.1801677982698361 -1.2235980274363176 0.18595099899766498
v -0.06146156466824365 -0.09094733562634405 0.17894049502458598
v -0.962382273395192 -1.305679005131584 -0.2159368903788369
v -0.9630221257371261 -0.48618997132369035 0.041377036655100174
v -0.02062645793298873 -0.8964298068664786 0.17027478644837846
v -1.1449176312413885 -1.401234024411953 0.009439044267302854
v 0.11159602656628642 -1.3909689347281162 0.05670518151824039
v -0.9266855256168126 0.8113809683337534 -0.5446909058082957
v -0.01548773934013642 -0.4160409760846334 0.09454789714955097
v -1.4529119196511366 1.0492356719791691 -0.6542556244813322
v -1.1578915790210704 -0.9368810221763492 -0.004220349704251947
v -0.25978328357148894 0.4044733798929207 0.31705169896640983
v -0.33320862249789607 0.950815432872183 -1.129604057150408
v -0.12739940243776737 0.05974449421527658 0.2282369172226063
v -0.6667537084093672 0.23252324768918115 -0.26154516571637343
v -0.12037854894046912 -0.27736074810851485 0.10520526976489553
v -0.6284730560572805 0.12763095958538856 0.21451742408338437
v -0.7261252325966279 1.2406184344889284 -0.18415040463612578
v -0.11341349895889369 0.9830820526236067 0.39174625319403067
v -0.775893237459025 0.12176907298265938 0.018855732702254435
v -1.5068520814593684 0.8931369350049372 -1.3870481524281453
v -0.396960592800848 -0.47159354581476265 0.49112116598102606
v 0.668287583785035 1.0370050318240611 -0.44321076393262226
v -1.313853234748838 0.7787674397232196 -0.43734404222398365
v -0.07919561427638577 1.103307320696449 -0.717702783314228
v -0.38916244607917483 0.7096816882695918 -0.6150306479734556
v 0.6652930948045597 0.9770056032012043 -0.40061304131585507
v -0.6271903144473865 1.0155894686412283 -0.7649598497466414
v 0.6388387119112999 1.2765256092732484 -0.8701075792927956
v -1.0000568791871571 -1.0462161732175725 0.1282694841841699
v 0.047617825254194224 -1.0393474856979843 -0.120505985469993
v -0.3531777297823163 1.0880459882058746 -0.9711745194109815
v -0.3690617719666005 0.7065101385099057 -1.0035106887643497
v -0.1770134831021237 -0.061220964637007824 0.2076236020049781
v -0.8047218371717815 0.4373875442002253 -0.12205054207094729
v -0.9687048137245607 0.6327492991767614 -0.5291905152920777
v 0.08476176818271614 0.7991501084011041 0.2595566753866263
v -0.23707552834448464 0.01801613163292748 -0.37882781230849555
v -0.4329103045293047 1.4502806745250956 -0.24710242464816873
v -0.11929168905923465 0.99168514458031 -0.8529899457487706
v -1.1280750193206805 -1.1293802545960938 -0.09075048396654153
v -0.23834160682079011 0.6301911685147199 0.4131547635157642
v -0.6390152652409653 1.2759317703565594 0.14645731447584076
v -0.5639686873314542 1.4498381424557278 -0.7195747285326666
v -0.048320026523405224 0.5189286083955356 0.294205603767023
v -1.1406837168064388 0.75817482355403 -0.18668340073934914
v -0.5647339127708321 0.07264753376821284 -0.36268541163448303
v -0.7996294716603745 0.05978557263572987 -0.21516509159299538
v 0.16753398620503612 -0.5170819424933887 0.06279501739088772
v -0.8231850487227459 -0.7267016655651956 -0.2708349226313154
v -0.14449300031068082 0.9509202867391766 -0.7051882105554909
v -0.5438274342928386 0.6237283102150966 -0.6339833240887512
v -0.9875597088137383 0.8286893288241047 -0.10261617352437333
v -0.6715912118919307 1.264522938367835 -0.29065366211790905
v -1.1142026209520184 -0.25112062833828086 -0.24857976928102726
v 0.018113569440042443 -0.9265026871193952 0.211211210630189
v 0.7074060880640227 0.6855741499020438 -0.68833930500519
v -0.8356355063787426 1.1126896638956227 0.039048094009118794
v 0.8515671883053002 0.8185393426325983 -0.6633787700401654
v -0.8547690594105575 -1.3744955091172995 -0.054999730852323125
v -0.8549158308486167 0.7493305157558225 -0.5249572402099756
v 0.23620263984476175 -1.3466758881170384 0.10852349106375836
v 0.24941172961389624 -1.398702067257107 -0.08470316505825448
v -0.9270708356063271 0.5805439613809513 -0.215645145682602
v -0.5017542207683574 1.4240606544100056 -0.45616515151112513
v 0.028517758327768317 -0.4720494843141517 -0.3467824086423145
v -0.03941434085183554 -1.3970099400270342 0.07086684709085328
v -0.8684813598302448 -1.1578423452890085 -0.14014828355044703
v -0.9388147284467059 -0.1781780407713059 0.1412769380490171
v 0.2927103627695359 -1.263009495177906 0.01133432586467592
v -0.0889549558780563 0.9906253173366598 -0.8103688268137395
v -1.0298875446097453 0.979189812346328 -0.4370965527326632
v -0.23821693301552335 0.0006482713682036123 0.2531975720662898
v -0.7630671999646623 -0.8599192228525331 -0.04257976233524269
v -0.8098341025405675 0.8858973628944569 0.2552250598446646
v -1.1505283720537005 -0.4605631307926654 -0.19053676037158787
v -1.2426716247217038 -1.268749465184523 -0.2602487379595871
v -0.2388292132659081 0.7752568930959116 -0.991592032819056
v 0.1258748335684312 -1.394686991313998 -0.11544916398095295
v -0.9723477263710824 0.705867708776805 -0.0923033721342901
v -0.013057559166705202 -0.3061222956913875 0.14887145088875448
v 0.9135196600593483 0.9135507721341384 -0.5259068390267576
v -0.8175588036038817 -1.183511802683276 -0.04192676330038142
v -0.4723715219143407 1.3726385038726332 -0.8428786603843158
v -0.5451075185924602 -0.029544547482952932 0.22018526709689057
v -0.6011892726825727 0.7538514796395331 -0.5772973815577304
v -0.2649071172308599 1.2652772548492521 0.300353141234159
v 0.2406494587779363 -1.203897168630986 0.07032481573458998
v -1.0952207543832782 0.920699376322282 -0.21551000247445704
v -0.6936259083884826 1.5078793731650602 -0.7899837006233472
v -0.0032228738279095337 -0.7617567428419806 0.12094124182564892
v 0.11505174868691953 -0.3968979326589881 -0.3893640275592347
v 0.08861594698579073 0.6739798456482087 0.22162351130716795
v -0.46294268577528613 0.12731543895513645 -0.45190244621826037
v 0.8587632444625959 1.041075591606469 -0.49431515610477583
v 0.6096292177396322 1.013242404337975 -0.7683357926197696
v -0.3337080369909167 1.2555000113678512 0.3212844745540999
v 0.20614732181537543 1.0107273700538117 -0.15520134685094092
v -1.3783145470563394 0.9954250590416666 -0.5524495325320815
v -0.42285720027397433 1.0228579914478355 0.4186784124823777
v -0.8848462552951949 -0.6731785216517603 0.041601489464133334
v 0.3620812256336057 0.8923055765053935 -0.13141706128714492
v -0.005272259441311933 1.1433352644414838 -0.3109700179176397
v -0.5198315828758423 0.34298024320026416 -0.19111565441546613
v -0.20825164385897874 0.6949258441240895 -0.5281375810713149
v -1.4833408794805703 0.9544911722914695 -0.769518415569697
v -1.0622088889689616 -0.6828414408521138 -0.2699990686820628
v -0.48541238196547093 0.9411737721540095 -0.15895886349538085
v -0.653831887866535 -0.38550364594754494 -0.2102612152929485
v -0.6435918328426339 0.7008233546682917 0.15038226164722546
v -0.4349728967749637 0.5363249398417508 -0.06867928441835136
v -0.7418337724242672 0.7650364182529659 -0.4363514868877587
v -0.2506440742723619 0.938234547235292 -1.0421801076072827
v -0.7981729059950604 0.6873693927585562 -0.11411113832952474
v -0.45238798923129825 0.805207057561657 -0.3315488880006075
v -0.1480864030710724 1.2726973242604984 -0.5720405025667454
v -1.3281878252869292 1.1775577844321363 -1.4173657649632276
v -1.150036709713956 0.9252340463326615 -0.7314727453688512
v 0.6632856067824466 1.4318950444462226 -1.0952152055205175
v 0.11304048448705062 0.7715077679575953 -0.2378395205528226
v 0.1527560244469649 -0.986541875497457 0.048031441071885894
v -0.40181701713174284 0.08963985415412348 -0.3653373273673455
v -0.4256237799440845 0.24128687714994201 -0.33888132611219035
v -1.08329450612292 -0.7747175239489587 -0.26615300166824113
v 0.5610853138431453 0.7626914118666904 -0.7551211484727723
v -0.6264011132762265 0.5153220389624404 -0.37231224735850454
v -0.7364808506477185 0.3547076926845958 -0.33066092679428183
v -0.6024093976729626 0.07451901945179226 -0.35263780181768606
v -0.6302992076280154 0.7738684984279646 -0.19860231642173712
v -0.7019545181758342 0.10250099611577057 -0.25440351449044646
v -0.9174489548668737 -0.37907689110403 -0.17990380304310802
v -0.2535324306801485 -0.05149329098106614 -0.3676668893863979
v -1.0360861703653539 -0.46436498256112557 -0.3238557150245869
v -1.016917113270725 -0.48278909368950884 -0.2169770175628728
v -1.0868997369109907 -0.7319885941400143 -0.2104908828236443
v -0.22214062544212337 -0.1657135972717697 -0.31486547493893247
v -1.299814165084738 -1.3639139797334918 -0.17903642100656197
v -0.9624321628970751 -0.8916319432604612 -0.04385381274236577
v -0.6848763446903673 -0.25232289140849307 -0.26801359837363614
v -1.0199987740160046 -0.4043705688621666 -0.16873085229556636
v -0.7477615723096207 -0.5485326281327153 -0.10472042360400369
v -0.9584862169806047 -1.4048885053490596 -0.19153560933740565
v -0.9584192847293797 -1.3887796107602122 -0.2201835718909606
v -0.8819976186830605 -0.44718501211446726 -0.0946782083268577
v -0.9092736299247156 -0.9009669543691418 -0.10513554342003384
v -0.9288390058657021 -0.5450376057917362 0.002920941885698247
v -0.44639107929908306 -0.4787697220944557 0.8016715670953908
v -0.4966412361276178 -0.17219235947347522 0.17734247254175767
v 0.03726997933615622 -1.319883187668557 0.3007060640059912
v -0.6223949083538771 -0.27463296916433877 -0.26437166473616236
v -0.43475224012346264 -0.27740208626606255 0.38415028183060984
v -0.8137048445783484 -0.4397851822168004 -0.05457488088514467
v -1.020374313894818 -0.7207535262673804 -0.1264636151616386
v -0.48717677604709037 -0.1865143227928277 0.13351751213417196
v -0.7064005578977259 -0.21728679491936886 0.059968398492439845
v -0.4981803782091446 0.07315262251775526 0.05799609485671686
v -0.5184098020013888 0.6568244703064035 0.02163312143144308
v -0.5678374114118099 0.02934710243268951 0.09996517378615799
v -0.5000265694956939 0.3599329237096284 0.09985160873661691
v -0.8267228877247326 -0.3420335063905575 -0.12656145612708597
v -0.7287873979548272 0.5730559207701029 -0.1130565058277607
v -0.9336090576228521 0.7593741096375459 -0.06265268453827932
v -0.6718087317185235 0.8088455746573519 -0.5209016053206019
v -0.951390798957464 -0.30800866630844825 -0.13012173241806532
v -0.5236294586687821 0.39682610046348626 -0.12004647059061305
v -0.4305045196629617 -0.41708459972955425 0.7487848589821106
v -0.12588351681606919 0.7719580921397922 0.23349755241157044
v -0.9704867300701576 0.9678978220904882 -0.23217035887406834
v -0.5816190616356769 0.514899746406652 -0.22235791102650057
v -0.5552732888073898 1.007892519487452 -0.12713075987825134
v -1.1804005354720482 0.8391619284665156 -0.38394293478531905
v -0.7854670268764787 0.5065114770067161 0.183520579066916
v -0.8355498330971747 0.5437409133988176 0.09975376777116957
v -0.4729604857655674 1.420756898469318 -0.4944725967434782
v -0.6551626808388755 0.980802280207555 -0.6718094565055792
v -0.766491154240684 1.165176376883672 -0.41883229979593695
v -0.9238106155986004 0.6922648975322558 -0.07081064705467197
v -0.12886997392639749 1.1432900701870745 -0.2621326910236932
v -0.6520251965980967 1.0009227942381789 -0.1889532432064877
v -0.7857001109489534 0.7002773872960608 -0.2907802340019419
v -1.0941638441869947 0.8696065524407134 -0.5243567680074934
v -1.462110448906648 0.8931166355520282 -1.0181655151599434
v -1.3405709710759477 0.9975697881484556 -0.8308132330009629
v -0.9607288869517235 -0.38565808961977444 -0.24492388975956686
v -0.41507631607918427 0.8857883332541779 -0.9738851557069336
v -1.4274605015576505 1.0320304470950337 -0.7857018347248333
v -0.6362290854101232 1.5122973213212139 -0.9569752119394709
v -0.4337302745562517 0.7427383083832348 -0.4245519903294219
v -1.2937793934760833 1.0359688406559928 -0.8364778792502314
v -0.6558464087699709 1.591273182013607 -0.8411840157024056
v -0.48738040992902615 0.7035040612590691 -0.3421598675749538
v -0.6864282338692915 1.3540932753391979 -0.7817930312128485
v -0.5732446781803979 1.374295266898328 -0.3798437639629845
v -0.37226592872151004 1.3379795056848884 -0.31857865645935196
v -0.15890033721495397 0.8533292682956501 -0.6039448290311653
v -0.16557685924430865 1.3861199379750357 -0.6937542639877248
v -0.23391514727985382 0.47074683794784056 -0.44194020998638406
v -0.359010186174283 0.7366574833897823 -0.6767844408301363
v -1.1973490601879035 0.871628146185025 -0.6741683088769587
v -0.3439261941797902 0.5846493658935492 -0.5817056994616182
v -0.3840213299131443 0.7454941389335961 -0.93498916619866
v -0.17407251994285186 0.9679727862118602 -0.828001319218008
v -0.34353299217856414 0.8518846505366741 -0.32719799197433774
v 0.022076598065407738 -0.20703081601360918 -0.12920605926175488
v -0.046945577739444744 0.6139471506975043 -0.4650356128367516
v -0.1266035280212614 1.2701077853898224 -0.877837814754196
v -0.3309178811845541 1.0894771995348291 0.2197175405293753
v 0.5080067998756085 0.8391232276394639 -0.3314729248904113
v -0.21217527236511546 0.4082967299008789 -0.1274906356123003
v -0.6519778245480505 0.9021029596014917 -0.29177404806408547
v -0.22740391794136008 0.6736587107007643 -0.3139911599199461
v -0.1817498489561198 1.296230623872089 -0.02689475868430269
v 0.3078290995953362 0.7169949857553019 -0.2609991384048131
v 0.05074280215489346 0.8945951190321465 0.02311753890517737
v 0.00701997836469942 0.6118024016109387 -0.2982737890311003
v 0.4027292617216309 0.7174119037512157 -0.1136447903665869
v -0.011736855981489602 0.9927568198314158 -0.5020333637407323
v 0.07496554391365418 0.6614922455877263 -0.28263863492249053
v 0.472470849338381 0.6831059282341851 -0.39336260020696695
v 0.5267575603697461 0.7967155126970697 -0.5677019940018964
v 0.0496405178862126 0.23648393868069767 -0.07919378165205126
v -0.9198329817566245 -0.8226601564519042 -0.1182783203110144
v -0.10964227618778505 0.47918751430149686 -0.09967447111337152
v 0.03604286142399654 0.5057036347040955 0.09030265418133421
v -0.3495662653039822 -0.14104310872197873 0.30825128673714
v -0.44459513715039367 -0.3110586391282226 0.2800723893961249
v -0.335011177952602 -0.3956351108862497 0.3896362888983256
v -0.20559023773228588 0.13415859232037652 -0.1999185641167966
v -0.4440016778494578 -0.258375025442913 0.2475395990623671
v -0.37397154230071045 -0.49430759467135976 0.7944084588082111
v 0.13120785548760072 -0.3685093275839857 -0.05213411143017643
v -0.04746473225163261 -0.4278430899936897 -0.07095072526760873
v 0.14154447277125415 -0.959553033583222 -0.034040625643068034
v 0.12613009519280438 -0.7986835455596629 0.06704929121807573
v 0.08396469497962095 -1.0185881782535797 0.01819795850081324
v 0.38737674153117885 -1.2903401311284712 -0.09952138606594296
v -0.11833417825096454 -0.2929249939903792 -0.3058437866850905
v 0.05320211284243992 -0.9509531583705327 0.034579916694881696
v 0.08292510724955016 -1.203178236333724 -0.11525723824803744
v -0.12615278426375837 -0.21245816245756466 -0.3090410104575598
v -0.249674136043118 0.7826070732490131 -1.211600999905778
v -0.21004363001192403 0.009855172150062097 -0.07250561141300582
v 0.05971028527513145 1.1511200846522414 -0.38424091317181724
v -0.24328929877066877 0.1204532448629061 -0.2932470171258938
v 0.4114281567065802 0.6981034877156036 -0.3578357604478166
v -0.07928822054039403 0.09429913803044024 -0.0749118757939844
v 0.2389696590699546 -1.2757201894226204 -0.32656539229126763
v 0.31769988839024044 -1.4058238186256546 -0.3301419920596353
v 0.1696211335959953 -0.842704587493673 -0.18798658166058738
v -1.1916820563250097 -1.355563731848207 -0.4449841888732129
v -1.3079582216766967 -1.3772906398880065 -0.43984355222181803
v -1.166093037510871 -1.3578769104505417 -0.5146158078001892
v -1.114002543470297 -1.382130401085313 -0.4446307066676392
v -1.1510609929352391 -1.3167696192202305 -0.4067062537707283
v -1.0934937424634623 -1.3287769653933417 -0.3505801046172659
v -1.1030755038117335 -1.3409103240167437 -0.43160347282407174
v -1.1374239763133478 -1.402747991975109 -0.4047634802446502
v -0.5199581148003223 -0.04579961411656469 -0.3531725205757558
v -1.1896663566147612 -1.3687740004241542 -0.3379238952230261
v -0.7292468329151012 -0.3979637738153603 -0.3162041199634317
v -1.1222442012703855 -1.3260448308578914 -0.24748130114965497
v -1.0083253898068416 -0.7224822164884211 -0.3409324899256999
v -0.6611709193043578 -0.1158794793289834 -0.3231381213723494
v -0.9106034838475614 -0.3717580592202335 -0.24014282914557367
v -0.804963932123451 -0.7812343076653153 -0.27166370373969234
v 0.11895547733567702 -0.4760416434536322 -0.24692634287800586
v -0.8106449418096608 -0.5593377911547199 -0.22013186422941725
v -1.0053656256778973 -0.7885587338865278 -0.23396863865660647
v -0.9669598000261318 -0.637234264402284 -0.3376900718988214
v -1.0036446676303563 -0.5720327013760114 -0.19814404028849922
v -1.133878465077191 -0.5089440196928106 -0.34837050117622975
v -0.9446642475677909 -0.4777422820684878 -0.3278006219926802
v -1.0823726392358992 -0.4465563284675883 -0.3184668496301416
v -1.0589181598425421 -0.48562987824948456 -0.28517223041900847
v -1.0146543636242384 0.5696189996191423 -0.37125100155072394
v -0.49173154571261374 0.21585312117886868 -0.46125034428277395
v -0.942072211225054 -0.36082868192782136 -0.2464835111119909
v -0.9061150869995214 -0.20792968617789565 -0.3608909479892536
v -0.8751265136105179 0.5844789783596845 -0.37885616361132785
v -0.8749585835891609 -0.3181468644318285 -0.24283991915306885
v -0.901154388215151 -0.3942682144578006 -0.2369062851729818
v -0.4087804687311995 0.2027089257237577 -0.4777956771091607
v -0.395469801778415 0.44508349436517736 -0.5543464125115733
v -0.8226719880423861 -0.46941762827688027 -0.1896410669917625
v -0.9103778722114921 -0.3227758389872174 -0.3355743734072651
v -0.6757577745003492 0.3778794382609127 -0.46881660571856143
v -0.2830969654799558 0.6875353647618176 -0.9423662990702398
v -0.5526095450468482 0.2611566849452315 -0.421202460720807
v -0.5773695230155158 0.4812184985407565 -0.4119640318516551
v -0.6002461073538189 0.3097481007501998 -0.4094799062817142
v -0.5418819834767116 0.31091274190129065 -0.45340840189104553
v -0.4398523977476988 0.38480728589867297 -0.513346732357411
v -0.177693954329652 0.3448735867593182 -0.523098761360888
v -0.6538537457420096 -0.3235468785415524 -0.26825217688464426
v -0.3957009278327942 -0.07283113283337211 -0.315215160986974
v -0.4220810059373061 -0.03852234016785716 -0.4144537517590118
v -0.6773617709363466 -0.1678810034248694 -0.29066023546437264
v -0.7681737311375971 -0.2586623945680977 -0.18766700513570878
v -0.37082089138722785 -0.14605056018332419 -0.27725210716189397
v -0.48484749374490876 -0.04530377600353491 -0.17015127454521894
v -0.6456376420760455 -0.07213693549939859 -0.1508795413792334
v -0.5118289431418446 0.05116573762633203 -0.1557783428160531
v -0.8161750242643027 -0.32440349147857306 -0.2097134297610575
v -0.2718676318031733 -0.03420722792127212 -0.25440083720039747
v -0.8692603713153974 -0.6518291914279755 -0.2605620208548729
v -0.9386997448330343 -0.5893043789967362 -0.2076834644903986
v 0.05792892836327618 -1.2331889595019958 -0.042520582237293936
v -0.69082660184449 -0.3111581983544477 -0.06236002077232611
v -0.9586948657864381 -1.3051158351717995 -0.11123089371099099
v -0.40483442291584654 0.19406319692403518 -0.3169880464735996
v -0.9026788451609614 -0.7577422662921666 -0.14837951190721038
v -0.37843830105081716 -0.04877574168245025 -0.2021009151427071
v -0.43800334935311214 0.014272780650015526 -0.28785169826364376
v -0.49635025066288935 -0.13886595243795435 -0.24110247778992772
v -0.40387976921561375 0.2513573038714849 0.1328720454750455
v -0.4167950963310883 0.2240420123892602 -0.14060931689283987
v -0.728400289785429 0.28461092458127074 -0.18663566905332632
v -0.577616752769742 0.32775990921103726 -0.08123711339317868
v -0.8016342224531092 0.6052432208088808 -0.06877956291652987
v -0.722529552141717 0.4003432603968109 -0.33921023319268745
v -0.6518145098550616 0.4729349231696023 -0.21450581890831777
v -0.851263108131841 0.5202576231677691 -0.284659149758872
v -0.6258743264894213 0.5242925989682571 -0.2907795746693179
v -0.6637955226827652 0.02431437655409041 -0.10383975501609508
v -0.5649990244250124 0.1836448423747814 -0.2592066527574557
v -0.7388889731479102 -0.06847817889012436 -0.3142051633058776
v -0.5456054745617974 0.11308738058526374 -0.0169226924023958
v -0.9571966023275997 -0.4344289238175787 -0.195580115491277
v -0.4065239128154235 -0.46425453435671615 0.6840671462029767
v -1.0631576086755783 -0.9597685754119426 -0.14468223428887295
v -0.8133337601896913 -0.4154672568028648 0.05007643113446153
v -1.037675122029658 -0.7975683943149255 -0.15956011490914587
v -0.9733997615019033 -0.3012371604216836 -0.20236756523967675
v -0.9289504130993829 -0.22266383228613507 -0.12918731823141189
v -1.007956583112704 -0.13144008889152742 -0.2499935782246633
v -0.9552567058893354 -0.35805964474520335 -0.18086421091896854
v -1.0987484036992574 -0.5023281562648646 -0.21367833648541237
v -1.0672059109869818 -0.4088811232823286 -0.12267512986364687
v -1.0689221538072724 -0.34943517442766103 -0.2013638811679496
v -1.0182462079620644 -0.5976288130108024 -0.2693153807105204
v -0.9667803816332959 -0.1026604196513829 -0.2569579289140618
v -1.1523406177000015 -0.6525149572962723 -0.28910095376814887
v -1.4250927781655116 -1.3301253006094362 -0.2781920357668573
v -1.1198081870022207 -0.6222579634030457 -0.1980916533145554
v -1.3735592203944589 -1.3715180429063891 -0.2687981842164281
v -0.8353038021295376 -0.41237940232687476 -0.27746748915240294
v -0.760874599313415 -0.23371448682181162 -0.3039310627428459
v -1.068934121693387 -0.8237231405002391 -0.13869075885586166
v -1.0384378699767516 -0.8687322623005415 -0.15372442179338858
v -0.975932897463562 -1.2272353657252002 -0.12646639235057003
v -0.5107679970307112 -0.14283549447045374 -0.31149784365282207
v -0.943342425515092 -0.9683399994229173 -0.2692225546689708
v -0.789270936561917 -0.39692800222259816 -0.36093176667261256
v -0.5944748290374494 -0.13490931734106432 -0.31371164284692005
v -0.8753492281789969 -0.5486982205202235 -0.23903868675767964
v -1.2798832191734042 -1.3981578381254303 -0.2708678493029628
v -1.4597036650514807 -1.3866220746166964 -0.2898977472543732
v -1.0482096989387255 -1.3216389105271822 -0.2560653323995916
v 0.08299575573920137 -1.360106253910745 -0.2662800530669096
v -1.1458269907883296 -1.3261754786163276 0.017450614961389388
v -0.9890477825865694 -1.409925946454909 -0.21101237496968095
v -1.1020276444541977 -1.1675883204202102 -0.1262779830583159
v -1.373699977919796 -1.3013731035619585 -0.24141228420410515
v -1.3168670042136217 -1.2788356759294892 -0.17332700007819032
v -0.9479434683429547 -0.7291973993852744 -0.2171015515097042
v -1.3926856406460686 -1.3730391632295262 -0.1928200692080774
v -1.0455599210419466 -1.0832713459991714 -0.20160991213558666
v -0.9048893077323863 -0.918891011651657 -0.06839894817448944
v -0.7177859136490803 -0.09061724973903434 -0.19956510189099935
v -1.0351344137327114 -0.6612547109241335 -0.056892774714729866
v -1.0611708396816804 -0.7684384596132215 -0.02634787224235352
v -0.9366967322808537 -0.43688673602188866 -0.15934784976376853
v -0.9420516720148275 -0.4994404392099254 -0.16843966703307306
v -0.905893591197408 -0.3546308353834957 -0.14446635280395184
v -1.035774405933081 -1.2683574220103333 -0.05167185932141799
v -1.0366290408722294 -1.0923319748373825 -0.062455564063477687
v -0.46473708948118614 -0.5175751432759226 0.7879087178411962
v -0.9515697777952173 -1.2894398224202779 -0.03047513463042606
v -0.9291167247588445 -0.789734024258485 -0.11538910477283884
v -0.928031423300176 -0.6141859538850918 0.002090402556990667
v -0.9254462400207736 -0.5793662583550773 -0.14843305770819037
v -0.5987120601152958 -0.324942665726799 -0.19839606518908182
v -0.33540911516085503 -0.0041783431361756 -0.22066989963038353
v -0.8819150023072948 -0.5599534080277777 -0.006554906667425697
v -0.966520185004131 -0.5036061027284021 -0.0994922955113807
v -0.7269107375091381 -0.11200236374250394 -0.13841731563488707
v -0.6389333281776 -0.4052666618375217 -0.14566951496410588
v -0.07456270370502932 -1.3979651531610084 0.1584599853812541
v -0.7943362494559632 -0.2909502728017015 -0.034697221037696624
v -0.9362967171758463 -0.9871843651698872 -0.03095398993344356
v -0.8515406472069951 -1.3799463118188484 0.13763802135779252
v -0.42538715945117195 0.6829184779712023 0.23709331278558732
v -0.4287555299890123 -0.5016551175141888 0.7872624320112339
v -0.43100711094044347 -0.3808761498956159 0.5479673463194572
v -0.8023430849430229 -0.21884549720207458 0.06714625307335775
v -0.6939498604844114 0.4868319166431174 0.28674503534884144
v -0.6130827940690482 -0.4355669519063914 -0.06271014637545036
v -0.8814652775183924 -0.8168277799790434 0.025392935750178813
v -0.9497247453357042 -1.3516404629780472 -0.03147887864148269
v -1.0914146269426501 -0.8437878110555873 0.09479478724757684
v -0.9325226173169239 -0.9467364665029129 0.07988449942984521
v -0.3988260645717054 -0.13319111650267834 0.2208891546224594
v -0.5832466741674796 -0.03357081210089341 0.02295851986413272
v -0.5434233832729812 0.1908812377008005 0.009751128375999507
v -0.5825914573774283 -0.06394680554286503 0.1720263535134945
v -0.5372856958356522 0.23052183351911942 -0.050190898349015634
v -0.5881840965122449 0.0896544393909576 -0.112937066723933
v -0.693609984506624 -0.11712875481326501 0.04899025056562756
v -0.6841298003420029 -0.021488242069316266 -0.006521680299131027
v -0.5752745035926216 0.49895520545917116 0.14713085272092874
v -0.3971488022953373 0.44761579117622374 -0.042341023986022686
v -0.6624985554720138 0.5439558957937969 0.14186917858358727
v -0.43216004394251406 0.4869399472945722 0.1712673617643799
v -0.5504356254866144 0.6300208009606317 0.14262553300220582
v -0.540076191298215 0.3529583633544461 0.26407072626767314
v -0.349857470546252 0.539047324246276 0.17345101147576192
v -0.4897282134840094 0.6159000339904839 0.20235881102250508
v -0.41587900359947166 -0.34265991234291715 0.4789221937716469
v -0.35789469527334544 0.187869606072101 -0.19174773462434758
v -0.45927118206861445 -0.3637334417321022 0.4139206882473191
v -0.4356636775671583 -0.1583277931771953 0.2656752621576355
v -0.4827597669404315 0.062133376190713185 0.2771037342666448
v -0.4586156056425865 0.6456043473065806 0.12407311174923558
v -0.4832699105734246 0.29732795241513105 0.18752077007654344
v -0.3503306515927478 -0.2167457225923769 0.2534494371286605
v -0.43607034593773525 -0.13981123562301567 -0.02786461699444065
v -0.2729663197120869 -0.2519079713902278 0.3350612497125045
v -0.40952351661867903 -0.11532074487957866 0.11017266177438845
v -0.37928206699155786 -0.1172716901342391 0.1120945164744867
v -0.38806273920166046 -0.2895561039783503 0.31202556641405077
v -0.36643918654561813 -0.18044818293509168 0.28459501160128386
v -0.35434954367316523 -0.20426073988261406 0.20571527361356035
v -0.5397868241953819 0.4671103388095707 0.33668508606655156
v -0.42505583481772014 0.25226698309484985 0.30932254241293955
v -0.346377652815178 0.2316217801539516 0.2145840566379621
v -0.5732104128637261 0.3315071962099168 -0.009300347734014669
v -0.48043302206986344 0.2645269136022849 -0.21624473877491873
v -0.6151521994184886 0.041046939865918786 -0.01172595253863079
v -0.34924489059922 -0.01875482882817131 0.011650326009563727
v -0.32134177411302817 -0.2234125344503598 0.049822528134889355
v -0.42445680115914497 0.5814786153249226 0.017881299023301434
v -0.4551863767055727 -0.19939912080983313 0.11697751390810668
v -0.32245766460949543 0.021062607991816973 0.13725474930547954
v -0.316430964830541 -0.06606697950435397 0.05493471358456953
v -0.37292536124439957 -0.043995879855046216 -0.13405111509982973
v -0.4273416011667173 -0.046921078970671326 -0.19615932921157897
v -0.6269944926580564 -0.28473943940266067 -0.020200454653876376
v -0.5899916069515191 0.42368902982631274 -0.1843069062253333
v -0.744913375252569 -0.046226761758038915 -0.028262714040905523
v -0.763802555638195 0.5670988105526459 -0.02177941642993797
v -0.45236958785715553 0.6000016063671305 -0.30059513936201737
v -0.8382177126714486 -0.11887914307156838 0.048045786551402125
v -0.5700566451051119 0.2446154679528006 -0.13633134705074054
v -0.8906825677840232 -0.3024009024828326 -0.17316740162362762
v -0.6700221800647822 -0.008953509716105645 -0.1728128604899002
v -0.8826215071835832 -0.24861606345699583 -0.07450984273155195
v -0.8578103210477843 -0.28746983569755646 -0.011453568245809953
v -0.8202584110632138 -0.1396383506170904 -0.029091495149282443
v -0.7093493331496035 0.7039326674242267 0.07764460664765777
v -1.2484758297097205 0.6778421762000892 -0.4327337487596083
v -1.261820562181412 0.799663828414088 -0.5294258570792953
v -1.3865032584487427 0.8960666495500479 -0.7122939381432977
v -1.2804484870097195 0.9337959799498057 -0.4752113929197002
v -1.2222150308708244 0.8577540095758087 -0.4180982428078757
v -1.1288030823757962 0.7763294274774062 -0.7817815428413697
v -0.8806584142248197 0.6657954898470793 -0.4974368763019081
v -0.8303571491280362 0.5977939010048604 -0.46110946687877774
v -1.126192404901599 0.7489826278876646 -0.409448757810174
v -1.2142806820128527 0.8044865268822762 -0.6531579555410194
v -1.2030017984903871 0.9224046702250587 -0.3565137985366824
v -0.6525421333550947 0.33990807284881486 -0.42881205829179064
v -0.9278587380920155 0.6100911537347695 -0.4694581963010498
v -0.5468614432712015 0.6720727160433799 -0.6205571940076595
v -0.5322575852854212 0.41178451956277046 -0.36458253137129276
v -0.7721554408539759 0.8434600179435353 -0.5548723601477662
v -0.8994670161718815 1.070838605505879 -0.2540776643157516
v -0.6264720814423015 0.680289798718392 -0.5220413916297454
v -0.5978592633155838 0.6572361935604312 -0.3205347365165691
v -0.6662328955757311 0.6828364809685076 -0.3909952963901342
v -0.8390808190358269 0.7677524291087923 -0.3463752407773254
v -0.7579160539508362 0.8682468687115753 -0.5031992835975181
v -0.8603470333894339 0.9039694303611734 -0.5144557897703204
v -0.9119951551988521 0.9508753921814146 -0.4370060843047388
v -1.0573868098738446 0.8014313393408392 -0.4324985468308261
v -1.0166380357527816 0.69862316170198 -0.4680072649327045
v -0.7469456981368531 0.3687508981624287 -0.06521055546322657
v -0.5872905010089504 0.8960134633850446 0.021944965782821957
v -0.6665361686029978 0.79160878172637 0.2597831061935316
v -0.6483664999281519 0.827411622117885 0.10232516500479716
v -0.581436306620168 0.43181328645977507 -0.012704961586398944
v -0.5773262468196492 0.700679740034917 0.18670823252644886
v -0.38191983704266885 0.6766475853640472 0.3494483670829748
v -0.3442110658329142 0.6642456985446858 0.22879675055971782
v -0.4442218749660997 0.8591723539287068 0.3037753372898502
v -0.5239679760217685 0.9179613477527689 0.25503742976369337
v -0.48808717454240874 0.5948547360254722 0.3244437167714711
v -0.8297388749447059 0.7154082118866346 0.005501689654720865
v -0.5749385636308016 0.4676682341083631 -0.145567038690514
v -0.6246076286400448 0.5112839862763737 -0.08289601425495702
v -0.7605372607672412 0.7026493064412616 -0.004217832252414844
v -0.848528336265895 0.7740300549006227 0.08199710105604635
v -0.7139500163414895 0.6203790603233523 0.05591010629279386
v -0.6478508019172959 0.7916171732324937 -0.006445757148487774
v -0.5237020052371993 0.39427036737462295 -0.28810228462031945
v -0.7287401058238869 0.7553207124831387 -0.1788584611374095
v -0.5452339506180577 0.40804372599124855 -0.23601572659571307
v -0.725297730193946 0.5283658959800434 -0.32264699848657
v -0.8421253373766209 0.7302714073711909 -0.21996327487543627
v -0.6025313542286275 0.44697967505249225 -0.2593945425755212
v -0.7418278584104276 0.6711897298013991 -0.23740486051539006
v -0.5731916118940537 0.46234843880122667 -0.3345350653940651
v -0.6796761483252705 0.5651881445273792 -0.20161177025479976
v -0.6781688140479079 0.8347226618888524 -0.07731404432078354
v -0.726731718711832 0.7520052883529837 -0.07867119061830796
v -0.6679040440404946 0.856572405594482 -0.012150382930503023
v -1.3002248294106118 0.9149682973162007 -0.6775096667569912
v -0.7848231785792477 0.5371278071800265 0.179959703382642
v -0.718941324143435 0.9254906665818357 0.112874586887793
v -0.7746891961887057 0.9532531853809021 -0.0501533563490002
v -0.9871938191669675 0.914980385080974 -0.15969719615560987
v -0.6883550635337347 0.9158066087779608 -0.05149861467951605
v -0.7073473795255766 0.9890562055904054 -0.1021100258466772
v -0.5714967074750492 1.228263340306095 -0.10660755345257089
v -0.7041120543193502 1.0792974234965835 -0.16222162093472112
v -0.6267145360299478 1.2724612232417745 -0.05399942336282193
v -0.5612985900019903 1.3240431520516975 -0.09262352807268678
v -0.6488145863753824 1.0306494849039392 0.13584923196908483
v -0.6771895452630454 1.0966527564414514 -0.09725412098997097
v -0.8119789914855686 0.969683314816076 -0.2035405779171148
v -1.3753800173850959 0.9155166422818332 -0.6441599433223122
v -0.6136593304993012 1.1233419216881873 -0.023124115326712158
v -0.6230832915728934 1.0837882578773548 0.06070063732084097
v -0.5797784047472139 1.0933440055566424 0.14765660055935664
v -0.6360732231737631 0.5638809077115146 0.025361267804449972
v -0.5775927570581834 1.1458719168438039 0.06372775327631641
v -0.6109424804928624 1.110294268513052 0.21843360013289215
v -0.4451383872730225 1.0325435477349465 0.22109964156772954
v -0.5262077089657441 0.7167382456274688 0.24294508962141503
v -0.5638640332622255 0.8469299656650257 0.30294677595901454
v -0.5143944063818562 1.125435442627845 0.18979816489919343
v -0.6360427939741764 1.1048401691483831 0.3086190944424535
v -0.6139555706452453 0.8880129614871308 0.21613678496749877
v -0.33998168680722657 0.8563348860116277 0.3369280801081628
v -0.5249820096177149 1.100094792415192 0.3485996261778893
v -0.46916394861765215 0.9572500997071859 0.28618723994893147
v -0.40594503875132176 1.147696889607726 0.20291193115471762
v -0.38872632751805886 1.1782761373158803 0.11774759443317045
v -0.4816687912252411 1.1817041075269754 0.10344870775565823
v -0.4350756128058734 1.2210313804904556 0.036607764109233165
v -0.45770602631810403 1.2064695000150705 -0.053856328203635895
v -0.5303459802106598 1.195159108385088 0.004388955962938257
v -1.080036943425466 0.838725290431211 -0.6555144502987736
v -0.5927718128291921 1.0981842462685845 -0.1831630840013399
v -0.4463464244986389 1.266211569137023 -0.1270085835450452
v -0.4080916059975475 0.6875410789778924 -0.25919610343547156
v -0.4708447672942346 1.3444578083517347 -0.32742626092067956
v -0.8187583694042684 1.08093746344936 -0.3121803528175518
v -0.6342094696636835 1.028354168221782 -0.3283786569061696
v -0.6023261819039023 0.9115070407974811 -0.3723245349210429
v -0.5462785732518027 0.9800285633631709 -0.23904735798067414
v -0.8385010259020068 1.11483934798698 -0.3600383909468594
v -0.5183045085793124 1.3251759254592947 -0.2136205549718176
v -0.4837143407215584 1.4309100614452852 -0.4019664713749532
v -0.4242231776327051 0.6446178658224071 -0.355509774808755
v -0.4019762559503288 1.3015409088056187 -0.22136929170624314
v -0.37156254069035344 1.4557268419185 -0.457605233860839
v -0.3986929992603148 1.3912123034864425 -0.4102115057572678
v -0.40044071022856925 1.4441399701415172 -0.490598378224589
v -0.46736115340562845 1.3473041472895733 -0.4838570418003168
v -0.4023182497844236 0.9831105238050979 -0.4508537676898889
v -0.45838593811189077 1.0588448855403307 -0.46667539305243366
v -0.5103997297905385 0.9844672904868691 -0.4908679853284784
v -0.5677968724453217 1.3668541188228898 -0.4543436152687584
v -0.536199175610618 1.2060278670356448 -0.41280144422347353
v -0.5249503216922096 1.0044200143545714 -0.41131223160338287
v -0.6141520517671993 1.3166291564925028 -0.4469025071528733
v -0.5337919322205916 1.2802830260188058 -0.4017526478070101
v -0.540698900991925 1.0055438568020798 -0.6285147993254601
v -0.7185234870778029 1.074998554808281 -0.3195109727694745
v -0.7034186961359892 1.159276768462939 -0.38861041036999466
v -0.6344310054253499 1.0086591634909603 -0.06805004133773074
v -0.5288084564910283 0.8730243929051307 -0.233248247835661
v -0.7687691684364051 0.9817344366794656 -0.3166280109013388
v -0.7345534615495339 0.8446086952532146 -0.34436565487868126
v -0.9229230340080279 0.9802896590822777 -0.37490350448995835
v -0.6674373963809095 0.9797753196962227 -0.4581711810095549
v -0.5696002470708635 0.9716303640143218 -0.6833356497013767
v -1.247265894405338 0.9674826822946816 -0.4987737231465237
v -0.6551731902013067 0.5971038994239488 -0.3251481468260762
v -1.3244209980666475 1.085362264668848 -1.0295586030847974
v -1.5472745059113242 1.0492518755778986 -0.814328618715314
v -0.70812519222414 1.533323278862588 -0.9208267014349878
v -1.3151997118457195 1.1079701809527565 -0.9709856306040917
v -1.4288239614645444 1.0399453156709324 -0.9519073815935875
v -1.3840082439006174 0.9996623700386188 -0.8821631166867884
v -1.3446239886146016 1.2351344653584142 -1.1248172823203402
v -1.3323561061561255 1.2976671897811416 -1.1746733580374835
v -1.3221100771790555 1.2961988760072543 -1.2356174504723305
v -1.4974253831563977 1.0655872209534274 -1.2824047324202505
v -0.4313079064754261 0.8394372697662561 -1.1766069608461547
v -1.3921145986543488 1.0956228788827524 -1.3350017137947208
v -1.41911381007258 1.0565218768879654 -1.347610471219809
v -1.498636637126028 1.0107608361794242 -1.1495789785497852
v -1.4851887690481207 0.970760844141692 -0.9577389788551653
v -1.4228582000038694 0.9147241044880001 -0.8326268972113945
v -1.4466224858114036 0.9916561539246301 -0.9956489863736776
v -1.4410509053610026 1.06365535638531 -1.2928543553197036
v -0.5556141637740015 0.49277506099681134 -0.6266850913545108
v -1.522844513931084 1.0100772680865406 -1.3390850206745264
v -0.6822518212310659 0.3535515828980641 -0.36680861812792903
v -1.488905067413672 0.9341096025012917 -1.323283734724443
v -0.6134030299265508 0.3800274040914924 -0.5440423023242611
v -0.636971074369449 0.4632854303790467 -0.5950114513893874
v -1.377492419213532 0.850744384712895 -1.0274342933095761
v -1.2152173738940253 0.6899015696909437 -0.7991711211231327
v -1.3221363306053568 0.8010341613640927 -0.9420200495437537
v -1.5222400257935285 0.8779775992733192 -0.7700031848865541
v -1.446890434593845 0.8715518633984051 -0.7273655226965933
v -1.4733779039969641 0.8756902545219797 -0.6591939459160394
v -1.4367747936381163 0.8668927593400766 -0.7143059815544495
v -1.4452870175713657 0.9583267099630837 -0.7053578588376255
v -0.7883695489457934 0.5765663874783049 -0.5241378895560995
v -1.182845360821643 0.6959730441490012 -0.7598744571772278
v -1.4860565706599729 0.9905411824978813 -0.8766179894604534
v -0.43323229860713797 0.8709504721262046 -1.21759497281085
v -0.4132876865286884 0.8180183300011974 -1.2401829492778265
v -1.3117045696260816 0.6612614791693239 -0.6249959411111341
v -1.1813583659567422 0.8233801827378349 -0.7841591562228687
v -1.1452872171468091 0.8399966835280614 -0.7124922973642414
v -1.3142952873035703 0.7523061837868489 -0.8197872534892452
v -0.7281446685250792 0.46726710013587247 -0.5225149123324414
v -1.1403198451170928 0.8107089485516783 -0.48348373965646985
v -0.8655892472244788 0.8036814417888105 -0.5230531475311725
v -1.1808233674818016 0.8672447230826376 -0.7883999237211528
v -1.3296761987564076 0.9610632000898074 -0.7598680636487525
v -1.1923528773204957 0.9378250617162305 -0.6914358506839511
v -0.5703984791009948 1.0024766014756459 -0.7914002467963618
v -1.1388680346385822 1.020534403381952 -0.7509864136482944
v -0.9342769615709713 0.7494126925765056 -0.5601012274921191
v -0.6126458163775435 1.0326389311878863 -0.567731184455341
v -0.11816904539831541 1.0822399250986448 -0.6614649072506612
v -0.30922973391113556 0.7489988514661704 -0.5486873605997206
v -0.366734227904973 0.7379657391742478 -0.7638518912214387
v -1.343708135640303 0.9145884018461136 -0.7336184734644646
v -1.278038366531879 0.8438486046163933 -0.6738122892397713
v -0.5180555206047556 0.8787207071001281 -0.9459972438306469
v -0.4742482223195827 0.5928564586803187 -0.5512622143346801
v -0.40681050272932523 0.7432684517724895 -1.0097223013746734
v -0.5392006575128632 1.4515234765617961 -0.9311368854743515
v -0.32043984704293943 0.8916095610117599 -1.3005921031770624
v -0.37022982965947027 0.8566847119181046 -1.1190645851961016
v -0.44292111159781616 0.5620353357980363 -0.5381963795629435
v -1.364973690661286 0.9762105079959813 -0.8088822515241447
v -0.49339919771649254 1.364511529989569 -0.8913510566607625
v -0.4440699287659308 1.3065298390141624 -0.8112104549183963
v -0.4446949760934895 1.175624561239218 -0.7957345995677019
v -0.531040736978375 1.3169086535857524 -0.9032998820685487
v -0.5051153586271101 1.2483056135320036 -0.8615102814712728
v -0.4048192183059414 1.0963627899453234 -0.7346100497916418
v -0.40130751285159727 1.0062167157347672 -0.9114446579324612
v -0.39054165004993874 1.027279695801968 -0.7899681163976888
v -0.4589958407688738 1.1227902400998815 -0.9547875462930153
v -0.5664098364021757 1.3853082395755534 -0.9524066562281728
v -0.5141327512290077 1.459611150224514 -0.8622367661240462
v 0.020678053671006225 1.5299433000746099 -0.9179132104683829
v -0.5568775050209285 1.4353631340484996 -0.9244022822347547
v -0.6213528431315221 1.48572160124536 -0.933353841473134
v -0.7926856002418732 1.5774705530244306 -0.9458731494388982
v -0.6830881347151776 1.6028630107975097 -0.890331948201589
v -0.7373816988098771 1.6023068737190478 -0.928905564016276
v -0.5510511025012368 1.4984656417370283 -0.7616128575696401
v -0.5391739845112555 1.506112801287804 -0.8258155716300951
v -0.393465330702551 1.1904813032559698 -0.6987996170850624
v -0.5757503819089427 1.2157769989715312 -0.7692267707723445
v -0.649168887751792 1.08392044407858 -0.6913867603731272
v -0.4921308815052207 0.6942066920492862 -0.5780931560753539
v -0.5147002767800659 0.8604786317153003 -0.6861300811799071
v -0.7287544113438502 1.4327040056163263 -0.8151632139386482
v -0.5224091139008509 1.1386189183235258 -0.5882324730662174
v -0.6735658731412789 1.028570629120221 -0.651367407931981
v -0.580751439841813 0.7457818277352044 -0.46827873015580707
v -0.4252093993797843 0.7000519155184268 -0.490336942849282
v -0.46820841580725403 1.3347885156026824 -0.666873113068744
v -0.48951385046210116 1.0415049769829094 -0.5577929439350232
v -0.22758721241083407 1.3336588390604405 -0.6017184026183289
v -0.20147865946875418 1.0924369037244441 -0.6985300299609495
v -0.23240012078854444 1.0787278799881004 -0.5607528679021794
v -0.1169147150305832 1.2617300253523176 -0.6378135271600438
v -0.34604692757502076 1.0018481176265317 -0.48572091518905536
v -0.20290097979717284 1.259323061679162 -0.6469416476832217
v -0.2858182909563273 0.8884628261344684 -0.6040418907853298
v -0.17340829227360594 0.8843546244531627 -0.5134508669524511
v -0.2394107046807294 0.6953230620603892 -0.4788617979824037
v -0.21343142089250786 0.7423720790802636 -0.48246139447350567
v -0.10168245311479479 1.2171278316596865 -0.6116304896112276
v 0.05722186405324631 1.4054280343342245 -0.7463470096495803
v 0.030510441335506067 1.5201690935192342 -0.7586070000963447
v -0.024579037135252335 1.5513395028540287 -0.783538724223678
v -0.30993709791781276 0.6165126538970689 -0.3411960231775379
v -0.200394037322486 0.7145741760970421 -0.5009887810665402
v -0.049445187636161514 1.4939465759320836 -0.7315966000032821
v -0.18392426801076572 0.6647965010228262 -0.5329319681962237
v -0.31231283320032216 0.49154130979885874 -0.4231491702628527
v -0.00920086291179345 1.257301407995521 -0.7218144614766422
v -0.29398834123749346 1.2199416635011837 -0.6853843160428257
v -0.36822767623767855 1.0262908966637225 -0.5950160667177554
v -0.3685021983665833 1.1442775506600724 -0.6473007242262112
v -0.026947799475768475 1.360146328443336 -0.6930520347836042
v -0.03197331265505643 1.4680079909485624 -0.8648931573268414
v 0.11763471421113192 1.5888960481467436 -0.8638282751997405
v -0.39081155685047547 0.6303091690746406 -0.5734512546045791
v -0.21852624391642247 1.0491088403580417 -0.9245753270788918
v -0.2390003999908321 0.9364555279572854 -0.6346033564924123
v -0.25610246928897523 1.1586223308841708 -0.6530049304329203
v -0.1774795313684143 0.8904158892454364 -0.8277310527814945
v -0.25588630808718327 0.902638857166374 -0.9045704959541163
v -0.26512399770460526 0.9657139725813414 -0.8239802893015066
v -0.23085756216523864 0.7423276040978078 -0.9156525387186509
v -0.09342275357654017 0.9540862621412233 -0.826089933920788
v -0.2474144433024338 0.862302725369057 -1.0674377018890873
v -0.2719555827792605 0.5382218398010191 -0.6203954776967895
v -0.19698003297515382 0.8060521022080926 -0.8818999830304802
v -0.3431452846158715 0.9159817914581819 -1.0594774592407907
v -0.3292307688783789 0.847572335458797 -1.2005650504855945
v -0.28745539388196045 0.8198262600157777 -1.131064738649678
v 0.6301753609487175 0.7828833336184722 -0.8061997467534837
v -0.1676724381009445 0.8475790087041429 -1.0892252285707424
v -0.3508345015961481 0.8843303889842864 -0.914097412815936
v -0.15557326487510828 0.8449135666626002 -0.9823773798839213
v -0.34804222793347805 0.49549366922358096 -0.5803185435398133
v -0.3690048495833945 0.9062621896319403 -0.8011320163064828
v -0.28214782619803286 0.8376487401146427 -0.877914097540816
v -0.3357862134622341 0.8262138345176054 -0.5843187145696642
v -0.37443775040521293 1.0339077069340172 -0.6828687622844738
v -0.21520982079744333 0.7242050677156902 -0.5365632326330545
v -0.17969279110854716 0.9780766390994626 -0.8040539986780939
v -0.1357548650447149 1.012441834673995 -0.780600518273561
v -0.3246719433182291 0.8607673794450624 -0.8159986283328181
v -0.21834764469442253 1.000549452134779 -0.778101228053268
v 0.42459602819682596 0.7846750400545466 -0.5748896786328448
v -0.06278390619513108 1.0968831432441006 -0.6149623770772061
v -0.13591286511715878 1.1251358858390046 -0.6070591167514452
v 0.0012267422739729028 1.0091840521989994 -0.5638848377246485
v 0.0420415295765425 0.94804989215045 -0.5812556549962922
v -0.2917619348044334 0.5516851122865966 -0.4121830501614844
v -0.005963180091941911 0.8585490448417024 -0.26733003028075264
v -0.098984763714005 0.6788988066795019 -0.5133102692653257
v 0.4946032469419449 0.5977603749399185 -0.43385165721350055
v 0.5487069831802598 0.7582885284620065 -0.6525911292821381
v 0.6052912885883012 0.7754522553503825 -0.5965736301532015
v -0.20941842284615345 0.27294669110973785 -0.3774230342238308
v 0.49486386314641617 0.9590520957281503 -0.6239592704284302
v 0.3409278570575863 0.7475665812090622 -0.5135852908886427
v 0.8210822451421556 0.9284033583573812 -0.6193052612131055
v 0.7244319744744283 0.9222154417619687 -0.6326079162755195
v 0.7940083692991999 0.9296918341631264 -0.6954002579138938
v 0.7053761028135872 0.860799946480733 -0.7541694517794593
v 0.7115618016538099 0.843622992980324 -0.8716020266143254
v 0.8344748491583054 1.0510074785578645 -0.9842720221284469
v 0.7277569289579666 0.886384849460916 -0.8820316497575167
v 0.8408932524552495 0.9488982933993353 -0.8502035061808343
v 0.8744391373354587 0.9831642294442897 -0.8080263178995246
v 0.0421999492242926 0.5348917704947007 -0.5178638601240365
v 0.8320711621684933 0.9824926292375208 -0.9580422319026557
v -0.21873249514907778 0.3136418395107149 -0.4330488298347777
v 0.8743292086052379 1.0393945931118982 -0.7611657101719045
v 0.8253272883126075 1.1399194419344916 -0.9886295314607333
v 0.8032483565909176 1.2048704385838649 -1.016194110614162
v 0.7547694668871132 1.2023168832906386 -1.0581157375744512
v 0.7612719450835064 1.3055984417737583 -1.1649250053128797
v 0.8271713817226258 1.2032041452047872 -1.1067996797243218
v 0.8238890441023303 1.2604935768845396 -1.1282540036735358
v 0.8727044931410255 1.135254483801653 -1.1512346227079966
v 0.8426273172361647 1.1666659890992923 -1.2133306491560898
v 0.6345061373400669 1.4221243942910617 -1.1479076902265863
v 0.7025272664036881 1.2899335577577387 -1.222992189751866
v 0.7248709301638052 1.4083320149272223 -1.088178607959349
v 0.668159073862683 1.3624492574203337 -1.074391183580078
v -0.1408890482283051 0.5364157479258753 -0.46762553132318085
v 0.6837312517158118 1.4104353659169107 -1.0032367260691863
v 0.6358366106359836 1.425834598824785 -0.9770243382287137
v 0.7092032489790776 1.3401286902818335 -0.8830260432331783
v 0.6920835375382983 1.3739369296070683 -0.9659696277984107
v 0.760251238242214 1.300493828659366 -1.0350352596171182
v 0.6755086346427137 1.333509390332332 -0.9161122933553487
v 0.012496954573443908 0.7329113751977154 -0.37286229060513837
v 0.8541865370024919 1.25511837765721 -0.9044706969705734
v 0.825168429109775 1.1738717554279599 -0.9194534314578399
v 0.796029903104182 1.1382043779210136 -0.841857653846376
v 0.8908170396349007 1.1450018974767617 -0.8841841110378056
v 0.7819377871335138 1.1642453392792445 -0.9480124040869303
v 0.6314825977645822 1.1395038226240493 -0.7819706913853537
v 0.6511431973202966 1.1154305695529496 -0.8126902770435389
v 0.7158475636087385 1.3122545444715454 -0.8838950236518432
v 0.6459893939961978 1.2527564484002516 -0.7557406414224681
v 0.15066244356797764 0.7775586632458733 -0.4765378702603201
v 0.10973824700937584 0.6164398675713338 -0.45068649700115593
v 0.08558477513568885 0.6580593004122863 -0.4785359478077088
v 0.639605056218161 1.1825089129035704 -0.7092817670606331
v 0.7394609621442576 0.9924080128935396 -0.6173742557753772
v 0.0597481869111236 0.6310541150408863 -0.42074883987549017
v 0.6983478368192133 0.9554395923014389 -0.5846134562323719
v 0.05039063861456777 0.9345389279384028 -0.22205120147767837
v 0.7925404950803954 0.9823094146871528 -0.5648021891821837
v 0.6376742705579739 0.9298471769252977 -0.5581006524726697
v -0.0031413563398505207 1.2194089027612094 -0.39739565794891235
v -0.016992636084767865 0.8836308570499913 -0.4261102930165979
v -0.08649804276368805 1.0689801066770148 -0.08483177487948881
v -0.09650713157142182 0.8386888473189023 -0.15225456957671193
v 0.059417741387837175 1.1445083370582512 -0.34081299088254274
v 0.07919000791432651 1.1334201605023357 -0.31055084220698304
v -0.01696408498417068 1.139402405278611 -0.3324523135539326
v 7.027285146449236e-05 1.0490484015341746 -0.2803967042031016
v -0.20310507321396776 1.121086504619671 -0.4863299387358731
v -0.28409367660968965 1.2448199417264194 -0.3907942998386945
v -0.07863889778440597 1.1843150647180436 -0.5055910027012156
v -0.30684161116720543 0.46188147146521774 -0.36841041678851305
v -0.0914052956459609 1.0410344532466862 -0.549963408984492
v 0.05143308345267594 0.9755449816412638 -0.5747744352820789
v -0.3694114380348656 1.1454066278090198 -0.30893627646922506
v -0.30845995308271906 1.4414553674943256 -0.4841293661538082
v -0.3709053858619832 1.438536741725164 -0.4932933903353297
v -0.28785628809713326 1.1725535696945815 -0.35976712552152174
v -0.3255424222201303 1.2660101330305007 -0.36817385623492993
v -0.2910746704529002 1.3166563090087458 -0.4240097591753938
v -0.2972080622382849 1.3145420091015434 -0.18253893576372301
v -0.35229500327742974 1.300157928657099 -0.08805860868070897
v -0.3034699040066921 1.234548118857907 -0.2738715289806213
v -0.3002270863842839 0.9301790210329381 -0.2724116666521872
v -0.21720080552417986 0.901511318460216 -0.15959489970000634
v -0.030887891317728844 1.1948858649618783 -0.3541688520897365
v 0.01948130501910389 1.1848799529386058 -0.3661064688429145
v -0.3509822320634786 0.42516519565235866 -0.27748579062766326
v -0.27313155246361837 0.5203384213838746 -0.3318330603615546
v -0.0290849762270462 1.1610123117473141 -0.32248953786809126
v -0.24263621981670153 0.8761425567020485 -0.3618044633297036
v -0.2445457869542614 0.7790938293518797 -0.30789614928518916
v -0.14089152572058924 1.2575981676156536 -0.38096634768457427
v -0.23102974787898695 1.0404825319010629 -0.218560534727973
v -0.29912939746419454 1.2897810721036047 0.0012603827024716963
v -0.04816528315452839 1.0027789154736415 0.20314022008083588
v -0.3602228786878204 1.2566117061112565 0.060117307766583084
v -0.17225707753231306 1.1714700863955727 0.12620609274745143
v -0.19044370903739485 1.2537402925539292 0.0516525158227093
v -0.3281202729215626 0.533964349229817 -0.21170365525628765
v -0.29226146917611295 1.2499674514209251 0.08146565898132013
v -0.40183733656442816 1.2280224841005676 0.1138567727200222
v -0.4256906722357565 0.8548419371733342 -0.19896864562359076
v -0.2513076226292073 1.2718376144581227 -0.06881906293464085
v -0.3904157974378593 1.269713784197537 -0.041441834145312384
v -0.3324703497769965 1.2983991688724483 -0.0020808752786784512
v -0.338993307244287 1.2441167934525805 0.16425274195734502
v -0.2971587121903668 1.1526187077470564 0.1987323217522542
v -0.3413541775730915 0.5054766644432253 -0.09019710409723475
v -0.3263793750570896 0.9978100649404651 0.2442150042148057
v -0.21008438875595356 0.9330966877728284 0.2877969506010035
v -0.2960615627242425 0.9192579952870966 0.27714315436564974
v -0.21125312576122382 1.115435744315059 0.2220619275425797
v -0.09726006944826138 0.6966254238107915 0.18086924274757155
v -0.24183295288289602 1.183309182870903 0.129395584346421
v -0.09076316560950742 1.2392012889226194 -0.022505441547852167
v -0.20833637809105188 0.989629964831727 0.1789677674194881
v -0.16126020855493425 0.8491922357968764 0.19262967884287996
v -0.24942656663269158 0.9617527820954128 -0.05747682354094119
v -0.09622339876555741 1.116772151604592 0.16637863013490867
v -0.04735082754589126 1.0775448574426432 0.11828600944988998
v -0.011509825781289784 0.9796489076504018 0.12963692006658406
v -0.11689749246325304 1.1674848402587563 0.05927617915633837
v -0.17043616066301737 1.2838246611783246 -0.15263672276154175
v -0.32479180199736296 0.4590279797673975 -0.273344242699404
v -0.07698407279703062 0.9914734588484507 -0.19163189188028715
v -0.038759443738208166 1.132966379818807 -0.0015258171081469207
v -0.2879499532892952 0.45544476669301326 -0.21668960847813518
v 0.07598331372780331 1.0127396732020577 0.05762419129722385
v 0.21198902884385473 0.9876229163646965 -0.11468609635743543
v -0.025831009889359324 0.8997310004967379 -0.14089680589668344
v 0.045151561604430956 0.7245384502661198 -0.0680081837059946
v 0.03719283741914742 1.0183313732873795 -0.09030859125002141
v -0.2719680102002342 0.5310962323356097 -0.14202748142774965
v -0.054069247166535106 1.0879642309604978 0.08777171599508876
v -0.042300299686444 0.8917541346744059 0.16954080937942317
v -0.12661106039699627 0.9635640087731132 0.16321193546090862
v -0.1105291584861805 1.029519888280803 0.26468338613381104
v -0.2505153845320216 0.43883741664041687 -0.07820260492040376
v -0.05750948496039221 0.49262289501910117 -0.23946737284194314
v -0.06929149921430455 0.8615413959860938 -0.014189778655662899
v 0.19356659601669624 0.7403429329804405 -0.24368032849136007
v 0.051434242279712106 0.7884735352205574 0.026743368842804205
v 0.09591264127724175 0.7444866387245602 -0.13615776275263833
v 0.2551766343815669 0.8557879795899019 -0.04882921664222917
v 0.01871154417046389 0.6200734496622369 -0.1983376443226395
v 0.05478596966374033 0.6555649252170086 -0.11265275450455053
v 0.21153317026357155 0.9326308193245263 -0.03325396190352159
v 0.25472581070495803 0.8523773318450192 -0.27714911141411347
v 0.24006694839451437 -0.11830398524589286 0.03852034819304234
v -0.10881595259191579 0.4821540116151166 -0.07118570741884955
v 0.3476105728176513 0.611090362336564 -0.3569306366134903
v -0.20914967487265285 0.3543647997605591 -0.26155295782920257
v -0.06700964890149846 0.41912670780527794 -0.25643096230926826
v -0.10983306307344093 0.4640732329658527 -0.1898555099327767
v 0.02516523175268065 0.8307341990080215 -0.07124704533265869
v -0.061286322048693165 0.5216483155100119 -0.1687391039432547
v -0.0036227490744816238 0.8610616415931344 0.07652322171265707
v -0.22075368929785977 0.696161972915444 0.23013293807170931
v -0.18020417348768236 0.8214285381909975 0.3463948778225391
v -0.1562471427763965 0.3752495802012898 0.048522803714983076
v -0.3720956211067514 0.4298500936021292 0.15918515136877948
v -0.3114324643090608 0.6888234010124803 0.43704106581829305
v -0.25403350349461745 0.7518692260751205 0.29153210987555667
v -0.3132940799830566 0.6617341607214076 0.38848083844441783
v -0.3459219141135537 0.7274647482694517 0.2896236616054799
v -0.1966285487472286 0.6308309609173246 -0.013262856885191354
v -0.047767965319346406 0.7986583062029243 0.19708003419649245
v 0.0014832426444881808 0.8143835491237053 0.13418893252295255
v -0.18243209838375526 0.34808249870103125 -0.18031528653981788
v -0.1469581450929609 0.41010136325233926 -0.1533619087288436
v -0.05469395483789358 0.5411913740406646 -0.3360759656959226
v 0.3399201170912327 0.7848888436427133 -0.4392161472806341
v -0.022406735936913835 0.5568174773105266 -0.22632571481844577
v 0.06502792276640756 0.7559884765728225 -0.3975259061118185
v 0.117591138318618 0.5011273068597448 -0.2751291759912501
v 0.08858767560206438 0.8315354879439549 -0.2818403029934769
v -0.2668510695637506 0.4530445561843097 -0.3945041647162175
v -0.3750269939733104 1.0267542276804111 -0.2854263332163455
v -0.19425109520394146 0.47960325349059807 -0.39696695188487235
v 0.4549342998207937 0.8151737093241365 -0.4928955730057356
v 0.5566531201063578 0.6830820524012855 -0.5521804848619336
v 0.47020362422196194 0.6020352479166626 -0.4918056761984754
v 0.43142231863071256 0.6258894027588269 -0.527870751156357
v 0.4094968915317575 0.700438284436095 -0.46914745083737763
v 0.5460569655261633 0.7351952434679464 -0.24490706678776647
v 0.1195325731996717 0.694526648189918 -0.307481728761336
v -0.058695364613886636 0.479189991793781 -0.36981963038355753
v 0.5640692535016365 0.8551525227987946 -0.490369689702941
v -0.07232648720171508 0.4104941856378121 -0.3352759554656842
v 0.8073927616272143 0.8039244957697513 -0.4358101348438959
v 0.599504246228285 0.7370894261776129 -0.5977141956736278
v -0.10501222272446592 -0.2016288239060131 -0.10225773633423127
v -0.10756533846260974 0.11990561916922698 -0.0685718931197441
v 0.08240894970383505 -0.18487142573201393 -0.15343221756229453
v -0.11032254761754845 0.03493868263935229 -0.03130945013688935
v -0.18119389169564645 0.22129737051373055 0.02431396788065593
v 0.09494168407939713 0.46258430006263285 0.12757312903433593
v 0.046001441356776085 0.631558024983616 0.05706897328848043
v -0.05443166033219765 0.5798921211731262 0.015583624727519174
v 0.057411512091642525 0.5431473941585523 -0.009806055856628138
v -0.06240904562871835 0.516762440988578 -0.08755721618981632
v -0.23642582597274336 0.28933402386368073 -0.21494257682228124
v -0.09230068932913899 -0.3367172674836353 -0.004091759862794142
v -0.13903546442445636 0.03802441925903488 0.10577415394075479
v -0.28424696145488304 0.013741358555065808 -0.13204366703726947
v -0.3395786347761934 -0.0672940974165136 0.012817484612491659
v -0.338054957041666 -0.13074241507644546 -0.01877046209128741
v -0.13791357999504356 -0.24237861699567687 0.13782647060959963
v -0.32578739425961367 -0.04334881481380093 0.261269881280891
v -0.2830675152894168 -0.07565929017460932 -0.009660782901805276
v -0.16085865500713745 0.3546335677138362 0.010333339062774227
v -0.0818167211939082 -0.21648115039216176 0.007804538712612774
v -0.048642619994533065 0.08893882373659207 0.1475034156130457
v -0.059738768481266136 -0.015498884492612386 0.004522640647399823
v 0.028316162383034027 -0.015412791635738221 0.12122451509665416
v -0.1536522693053989 0.055811994688380495 -0.11609187343092447
v -0.002410256358709062 -0.20333941244955844 -0.029510211325079916
v -0.18465554780989551 0.1328250221591045 -0.11826958914869043
v -0.19884260767842085 0.2701397323113513 -0.14846292747403556
v -0.1393469091803055 0.323045161475198 -0.09777837034516254
v -0.1597842225468767 0.47985048324482427 0.007975425740889552
v -0.2335193878672377 0.1800296416782446 0.06942782366929307
v -0.28128194264472317 0.22524723246639217 0.12434675476797497
v -0.3094180832640603 0.07922419687469517 0.19899915166721227
v -0.2108624412118349 0.14256392444943075 0.15305831295008188
v -0.3726133770345853 0.11421156268897234 -0.16002424511689387
v -0.2886396152140066 -0.04479898695063983 -0.004429657842709489
v -0.30290357724222294 -0.11552447866039683 0.2103104224073601
v -0.17321304989779387 -0.12953110116748556 0.17652561935994238
v -0.29958787339519727 -0.29445708321080677 0.23327270000700762
v -0.3001192755103705 -0.17883157926013227 0.31131520544090086
v -0.388996374177031 0.021111138868899204 0.27429813409305914
v -0.3831459759457807 -0.04217172626195992 0.045295190702480004
v -0.33778283248593943 0.2666515430539301 0.3082548031778014
v -0.3608517221729113 0.3224058485872289 0.14127114391383638
v -0.40949884159471994 -0.20130912750247565 0.33299560056104327
v -0.303849260022814 -0.02853315121750255 0.12104463716895913
v -0.342422296423983 -0.36568418718899787 0.4676999129559636
v -0.34747218493058274 -0.337408747568007 0.3801089524611996
v -0.3196649314119663 -0.3958537695601022 0.518082315925053
v -0.23323076001613446 -0.05438903990615235 -0.16757753967774258
v -0.35117401793795877 0.007244714453406131 -0.08386197650868035
v -0.3288269576158393 -0.301132885968208 0.3605006399805467
v -0.26482394142135257 -0.32373820488117344 0.37166122324644413
v -0.3830749478403763 -0.2561574900306124 0.4063526685912009
v -0.28532053478475494 0.38569470765103353 0.1571825983514581
v -0.15724245532177641 0.4093601934638494 -0.06718543649011616
v -0.23237688430849232 0.4867646846952452 0.17333033362579214
v -0.24256245448191865 0.3008631740663981 0.20192421092440194
v -0.16445027956742186 0.5710742266394319 0.10940835540472887
v -0.15783159899099147 0.4176946573257111 0.28178297793967
v -0.1489933250852824 0.4588637260249138 0.3170637867311833
v -0.2503312908714882 0.5840605618805343 0.20337064684303818
v -0.17698872815905872 0.6183901135338172 0.15765146376623307
v -0.014984029195171444 0.49059151118431177 0.14807953246799244
v -0.06517492600665153 0.6293477222504029 0.12163969485201376
v -0.09027030448317391 0.5265260782421928 0.11511571841612256
v -0.2416166718024452 0.32885935635145735 0.10130799458394263
v 0.0503612883229112 0.49913634211278474 0.1807707024899472
v -0.06238792700497359 0.31534087974345165 0.2283451077122729
v -0.07195486335909296 0.28448742958281653 0.21997246249754832
v -0.22337293809616915 0.2593025417076411 0.067704308210362
v -0.26425857368615474 0.200122204001566 -0.23676161161145345
v -0.32719486961410393 0.27874676028402223 -0.2440150896463673
v -0.20779666438886088 -0.02920323296125854 0.01149983833307816
v -0.27455211457170636 0.0731854492905202 -0.08893408252673146
v 0.18877596508976668 -0.7538996158201235 0.08821225008680789
v -0.18445527053040925 -0.24666669660467766 -0.09078161245830527
v 0.07278313294841426 -0.9321751254814928 0.23393752706954807
v -0.03447575968003408 -0.5304220796164888 0.0007445648129568161
v -0.33855972611478463 -0.38814121620089104 0.6674699258970582
v 0.1744906047209348 -0.9765348446067014 0.06527766445736871
v -0.01400104417188286 -0.6931234534066336 -0.09281551374493174
v 0.1970052354284345 -1.3818025529329696 0.14030166521945164
v -0.17838919061200273 -0.33512260160325646 -0.03274249960528053
v -0.09494175604337007 -0.48432354052356164 -0.0674995385562378
v -0.361954326118016 0.1287499669269875 -0.29952676077403156
v 0.20814717756287138 -1.0397435847668008 0.12352768383096985
v 0.09318166556882795 -1.1345678836817816 0.26084097541908613
v 0.1054900869937922 -1.1027136664967863 0.19062320978936753
v 0.07553520730079633 -1.3072161891950151 0.16961423505800577
v -0.2719989189144566 -0.05688942901415206 -0.08808106594947818
v -0.34983481347971795 -0.41771644018111775 0.47427469796345634
v -0.3175413009491454 -0.36909713260817634 0.582017380899714
v 0.06480560779345818 -1.0213361567517825 0.09310759502229571
v -0.014894739574059734 -1.3231439471302489 0.16420243288015557
v 0.07879011268797798 -0.7052425864291784 -0.001833965200876031
v 0.13234832110914474 -0.7972281587011615 -0.02012726873261156
v 0.03617680584555244 -1.0865738032543875 0.08527959851455386
v -0.15286490627367552 -0.38046756346649635 -0.13155799863047057
v -0.19586787869688926 -0.28894618134159067 -0.18516785477385117
v -0.3653884700800451 0.24878059201731229 -0.333289805844857
v 0.03461462708173829 -0.4951079245780219 -0.03721123635325918
v 0.09613175948595348 -1.170330704580997 0.06633257667600356
v 0.0916530728092852 -1.1645031032747162 -0.04400102373550768
v 0.14170660865743046 -1.2502556845755368 -0.03553349456225546
v 0.13096420211336546 -1.2445743152533502 0.08942324431934412
v 0.06729504798394415 -1.3260444912016913 0.033702205113892825
v -0.004066260152897072 -0.8498570477786783 -0.03828810634625113
v 0.2621655402162655 -1.0625952743036038 -0.03469921901534517
v 0.21384776743003664 -1.2921050247045027 -0.06497717169410455
v -0.07528878876227302 -0.1643577496597169 -0.1372586284571888
v -0.05155774930280971 -0.2498509535022081 -0.1386957737797594
v -0.038030022058291424 -0.2785120427689137 -0.005569623969841286
v 0.16177657385354727 -0.48086342285210193 -0.006898339045427471
v 0.15934121891800634 -0.6640232286325628 -0.05091009038337202
v 0.1713278460629023 -0.6620663493842862 -0.13873579327205898
v -0.2011883533164262 -0.041518327631568874 -0.22897369453534067
v 0.32171466463670195 -0.9403890313720437 0.07546385400386607
v 0.20827912400677873 -0.9376066476987338 0.009990566017396507
v -0.30014730713677906 0.16218730168155343 -0.29112868130384145
v 0.4210785086275246 -1.3128582582968558 -0.1582706800741293
v -0.11391023616186535 -0.40008606563315663 -0.21485278770675736
v -0.0924787291173974 -0.37379787452069957 -0.2950407415193933
v 0.27184012760608645 -1.337700892600842 -0.1406915136932994
v 0.47777416132991735 -1.4058419203031502 -0.2040154572446118
v -0.05490140485713796 -0.4191219175579596 -0.3049153264718296
v 0.2224305599338312 -0.8590453473886294 -0.008870063267632344
v 0.2297709499964551 -1.307393050176461 -0.1576445538386404
v 0.10298783976657938 -0.9877740882526206 -0.15149351991061938
v 0.15104709422486806 -1.0397355928562066 0.02275782300934026
v 0.14102713641872644 -1.3257705684660812 -0.02158063763368806
v 0.064670744302184 -0.21923378417828532 -0.24808361149157368
v 0.3248022793553742 -0.6948770983685041 -0.16355523105554615
v 0.3228510743636194 -0.5677879579022067 -0.17450844422130507
v 0.29901344279660835 -0.7848202979286311 -0.2279910291884758
v 0.310505370675734 -0.5193352217258212 -0.31266574150747994
v -0.015264305499703978 0.4453432514392597 -0.28544907020198546
v 0.08907767962036056 0.07182444689613418 -0.04924445633691821
v -0.008486965518205658 0.7878060708275209 -0.20805762576463438
v 0.1252313848667297 0.6585435702347313 -0.1732847228711479
v 0.23433602922664476 0.6950906573003148 -0.23272477769175237
v 0.16542879707591096 -0.35899068234963083 -0.16221153114759618
v 0.0820968256355854 0.04506097686065036 -0.20691887840386822
v -0.15100846536178938 0.4061915807313067 -0.23221912950846837
v -0.02533393303018744 0.5829413347613941 -0.12443091266160122
v 0.09125989078783564 0.43936420342722204 -0.035791952950866235
v -0.3084303030944152 0.6206185179445258 -0.138251563409167
v -0.16623914887523553 -0.13750147356245995 -0.1214221181611626
v -0.3705238120906715 0.08108681153751518 -0.2354802286263604
v -0.3983488675901361 0.050732616031688826 -0.14466357317763592
v -0.3685559839248811 -0.19349625568553303 -0.05282055661087376
v -0.35721953866636214 -0.21898333768004496 -0.14552136492146914
v -0.33803817402941855 -0.11614445112472832 -0.1916453582496381
v -0.013995449834467044 -0.31557139132379786 -0.08669075322298858
v -0.13239860225142452 -0.39633368379127343 -0.17227174820335522
v -0.0064296679133151735 -0.6521919442498383 -0.17251526171915516
v 0.010880650595131713 -0.8844555472032268 -0.04209171633504205
v 0.18312918076067564 -1.2956221846378275 -0.03020195114654578
v 0.06512426524861847 -1.2040141302425296 -0.08407785799360146
v 0.17572621403810063 -1.1676320361711596 -0.05244323853195332
v -0.0014546236494284992 -0.7077373612199857 -0.15108697141870134
v 0.19596171168239618 -0.7599976833606829 -0.07746437215905716
v -0.24296348855552682 -0.10376164499191015 -0.25352981884453113
v -0.32343032008834127 0.06108208031162213 -0.3350397345683013
v 0.12503232635360906 -0.7550083335768328 -0.08518451783333264
v -0.2071208484492536 0.20744671014188426 -0.16350919765052455
v 0.12106060652547279 -0.4154193253190771 -0.16759987706785287
v -0.19978435444304432 0.20686401994047388 -0.3996060206214549
v -0.28892882247862794 0.0961143606634377 -0.40454350290554963
v -0.1562914379408639 -0.016224230298126086 -0.15530042656253037
v -0.3737886274469897 0.03611241458874376 -0.2918169446441989
v -0.3384983882009755 0.17829291958705698 -0.4023261073516844
v -0.3166906020259644 0.27328704660216085 -0.4421504971338894
v -0.15788728262805535 0.41090626852781653 -0.4738684522432567
v -0.34723934061542583 0.4871939102334738 -0.5272467427771754
v -0.18800601646800524 0.5377558914336109 -0.5373972884024234
v -0.2339710107349061 0.5628741067946557 -0.5845539164984463
v -0.14618478788455355 0.2941828159199583 -0.4231521872091019
v 0.05068102468600172 -0.2827838788196321 -0.1665776118039946
v 0.12218189156159098 -0.28280381863656423 -0.2648774527778817
v -0.1313284254835551 0.05555667312467788 -0.2668764693747653
v 0.042036654511080185 0.36194468740390945 -0.28098946421186044
v -0.25459565448580124 0.6097780306776956 -0.2520703760914032
v -0.025672410423620895 0.5182937110381698 -0.29164579787882783
v 0.011071517399893538 0.37863553294243696 -0.33322251395765534
v 0.48511025574059685 0.6753853629846034 -0.29050223539192876
v 0.19831271200161704 -0.4138723112056152 -0.21460236118829357
v 0.16159627635054596 -0.3702858893494847 -0.2715223068615076
v 0.0064883564719848685 -0.06917719135023076 -0.31336181694044307
v 0.14919954431351778 -0.6236470174036168 -0.341904126435945
v 0.3229152693854659 -1.2818394555060304 -0.2622068159944528
v 0.2339466833222803 -1.2850841512274278 -0.23522332866031548
v 0.174632261336214 -0.7521277093425459 -0.1668781875614359
v -0.18536445025936205 -0.10293366307459267 -0.3452408689876095
v 0.22665498397495054 -1.3791997474907074 -0.47339119532235796
v 0.2093505595005667 -1.3207147859254182 -0.39767091932954707
v 0.2270996139208492 -1.390204968014657 -0.42997474142478587
v 0.23764961521736305 -1.3866419544942992 -0.41345122651432076
v 0.4038221954549168 -1.407186918896572 -0.37316850065954843
v 0.35481979564765076 -1.3582231000376983 -0.381846197101647
f 1 291 823
f 2359 291 1
f 1 382 1068
f 2556 382 1
f 1 823 2556
f 1 1068 2359
f 2 56 302
f 2436 56 2
f 2 302 1924
f 2 1924 2436
f 3 698 1008
f 2531 698 3
f 3 1008 2150
f 2135 1864 3
f 3 1864 2531
f 2150 2135 3
f 4 1311 1683
f 4 1311 2795
f 4 1311 3585
f 3585 1374 4
f 4 1374 3599
f 4 1683 3512
f 4 1683 3584
f 4 2795 3585
f 4 3512 3584
f 3599 3584 4
f 1346 650 5
f 5 650 3560
f 5 742 2543
f 3560 742 5
f 2543 1346 5
f 6 45 164
f 6 45 1697
f 6 45 1940
f 6 136 164
f 312 136 6
f 6 164 2771
f 1940 312 6
f 6 1697 1940
f 2771 1940 6
f 7 44 775
f 1774 44 7
f 7 87 213
f 328 87 7
f 7 213 1774
f 775 328 7
f 8 854 2138
f 2417 854 8
f 2138 1050 8
f 8 1050 2375
f 8 2097 2417
f 2600 2097 8
f 8 2375 2600
f 9 433 1846
f 1564 1046 9
f 9 1046 1846
f 1601 1564 9
f 9 1601 2190
f 9 1601 2934
f 9 1846 2190
f 2934 2190 9
f 10 311 373
f 1110 311 10
f 1286 370 10
f 10 370 2753
f 10 370 3232
f 10 373 1286
f 2753 1110 10
f 3232 2753 10
f 582 521 11
f 11 521 928
f 1757 582 11
f 11 928 2157
f 11 1757 2318
f 11 1757 2721
f 11 2157 2580
f 2580 2318 11
f 2721 2318 11
f 12 450 1156
f 1801 450 12
f 12 1156 2118
f 2118 1801 12
f 13 100 249
f 13 100 2216
f 13 100 3370
f 13 249 839
f 13 839 2229
f 13 2216 2229
f 13 2216 2780
f 2780 2229 13
f 3255 2229 13
f 13 2780 3370
f 3370 3255 13
f 776 423 14
f 14 423 2846
f 1489 776 14
f 14 902 1489
f 2420 902 14
f 14 1489 3215
f 2488 2420 14
f 2846 2488 14
f 3215 2488 14
f 15 229 355
f 2646 229 15
f 15 355 1523
f 2631 1287 15
f 15 1287 2646
f 15 1523 2631
f 16 84 332
f 403 84 16
f 16 332 851
f 16 332 1956
f 1477 403 16
f 16 851 1477
f 16 1477 2746
f 17 173 1195
f 1268 173 17
f 17 267 1739
f 2494 267 17
f 17 1195 1268
f 17 1195 2494
f 17 1268 1306
f 17 1268 3209
f 1739 1306 17
f 1816 1306 17
f 3209 1816 17
f 18 72 929
f 1528 72 18
f 18 236 2596
f 18 236 2850
f 18 236 3211
f 929 842 18
f 2596 842 18
f 3211 842 18
f 18 842 3288
f 18 1256 2641
f 2850 1256 18
f 2641 1528 18
f 3288 1528 18
f 19 45 1028
f 2115 45 19
f 1615 640 19
f 19 640 2200
f 19 1028 1615
f 19 1028 2011
f 2011 1615 19
f 2200 2115 19
f 20 397 1585
f 20 397 1596
f 2270 397 20
f 1665 1238 20
f 20 1238 2640
f 20 1585 1596
f 20 1596 1665
f 2640 2270 20
f 21 100 2146
f 2216 100 21
f 21 421 496
f 501 421 21
f 21 496 2317
f 21 496 2366
f 2146 501 21
f 21 2055 2317
f 3382 2055 21
f 21 2146 2216
f 21 2146 2526
f 3307 2146 21
f 21 2216 2317
f 2366 2317 21
f 21 2526 3307
f 21 2526 3382
f 22 936 940
f 1021 936 22
f 22 940 1147
f 1147 1021 22
f 23 158 455
f 23 158 987
f 23 158 1840
f 23 455 2642
f 23 987 1840
f 1817 1276 23
f 23 1276 1840
f 2642 1817 23
f 24 211 565
f 2040 211 24
f 24 565 1875
f 1875 1077 24
f 24 1077 2040
f 25 287 675
f 25 287 2738
f 25 287 3203
f 25 675 1577
f 25 675 3135
f 25 1577 3141
f 25 1577 3150
f 25 2738 3150
f 3243 2738 25
f 25 3135 3203
f 3247 3135 25
f 25 3141 3150
f 3203 3141 25
f 25 3141 3247
f 25 3203 3243
f 26 286 1356
f 1985 286 26
f 1356 353 26
f 26 353 3541
f 26 1356 3537
f 3518 1985 26
f 3537 3518 26
f 3541 3518 26
f 27 30 74
f 2074 30 27
f 27 74 2253
f 247 185 27
f 27 185 1719
f 2253 247 27
f 27 1719 2074
f 28 341 1051
f 1216 341 28
f 28 341 3088
f 3089 341 28
f 896 354 28
f 28 354 1216
f 2248 896 28
f 28 1051 2419
f 2419 2248 28
f 3088 2419 28
f 28 2419 3089
f 349 130 29
f 29 130 2174
f 2855 349 29
f 1722 892 29
f 29 892 2855
f 29 1722 2174
f 29 1722 3673
f 3673 2174 29
f 434 74 30
f 2618 434 30
f 30 2074 2618
f 880 748 31
f 31 748 1646
f 31 880 1834
f 31 880 2140
f 31 1646 1834
f 2140 1834 31
f 32 602 656
f 32 602 781
f 3491 602 32
f 32 656 781
f 32 781 1635
f 32 781 3490
f 1635 1223 32
f 32 1223 2064
f 3490 2064 32
f 32 2064 3491
f 1681 366 33
f 33 366 2009
f 33 685 1681
f 2693 685 33
f 2009 835 33
f 33 835 2691
f 33 1681 2693
f 2691 1766 33
f 33 1766 2693
f 34 414 1074
f 1397 414 34
f 34 1074 2144
f 34 1098 1397
f 2068 1098 34
f 2144 2068 34
f 35 127 458
f 1884 127 35
f 35 458 643
f 35 643 1051
f 35 1051 2048
f 2048 1884 35
f 36 1500 1565
f 1655 1500 36
f 36 1565 2713
f 2945 1655 36
f 36 2713 2945
f 574 537 37
f 37 537 2643
f 1372 574 37
f 37 1006 1228
f 1520 1006 37
f 37 1228 1372
f 2740 1520 37
f 37 2643 2740
f 1300 81 38
f 38 81 2484
f 1575 1297 38
f 38 1297 1735
f 1735 1300 38
f 1699 1575 38
f 2484 1699 38
f 1944 384 39
f 39 384 2576
f 39 1885 1944
f 2431 1885 39
f 2576 2431 39
f 40 720 1746
f 40 720 2423
f 40 720 2941
f 1746 1055 40
f 2646 1055 40
f 2941 1055 40
f 40 2076 2354
f 2423 2076 40
f 40 2354 2646
f 1030 471 41
f 41 471 2181
f 41 1030 3588
f 41 1030 3589
f 2181 1071 41
f 41 1071 3588
f 3589 3588 41
f 42 346 2088
f 2672 346 42
f 2234 995 42
f 42 995 2672
f 42 1411 1980
f 2088 1411 42
f 42 1980 2234
f 42 2088 2866
f 2847 2234 42
f 2909 2847 42
f 42 2866 2909
f 43 203 1202
f 43 203 1252
f 43 203 3203
f 1202 827 43
f 43 827 1602
f 1602 1252 43
f 3203 1252 43
f 44 775 2981
f 44 775 3554
f 1774 1692 44
f 44 1692 2983
f 44 2714 2983
f 3554 2714 44
f 44 2981 2983
f 2115 164 45
f 2590 1028 45
f 45 1697 1940
f 45 1697 2590
f 46 351 2303
f 3186 351 46
f 46 1475 2303
f 46 1475 3178
f 46 1475 3186
f 46 2303 3186
f 46 3178 3186
f 47 998 1628
f 1804 998 47
f 1628 1210 47
f 3104 1210 47
f 47 1210 3107
f 47 1804 3104
f 3107 1804 47
f 48 1979 2212
f 3273 1979 48
f 48 2212 3228
f 48 3228 3273
f 49 75 159
f 3303 75 49
f 49 119 1061
f 1609 119 49
f 49 159 2279
f 1609 905 49
f 2279 905 49
f 49 905 3489
f 49 1061 3303
f 49 1076 2467
f 2783 1076 49
f 2467 1609 49
f 3489 2783 49
f 1510 1032 50
f 50 1032 2853
f 50 1266 1510
f 3173 1266 50
f 50 2853 3173
f 1107 129 51
f 51 129 2489
f 899 694 51
f 51 694 1107
f 51 899 1090
f 51 899 3051
f 51 1090 2489
f 3102 2489 51
f 51 3051 3102
f 296 146 52
f 52 146 1535
f 2828 296 52
f 1535 1392 52
f 52 1392 2828
f 53 124 527
f 982 124 53
f 527 137 53
f 53 137 2534
f 1768 982 53
f 53 1194 1768
f 2534 1194 53
f 1379 197 54
f 54 197 2029
f 54 1039 1379
f 2477 1039 54
f 54 2029 2057
f 54 2029 3441
f 54 2057 2477
f 3441 2057 54
f 3028 78 55
f 55 78 3115
f 55 84 403
f 55 84 405
f 55 84 1254
f 55 165 3028
f 3191 165 55
f 55 403 3197
f 1254 405 55
f 55 405 2681
f 55 405 3115
f 55 405 3192
f 55 2681 3197
f 3192 3115 55
f 3197 3191 55
f 692 302 56
f 1549 692 56
f 56 1330 1720
f 2436 1330 56
f 1720 1549 56
f 57 661 831
f 2244 661 57
f 57 831 2514
f 57 1017 2020
f 2514 1017 57
f 57 2020 2244
f 57 2020 2514
f 58 342 1179
f 58 342 1514
f 58 342 1663
f 58 342 2812
f 58 1179 2296
f 1663 1514 58
f 2296 1514 58
f 2812 1514 58
f 59 706 1045
f 3036 706 59
f 2649 990 59
f 59 990 3036
f 59 1045 1188
f 59 1188 2649
f 60 1444 1566
f 60 1444 1637
f 60 1444 2365
f 1637 1514 60
f 60 1514 2296
f 2296 1566 60
f 2365 1566 60
f 2812 1566 60
f 60 1637 2812
f 61 134 514
f 2413 134 61
f 514 376 61
f 61 376 906
f 61 642 2413
f 2632 642 61
f 61 906 2632
f 62 138 2214
f 2431 138 62
f 1483 941 62
f 62 941 3223
f 1739 1306 62
f 62 1306 1816
f 2431 1483 62
f 2214 1739 62
f 62 1816 1885
f 62 1816 2748
f 62 1885 2431
f 3286 1885 62
f 62 2431 3286
f 3223 2748 62
f 62 2748 3286
f 569 190 63
f 63 190 1336
f 63 190 3460
f 1336 348 63
f 63 348 2016
f 1431 569 63
f 63 1357 1376
f 1822 1357 63
f 63 1376 1431
f 63 1376 1822
f 2016 1822 63
f 1359 150 64
f 64 150 3154
f 64 150 3187
f 64 460 544
f 733 460 64
f 3187 460 64
f 64 544 1359
f 3154 733 64
f 689 93 65
f 65 93 728
f 65 321 689
f 3643 321 65
f 65 728 2153
f 65 2153 3643
f 453 96 66
f 66 96 1220
f 148 109 66
f 66 109 533
f 1152 148 66
f 533 453 66
f 1220 1152 66
f 67 372 2252
f 2289 372 67
f 1409 374 67
f 67 374 2289
f 2252 1409 67
f 932 175 68
f 68 175 1218
f 68 833 932
f 2369 833 68
f 68 1218 2260
f 2260 1572 68
f 68 1572 2731
f 2731 2369 68
f 69 188 637
f 880 188 69
f 69 188 1199
f 637 549 69
f 69 549 748
f 1199 637 69
f 69 748 880
f 70 370 1286
f 3232 370 70
f 70 1286 3155
f 70 1286 3231
f 70 3155 3232
f 70 3231 3233
f 3233 3232 70
f 71 506 736
f 1987 506 71
f 71 506 3628
f 691 610 71
f 736 610 71
f 71 610 1866
f 71 610 3621
f 3624 691 71
f 1866 1197 71
f 71 1197 2799
f 2799 1987 71
f 3621 2799 71
f 3628 3624 71
f 1225 929 72
f 2804 1225 72
f 72 1528 2103
f 72 2103 2804
f 244 174 73
f 73 174 1550
f 1752 244 73
f 73 244 3676
f 1416 313 73
f 73 313 1752
f 1550 1416 73
f 74 434 1414
f 1414 1063 74
f 74 1063 2253
f 75 159 3316
f 3489 159 75
f 75 228 1504
f 3303 228 75
f 75 1504 3303
f 75 1504 3316
f 75 1504 3493
f 75 3303 3489
f 3493 3316 75
f 75 3489 3493
f 728 93 76
f 76 93 2221
f 1230 330 76
f 76 330 2440
f 2121 728 76
f 2221 1230 76
f 2440 2121 76
f 77 516 572
f 1924 516 77
f 77 572 875
f 77 875 2436
f 2436 1924 77
f 77 2436 3523
f 2173 334 78
f 78 334 3115
f 3028 2173 78
f 1288 85 79
f 79 85 2660
f 79 379 1288
f 1595 379 79
f 2047 1595 79
f 2278 2047 79
f 2660 2278 79
f 80 285 868
f 2105 285 80
f 80 868 2256
f 80 1056 2105
f 80 1056 2162
f 80 1056 2256
f 80 2105 2256
f 80 2162 2595
f 2595 2256 80
f 1733 1098 81
f 81 1098 2022
f 81 1300 2022
f 81 1733 2022
f 81 1733 2593
f 2593 2484 81
f 2312 890 82
f 82 890 2432
f 82 1679 2130
f 82 1679 2147
f 82 1679 2687
f 82 2130 2432
f 82 2147 2312
f 2687 2432 82
f 83 561 909
f 2180 561 83
f 1308 721 83
f 83 721 2180
f 83 909 1781
f 83 1119 1308
f 1781 1119 83
f 3201 332 84
f 1235 405 84
f 84 1235 1254
f 84 1235 3201
f 85 1288 1896
f 2515 1525 85
f 85 1525 2660
f 85 1896 2515
f 86 204 1202
f 86 204 3136
f 86 204 3140
f 1202 876 86
f 86 876 1603
f 1539 964 86
f 86 964 2508
f 1603 1539 86
f 3242 1603 86
f 86 2508 2522
f 86 2508 3132
f 86 2522 3136
f 86 3132 3136
f 3140 3137 86
f 86 3137 3242
f 87 213 1732
f 87 213 2957
f 87 328 2202
f 87 1732 2158
f 87 2158 2202
f 3549 2202 87
f 87 2957 3549
f 88 190 489
f 569 190 88
f 88 489 569
f 660 489 88
f 88 569 1431
f 3491 660 88
f 88 1431 2485
f 88 2485 3311
f 88 3311 3491
f 89 729 1391
f 1851 729 89
f 89 729 3166
f 89 1391 2560
f 3166 1391 89
f 2560 1851 89
f 90 191 288
f 2277 191 90
f 90 288 2277
f 91 800 1634
f 2034 800 91
f 91 1122 1129
f 3080 1122 91
f 91 1129 1221
f 1490 1129 91
f 91 1221 2034
f 1634 1490 91
f 91 2034 3080
f 92 251 918
f 2170 251 92
f 92 918 1266
f 92 918 2690
f 92 1266 2883
f 92 2085 2170
f 2690 2085 92
f 2883 2170 92
f 93 689 2221
f 94 835 2009
f 2691 835 94
f 94 1762 2610
f 2821 1762 94
f 94 2009 2512
f 94 2512 2821
f 94 2610 2691
f 95 199 611
f 1964 199 95
f 95 331 1964
f 2281 331 95
f 95 611 2394
f 2394 2281 95
f 453 166 96
f 96 166 1283
f 1283 1080 96
f 96 1080 1978
f 1978 1220 96
f 97 632 1548
f 1626 632 97
f 97 1127 1626
f 3045 1127 97
f 97 1548 3045
f 97 1626 3038
f 97 3038 3044
f 97 3044 3045
f 98 160 1936
f 98 160 2734
f 98 160 3033
f 98 690 897
f 3033 690 98
f 1936 770 98
f 98 770 2652
f 1765 897 98
f 2734 897 98
f 2652 1765 98
f 99 167 2549
f 2712 167 99
f 99 830 2196
f 2549 830 99
f 2196 1340 99
f 99 1340 2712
f 1557 249 100
f 100 1557 2146
f 100 1557 3370
f 2216 2146 100
f 101 921 952
f 2078 921 101
f 101 952 3636
f 101 1904 2314
f 101 1904 2316
f 101 1904 3636
f 2314 2078 101
f 101 2316 3636
f 102 829 1586
f 102 829 1912
f 102 829 3190
f 1586 951 102
f 102 951 2379
f 2379 1912 102
f 3190 1912 102
f 2387 394 103
f 103 394 2905
f 103 1085 2118
f 2226 1085 103
f 103 1592 2226
f 2905 1592 103
f 103 2118 2387
f 2335 432 104
f 104 432 2607
f 1192 676 104
f 104 676 2335
f 104 1192 1319
f 104 1192 2607
f 104 1319 2607
f 878 396 105
f 105 396 2012
f 1167 878 105
f 1342 1167 105
f 105 1167 3059
f 2996 1342 105
f 105 2012 2976
f 105 2012 2996
f 106 310 840
f 1478 310 106
f 840 324 106
f 106 324 1800
f 106 324 3358
f 106 1402 1478
f 1800 1402 106
f 106 1452 1800
f 3358 1452 106
f 107 1114 1458
f 1794 1114 107
f 1458 1208 107
f 107 1208 1618
f 107 1618 2424
f 2279 1794 107
f 2424 2279 107
f 1414 531 108
f 108 531 1622
f 108 787 1063
f 1622 787 108
f 2835 787 108
f 108 1063 1414
f 108 1414 2696
f 108 2696 2835
f 109 148 2275
f 1323 533 109
f 109 745 2060
f 2275 745 109
f 2254 1323 109
f 109 2060 2254
f 110 141 1337
f 1687 141 110
f 110 412 1257
f 2372 412 110
f 110 1257 1687
f 110 1337 2372
f 111 683 1805
f 1974 683 111
f 111 1248 1351
f 1636 1248 111
f 111 1351 1974
f 1805 1636 111
f 1795 473 112
f 112 473 2483
f 2483 1205 112
f 112 1205 3643
f 2122 1795 112
f 3643 2122 112
f 113 518 784
f 113 518 1393
f 113 518 1962
f 113 784 1962
f 113 851 1477
f 2186 851 113
f 113 851 2746
f 113 851 3158
f 113 1393 2186
f 113 1477 1962
f 2746 1962 113
f 1219 464 114
f 114 464 1906
f 114 464 3509
f 114 613 765
f 1906 613 114
f 765 746 114
f 114 746 1144
f 114 746 2006
f 114 765 3507
f 2006 903 114
f 114 903 2166
f 114 903 3640
f 114 1144 2006
f 2166 1219 114
f 114 1677 2166
f 3640 1677 114
f 114 3455 3507
f 3640 3455 114
f 3509 3507 114
f 1507 761 115
f 115 761 2294
f 1172 963 115
f 115 963 1507
f 1656 1172 115
f 115 1547 1656
f 2294 1547 115
f 116 242 339
f 649 242 116
f 116 319 649
f 2030 319 116
f 116 339 649
f 116 339 2030
f 116 649 2030
f 117 684 1095
f 117 684 1178
f 3326 684 117
f 1178 1095 117
f 117 1095 1838
f 117 1838 2079
f 117 1838 3326
f 117 2079 3326
f 1511 967 118
f 118 967 2655
f 2532 1511 118
f 118 1517 2532
f 2655 1517 118
f 2467 1061 119
f 1636 1609 119
f 119 1609 2467
f 119 1636 1831
f 119 1636 3315
f 119 1831 3315
f 119 2467 3315
f 120 440 1210
f 2267 440 120
f 120 486 1777
f 1798 486 120
f 120 486 3099
f 120 1210 3099
f 120 1210 3104
f 120 1777 2267
f 3104 1798 120
f 120 2267 3099
f 704 223 121
f 121 223 1318
f 1318 416 121
f 121 416 1750
f 3618 704 121
f 121 1750 2310
f 121 1750 3627
f 121 2310 3618
f 3627 2310 121
f 504 193 122
f 122 193 2587
f 122 193 3024
f 1277 504 122
f 122 680 1277
f 2026 680 122
f 2587 2026 122
f 3024 2026 122
f 123 235 1259
f 123 235 1673
f 2930 235 123
f 123 867 2604
f 2930 867 123
f 1673 1259 123
f 2604 1259 123
f 123 1259 2939
f 2939 2930 123
f 124 468 722
f 2330 468 124
f 124 468 2954
f 722 527 124
f 2954 527 124
f 124 982 2330
f 451 441 125
f 125 441 1278
f 996 451 125
f 1078 996 125
f 1278 1078 125
f 125 1078 1727
f 1814 1278 125
f 125 1727 1814
f 2461 318 126
f 126 318 2553
f 126 1426 1887
f 126 1426 2553
f 126 1426 3468
f 126 1887 2461
f 3468 2553 126
f 127 336 1429
f 1884 336 127
f 1322 458 127
f 1429 1322 127
f 2493 322 128
f 128 322 3618
f 128 744 2310
f 3609 744 128
f 3618 2310 128
f 128 2310 3619
f 3609 2493 128
f 3619 3609 128
f 1107 641 129
f 129 641 2333
f 129 979 2333
f 2489 979 129
f 129 2333 3102
f 3102 2489 129
f 130 349 2854
f 2845 2174 130
f 130 2839 2845
f 2851 2839 130
f 2854 2851 130
f 131 607 1451
f 1947 607 131
f 131 1077 1875
f 131 1077 1947
f 131 1077 3598
f 131 1451 1827
f 131 1494 1827
f 1913 1494 131
f 131 1827 1947
f 131 1827 3603
f 131 1875 1913
f 3603 1875 131
f 131 3598 3603
f 232 222 132
f 132 222 1721
f 132 222 2741
f 1600 232 132
f 132 319 2030
f 2230 319 132
f 2030 1600 132
f 132 1721 2230
f 2741 2230 132
f 133 1501 1674
f 133 1501 1911
f 133 1501 2858
f 1911 1598 133
f 2858 1598 133
f 2914 1598 133
f 133 1674 2914
f 1196 514 134
f 2448 1196 134
f 134 2413 2448
f 966 228 135
f 135 228 2064
f 1285 966 135
f 135 966 3500
f 135 1223 1751
f 2064 1223 135
f 1751 1285 135
f 3500 1751 135
f 135 2064 3500
f 136 164 224
f 136 164 1509
f 2771 164 136
f 136 224 1509
f 136 312 1161
f 136 1161 1821
f 136 1509 1821
f 136 1821 2771
f 137 527 810
f 137 570 810
f 1808 570 137
f 137 810 1808
f 1808 1180 137
f 137 1180 2534
f 138 941 2214
f 2431 941 138
f 139 1700 1925
f 2018 1700 139
f 139 1925 2018
f 140 393 2098
f 2543 393 140
f 2244 2020 140
f 140 2020 2543
f 140 2098 2244
f 140 2098 3568
f 3564 2543 140
f 3568 3564 140
f 141 474 1587
f 141 474 2240
f 141 474 2428
f 2240 1337 141
f 141 1587 2428
f 141 1687 2428
f 142 788 2331
f 2600 788 142
f 142 978 2177
f 2331 978 142
f 142 978 3404
f 2177 2097 142
f 142 2097 2600
f 142 3404 3444
f 143 293 1450
f 2695 293 143
f 143 1450 1959
f 143 1959 2601
f 143 2601 2695
f 538 147 144
f 2035 147 144
f 2961 147 144
f 2545 538 144
f 144 1638 2144
f 144 1638 2664
f 144 1638 2961
f 2664 2035 144
f 144 2144 2545
f 1454 374 145
f 145 374 2540
f 145 583 1009
f 2540 583 145
f 145 1009 1776
f 1776 1454 145
f 146 296 2249
f 1534 715 146
f 146 715 1535
f 2249 1534 146
f 147 365 1016
f 1909 365 147
f 147 538 1016
f 2961 1016 147
f 2035 1909 147
f 148 186 667
f 1152 186 148
f 148 186 2563
f 148 667 2563
f 2563 2275 148
f 557 241 149
f 149 241 1718
f 3176 557 149
f 149 933 3176
f 3194 933 149
f 149 1718 3194
f 1348 824 150
f 150 824 3154
f 2061 1348 150
f 150 1359 2061
f 150 2061 2749
f 150 2749 3154
f 150 2749 3187
f 151 1534 1653
f 2291 1534 151
f 151 1653 2432
f 2432 2291 151
f 1313 731 152
f 152 731 3323
f 152 1260 1313
f 3327 1260 152
f 3323 1546 152
f 152 1546 3324
f 152 3324 3327
f 153 1691 3346
f 3347 1691 153
f 2552 1850 153
f 153 1850 3347
f 3348 2552 153
f 153 3341 3346
f 3347 3341 153
f 153 3346 3348
f 1211 316 154
f 154 316 2178
f 154 347 838
f 1094 347 154
f 154 469 484
f 1142 469 154
f 154 484 838
f 154 838 1094
f 154 1094 1211
f 2178 1142 154
f 1128 595 155
f 155 595 2342
f 155 771 2029
f 155 771 2057
f 2342 771 155
f 2029 1128 155
f 2057 2029 155
f 1593 425 156
f 156 425 1984
f 156 642 1593
f 2413 642 156
f 156 1593 2958
f 156 1984 2413
f 157 546 987
f 2497 546 157
f 157 773 1921
f 3692 773 157
f 157 987 1840
f 157 987 1921
f 157 987 2497
f 157 1198 1654
f 2811 1198 157
f 157 1544 1921
f 157 1544 2497
f 157 1544 3696
f 157 1654 3692
f 157 1840 2811
f 3696 2497 157
f 158 455 2182
f 158 455 2265
f 158 546 599
f 987 546 158
f 158 599 987
f 2265 599 158
f 2922 599 158
f 158 987 1840
f 158 2182 2922
f 159 699 1145
f 2279 699 159
f 159 1145 1901
f 159 1145 2225
f 2225 1901 159
f 159 1901 3316
f 159 1901 3481
f 3489 2279 159
f 3481 3316 159
f 160 175 734
f 160 175 1689
f 160 175 1936
f 1689 734 160
f 160 734 2734
f 160 734 3033
f 1667 950 161
f 161 950 2704
f 161 1164 1516
f 161 1164 1983
f 161 1164 2704
f 161 1516 2183
f 2947 1667 161
f 161 1983 2947
f 161 2183 2704
f 1532 199 162
f 162 199 1964
f 1057 299 162
f 162 299 1532
f 1057 338 162
f 162 338 1964
f 162 923 1748
f 2109 923 162
f 162 1057 2109
f 162 1748 1964
f 163 1191 1842
f 2343 1191 163
f 163 1243 1842
f 2479 1243 163
f 163 1842 2479
f 2361 2343 163
f 2479 2361 163
f 298 224 164
f 164 224 1509
f 2115 298 164
f 2425 1916 165
f 165 1916 2469
f 3197 2425 165
f 165 2469 3028
f 165 3191 3197
f 453 367 166
f 166 367 749
f 749 729 166
f 166 729 1283
f 166 749 3166
f 3166 1283 166
f 167 1289 1708
f 2712 1289 167
f 167 1708 2549
f 1295 891 168
f 168 891 1668
f 1695 1295 168
f 1668 1595 168
f 168 1595 1695
f 1181 702 169
f 169 702 1186
f 169 702 3166
f 169 723 1181
f 3153 723 169
f 1186 1005 169
f 169 1005 2186
f 3166 1186 169
f 169 2186 3153
f 2089 762 170
f 170 762 2099
f 2099 884 170
f 170 884 3578
f 2619 2089 170
f 3578 2619 170
f 171 449 993
f 1994 449 171
f 171 993 1177
f 171 1177 2468
f 171 1373 1994
f 2306 1373 171
f 2468 2306 171
f 172 630 809
f 172 630 2324
f 172 630 2807
f 172 809 2406
f 2406 1294 172
f 3314 1294 172
f 3668 1294 172
f 2807 2324 172
f 3668 2324 172
f 3668 3314 172
f 173 239 1195
f 173 239 1963
f 173 239 3294
f 1268 1195 173
f 1810 1268 173
f 173 1268 3291
f 1963 1810 173
f 3291 1810 173
f 3294 3291 173
f 174 244 290
f 174 290 962
f 174 962 2004
f 2004 1550 174
f 1689 734 175
f 175 932 1936
f 1689 1218 175
f 176 378 561
f 176 378 1487
f 176 378 2620
f 176 561 2620
f 176 844 1175
f 1487 844 176
f 176 1175 2620
f 177 212 278
f 2077 212 177
f 177 278 1171
f 1213 1105 177
f 177 1105 1747
f 177 1171 1213
f 177 1747 2077
f 178 225 871
f 178 225 1671
f 178 225 2880
f 178 871 1424
f 178 871 2578
f 178 1424 2578
f 178 1671 2880
f 2578 2307 178
f 178 2307 2880
f 179 756 1141
f 179 756 2787
f 179 756 3506
f 179 1024 1349
f 179 1024 1744
f 1929 1024 179
f 179 1141 1349
f 179 1187 1929
f 3568 1187 179
f 1744 1349 179
f 179 2787 3568
f 179 3506 3568
f 180 665 1113
f 180 665 1476
f 180 665 3579
f 180 1113 3579
f 180 1476 2412
f 180 2412 3579
f 1325 1075 181
f 181 1075 2523
f 1342 1325 181
f 1919 1342 181
f 2523 1919 181
f 182 198 1760
f 1889 198 182
f 1596 1585 182
f 182 1585 2925
f 1760 1596 182
f 182 1760 1889
f 2925 1889 182
f 661 589 183
f 183 589 2784
f 831 661 183
f 1082 831 183
f 2784 1082 183
f 184 206 251
f 184 206 307
f 2598 206 184
f 307 251 184
f 184 251 2170
f 2170 592 184
f 184 592 2598
f 185 247 1625
f 185 247 2841
f 185 1625 1877
f 2841 1625 185
f 2898 1719 185
f 185 1877 2904
f 2904 2898 185
f 1836 667 186
f 186 1152 2501
f 3161 1836 186
f 186 2501 3161
f 3161 2563 186
f 1350 524 187
f 187 524 3582
f 187 1018 2559
f 3582 1018 187
f 187 1350 2559
f 187 1350 3596
f 187 2559 3596
f 187 3582 3596
f 1199 637 188
f 188 880 916
f 188 880 3031
f 188 916 1014
f 188 916 3023
f 188 1014 2513
f 3023 1014 188
f 2513 1199 188
f 3031 2513 188
f 1022 482 189
f 189 482 2576
f 189 945 1971
f 2576 945 189
f 1971 1022 189
f 569 489 190
f 190 489 1741
f 190 489 3460
f 190 938 1336
f 1741 938 190
f 191 288 2277
f 191 288 2357
f 191 288 2541
f 191 457 2277
f 2357 457 191
f 2541 2357 191
f 1563 439 192
f 192 439 1745
f 1332 459 192
f 192 459 1563
f 192 849 1332
f 1745 849 192
f 193 504 3026
f 1961 1079 193
f 193 1079 2587
f 193 1961 3026
f 193 1961 3027
f 193 2587 3024
f 3027 3026 193
f 194 717 1041
f 1118 717 194
f 194 1041 2919
f 2814 1118 194
f 194 1775 2814
f 2822 1775 194
f 194 2204 2822
f 2919 2204 194
f 195 616 1887
f 1929 616 195
f 195 1887 2114
f 195 1887 3476
f 2175 1929 195
f 195 2114 2600
f 2375 2175 195
f 3476 2175 195
f 2600 2375 195
f 1258 682 196
f 196 682 1801
f 1876 1258 196
f 196 1801 1876
f 1379 1159 197
f 197 1159 2661
f 3438 2029 197
f 197 2661 3438
f 1868 1530 198
f 198 1530 2429
f 1889 1760 198
f 2429 1760 198
f 1889 1868 198
f 1826 611 199
f 199 1532 1826
f 200 951 1586
f 1891 951 200
f 200 1586 1661
f 200 1661 2026
f 2026 1891 200
f 201 392 1543
f 1715 392 201
f 201 392 3070
f 2085 502 201
f 201 502 2159
f 2883 502 201
f 201 1543 2085
f 2159 1715 201
f 201 2085 2883
f 202 309 1043
f 2978 309 202
f 202 1043 1140
f 2421 1043 202
f 202 1140 1666
f 2069 1183 202
f 202 1183 2421
f 1666 1362 202
f 202 1362 2206
f 2206 2012 202
f 202 2012 2978
f 2206 2069 202
f 202 2206 2987
f 2345 1202 203
f 3242 1202 203
f 2210 1252 203
f 203 1513 2210
f 203 1513 2345
f 203 1513 3238
f 203 2210 3203
f 3238 2210 203
f 203 2345 3242
f 204 1202 2217
f 204 1202 3137
f 204 2217 3139
f 204 2217 3140
f 3139 3136 204
f 204 3136 3140
f 204 3137 3140
f 840 310 205
f 205 310 1478
f 832 343 205
f 205 343 1684
f 205 832 1478
f 205 832 3345
f 1684 840 205
f 205 1478 3345
f 205 3345 3357
f 307 251 206
f 3049 307 206
f 206 2598 3049
f 207 325 1640
f 1771 325 207
f 1640 1053 207
f 207 1053 2630
f 207 1053 3607
f 207 1310 2630
f 2951 1771 207
f 3590 1771 207
f 207 2630 2951
f 3607 3590 207
f 208 861 921
f 1700 861 208
f 208 921 2078
f 3633 1700 208
f 208 2078 2491
f 208 2491 3633
f 209 232 1257
f 209 232 1600
f 209 232 3432
f 1257 1117 209
f 209 1117 2492
f 209 1600 2030
f 209 2030 2142
f 209 2142 2492
f 3432 2492 209
f 210 2007 3333
f 3335 2007 210
f 210 2116 3334
f 3339 2116 210
f 210 3333 3339
f 210 3334 3335
f 830 565 211
f 211 577 1030
f 2040 577 211
f 2196 830 211
f 211 1030 2196
f 211 1030 3588
f 211 1030 3589
f 3588 2196 211
f 877 278 212
f 2077 877 212
f 213 261 281
f 213 261 1732
f 213 261 1774
f 213 281 1774
f 213 1774 2957
f 214 748 1646
f 2838 748 214
f 214 1646 2838
f 215 968 2162
f 215 968 2475
f 215 968 3219
f 215 2162 2500
f 215 2475 3218
f 215 2500 3221
f 215 3218 3221
f 215 3219 3221
f 1133 459 216
f 216 459 1332
f 1332 755 216
f 216 755 1560
f 1560 1133 216
f 2060 745 217
f 217 745 2537
f 217 763 992
f 1612 763 217
f 217 992 1419
f 217 1419 2060
f 2537 1612 217
f 218 478 1692
f 2585 478 218
f 218 571 2455
f 218 1692 1774
f 2455 1774 218
f 2957 1774 218
f 218 1784 2585
f 218 2585 2957
f 219 954 1475
f 2469 954 219
f 219 1475 3178
f 3186 2469 219
f 219 3178 3186
f 220 270 1007
f 1179 270 220
f 1007 744 220
f 220 744 1250
f 1250 1179 220
f 847 807 221
f 221 807 2625
f 221 847 1204
f 221 847 2633
f 2625 1204 221
f 2633 1204 221
f 222 232 2533
f 222 232 2741
f 222 232 3401
f 3432 232 222
f 222 1721 2741
f 222 1721 3394
f 222 1721 3395
f 3394 2533 222
f 3395 2533 222
f 3401 2533 222
f 222 2741 3432
f 223 670 704
f 2355 670 223
f 223 704 2355
f 2498 1318 223
f 223 2355 2498
f 224 298 1193
f 224 408 1468
f 1509 408 224
f 224 1193 1468
f 224 1468 3686
f 3494 1509 224
f 3686 3494 224
f 947 871 225
f 1671 947 225
f 225 1671 2880
f 1242 519 226
f 226 519 2496
f 226 894 896
f 1786 894 226
f 226 896 1463
f 226 1207 1242
f 1463 1207 226
f 3125 1207 226
f 226 1242 3140
f 2496 1786 226
f 226 3119 3125
f 3140 3119 226
f 227 320 1921
f 2139 320 227
f 1493 383 227
f 227 383 2139
f 1921 864 227
f 227 864 2802
f 227 1493 2396
f 227 1493 2802
f 227 1921 2139
f 227 2396 2802
f 228 966 1083
f 228 1083 3303
f 3303 1504 228
f 228 1504 3492
f 3492 2064 228
f 228 2783 3303
f 229 355 1441
f 229 355 2321
f 1867 634 229
f 229 634 2095
f 229 1441 2321
f 2646 1867 229
f 229 2095 2321
f 230 481 1442
f 230 481 1913
f 230 481 3607
f 230 1310 1442
f 1790 1310 230
f 3607 1442 230
f 1875 1790 230
f 1913 1875 230
f 231 263 1467
f 231 263 1779
f 231 263 3330
f 231 1467 1703
f 2059 1703 231
f 2390 1703 231
f 231 1779 2059
f 3330 2390 231
f 232 399 764
f 232 399 2533
f 232 399 3401
f 232 764 1257
f 232 1257 3432
f 3432 2741 232
f 233 456 738
f 1215 456 233
f 233 738 1215
f 233 738 2480
f 233 1215 2323
f 233 1215 3064
f 2480 2323 233
f 3064 2323 233
f 234 647 866
f 1220 647 234
f 234 866 2680
f 1855 1220 234
f 234 1484 1855
f 2680 1484 234
f 235 890 2113
f 2312 890 235
f 1673 1259 235
f 1846 1673 235
f 235 1673 2893
f 2312 1846 235
f 235 2113 2312
f 2893 2113 235
f 2930 2113 235
f 1291 1227 236
f 236 1227 2596
f 236 1291 2764
f 236 1291 2850
f 236 2764 3211
f 2249 666 237
f 237 666 2832
f 237 666 2928
f 237 1534 2249
f 2291 1534 237
f 237 2249 2831
f 237 2249 2928
f 2825 2291 237
f 2832 2825 237
f 237 2825 2903
f 237 2831 2928
f 2903 2832 237
f 238 605 2094
f 2164 605 238
f 238 2094 3124
f 3124 2164 238
f 2494 1195 239
f 239 1503 2494
f 3150 1503 239
f 3150 1577 239
f 239 1577 3240
f 3240 1963 239
f 239 1963 3294
f 239 2494 3200
f 3200 3150 239
f 649 319 240
f 240 319 805
f 2057 649 240
f 240 805 2057
f 241 557 887
f 887 706 241
f 1045 706 241
f 241 706 3040
f 1045 821 241
f 241 821 1718
f 3040 1045 241
f 649 339 242
f 242 339 1716
f 242 339 3424
f 242 649 1338
f 242 1338 2168
f 2168 1716 242
f 242 1716 3424
f 242 3424 3435
f 243 259 1987
f 2633 259 243
f 961 847 243
f 243 847 2633
f 1197 961 243
f 2799 1197 243
f 243 1987 2799
f 477 290 244
f 244 290 3676
f 1752 477 244
f 245 440 2154
f 2395 440 245
f 994 452 245
f 245 452 2395
f 245 679 994
f 1582 679 245
f 2154 1582 245
f 898 528 246
f 246 528 1041
f 1041 717 246
f 246 717 1118
f 1775 898 246
f 246 1118 2814
f 2814 1775 246
f 2841 1625 247
f 2253 2136 247
f 247 2136 2841
f 248 922 1194
f 248 922 1397
f 248 922 1768
f 248 1194 1768
f 1397 1253 248
f 248 1253 2510
f 2510 1768 248
f 249 446 669
f 249 446 1403
f 249 446 3255
f 249 446 3310
f 249 669 839
f 249 1403 1557
f 3310 1403 249
f 3370 1557 249
f 249 3255 3370
f 1626 573 250
f 250 573 2238
f 797 632 250
f 250 632 1626
f 1027 797 250
f 2238 1027 250
f 251 307 2880
f 2880 918 251
f 252 1410 1762
f 252 1410 2148
f 2657 1410 252
f 252 1410 2685
f 1455 1450 252
f 252 1450 2148
f 252 1455 2657
f 252 1455 2685
f 252 1762 2148
f 2685 2148 252
f 253 1379 1633
f 3374 1379 253
f 253 1633 3373
f 253 2806 3373
f 253 3373 3374
f 254 262 285
f 254 262 659
f 254 262 1173
f 254 262 2769
f 254 285 2407
f 254 389 551
f 659 389 254
f 254 551 659
f 254 551 1173
f 2451 659 254
f 2407 1173 254
f 2769 2451 254
f 255 1302 1383
f 1758 1302 255
f 255 1383 1671
f 255 1629 1758
f 3049 1629 255
f 255 1671 3049
f 256 670 677
f 3618 670 256
f 256 677 3618
f 257 452 1619
f 257 452 1628
f 257 452 2395
f 1619 1525 257
f 257 1525 2515
f 2395 1628 257
f 2515 1628 257
f 1813 277 258
f 258 277 1895
f 258 1105 1213
f 1895 1105 258
f 258 1213 1813
f 2520 1987 259
f 2633 2520 259
f 1645 548 260
f 260 548 3471
f 260 609 1167
f 1245 609 260
f 260 1167 2499
f 3471 1245 260
f 2499 1645 260
f 260 2499 3055
f 260 3055 3471
f 261 281 973
f 261 281 1774
f 261 401 1732
f 2192 401 261
f 261 973 2192
f 262 285 2105
f 262 285 2407
f 262 543 659
f 2105 543 262
f 262 543 2281
f 2281 711 262
f 262 711 2769
f 2407 1173 262
f 1282 1260 263
f 263 1260 3327
f 2184 1282 263
f 263 1467 2184
f 263 1467 3330
f 3327 1779 263
f 2496 519 264
f 264 519 3140
f 264 1786 2496
f 3126 1786 264
f 2756 2496 264
f 264 2522 2628
f 264 2522 3126
f 264 2522 3136
f 264 2628 3126
f 3136 2756 264
f 3140 3136 264
f 265 754 2053
f 2110 754 265
f 265 2053 2371
f 265 2099 2371
f 2376 2099 265
f 265 2110 2376
f 265 2110 3576
f 265 2371 2376
f 265 2371 3576
f 265 2376 3576
f 970 462 266
f 266 462 1261
f 266 692 970
f 3458 692 266
f 266 1261 1672
f 266 1672 3458
f 267 420 1739
f 2494 420 267
f 268 429 811
f 1244 429 268
f 268 695 811
f 1244 695 268
f 268 811 1629
f 2598 1244 268
f 268 1629 3049
f 3049 2598 268
f 269 358 407
f 2039 358 269
f 269 407 2759
f 269 543 2039
f 2394 543 269
f 3253 543 269
f 269 543 3268
f 2394 611 269
f 269 611 2759
f 269 659 2394
f 3251 659 269
f 2759 2426 269
f 269 2426 3251
f 3268 3253 269
f 3629 1007 270
f 2296 1179 270
f 2812 1179 270
f 270 1566 2296
f 270 1566 2812
f 270 1566 3629
f 271 274 2416
f 2584 274 271
f 271 1049 1886
f 2416 1049 271
f 271 1886 2584
f 272 510 1903
f 2262 510 272
f 1420 591 272
f 272 591 2444
f 272 1420 2476
f 272 1420 3673
f 2444 1903 272
f 3314 1903 272
f 2476 2262 272
f 3673 3314 272
f 273 587 662
f 1314 587 273
f 273 662 1248
f 273 975 1248
f 273 975 1314
f 273 975 1831
f 1831 1248 273
f 274 1134 2478
f 2584 1134 274
f 2478 2416 274
f 1288 379 275
f 275 379 1668
f 1896 1288 275
f 1668 1361 275
f 275 1361 2663
f 2663 1896 275
f 276 941 1366
f 2595 941 276
f 276 1366 2256
f 276 2256 2595
f 277 360 947
f 1813 360 277
f 277 435 1895
f 2583 435 277
f 277 947 2583
f 877 507 278
f 278 507 1719
f 2287 1171 278
f 278 1719 2287
f 278 1719 2898
f 2898 2287 278
f 279 1175 2384
f 2418 1175 279
f 279 1993 2418
f 3289 1993 279
f 279 2384 2688
f 279 2688 3289
f 280 444 559
f 1124 444 280
f 280 444 3180
f 280 559 2050
f 280 559 3180
f 1709 1124 280
f 280 1709 2050
f 280 1709 3182
f 280 2050 3182
f 280 3180 3182
f 281 973 1573
f 281 973 2430
f 281 1573 2430
f 281 1774 2455
f 2455 2430 281
f 1754 339 282
f 2142 339 282
f 3424 339 282
f 1754 368 282
f 282 368 2492
f 282 368 2775
f 2775 1754 282
f 2492 2142 282
f 282 2492 2775
f 282 2492 3432
f 282 2775 3424
f 3432 2775 282
f 1115 375 283
f 283 375 2872
f 1371 789 283
f 283 789 2359
f 283 895 2359
f 2924 895 283
f 283 1115 1371
f 283 1115 2705
f 2872 2359 283
f 283 2705 2924
f 284 377 1035
f 2779 377 284
f 1035 636 284
f 284 636 2341
f 284 2341 2779
f 2407 868 285
f 2407 2105 285
f 2208 1356 286
f 286 1985 2788
f 286 2000 2984
f 286 2000 2994
f 286 2000 3545
f 286 2208 2965
f 286 2208 2984
f 286 2302 2788
f 3545 2302 286
f 2994 2788 286
f 286 2788 3545
f 286 2965 3537
f 2995 2984 286
f 3537 2995 286
f 2238 675 287
f 287 1027 2238
f 287 1027 2427
f 287 1027 2738
f 287 2427 3203
f 288 1077 1947
f 2040 1077 288
f 288 1077 2541
f 288 1947 2541
f 2277 2040 288
f 2541 2357 288
f 289 600 1154
f 1710 600 289
f 289 1154 2047
f 2269 1710 289
f 289 2047 2278
f 2650 2269 289
f 289 2278 2650
f 290 454 477
f 1988 454 290
f 290 477 1988
f 290 681 962
f 290 681 1988
f 290 681 3676
f 3676 962 290
f 1456 823 291
f 1597 1456 291
f 2359 1597 291
f 1165 580 292
f 292 580 2826
f 955 883 292
f 292 883 1165
f 2889 955 292
f 292 1165 2910
f 2826 2129 292
f 2860 2129 292
f 292 2129 2889
f 2910 2860 292
f 293 335 986
f 2695 335 293
f 293 986 1945
f 2859 1450 293
f 1945 1911 293
f 293 1911 2859
f 294 857 1150
f 294 857 1191
f 294 857 2024
f 294 1150 2024
f 294 1191 1355
f 294 1355 2346
f 2346 2024 294
f 1334 510 295
f 295 510 2262
f 295 1060 1334
f 2856 1060 295
f 2262 1148 295
f 295 1148 2856
f 3328 1148 295
f 295 1148 3674
f 295 1334 3328
f 3674 1334 295
f 295 3328 3674
f 296 1345 2249
f 2613 1345 296
f 2828 2613 296
f 297 1012 1324
f 2750 1012 297
f 297 1324 3212
f 3212 2750 297
f 298 747 1193
f 2115 747 298
f 299 1057 1999
f 1826 1532 299
f 2172 1826 299
f 299 1999 2172
f 300 553 1791
f 3237 553 300
f 300 1011 1408
f 3237 1011 300
f 300 1275 2385
f 300 1275 3217
f 300 1275 3218
f 1791 1408 300
f 2385 1408 300
f 3217 2385 300
f 300 2385 3220
f 300 3218 3221
f 300 3220 3221
f 300 3221 3237
f 301 322 677
f 301 322 2493
f 301 322 3587
f 301 677 1926
f 1926 1200 301
f 301 1200 2651
f 301 2404 2493
f 2651 2404 301
f 301 2493 2651
f 301 2493 3587
f 301 2651 3587
f 302 439 1563
f 3458 439 302
f 302 692 3458
f 302 1563 1924
f 303 356 779
f 2676 356 303
f 1835 426 303
f 303 426 3290
f 303 779 3283
f 3290 779 303
f 2676 1835 303
f 3283 2676 303
f 1087 816 304
f 304 816 2347
f 1997 1087 304
f 2347 1997 304
f 305 877 2077
f 2304 877 305
f 305 1307 2304
f 2539 1307 305
f 2320 1353 305
f 305 1353 2539
f 305 2077 2320
f 1363 1237 306
f 306 1237 1949
f 2137 1363 306
f 306 1384 2137
f 2301 1384 306
f 306 1949 2350
f 2350 2301 306
f 307 1671 2880
f 3049 1671 307
f 1676 710 308
f 308 710 3661
f 2347 1676 308
f 308 1997 2347
f 308 1997 3582
f 308 1997 3661
f 308 3582 3661
f 309 406 1043
f 309 406 1129
f 309 406 2973
f 1140 1043 309
f 309 1129 2123
f 309 1129 2973
f 2012 1140 309
f 2123 2012 309
f 2976 2012 309
f 2978 2012 309
f 309 2973 2976
f 1551 373 311
f 311 1110 3234
f 311 1110 3235
f 3234 1551 311
f 3235 3234 311
f 312 1114 1161
f 1940 1114 312
f 1416 946 313
f 313 946 2101
f 2127 1752 313
f 313 2101 2127
f 1723 783 314
f 314 783 2271
f 1380 1190 314
f 314 1190 2341
f 2271 1380 314
f 2341 1723 314
f 865 386 315
f 315 386 1421
f 315 619 865
f 923 619 315
f 315 758 923
f 1421 758 315
f 1211 450 316
f 316 450 1801
f 316 646 1004
f 316 646 1801
f 316 646 2933
f 316 1004 2178
f 2933 1801 316
f 1952 438 317
f 317 438 2107
f 317 1015 1059
f 2149 1015 317
f 317 1059 1952
f 317 2107 2149
f 318 772 2367
f 3471 772 318
f 2367 1106 318
f 318 1106 2553
f 318 2367 3471
f 2461 2378 318
f 318 2378 2605
f 318 2605 3471
f 2030 649 319
f 2230 805 319
f 320 599 796
f 320 599 944
f 320 599 1921
f 2922 599 320
f 320 796 1544
f 320 944 1544
f 1921 1544 320
f 2139 1921 320
f 320 2139 2922
f 1823 689 321
f 321 1205 1823
f 3643 1205 321
f 322 677 3587
f 322 677 3618
f 322 3581 3587
f 1269 696 323
f 323 696 2439
f 2470 1269 323
f 323 2439 2521
f 2546 2470 323
f 323 2521 2546
f 324 840 2329
f 324 1452 1800
f 2402 1452 324
f 324 2329 3362
f 324 2402 3358
f 3362 2402 324
f 325 942 1761
f 1771 942 325
f 325 1064 1375
f 325 1064 1761
f 325 1064 3583
f 325 1375 2570
f 3583 1375 325
f 2570 1640 325
f 325 1761 1771
f 325 1771 3590
f 3606 2570 325
f 325 3590 3606
f 326 500 1252
f 2031 500 326
f 2031 777 326
f 326 777 2443
f 326 1252 2443
f 326 2031 3146
f 3146 2443 326
f 327 425 1025
f 327 425 2293
f 327 425 2894
f 1335 778 327
f 327 778 2052
f 327 1025 2052
f 2293 1335 327
f 2894 2052 327
f 328 448 775
f 328 448 1743
f 328 448 2202
f 328 448 3554
f 2981 775 328
f 3554 775 328
f 328 1743 2202
f 328 2202 3547
f 3549 2981 328
f 328 3547 3592
f 3592 3549 328
f 1498 615 329
f 329 615 2589
f 329 615 3296
f 329 1344 1498
f 2761 1344 329
f 329 2589 2761
f 3296 2761 329
f 752 505 330
f 330 505 2440
f 330 517 752
f 1230 517 330
f 1678 711 331
f 331 711 2281
f 331 1678 1964
f 2451 1678 331
f 331 2281 2451
f 1620 851 332
f 1956 1620 332
f 3201 1956 332
f 333 723 1612
f 3159 723 333
f 333 1612 2537
f 333 2537 3159
f 334 351 470
f 2173 351 334
f 334 351 3032
f 334 470 1581
f 334 1581 3115
f 334 3032 3115
f 2695 986 335
f 336 1398 1429
f 1884 1398 336
f 337 612 1312
f 2612 612 337
f 1113 665 337
f 337 665 1542
f 337 665 2612
f 2559 1113 337
f 337 1312 2559
f 337 1542 2612
f 1057 410 338
f 338 410 3272
f 1748 1678 338
f 338 1678 1964
f 2109 1748 338
f 3272 2109 338
f 1754 1716 339
f 2142 2030 339
f 1468 588 340
f 340 588 3311
f 1468 859 340
f 2485 859 340
f 340 859 3686
f 2782 1468 340
f 3311 2485 340
f 3686 2782 340
f 2215 1051 341
f 341 1051 3088
f 341 1216 1409
f 3089 1216 341
f 341 1409 1899
f 341 1899 2215
f 1179 581 342
f 342 581 3635
f 342 1179 2812
f 1663 1514 342
f 2491 1663 342
f 3635 2491 342
f 343 832 2263
f 1957 1684 343
f 3350 1957 343
f 343 2263 3350
f 1141 765 344
f 2070 765 344
f 344 765 3507
f 344 1050 2070
f 2375 1050 344
f 344 1050 3451
f 2364 1141 344
f 2375 2364 344
f 344 2375 3477
f 344 3451 3477
f 344 3451 3507
f 344 3477 3507
f 345 1923 2374
f 2437 1923 345
f 345 2374 2561
f 2561 2437 345
f 346 1447 2823
f 2857 1447 346
f 2823 2088 346
f 346 2672 2857
f 347 594 1094
f 347 594 2189
f 347 594 2934
f 1094 838 347
f 1725 838 347
f 2934 838 347
f 2189 1725 347
f 348 1336 2544
f 1935 1533 348
f 348 1533 2016
f 2544 1935 348
f 1802 1440 349
f 349 1440 2854
f 2028 1802 349
f 2855 2028 349
f 350 381 2013
f 2209 381 350
f 350 900 1246
f 2013 900 350
f 350 1246 2209
f 1418 470 351
f 2075 1418 351
f 2303 1912 351
f 351 1912 2464
f 351 1912 3032
f 2464 2075 351
f 351 2173 3186
f 3186 2303 351
f 1069 535 352
f 352 535 3539
f 352 622 2995
f 352 622 3003
f 3539 622 352
f 1449 1069 352
f 3003 1449 352
f 2995 2992 352
f 352 2992 3003
f 353 1356 2648
f 2985 2558 353
f 353 2558 3541
f 353 2648 2985
f 354 896 1968
f 3089 896 354
f 2473 1216 354
f 354 1216 3089
f 354 1968 2473
f 355 568 586
f 1441 568 355
f 355 586 1523
f 355 1441 2321
f 356 779 959
f 356 779 2411
f 356 920 1946
f 356 920 2411
f 356 920 2676
f 356 959 2411
f 356 1946 2676
f 357 1389 2226
f 2834 1389 357
f 2226 1592 357
f 357 1592 2336
f 357 2336 2386
f 357 2386 2834
f 3248 407 358
f 1740 1343 358
f 2039 1343 358
f 3268 1343 358
f 2474 1740 358
f 3248 2474 358
f 358 3248 3253
f 358 3253 3268
f 359 421 501
f 1412 421 359
f 359 501 1381
f 359 1381 1583
f 1583 1412 359
f 360 685 871
f 2611 685 360
f 1813 732 360
f 360 732 2611
f 360 871 947
f 361 512 734
f 3151 512 361
f 361 734 3033
f 3026 1961 361
f 361 1961 3033
f 361 3026 3027
f 361 3026 3151
f 361 3027 3033
f 1552 938 362
f 362 938 1741
f 362 1448 1830
f 2422 1448 362
f 1830 1552 362
f 362 1741 2445
f 2445 2422 362
f 1742 663 363
f 363 663 2662
f 3151 1742 363
f 2662 2025 363
f 363 2025 3151
f 1476 665 364
f 364 665 1542
f 364 1328 1428
f 1542 1328 364
f 364 1328 1605
f 1605 1428 364
f 364 1428 1806
f 1806 1476 364
f 365 437 1016
f 1479 437 365
f 365 1164 1479
f 1909 1164 365
f 1681 552 366
f 366 552 2889
f 2889 2009 366
f 367 453 533
f 367 453 1323
f 367 533 1323
f 1578 749 367
f 367 1323 1578
f 1009 508 368
f 368 508 1117
f 1377 1009 368
f 368 1117 2492
f 2536 1377 368
f 368 1377 2775
f 368 1754 2536
f 1364 1174 369
f 369 1174 1508
f 369 1364 1824
f 369 1364 2319
f 369 1508 2645
f 2319 1824 369
f 2645 1824 369
f 3232 2753 370
f 2710 1693 371
f 371 1693 2793
f 371 1693 2956
f 2410 1915 371
f 371 1915 2940
f 2956 2410 371
f 2940 2710 371
f 372 449 1994
f 2289 449 372
f 372 1994 2042
f 372 2042 2252
f 2653 1286 373
f 373 1551 2207
f 373 2207 2653
f 2450 1169 374
f 374 1169 2540
f 374 1409 2450
f 374 1454 2289
f 2442 720 375
f 375 720 2623
f 2623 1115 375
f 2706 1115 375
f 375 2356 2442
f 375 2356 2706
f 375 2356 2872
f 376 514 2539
f 1353 906 376
f 2539 1353 376
f 1144 597 377
f 377 597 2435
f 1555 1035 377
f 2236 1144 377
f 377 1190 1279
f 2779 1190 377
f 377 1279 2236
f 2435 1555 377
f 378 561 2180
f 378 561 2620
f 378 1026 1487
f 2180 1026 378
f 378 1487 2180
f 379 1595 1668
f 380 735 1097
f 380 735 1428
f 380 735 1806
f 380 735 2644
f 380 1097 1428
f 1806 1428 380
f 2644 1806 380
f 381 644 651
f 381 644 2083
f 2209 644 381
f 381 651 2083
f 381 730 1711
f 2083 730 381
f 1711 1474 381
f 381 1474 2013
f 381 1711 3614
f 3614 2083 381
f 1443 635 382
f 382 635 1763
f 382 635 2824
f 1763 1068 382
f 2824 1068 382
f 2556 1443 382
f 383 1493 2286
f 2182 2139 383
f 2286 2182 383
f 384 1047 1971
f 3188 1047 384
f 384 1944 3188
f 384 1971 2576
f 1853 1843 385
f 385 1843 1949
f 2061 1853 385
f 385 1949 2401
f 385 2061 2128
f 385 2061 2749
f 385 2128 2401
f 2749 2401 385
f 386 865 3267
f 3259 1421 386
f 3271 3259 386
f 386 3267 3271
f 387 479 1320
f 387 479 3377
f 387 479 3379
f 387 631 1432
f 3258 631 387
f 387 1320 1958
f 387 1432 2366
f 3381 1432 387
f 2366 1858 387
f 2806 1858 387
f 3394 1858 387
f 387 1958 2806
f 387 1958 3394
f 3379 3258 387
f 387 3305 3379
f 3381 3305 387
f 387 3377 3379
f 387 3377 3381
f 388 942 1495
f 1761 942 388
f 388 1289 1495
f 1931 1289 388
f 388 1495 1761
f 388 1761 1771
f 388 1771 2951
f 2951 1931 388
f 659 551 389
f 389 551 2588
f 389 551 3249
f 389 638 1347
f 2588 638 389
f 389 659 1347
f 389 659 3267
f 389 1347 2588
f 3267 1347 389
f 3249 2588 389
f 390 523 1661
f 390 523 1709
f 390 523 3182
f 1153 1124 390
f 390 1124 1709
f 1661 1153 390
f 3182 1709 390
f 1388 465 391
f 391 465 2106
f 2910 465 391
f 391 1165 1388
f 1717 1165 391
f 391 1447 1717
f 2106 1447 391
f 391 1717 2910
f 1112 443 392
f 392 443 1543
f 3030 1112 392
f 392 1715 3030
f 1401 1187 393
f 393 1187 3568
f 2543 1401 393
f 3506 2098 393
f 393 2543 3564
f 3568 3506 393
f 393 3564 3568
f 2147 1679 394
f 394 1679 2905
f 394 1679 2907
f 2387 2147 394
f 2907 2387 394
f 395 603 1155
f 2280 603 395
f 395 1040 1367
f 1570 1040 395
f 395 1155 2036
f 395 1155 2280
f 395 1367 2280
f 2036 1570 395
f 798 703 396
f 396 703 1362
f 878 798 396
f 396 1362 2012
f 397 483 1585
f 2495 483 397
f 397 1585 1596
f 397 2161 2270
f 2495 2161 397
f 2824 2270 397
f 397 2495 2824
f 398 461 1203
f 2106 461 398
f 398 1203 1411
f 398 1411 2088
f 398 2088 2823
f 2823 2106 398
f 1687 764 399
f 399 1687 2087
f 399 1687 3401
f 399 2087 2533
f 400 448 1125
f 400 448 3552
f 400 448 3554
f 2990 1125 400
f 3552 1125 400
f 400 2302 2788
f 400 2302 3540
f 400 2302 3554
f 400 2788 3540
f 400 2990 2993
f 400 2990 3540
f 400 2993 3554
f 3580 1732 401
f 401 2192 3580
f 2145 888 402
f 402 888 2268
f 402 1201 2145
f 2268 1201 402
f 403 1477 2425
f 403 2425 3197
f 981 626 404
f 404 626 1404
f 1048 981 404
f 1371 1048 404
f 404 1048 2954
f 2076 1371 404
f 404 1404 2076
f 2954 1404 404
f 1254 1235 405
f 405 1235 2326
f 405 1235 2681
f 405 2326 3115
f 405 2681 2762
f 405 2762 3192
f 406 719 1043
f 406 719 1129
f 406 719 2503
f 406 719 2973
f 2503 1043 406
f 407 657 2679
f 3248 657 407
f 2679 2426 407
f 407 2426 2759
f 408 783 859
f 1723 783 408
f 408 859 1468
f 408 1509 2391
f 2391 1723 408
f 409 641 1804
f 2519 641 409
f 409 998 1804
f 1896 998 409
f 409 1804 3107
f 409 1896 2663
f 409 1896 3100
f 2663 2519 409
f 409 2663 3108
f 3107 3100 409
f 3108 3100 409
f 410 1057 3228
f 410 3228 3272
f 411 831 1972
f 2514 831 411
f 1370 1065 411
f 411 1065 2514
f 1972 1370 411
f 412 1117 1257
f 412 1117 1522
f 412 1117 3432
f 3432 1257 412
f 412 1522 2372
f 3389 2372 412
f 3432 3389 412
f 413 1103 1639
f 1948 1103 413
f 413 1639 1948
f 413 1639 2179
f 2179 1871 413
f 413 1871 2530
f 2530 1948 413
f 1253 1074 414
f 1397 1253 414
f 415 436 997
f 3329 436 415
f 2015 558 415
f 415 558 2328
f 415 997 3325
f 3325 2015 415
f 415 2328 3329
f 416 417 1750
f 3633 417 416
f 416 1318 1925
f 416 1925 3633
f 416 1925 3662
f 417 581 1250
f 3635 581 417
f 417 1250 1706
f 417 1706 1750
f 3633 2491 417
f 417 2491 3635
f 2259 532 418
f 418 532 2490
f 418 716 2102
f 2490 716 418
f 418 860 2223
f 2259 860 418
f 2223 2102 418
f 418 2102 3082
f 3082 2259 418
f 419 614 683
f 1873 614 419
f 419 683 1974
f 419 991 1433
f 1847 991 419
f 419 1433 2586
f 1974 1847 419
f 2586 1873 419
f 420 718 1739
f 2220 718 420
f 420 718 3200
f 2494 2220 420
f 3200 2494 420
f 1633 496 421
f 421 1412 1633
f 422 464 1906
f 3646 464 422
f 422 756 1906
f 2787 756 422
f 3506 756 422
f 422 1561 2098
f 3646 1561 422
f 422 1906 3646
f 422 2098 2787
f 422 2098 3506
f 776 498 423
f 423 498 2028
f 423 2028 2846
f 1505 571 424
f 424 571 2430
f 2430 639 424
f 424 639 2940
f 1915 1505 424
f 2940 1915 424
f 1589 1025 425
f 425 1589 1984
f 425 1589 2894
f 425 1593 2293
f 426 441 451
f 1835 441 426
f 426 451 3290
f 427 1274 2092
f 2208 1274 427
f 427 1356 2208
f 2648 1356 427
f 427 2092 2648
f 428 585 595
f 937 585 428
f 2342 595 428
f 428 595 3437
f 428 937 2535
f 428 937 3435
f 3437 937 428
f 428 1338 2342
f 2535 1338 428
f 3435 2535 428
f 429 695 811
f 1244 695 429
f 2053 762 430
f 430 762 2654
f 2559 2053 430
f 2654 2559 430
f 431 606 1547
f 2758 606 431
f 431 1172 1656
f 2614 1172 431
f 1656 1547 431
f 3276 1547 431
f 2614 1652 431
f 431 1652 2758
f 431 2614 3276
f 432 476 948
f 432 476 1480
f 432 476 2335
f 432 948 2335
f 432 1480 2207
f 2207 1551 432
f 432 1551 2607
f 434 1389 1414
f 2482 1389 434
f 2902 1389 434
f 2517 2482 434
f 2618 2517 434
f 434 2517 2902
f 435 819 828
f 2583 819 435
f 435 828 856
f 435 856 1895
f 2516 997 436
f 2408 2126 436
f 436 2126 2516
f 3329 2408 436
f 436 2408 3352
f 3352 2516 436
f 1479 904 437
f 437 904 2044
f 1996 1016 437
f 2044 1996 437
f 1952 600 438
f 438 600 2107
f 1672 1617 439
f 439 1617 1745
f 3458 1672 439
f 2395 1210 440
f 440 1210 3099
f 2267 2154 440
f 3099 2267 440
f 1835 1278 441
f 442 456 668
f 1382 456 442
f 442 668 2246
f 442 668 2327
f 442 1209 1382
f 2246 1209 442
f 2327 2246 442
f 443 1112 2885
f 2170 1543 443
f 2885 2170 443
f 1606 559 444
f 444 1124 2334
f 2361 1606 444
f 444 2334 2361
f 444 2334 3180
f 445 917 1874
f 2350 917 445
f 445 1497 1502
f 1874 1497 445
f 445 1502 2301
f 445 2301 2350
f 674 454 446
f 446 454 1594
f 669 606 446
f 446 606 674
f 446 669 3255
f 446 674 3310
f 1594 1403 446
f 447 703 798
f 3543 703 447
f 447 798 2471
f 447 2471 2998
f 447 2471 3543
f 447 2998 3543
f 3554 775 448
f 1743 1125 448
f 448 1743 2202
f 3554 3552 448
f 2289 993 449
f 450 594 1156
f 1211 594 450
f 451 996 2103
f 451 2103 3290
f 452 994 1619
f 2395 1628 452
f 453 533 1323
f 454 477 1623
f 1988 477 454
f 681 674 454
f 3310 674 454
f 1988 681 454
f 1623 1594 454
f 454 1594 3310
f 1492 1262 455
f 455 1262 2642
f 2182 1492 455
f 455 2182 2265
f 456 645 1702
f 2021 645 456
f 1215 668 456
f 1215 738 456
f 1702 738 456
f 456 1382 2021
f 457 1044 1158
f 1457 1044 457
f 457 1158 2277
f 2357 1457 457
f 1604 643 458
f 458 1322 1604
f 459 1133 1924
f 1924 1563 459
f 1323 544 460
f 460 544 3157
f 460 733 1852
f 1578 1323 460
f 1852 1578 460
f 460 1852 3157
f 3187 3157 460
f 461 465 1388
f 2916 465 461
f 853 576 461
f 461 576 1203
f 1975 853 461
f 1388 1331 461
f 461 1331 1975
f 461 2106 2916
f 462 970 2121
f 1696 1261 462
f 2440 1696 462
f 462 2121 2440
f 2117 1123 463
f 463 1123 2549
f 463 1708 2117
f 2549 1708 463
f 464 1219 1570
f 464 1570 3646
f 464 1906 3509
f 3646 1906 464
f 464 3509 3646
f 2909 2106 465
f 2916 2106 465
f 465 2866 2909
f 2910 2866 465
f 1951 915 466
f 466 915 2489
f 466 979 1162
f 2489 979 466
f 466 1162 1951
f 467 778 1892
f 2052 778 467
f 467 1799 2191
f 2409 1799 467
f 467 1892 2409
f 467 2052 2191
f 467 2052 2894
f 2894 2191 467
f 1404 722 468
f 2076 1404 468
f 468 1404 2954
f 2330 2076 468
f 1098 484 469
f 2068 1098 469
f 469 1142 1638
f 2068 1638 469
f 2961 1638 469
f 469 2068 2961
f 470 794 1418
f 470 794 1712
f 470 794 1834
f 2075 1418 470
f 1712 1581 470
f 470 1712 3048
f 470 1834 2075
f 471 1030 1657
f 471 1657 2619
f 3578 2181 471
f 471 2619 3578
f 472 799 2564
f 472 799 2712
f 472 799 3590
f 472 1340 2196
f 2712 1340 472
f 472 1340 3588
f 472 1340 3590
f 472 1782 2564
f 3588 1782 472
f 472 2196 3590
f 472 2564 3606
f 3606 3590 472
f 1795 1103 473
f 473 1103 2483
f 474 1226 1229
f 474 1226 2240
f 474 1226 3129
f 474 1229 2474
f 474 1587 2428
f 2474 1587 474
f 3384 1587 474
f 474 3129 3384
f 475 985 3332
f 3333 985 475
f 3332 2116 475
f 475 2116 3339
f 3339 3333 475
f 2755 948 476
f 2755 1480 476
f 476 1791 2335
f 2755 1791 476
f 1752 1623 477
f 2983 1692 478
f 478 2546 2585
f 2983 2546 478
f 2957 2585 478
f 2981 2957 478
f 2983 2981 478
f 2533 1320 479
f 2087 1378 479
f 479 1378 2557
f 479 1378 3401
f 2533 2087 479
f 479 2533 3401
f 479 2557 3379
f 3379 3377 479
f 479 3377 3401
f 2014 1132 480
f 480 1132 2199
f 2037 1579 480
f 480 1579 2199
f 480 2014 2073
f 480 2014 2862
f 2073 2037 480
f 2862 2199 480
f 481 1442 2286
f 481 1442 3607
f 481 1493 1494
f 2286 1493 481
f 481 1494 1913
f 482 1022 1835
f 482 1835 1844
f 482 1844 2576
f 483 556 939
f 2495 556 483
f 2049 939 483
f 2913 939 483
f 2925 1585 483
f 2925 2049 483
f 2925 2913 483
f 2963 838 484
f 1300 901 484
f 484 901 2963
f 484 1098 2022
f 2022 1300 484
f 485 2295 3126
f 3129 2295 485
f 3130 2295 485
f 2628 2522 485
f 485 2522 2737
f 3126 2522 485
f 485 2522 3132
f 3126 2628 485
f 485 2737 3131
f 3131 3129 485
f 3132 3130 485
f 700 671 486
f 486 671 1777
f 486 671 3090
f 1255 700 486
f 1798 1255 486
f 486 3090 3099
f 487 707 949
f 1580 707 487
f 487 707 2261
f 487 949 2261
f 487 1157 1524
f 487 1157 1869
f 487 1157 1898
f 487 1524 1580
f 487 1869 1898
f 487 1898 2261
f 488 584 1291
f 3206 584 488
f 1291 1227 488
f 488 1227 1992
f 488 1227 2339
f 488 1344 1810
f 3206 1344 488
f 1992 1810 488
f 488 1810 3206
f 2339 1992 488
f 489 660 869
f 489 869 1741
f 489 2808 3460
f 3539 848 490
f 490 848 3553
f 2990 2143 490
f 490 2143 3539
f 3553 2990 490
f 491 526 1857
f 491 526 2072
f 2479 526 491
f 2072 1606 491
f 491 1606 2479
f 491 1857 2072
f 492 559 824
f 2050 559 492
f 492 795 2050
f 2506 795 492
f 492 824 2506
f 493 1217 3699
f 3700 1217 493
f 3699 2811 493
f 493 2811 3700
f 494 1440 2398
f 2854 1440 494
f 494 2398 3175
f 494 2849 3034
f 3175 2849 494
f 494 2853 2854
f 3034 2853 494
f 495 547 1400
f 2308 547 495
f 495 576 598
f 1203 576 495
f 495 598 2119
f 1400 1203 495
f 495 2119 2308
f 496 1633 2366
f 2366 2317 496
f 497 905 1292
f 2279 905 497
f 497 1114 1794
f 2486 1114 497
f 497 1292 2486
f 497 1794 2279
f 498 776 3171
f 498 1430 1802
f 1989 1430 498
f 498 1802 2028
f 3171 1989 498
f 499 1176 1309
f 499 1176 1662
f 499 1176 3577
f 1309 1301 499
f 499 1301 1662
f 3577 1662 499
f 500 1139 1548
f 2031 1139 500
f 500 1139 3045
f 2017 1252 500
f 1548 1425 500
f 500 1425 2017
f 3045 1548 500
f 2225 1381 501
f 501 2146 2392
f 3359 2225 501
f 501 2392 3359
f 502 2085 2690
f 2247 2159 502
f 2849 2247 502
f 502 2690 3173
f 3034 2849 502
f 502 2883 3173
f 3173 3034 502
f 503 701 2199
f 2803 701 503
f 2199 1658 503
f 503 1658 3600
f 503 2338 2800
f 3600 2338 503
f 503 2800 2803
f 1277 663 504
f 504 663 1742
f 504 1742 3026
f 1459 562 505
f 505 562 1696
f 505 752 1459
f 505 1696 2440
f 506 713 864
f 1987 713 506
f 506 736 3691
f 506 736 3692
f 506 864 3628
f 506 864 3692
f 3691 1654 506
f 506 1654 3692
f 506 3628 3692
f 507 870 877
f 507 870 2074
f 507 870 2304
f 2304 877 507
f 2074 1719 507
f 508 1009 1624
f 1522 1117 508
f 1624 1522 508
f 509 1153 1273
f 2167 1153 509
f 509 1273 2322
f 2322 2167 509
f 510 1294 1903
f 3678 1294 510
f 510 1334 3678
f 511 639 973
f 2710 639 511
f 511 973 1486
f 511 1486 1693
f 511 1693 2710
f 512 734 1036
f 512 734 1689
f 1689 1036 512
f 512 1036 2155
f 512 1036 3151
f 512 2155 3151
f 513 636 1035
f 1304 636 513
f 513 1035 2665
f 2134 1304 513
f 2665 2134 513
f 514 1196 2539
f 515 1074 1253
f 515 1074 2272
f 515 1074 2964
f 2095 1253 515
f 2964 1253 515
f 2272 2095 515
f 1670 572 516
f 3524 1670 516
f 516 1924 3524
f 2135 752 517
f 1230 1166 517
f 517 1166 2135
f 518 784 1962
f 3179 784 518
f 518 1005 1393
f 518 1005 1669
f 518 1005 3177
f 3177 1553 518
f 518 1553 3179
f 518 1669 3177
f 519 1242 2217
f 3140 1242 519
f 3139 2217 519
f 3140 2217 519
f 519 2496 2756
f 519 2496 3140
f 519 2756 3136
f 519 3136 3139
f 520 548 624
f 1645 548 520
f 520 624 1395
f 1395 1162 520
f 520 1162 1645
f 521 582 976
f 1707 928 521
f 521 976 1707
f 522 1151 1556
f 1641 1151 522
f 522 1556 1785
f 1999 1641 522
f 522 1785 3228
f 3228 1999 522
f 1920 680 523
f 523 680 2026
f 523 1491 1709
f 1920 1491 523
f 2026 1661 523
f 523 1661 3182
f 523 1920 3093
f 523 3093 3182
f 1350 1163 524
f 524 1163 1997
f 524 1997 3582
f 2245 1599 525
f 525 1599 3438
f 525 1812 1932
f 3438 1812 525
f 525 1932 2245
f 525 1932 3438
f 1852 733 526
f 526 733 1857
f 2349 1852 526
f 526 1857 2072
f 526 1857 3187
f 2479 2349 526
f 3187 2479 526
f 527 722 810
f 2954 810 527
f 528 898 2640
f 1918 1041 528
f 2640 1918 528
f 529 965 2232
f 2507 965 529
f 529 1160 1485
f 2131 1160 529
f 529 1485 2399
f 2232 2131 529
f 529 2131 2399
f 529 2399 2507
f 530 999 1841
f 1862 999 530
f 530 1443 1841
f 530 1443 1862
f 530 1443 2204
f 2204 1841 530
f 530 1841 2700
f 2700 1862 530
f 1406 617 531
f 531 617 2377
f 1414 1406 531
f 2377 1622 531
f 532 751 911
f 2259 751 532
f 532 911 2490
f 534 1402 1452
f 1478 1402 534
f 534 1402 3344
f 534 1452 2592
f 3348 1478 534
f 2592 2552 534
f 534 2552 3348
f 534 2552 3357
f 534 3344 3348
f 3357 3348 534
f 535 1069 2211
f 2211 1797 535
f 535 1797 3539
f 1608 1019 536
f 536 1019 2374
f 536 1019 3428
f 536 1059 1900
f 1952 1059 536
f 3428 1059 536
f 1900 1608 536
f 2374 1952 536
f 537 574 1465
f 2616 1067 537
f 537 1067 2725
f 537 1465 2616
f 2725 2643 537
f 2637 1016 538
f 2272 1610 538
f 2545 1610 538
f 2961 1610 538
f 2637 2272 538
f 538 2637 2961
f 1690 558 539
f 539 558 1937
f 539 558 3317
f 539 882 1690
f 2658 882 539
f 539 882 3367
f 1508 1174 539
f 539 1174 2658
f 539 1174 3367
f 1937 1508 539
f 539 1508 3317
f 539 1690 3367
f 539 3317 3367
f 540 886 1375
f 2527 886 540
f 2351 1375 540
f 540 1375 3631
f 540 1817 1917
f 540 1817 2626
f 3631 1817 540
f 540 1917 2351
f 2626 2527 540
f 3484 919 541
f 541 919 3637
f 541 919 3685
f 2280 1367 541
f 541 1367 3484
f 3637 2280 541
f 3682 2280 541
f 3685 3682 541
f 542 844 1487
f 2418 844 542
f 542 844 3320
f 1487 1231 542
f 542 1231 1546
f 3320 1231 542
f 542 1546 3321
f 3321 2418 542
f 3253 659 543
f 2105 968 543
f 543 968 2475
f 543 968 3268
f 2475 2039 543
f 2394 2281 543
f 544 1323 2254
f 1419 1359 544
f 2254 1419 544
f 544 1419 3157
f 2133 1018 545
f 545 1018 3582
f 3656 2133 545
f 545 3582 3661
f 3661 3656 545
f 546 599 796
f 987 599 546
f 546 796 2497
f 2497 987 546
f 547 1345 2228
f 2832 1345 547
f 2228 1400 547
f 547 2308 2832
f 548 624 1395
f 548 624 2239
f 548 1395 1645
f 548 2239 3471
f 549 637 774
f 2838 748 549
f 549 774 2084
f 549 2084 2838
f 2032 1863 550
f 550 1863 2516
f 550 2032 2188
f 2390 2032 550
f 2284 2188 550
f 550 2188 2390
f 550 2188 3330
f 3353 2188 550
f 2516 2284 550
f 550 2516 3353
f 1206 1173 551
f 2258 1206 551
f 2588 2258 551
f 551 2588 3249
f 2458 955 552
f 552 955 2889
f 552 1681 2458
f 1791 1011 553
f 553 1011 3237
f 1954 1513 553
f 3237 1513 553
f 3242 1513 553
f 1682 1603 553
f 553 1603 1954
f 553 1603 3242
f 1791 1682 553
f 554 927 1679
f 2309 927 554
f 2432 1438 554
f 554 1438 2825
f 554 1679 2130
f 554 1679 2670
f 554 2130 2432
f 2825 2309 554
f 554 2670 2825
f 674 606 555
f 1547 606 555
f 555 606 3296
f 2093 674 555
f 1547 957 555
f 555 957 2093
f 555 957 3296
f 555 1547 3296
f 555 2093 3296
f 556 843 2124
f 2566 843 556
f 2566 939 556
f 2495 2124 556
f 556 2124 2566
f 3171 887 557
f 557 1989 3171
f 3176 1989 557
f 558 1690 2328
f 2015 1937 558
f 558 1937 3317
f 2072 824 559
f 559 1606 2072
f 559 1606 3180
f 2456 1168 560
f 560 1168 2602
f 560 1337 1728
f 560 1337 2372
f 560 1337 2757
f 2602 1728 560
f 2757 1728 560
f 560 2372 2456
f 3389 2372 560
f 560 2602 3128
f 560 3128 3389
f 1726 909 561
f 2370 1726 561
f 2620 2370 561
f 1627 1246 562
f 562 1246 2065
f 562 1459 1627
f 2065 1696 562
f 1945 986 563
f 563 986 2037
f 563 1598 1911
f 2073 1598 563
f 563 1911 1945
f 563 1911 2073
f 563 1911 2858
f 563 2037 2073
f 2862 2073 563
f 563 2858 2862
f 2071 697 564
f 564 697 3189
f 564 2063 2071
f 3188 2063 564
f 3189 3188 564
f 565 830 2549
f 565 830 3590
f 565 1790 1875
f 2549 1790 565
f 1043 719 566
f 566 719 1758
f 566 719 2722
f 566 863 1811
f 2421 863 566
f 566 1043 2421
f 566 1043 2503
f 1811 1758 566
f 2503 1758 566
f 567 837 1901
f 567 837 2225
f 2529 837 567
f 567 1901 2225
f 567 2001 2529
f 3359 2001 567
f 567 2225 3359
f 1535 586 568
f 568 1441 2201
f 2201 1535 568
f 1808 810 570
f 1505 575 571
f 571 575 1784
f 2430 575 571
f 571 2430 2455
f 572 875 2511
f 572 875 2528
f 572 1370 1670
f 572 1370 1972
f 572 1370 3523
f 3523 1670 572
f 572 1972 2528
f 572 2511 2528
f 1188 1054 573
f 1626 1054 573
f 573 1054 2726
f 573 1100 1188
f 2238 1100 573
f 3038 1626 573
f 3038 2238 573
f 573 2726 3044
f 3044 3038 573
f 574 1372 2609
f 2362 1465 574
f 2609 2362 574
f 575 1505 2410
f 575 1734 1784
f 2410 1734 575
f 2892 1734 575
f 575 2430 2892
f 1622 598 576
f 853 787 576
f 576 787 1622
f 1657 1030 577
f 2277 1657 577
f 577 2040 2277
f 578 671 700
f 1317 671 578
f 578 700 1385
f 1147 757 578
f 578 757 1698
f 1938 1147 578
f 1698 1317 578
f 578 1385 1938
f 579 981 1808
f 1837 981 579
f 579 1000 1789
f 579 1000 1973
f 579 1000 2257
f 579 1597 1789
f 1902 1597 579
f 1837 1789 579
f 579 1789 2257
f 579 1808 1837
f 2257 1808 579
f 1973 1902 579
f 580 1165 1717
f 1922 1565 580
f 2860 1565 580
f 580 1565 2917
f 580 1717 1922
f 2917 2826 580
f 2917 2860 580
f 581 1179 1250
f 2092 976 582
f 582 976 2968
f 582 1757 2648
f 2968 1757 582
f 2648 2092 582
f 1624 1009 583
f 2311 1624 583
f 2456 2311 583
f 2540 2456 583
f 584 761 1507
f 3206 761 584
f 2850 1291 584
f 584 1507 3281
f 3281 2850 584
f 1930 595 585
f 585 937 1930
f 1535 715 586
f 586 715 1880
f 1880 1523 586
f 1588 662 587
f 1314 1138 587
f 587 1138 3355
f 587 1314 1588
f 3362 1588 587
f 587 3355 3362
f 656 602 588
f 588 602 3311
f 747 656 588
f 1193 747 588
f 1468 1193 588
f 589 653 1894
f 2036 653 589
f 589 661 3646
f 589 1894 2036
f 589 1894 2784
f 3646 2036 589
f 590 1390 1422
f 2575 1390 590
f 590 1422 3561
f 3560 2575 590
f 3561 3560 590
f 1420 874 591
f 591 874 1455
f 591 1420 3672
f 591 1455 1613
f 591 1613 2444
f 1731 889 592
f 592 889 2598
f 2090 1731 592
f 2885 2090 592
f 592 2170 2885
f 593 989 1856
f 2300 989 593
f 593 1856 2176
f 2360 1893 593
f 593 1893 2462
f 593 1893 3533
f 593 2176 2360
f 2462 2300 593
f 2998 2300 593
f 3533 2998 593
f 1211 1094 594
f 2190 1156 594
f 2189 1601 594
f 594 1601 2190
f 594 1601 2934
f 594 2189 2934
f 595 1128 2250
f 595 1930 2250
f 595 2250 3437
f 2153 1330 596
f 596 1330 3638
f 596 1795 2122
f 2562 1795 596
f 596 2122 2153
f 3638 2562 596
f 597 1144 2070
f 597 2070 2435
f 598 1622 2119
f 599 796 944
f 599 2265 2922
f 1952 1154 600
f 600 1154 3421
f 600 1710 2107
f 3421 3406 600
f 1205 841 601
f 601 841 1995
f 1354 1205 601
f 1995 1354 601
f 601 1995 3681
f 602 656 781
f 3491 3311 602
f 1894 1155 603
f 2280 1155 603
f 2502 1894 603
f 2280 2179 603
f 603 2179 2502
f 3682 2179 603
f 603 2280 3682
f 2223 860 604
f 604 860 2344
f 940 936 604
f 604 936 1569
f 2223 940 604
f 604 1569 2344
f 604 2223 3082
f 3082 2344 604
f 1001 751 605
f 605 751 2164
f 1780 1001 605
f 2363 1780 605
f 605 2056 2094
f 2363 2056 605
f 605 2164 3120
f 605 2363 3087
f 3142 2363 605
f 605 3120 3142
f 2758 669 606
f 3255 669 606
f 606 2758 3255
f 3276 2758 606
f 606 3254 3276
f 3296 3254 606
f 606 3255 3296
f 1827 1451 607
f 1827 1469 607
f 607 1469 2594
f 607 1545 2389
f 607 1545 2433
f 2594 1545 607
f 1947 1827 607
f 607 1947 2541
f 607 2389 2541
f 607 2433 2541
f 1689 1036 608
f 608 1036 2452
f 2635 1689 608
f 608 2452 2509
f 608 2509 2635
f 609 878 1167
f 1526 878 609
f 609 878 3059
f 609 1245 1680
f 1680 1526 609
f 3055 1680 609
f 609 2955 3055
f 3059 2955 609
f 1787 691 610
f 610 691 1866
f 610 691 2352
f 610 736 1787
f 610 1197 1521
f 1571 1197 610
f 610 1521 1571
f 610 1571 3621
f 3625 1571 610
f 610 2352 3625
f 1826 862 611
f 611 862 2759
f 1966 1312 612
f 2120 1966 612
f 2612 2120 612
f 612 2120 3614
f 3614 2612 612
f 613 756 765
f 1906 756 613
f 1805 683 614
f 614 1773 1805
f 1873 1773 614
f 615 675 2649
f 3240 675 615
f 2649 990 615
f 615 990 3239
f 615 1498 3240
f 3239 2589 615
f 615 2589 3296
f 1828 1461 616
f 616 1461 2461
f 2608 1828 616
f 2461 1887 616
f 616 1929 2608
f 617 1406 2386
f 617 2336 2377
f 2386 2336 617
f 618 1296 1967
f 1976 1296 618
f 1967 1405 618
f 618 1405 2133
f 3656 1976 618
f 618 2133 3656
f 619 659 693
f 2451 659 619
f 619 659 3267
f 619 693 3267
f 3267 865 619
f 619 923 2451
f 2283 882 620
f 620 882 2658
f 620 882 3367
f 1738 1433 620
f 620 1433 2283
f 3367 1433 620
f 2658 1738 620
f 621 753 1803
f 3356 753 621
f 621 1803 2505
f 2552 2051 621
f 621 2051 3356
f 621 2505 2552
f 622 1233 1305
f 2231 1233 622
f 622 1305 2231
f 622 1305 3003
f 622 2231 2995
f 3539 2231 622
f 623 743 1081
f 2471 743 623
f 623 1081 2507
f 623 2176 2471
f 2507 2176 623
f 624 891 988
f 1170 891 624
f 624 988 2239
f 1395 1170 624
f 624 1170 3106
f 624 1395 3106
f 624 2239 3106
f 625 893 1608
f 2177 893 625
f 625 1608 3404
f 3404 2177 625
f 810 722 626
f 626 722 1404
f 981 810 626
f 1299 725 627
f 627 725 1749
f 627 725 1908
f 627 999 1299
f 627 999 1862
f 627 999 1908
f 627 1749 1908
f 627 1862 1908
f 628 816 1545
f 1676 816 628
f 628 1444 1676
f 2365 1444 628
f 628 1545 2365
f 1753 1651 629
f 629 1651 2536
f 2107 1753 629
f 2149 2107 629
f 2536 2149 629
f 630 809 841
f 630 809 3681
f 630 841 1995
f 630 1084 1833
f 630 1084 2324
f 630 1084 2807
f 1995 1833 630
f 3681 1833 630
f 631 638 2397
f 3258 638 631
f 2397 1432 631
f 632 797 1548
f 633 913 1580
f 1892 913 633
f 1580 1023 633
f 633 1023 1892
f 634 1253 2095
f 2510 1253 634
f 634 1867 2525
f 2525 2510 634
f 635 956 1763
f 2204 956 635
f 635 1443 2204
f 635 2204 2822
f 635 2822 2824
f 636 1304 1821
f 636 1821 2391
f 2391 2341 636
f 1228 774 637
f 637 1199 1228
f 638 808 2055
f 2588 808 638
f 638 808 3204
f 3204 1347 638
f 638 1347 3258
f 1568 1432 638
f 638 1432 2397
f 2055 1568 638
f 3304 2055 638
f 638 3204 3304
f 3305 3204 638
f 638 3258 3305
f 1573 973 639
f 2430 1573 639
f 639 2710 2940
f 1824 1119 640
f 640 1119 3499
f 1824 1364 640
f 2319 1364 640
f 2463 1364 640
f 640 1615 2463
f 640 1824 2319
f 3499 2200 640
f 943 673 641
f 641 673 1804
f 1107 943 641
f 641 1284 2333
f 2519 1284 641
f 642 1559 1593
f 2632 1559 642
f 1604 1002 643
f 643 1002 2419
f 643 1002 3088
f 2419 1051 643
f 3088 1051 643
f 2083 651 644
f 644 1818 2018
f 2209 1818 644
f 644 2018 2083
f 2021 1122 645
f 645 1122 3080
f 2736 1702 645
f 3080 2736 645
f 646 682 1801
f 2709 682 646
f 2943 1004 646
f 646 1801 2933
f 2943 2709 646
f 646 2933 2943
f 2403 866 647
f 647 1220 2403
f 2501 1220 647
f 647 2403 2501
f 648 795 1649
f 2050 795 648
f 1649 1562 648
f 648 1562 2050
f 649 771 1338
f 2057 771 649
f 650 965 2507
f 3570 965 650
f 2507 1081 650
f 650 1081 3560
f 650 1346 3569
f 650 2507 3560
f 650 3569 3570
f 1177 993 652
f 652 993 1454
f 1515 1177 652
f 652 1454 1776
f 1776 1515 652
f 2036 1894 653
f 2198 721 654
f 654 721 2645
f 654 721 3317
f 654 1508 1937
f 2645 1508 654
f 654 1937 2198
f 3317 1937 654
f 655 820 1684
f 2126 820 655
f 3352 820 655
f 655 1684 1957
f 655 1957 2126
f 655 1957 3352
f 656 747 781
f 657 1378 2474
f 2679 1378 657
f 657 2474 3248
f 657 2679 3253
f 3253 3248 657
f 2233 1247 658
f 658 1247 2927
f 2929 2233 658
f 658 2906 2920
f 2926 2906 658
f 658 2920 2929
f 2927 2926 658
f 659 693 3251
f 659 693 3267
f 3251 1347 659
f 2451 2394 659
f 3253 3251 659
f 659 3251 3267
f 660 869 1848
f 660 869 3492
f 660 1848 3492
f 660 3491 3492
f 2098 1561 661
f 661 1561 3646
f 2244 2098 661
f 1351 1248 662
f 1588 1351 662
f 663 1277 2219
f 663 2219 2662
f 664 668 1215
f 2327 668 664
f 1215 1021 664
f 664 1021 1938
f 664 1938 2638
f 2638 2327 664
f 665 1113 3602
f 665 1542 2612
f 3602 3579 665
f 2249 1345 666
f 666 1345 2832
f 666 1345 2928
f 667 1836 2563
f 668 1215 3064
f 2327 2246 668
f 2758 839 669
f 670 677 741
f 670 677 3618
f 2355 704 670
f 670 704 3618
f 670 741 1764
f 670 1764 2355
f 671 1317 1398
f 671 1398 1777
f 672 790 1820
f 2407 790 672
f 1820 1206 672
f 672 1206 2407
f 673 943 1315
f 673 1315 1798
f 673 1798 3104
f 3104 1804 673
f 791 681 674
f 3676 681 674
f 957 791 674
f 674 791 3676
f 2093 957 674
f 674 2668 3263
f 3310 2668 674
f 674 3256 3263
f 3298 3256 674
f 3263 3257 674
f 674 3257 3298
f 674 3263 3310
f 674 3265 3310
f 675 1100 2238
f 675 1100 2649
f 2726 1100 675
f 3240 1577 675
f 675 2238 2726
f 676 964 1192
f 676 964 1539
f 676 964 2414
f 676 1192 2414
f 676 1539 1603
f 676 1603 1682
f 676 1682 2335
f 676 2414 3246
f 677 741 1926
f 677 741 3587
f 678 1754 1991
f 2536 1754 678
f 678 1991 2149
f 678 2149 2536
f 2108 994 679
f 679 1582 2108
f 1920 1277 680
f 681 791 2763
f 3284 962 681
f 681 2763 3284
f 682 1258 2235
f 2948 1258 682
f 1876 1801 682
f 2948 1876 682
f 682 2235 2567
f 2709 2567 682
f 2948 2567 682
f 682 2709 2948
f 684 946 1178
f 2101 946 684
f 1178 1095 684
f 3326 2101 684
f 2693 871 685
f 2611 1681 685
f 2693 1681 685
f 686 946 1416
f 1928 946 686
f 686 1060 1232
f 1928 1060 686
f 1550 1232 686
f 3674 1232 686
f 686 1416 1550
f 686 1928 3674
f 1091 750 687
f 687 750 1737
f 687 907 1091
f 687 907 1296
f 3690 907 687
f 1296 1091 687
f 687 1737 3690
f 1020 872 688
f 688 872 1557
f 688 872 2392
f 2141 1020 688
f 688 1038 1403
f 688 1038 1557
f 688 1038 2141
f 688 1403 1557
f 2392 1557 688
f 2156 1435 689
f 689 1435 2221
f 689 1823 2156
f 1358 897 690
f 1961 1358 690
f 3033 1961 690
f 691 1276 1817
f 1840 1276 691
f 691 1787 2811
f 2626 1817 691
f 3628 1817 691
f 2811 1840 691
f 691 1866 2352
f 691 1866 2626
f 691 2626 3624
f 691 3624 3628
f 1549 970 692
f 2426 926 693
f 693 926 3271
f 3251 2426 693
f 693 3251 3267
f 3271 3267 693
f 694 899 2327
f 694 1072 1107
f 2111 1072 694
f 694 1234 2111
f 2327 1234 694
f 1341 811 695
f 695 846 1244
f 1341 846 695
f 695 1244 3013
f 3013 1341 695
f 1269 1249 696
f 696 1249 2439
f 697 842 929
f 2466 842 697
f 697 929 3189
f 3214 929 697
f 697 2071 2466
f 697 2466 3214
f 2316 1008 698
f 698 2027 2316
f 2531 2027 698
f 1290 1145 699
f 2279 1290 699
f 700 1255 2205
f 2205 1385 700
f 701 1131 2699
f 2803 1131 701
f 2699 2199 701
f 702 1181 2403
f 2457 1186 702
f 702 2315 2457
f 702 2315 3162
f 702 2315 3170
f 702 2403 3170
f 702 2457 3166
f 702 3162 3170
f 1729 1362 703
f 703 1362 2206
f 3543 1729 703
f 703 2206 2997
f 703 2997 3543
f 703 2998 3543
f 705 811 1341
f 705 811 1407
f 705 811 1629
f 705 1221 1407
f 2034 1221 705
f 705 1341 2034
f 1629 1407 705
f 706 887 1860
f 706 1860 2615
f 706 2615 3036
f 706 3036 3040
f 1263 949 707
f 707 949 2261
f 1580 1263 707
f 708 1354 1995
f 2393 1354 708
f 1995 1833 708
f 708 1833 2601
f 708 1995 3681
f 3694 2393 708
f 708 2601 2695
f 708 2695 3694
f 709 950 2058
f 709 950 2405
f 2704 950 709
f 709 995 2234
f 2960 995 709
f 709 2058 2960
f 709 2234 2704
f 710 1444 1637
f 1676 1444 710
f 710 1444 2548
f 710 1637 2548
f 2548 1976 710
f 710 1976 3661
f 711 1678 2769
f 1394 1025 712
f 712 1025 1589
f 2947 1394 712
f 1589 1527 712
f 2567 1527 712
f 2894 1527 712
f 712 2567 2707
f 712 2567 2709
f 712 2707 2715
f 712 2709 2947
f 712 2715 2894
f 1756 864 713
f 1987 1756 713
f 714 785 804
f 714 785 1459
f 714 785 2187
f 1459 804 714
f 1627 804 714
f 1818 1627 714
f 3634 1818 714
f 714 2187 3634
f 715 1534 1653
f 715 1653 2915
f 2915 1880 715
f 1698 757 716
f 716 757 2102
f 716 1317 1698
f 2621 1317 716
f 716 2490 2621
f 2220 1644 718
f 718 1644 2381
f 718 1644 3200
f 1910 1739 718
f 2298 1910 718
f 2381 2298 718
f 1221 1129 719
f 2460 1221 719
f 2973 1221 719
f 2460 1758 719
f 719 2460 2503
f 2973 2722 719
f 2442 1746 720
f 2623 2423 720
f 720 2623 2962
f 2962 2941 720
f 721 1308 2645
f 2622 2180 721
f 721 2198 2622
f 721 2622 3317
f 2501 1181 723
f 723 1612 2537
f 3153 1612 723
f 3159 2501 723
f 723 2537 3159
f 724 736 1787
f 3691 736 724
f 1217 1198 724
f 724 1198 3691
f 1787 1217 724
f 725 1299 1460
f 725 1460 1749
f 725 1460 2923
f 725 1749 1908
f 2923 1749 725
f 849 727 726
f 726 727 969
f 726 727 2013
f 726 849 1214
f 726 849 1605
f 726 969 2013
f 726 1214 1605
f 726 1466 1605
f 1711 1466 726
f 726 1474 1711
f 2013 1474 726
f 727 849 1745
f 1745 969 727
f 727 969 2013
f 2121 1720 728
f 728 1720 2153
f 729 749 1391
f 729 1080 1283
f 1851 1080 729
f 729 1080 3166
f 730 1466 1711
f 2612 1466 730
f 730 2083 2120
f 730 2120 2612
f 731 1313 1859
f 731 1859 1965
f 731 1965 1993
f 731 1993 3321
f 731 3321 3323
f 1813 1240 732
f 732 1240 2023
f 732 2023 2458
f 732 2458 2611
f 3154 1857 733
f 1689 1036 734
f 3033 2734 734
f 735 755 1332
f 2644 755 735
f 1332 1097 735
f 735 1097 1428
f 2644 1806 735
f 736 1198 1654
f 2811 1198 736
f 736 1654 3692
f 736 1787 2811
f 737 1096 1196
f 1939 1096 737
f 2901 1096 737
f 737 1196 1258
f 737 1258 2555
f 737 1258 2901
f 2555 1939 737
f 738 1702 2480
f 739 763 3153
f 3157 763 739
f 739 851 1620
f 739 851 2186
f 739 851 3156
f 739 1620 3156
f 3153 2186 739
f 739 2186 3157
f 739 3153 3156
f 739 3156 3157
f 740 1185 1390
f 1461 1185 740
f 1680 1245 740
f 740 1245 2605
f 740 1245 3471
f 740 1390 1680
f 740 1390 2605
f 2605 1461 740
f 3471 2605 740
f 741 1471 1764
f 741 1471 1905
f 741 1471 3587
f 741 1905 1926
f 742 1401 2543
f 2608 1401 742
f 742 1664 1828
f 3561 1664 742
f 742 1828 2608
f 742 1828 3561
f 742 3560 3561
f 2471 1081 743
f 744 1007 3609
f 2310 1250 744
f 744 2310 3619
f 3619 3609 744
f 745 2275 2537
f 746 765 2070
f 746 1144 2006
f 2070 1144 746
f 1659 781 747
f 1933 1659 747
f 2115 1933 747
f 748 1646 2838
f 2465 1391 749
f 749 1578 2081
f 749 2081 2465
f 749 2465 3166
f 750 1091 2548
f 750 1437 2332
f 2548 1437 750
f 2332 1737 750
f 751 850 2164
f 2259 850 751
f 751 850 3092
f 1001 911 751
f 3092 2164 751
f 2150 1459 752
f 752 2135 2150
f 753 1313 1803
f 2459 1313 753
f 753 1803 3352
f 3356 2459 753
f 1966 1312 754
f 754 1312 2053
f 754 1630 1643
f 2110 1630 754
f 754 1643 1966
f 1943 1560 755
f 2644 1943 755
f 756 765 1141
f 756 765 3507
f 756 765 3509
f 3509 1906 756
f 3507 2787 756
f 1147 940 757
f 757 940 2223
f 757 2102 2223
f 3082 2102 757
f 3082 2223 757
f 757 3081 3082
f 2109 923 758
f 2109 1088 758
f 758 1088 3272
f 758 1421 2212
f 758 2109 3272
f 758 2212 3272
f 1778 1122 759
f 759 1122 2021
f 1382 1209 759
f 759 1209 2160
f 2021 1382 759
f 2160 1778 759
f 760 808 960
f 2588 808 760
f 760 960 2634
f 760 2258 2588
f 2634 2258 760
f 2761 2294 761
f 3206 2761 761
f 2371 2053 762
f 2797 2053 762
f 762 2089 2654
f 762 2099 2371
f 762 2099 2797
f 3576 2371 762
f 762 2797 3576
f 1793 992 763
f 3157 992 763
f 763 992 3158
f 763 1612 3153
f 3156 1612 763
f 3156 1793 763
f 3157 3156 763
f 3158 3157 763
f 1687 1257 764
f 765 3507 3509
f 1900 1059 766
f 766 1059 2535
f 2535 1900 766
f 2243 1212 767
f 767 1212 3165
f 767 1365 2243
f 3174 1365 767
f 3165 2315 767
f 767 2315 3174
f 768 1071 1782
f 1926 1071 768
f 768 1200 1271
f 1926 1200 768
f 768 1271 1926
f 768 1271 2564
f 2564 1782 768
f 768 1782 3589
f 3587 1926 768
f 3589 3587 768
f 769 1715 2159
f 3030 1715 769
f 769 1718 3185
f 3194 1718 769
f 769 2159 3194
f 3185 3030 769
f 1936 833 770
f 770 833 2652
f 2342 1338 771
f 2057 2029 771
f 3471 2367 772
f 773 864 1921
f 3628 864 773
f 3692 864 773
f 3692 3628 773
f 774 1228 2084
f 776 1489 3171
f 777 1572 2164
f 3148 1572 777
f 777 2031 3148
f 777 2164 3039
f 3124 2443 777
f 777 3039 3124
f 1335 1023 778
f 778 1023 1892
f 779 959 2305
f 779 959 2411
f 779 959 3292
f 2305 1528 779
f 779 1528 3283
f 3290 2305 779
f 3292 2305 779
f 1063 787 780
f 780 787 1975
f 2253 1063 780
f 780 1975 2253
f 1659 909 781
f 781 909 1726
f 1726 1635 781
f 781 1635 3500
f 3500 3490 781
f 1387 1070 782
f 782 1070 1540
f 782 1070 1763
f 782 1387 1763
f 782 1387 2706
f 782 1387 2924
f 782 1540 1763
f 782 1763 2924
f 782 2706 2924
f 1357 859 783
f 783 1357 2271
f 3686 1357 783
f 783 1723 3686
f 3179 1962 784
f 1459 804 785
f 2150 1008 785
f 785 1008 3636
f 785 1459 2150
f 3636 2187 785
f 1990 976 786
f 786 976 2092
f 2968 976 786
f 786 1274 1434
f 2092 1274 786
f 786 1274 2968
f 786 1434 1990
f 787 853 1975
f 2747 1975 787
f 2835 2747 787
f 788 2114 2331
f 2600 2114 788
f 789 1371 1950
f 1789 1597 789
f 789 1597 2359
f 1950 1789 789
f 790 1820 2282
f 790 1820 2407
f 790 1820 3275
f 2282 2066 790
f 790 2066 2407
f 3275 2407 790
f 791 957 2589
f 791 2589 3274
f 3274 2763 791
f 791 2763 3677
f 3677 3676 791
f 1862 823 792
f 792 823 2569
f 792 999 1862
f 1908 999 792
f 2569 1908 792
f 793 1012 1352
f 793 1352 2313
f 793 1352 2385
f 793 1352 3155
f 3155 2297 793
f 793 2297 3241
f 793 2313 2385
f 2453 2385 793
f 3241 2453 793
f 793 2653 3241
f 2075 1418 794
f 794 1712 1934
f 794 1712 3048
f 794 1834 1934
f 794 1834 2075
f 3048 1934 794
f 2506 1348 795
f 795 1348 2573
f 2573 1649 795
f 2062 944 796
f 3696 1544 796
f 2497 2062 796
f 796 2497 3696
f 797 1027 2427
f 797 1425 1548
f 2427 1425 797
f 798 878 1042
f 798 1042 2575
f 2575 2471 798
f 799 942 1013
f 799 942 1495
f 799 942 2712
f 799 942 3583
f 799 942 3590
f 799 1013 3583
f 799 1495 2712
f 799 1675 2564
f 799 1675 3583
f 799 1675 3590
f 800 1281 1341
f 2736 1281 800
f 2034 1341 800
f 800 1341 2736
f 2735 1634 800
f 3080 2034 800
f 3080 2735 800
f 800 2736 3080
f 1463 1002 801
f 801 1002 2581
f 3086 1002 801
f 1888 1463 801
f 2581 1607 801
f 801 1607 2617
f 2617 1888 801
f 801 1888 3086
f 802 1035 1326
f 2665 1035 802
f 802 1326 1599
f 802 1599 2245
f 802 2245 2665
f 1489 902 803
f 803 902 3274
f 803 1121 3239
f 3274 1121 803
f 803 1489 1860
f 803 1489 2615
f 3210 1489 803
f 803 1860 2615
f 3036 2615 803
f 3239 3036 803
f 3239 3210 803
f 1627 1459 804
f 2477 2057 805
f 805 2057 3371
f 805 2230 2477
f 806 2069 2358
f 2580 2069 806
f 806 2318 2358
f 806 2318 2580
f 806 2318 2985
f 2985 2358 806
f 807 847 961
f 1033 886 807
f 807 886 2625
f 807 961 1033
f 1567 960 808
f 1567 1436 808
f 808 1436 3204
f 808 1567 3249
f 808 1567 3300
f 3249 2588 808
f 3300 2588 808
f 809 841 2203
f 809 841 2483
f 809 841 3681
f 2203 1948 809
f 809 1948 2406
f 809 1948 2538
f 2483 2203 809
f 2538 2406 809
f 810 981 1808
f 2954 981 810
f 1629 1407 811
f 812 1364 1615
f 2658 1364 812
f 812 1615 1701
f 812 1701 1738
f 812 1701 2554
f 2554 1738 812
f 812 1738 2658
f 1265 1073 813
f 813 1073 2263
f 3334 1265 813
f 2019 2007 813
f 813 2007 3335
f 2263 2019 813
f 813 2019 3347
f 3331 2263 813
f 3332 3331 813
f 3347 3332 813
f 3335 3334 813
f 1299 999 814
f 2233 999 814
f 814 999 2700
f 814 1247 1686
f 2700 1247 814
f 1686 1299 814
f 814 1686 2233
f 1614 916 815
f 815 916 2140
f 815 1614 1891
f 815 1614 2379
f 2140 1616 815
f 815 1616 2379
f 815 1891 2379
f 816 1087 1369
f 816 1369 2433
f 2433 1545 816
f 816 1676 2347
f 1504 837 817
f 817 837 2445
f 817 837 2529
f 817 869 1848
f 2445 869 817
f 1848 1504 817
f 2529 2445 817
f 818 1149 1880
f 2930 1149 818
f 818 1413 2113
f 2915 1413 818
f 818 1880 2915
f 818 2113 2930
f 1632 828 819
f 2583 1632 819
f 1953 1558 820
f 820 1558 2185
f 2185 1684 820
f 2408 1953 820
f 820 2126 2408
f 3352 2408 820
f 821 1045 1415
f 821 1045 3040
f 821 1415 2213
f 3185 1718 821
f 821 2213 3185
f 822 1053 1262
f 822 1053 1442
f 2630 1053 822
f 822 1262 1492
f 1442 1310 822
f 822 1310 2630
f 1492 1442 822
f 823 1456 2569
f 823 1456 2923
f 823 1460 2923
f 823 1749 1908
f 2923 1749 823
f 1908 1862 823
f 823 1862 2556
f 824 1348 2506
f 2072 1857 824
f 824 1857 3154
f 825 1070 1387
f 825 1070 1883
f 825 1070 2816
f 825 1070 2819
f 825 1387 2041
f 2041 1883 825
f 825 1883 2819
f 825 2816 2819
f 826 1109 2008
f 2740 1109 826
f 2008 1520 826
f 826 1520 2740
f 826 1520 3071
f 3071 2740 826
f 827 1202 1360
f 827 1202 2217
f 827 1360 1602
f 2217 1360 827
f 828 856 2222
f 828 856 3015
f 828 1632 1845
f 828 1792 1981
f 2222 1792 828
f 828 1845 1981
f 3015 1981 828
f 829 984 1273
f 1475 984 829
f 829 1273 1586
f 2303 1475 829
f 829 1912 2303
f 829 1912 3190
f 830 2196 3590
f 831 1082 1972
f 2096 1478 832
f 832 1691 2019
f 832 1691 2096
f 832 1691 3346
f 832 2019 2263
f 3348 3345 832
f 832 3346 3348
f 1936 932 833
f 833 2369 2652
f 834 991 1847
f 2283 991 834
f 1847 1531 834
f 834 1531 2348
f 834 2241 2283
f 2348 2241 834
f 836 1132 2014
f 3652 1132 836
f 836 1869 1898
f 2237 1869 836
f 2989 1898 836
f 836 1898 3651
f 836 2014 2237
f 3651 2989 836
f 836 3008 3651
f 3653 3008 836
f 836 3651 3652
f 836 3652 3653
f 3316 1504 837
f 3493 1504 837
f 837 1901 2225
f 837 1901 3316
f 2529 2445 837
f 837 3316 3493
f 2189 1725 838
f 2963 1725 838
f 2934 2189 838
f 1652 1436 839
f 839 1436 2229
f 3255 1436 839
f 2758 1652 839
f 839 2229 3255
f 840 1684 2185
f 840 2185 2329
f 841 1205 2483
f 841 1995 3681
f 2483 2203 841
f 842 929 3288
f 842 2466 3211
f 842 2596 3211
f 2124 1387 843
f 843 1387 2566
f 2566 2124 843
f 844 1175 2418
f 844 1175 3289
f 3320 1487 844
f 844 2418 3320
f 844 3289 3320
f 845 888 2054
f 2416 888 845
f 845 2054 2268
f 845 2054 2478
f 845 2268 2416
f 2478 2416 845
f 846 912 934
f 1244 912 846
f 846 934 1759
f 3013 1244 846
f 1341 1281 846
f 846 1281 1759
f 846 1759 3013
f 2633 1204 847
f 848 1797 2439
f 3539 1797 848
f 848 2439 3553
f 849 1097 1332
f 1605 1097 849
f 1605 1214 849
f 850 1104 2259
f 850 1104 3083
f 850 1104 3092
f 850 1572 2164
f 2731 1572 850
f 850 1572 3092
f 850 2259 3092
f 3083 2731 850
f 851 1477 2746
f 851 1620 2080
f 851 1620 3156
f 851 2746 2752
f 851 2746 3158
f 851 2752 3158
f 852 2167 2322
f 2334 2167 852
f 3180 2167 852
f 852 2322 2343
f 2361 2334 852
f 852 2343 2361
f 852 2361 3180
f 854 1280 2043
f 854 1280 2138
f 854 1280 2218
f 854 1713 2218
f 2417 1713 854
f 854 2043 2218
f 855 1007 2264
f 3609 1007 855
f 855 2264 2796
f 855 2264 3660
f 855 2404 3609
f 3660 2404 855
f 855 2796 3630
f 855 3604 3630
f 3660 3604 855
f 855 3609 3630
f 856 1747 1895
f 2222 1747 856
f 856 2222 3015
f 1150 1003 857
f 857 1003 2024
f 857 1150 1865
f 1611 1191 857
f 1865 1611 857
f 858 1000 1998
f 2257 1000 858
f 858 1180 2257
f 2534 1180 858
f 1530 1270 858
f 858 1270 2534
f 1998 1530 858
f 2485 1357 859
f 859 1357 3686
f 2259 1104 860
f 860 1104 2344
f 952 921 861
f 3636 952 861
f 861 1700 3634
f 3634 2187 861
f 861 2187 3636
f 862 926 2759
f 3264 926 862
f 1826 1647 862
f 862 1647 3264
f 863 1066 1811
f 863 1066 2157
f 863 1066 2580
f 863 1183 2069
f 2421 1183 863
f 863 2069 2580
f 863 2157 2580
f 864 1756 1890
f 864 1890 2802
f 866 2227 2680
f 3164 2227 866
f 866 2403 3164
f 867 1889 2604
f 2925 1889 867
f 2930 2925 867
f 868 2066 2255
f 2407 2066 868
f 2256 2105 868
f 868 2105 2407
f 868 2255 2256
f 3275 2256 868
f 868 2407 3275
f 2445 1741 869
f 869 1848 3492
f 2304 877 870
f 870 1096 1136
f 1462 1096 870
f 870 1136 2304
f 870 1462 2304
f 870 1462 2517
f 870 1462 2618
f 2618 2074 870
f 870 2517 2618
f 871 1424 2578
f 2693 1424 871
f 872 1020 3361
f 872 1557 2392
f 872 1557 3483
f 872 2001 2392
f 3361 2001 872
f 872 2001 3483
f 3483 2392 872
f 872 3361 3483
f 1695 1595 873
f 873 1595 2047
f 2561 1695 873
f 873 2047 2487
f 873 2487 2561
f 874 1420 2845
f 2657 1455 874
f 2845 2657 874
f 3638 2436 875
f 2528 2511 875
f 875 2528 3638
f 876 1202 2345
f 1954 1603 876
f 2345 1954 876
f 1241 1042 878
f 878 1167 3059
f 1526 1241 878
f 879 1310 2086
f 2630 1310 879
f 879 2086 2951
f 2951 2630 879
f 2140 916 880
f 2140 1834 880
f 881 1224 1965
f 2659 1224 881
f 1965 1859 881
f 881 1859 2459
f 881 2459 2659
f 2242 1690 882
f 882 1690 3367
f 882 2241 2242
f 2283 2241 882
f 883 955 1625
f 1955 1165 883
f 2910 1165 883
f 883 1625 2841
f 2841 1955 883
f 883 1955 2910
f 1764 1471 884
f 884 1471 2181
f 2376 1764 884
f 884 2099 2376
f 884 2181 3578
f 1565 1500 885
f 885 1500 1970
f 885 1500 2877
f 2917 1565 885
f 885 1970 2914
f 885 2877 2917
f 885 2914 2917
f 886 1033 2002
f 886 1033 2527
f 886 1375 1861
f 886 1375 2625
f 886 1861 2625
f 886 2002 2527
f 3171 1860 887
f 2145 2054 888
f 2268 2054 888
f 2416 2268 888
f 889 912 1244
f 1731 912 889
f 889 1244 2598
f 2312 2113 890
f 890 2113 2380
f 890 2380 2432
f 2163 988 891
f 891 1170 2104
f 891 1295 2163
f 891 1361 1668
f 891 1361 2104
f 891 1361 2663
f 2663 2104 891
f 1722 1148 892
f 892 1148 2551
f 892 2551 2846
f 892 2846 2855
f 1608 937 893
f 1930 937 893
f 893 937 3437
f 893 1608 2177
f 893 1713 2177
f 2218 1713 893
f 2218 1930 893
f 3437 2218 893
f 1724 896 894
f 1786 1724 894
f 895 1068 2359
f 2924 1068 895
f 895 1473 2359
f 2924 1473 895
f 2248 1463 896
f 896 1724 1968
f 3125 1724 896
f 896 3089 3125
f 1783 1358 897
f 2734 1358 897
f 897 1765 2362
f 1829 1783 897
f 2609 1829 897
f 897 2362 2609
f 898 1775 2270
f 898 2270 2640
f 899 1090 1209
f 899 1090 3051
f 899 1209 2246
f 899 1209 3051
f 899 2246 2327
f 2013 1062 900
f 900 1062 2065
f 2065 1246 900
f 901 1300 1735
f 1735 1725 901
f 901 1725 2963
f 902 2420 3274
f 903 1533 1935
f 2236 1533 903
f 1935 1677 903
f 903 1677 2166
f 903 1677 3640
f 903 2006 2236
f 1479 1143 904
f 904 1143 2613
f 904 1392 1941
f 2828 1392 904
f 904 1941 2044
f 904 2613 2828
f 1609 1292 905
f 905 2279 3489
f 906 1236 2222
f 2320 1236 906
f 906 1353 2320
f 2222 1792 906
f 906 1792 2632
f 2415 930 907
f 907 930 2629
f 907 930 2829
f 1296 1091 907
f 1967 1296 907
f 2629 1967 907
f 907 1967 2829
f 3690 2415 907
f 907 2629 2829
f 908 913 1023
f 908 913 1524
f 908 913 1892
f 908 1023 1892
f 1524 1157 908
f 908 1157 1942
f 908 1157 2960
f 2409 1892 908
f 908 1942 2871
f 2960 2409 908
f 908 2871 2960
f 909 1659 1933
f 1933 1781 909
f 910 1247 1299
f 910 1247 1464
f 910 1247 2927
f 1460 1299 910
f 2045 1299 910
f 1760 1460 910
f 910 1464 2045
f 910 1665 1760
f 2927 1665 910
f 911 1001 1590
f 911 1001 1780
f 1590 1322 911
f 911 1322 2490
f 1780 1590 911
f 2008 934 912
f 912 1731 2008
f 1580 1023 913
f 1580 1524 913
f 3599 2338 914
f 914 2338 3600
f 3600 3599 914
f 915 1396 2489
f 2523 1396 915
f 2499 1919 915
f 915 1919 2523
f 915 1951 2499
f 1614 1014 916
f 916 1014 3023
f 917 1108 1874
f 1949 1108 917
f 2350 1949 917
f 2578 1266 918
f 918 1266 2690
f 918 2307 2578
f 2880 2307 918
f 919 1095 1688
f 2292 1095 919
f 919 1688 3498
f 919 1688 3685
f 919 1830 2292
f 3484 1830 919
f 919 3498 3684
f 3684 3637 919
f 2282 1820 920
f 920 1820 2411
f 3275 1820 920
f 920 1946 2255
f 920 1946 2676
f 920 1946 3275
f 920 2255 2282
f 920 2411 3279
f 922 1194 1270
f 922 1194 1768
f 922 1270 1699
f 1733 1397 922
f 922 1699 2484
f 2593 1733 922
f 922 2484 2593
f 923 1748 2109
f 923 1748 2451
f 1701 1028 924
f 924 1028 2590
f 924 1433 1701
f 2586 1433 924
f 2590 2586 924
f 1777 1398 925
f 925 1398 1884
f 2267 1777 925
f 925 1884 2048
f 925 2048 2606
f 925 2154 2267
f 2606 2154 925
f 925 2267 2606
f 3264 1116 926
f 926 1116 3271
f 926 2426 2759
f 2670 1679 927
f 927 1679 2905
f 927 2309 2336
f 927 2336 2905
f 2903 2670 927
f 2907 2903 927
f 927 2905 2907
f 1845 1632 928
f 928 1632 2157
f 928 1632 2972
f 928 1707 1845
f 929 1225 2276
f 929 2276 3189
f 929 3214 3288
f 930 967 2629
f 2655 967 930
f 930 967 2829
f 930 1092 2027
f 930 1092 2415
f 930 1092 2531
f 930 2027 2415
f 930 2531 2655
f 1297 1259 931
f 931 1259 1673
f 931 1259 1868
f 931 1259 2574
f 1735 1297 931
f 1868 1297 931
f 931 1673 2574
f 2574 1735 931
f 3175 1989 933
f 933 1989 3176
f 933 2247 2849
f 3194 2247 933
f 933 2849 3175
f 934 1109 1759
f 2008 1109 934
f 934 1759 2882
f 2882 2008 934
f 935 983 2067
f 2627 983 935
f 2084 1006 935
f 935 1006 2627
f 935 2067 2084
f 935 2067 2838
f 2838 2084 935
f 936 1021 1215
f 2323 1215 936
f 936 1215 3064
f 936 1569 2323
f 3064 1569 936
f 937 1608 1900
f 937 1900 2535
f 937 2535 3435
f 3437 3435 937
f 2544 1336 938
f 938 1552 2544
f 939 1055 1058
f 2518 1055 939
f 939 1058 2566
f 939 2049 2518
f 2872 2566 939
f 2913 2872 939
f 941 1366 2256
f 941 1366 2290
f 2290 1483 941
f 2431 1483 941
f 2595 2214 941
f 941 2256 2595
f 941 2595 3223
f 3583 1013 942
f 1761 1495 942
f 942 1495 2712
f 1771 1761 942
f 942 1761 3583
f 1107 1072 943
f 943 1072 1315
f 3696 1544 944
f 944 2062 3695
f 944 3695 3696
f 2576 1971 945
f 1928 1178 946
f 1671 1383 947
f 947 1383 2583
f 948 1791 2335
f 2755 1791 948
f 949 1263 1449
f 2989 1263 949
f 949 1449 3003
f 949 1650 2261
f 3003 1650 949
f 949 2261 2989
f 950 1667 2191
f 2191 1799 950
f 950 1799 2409
f 2409 2058 950
f 951 1891 2379
f 2521 1797 953
f 953 1797 2789
f 2789 2273 953
f 2983 2273 953
f 2993 2273 953
f 2546 2521 953
f 953 2546 2983
f 953 2546 3548
f 3548 2993 953
f 2024 1003 954
f 954 1003 2151
f 954 1475 2024
f 954 1475 2346
f 954 1916 2151
f 2469 1916 954
f 2346 2151 954
f 2023 1625 955
f 2458 2023 955
f 956 1540 1763
f 2818 1540 956
f 2820 1540 956
f 956 1763 2824
f 956 2204 2822
f 956 2438 2820
f 2822 2438 956
f 2824 2818 956
f 957 1547 2294
f 3296 2093 957
f 957 2294 2761
f 2761 2589 957
f 3205 2589 957
f 957 2761 3296
f 3296 3205 957
f 958 1644 2591
f 3238 1644 958
f 958 2591 2738
f 3150 2591 958
f 958 2591 3238
f 958 2738 3150
f 958 2738 3243
f 3243 3238 958
f 2641 1256 959
f 959 1256 3281
f 959 2305 2641
f 959 2305 3292
f 959 2411 3279
f 959 2411 3285
f 959 3279 3295
f 3285 3281 959
f 3295 3281 959
f 2614 1172 960
f 960 1172 3282
f 960 1567 2614
f 3282 2634 960
f 1197 1033 961
f 962 1423 2004
f 3284 1423 962
f 3677 3284 962
f 962 3676 3677
f 3278 1172 963
f 3280 1172 963
f 963 1507 3285
f 963 1507 3295
f 3285 3278 963
f 3295 3280 963
f 2414 1192 964
f 2414 1927 964
f 964 1927 2508
f 3570 2232 965
f 966 1083 1427
f 966 1083 1815
f 966 1285 1815
f 966 1427 1815
f 967 1511 2629
f 2829 2629 967
f 967 2655 3688
f 3688 2829 967
f 2105 1056 968
f 968 1056 2162
f 968 1056 3219
f 968 2475 3236
f 968 3236 3268
f 1617 1062 969
f 969 1062 2013
f 1745 1617 969
f 970 1549 1720
f 970 1720 2121
f 1969 1499 971
f 971 1499 2839
f 2851 1969 971
f 971 2839 2851
f 3159 2563 972
f 972 2563 3160
f 3161 3159 972
f 972 3160 3161
f 2192 1486 973
f 973 2192 2729
f 2729 2430 973
f 974 1099 2466
f 974 1099 2748
f 3209 1099 974
f 2071 1816 974
f 2748 1816 974
f 974 1816 3209
f 2466 2071 974
f 975 1224 1314
f 1878 1224 975
f 1831 1248 975
f 975 1636 1831
f 975 1831 3315
f 3315 1878 975
f 1990 1707 976
f 977 1018 2133
f 3585 1018 977
f 3602 1018 977
f 2133 2132 977
f 977 2132 3585
f 977 3585 3602
f 2177 1923 978
f 978 1923 2437
f 978 2177 3404
f 978 2331 2437
f 978 2437 3446
f 3446 3404 978
f 979 1162 1395
f 979 1162 2333
f 979 1395 2333
f 3102 2333 979
f 979 2489 3102
f 1305 1233 980
f 980 1233 2579
f 1662 1305 980
f 980 1662 3512
f 980 1662 3584
f 980 1683 2579
f 3584 1683 980
f 3521 2579 980
f 980 3512 3521
f 981 1048 1837
f 2954 1048 981
f 1837 1808 981
f 982 1768 2510
f 982 2125 2330
f 2354 2125 982
f 982 2330 2354
f 2510 2354 982
f 983 1112 2842
f 2885 1112 983
f 983 1872 2838
f 2842 1872 983
f 2838 2067 983
f 983 2627 2885
f 2434 1273 984
f 984 1475 2346
f 984 2346 2434
f 3333 2007 985
f 985 2007 3347
f 3347 3332 985
f 986 1579 2037
f 2695 1579 986
f 988 1106 2239
f 988 1106 2367
f 2553 1106 988
f 988 2163 2553
f 2367 2239 988
f 988 2239 3106
f 2997 1856 989
f 989 2300 2997
f 990 2649 3244
f 3040 3036 990
f 990 3036 3239
f 3244 3040 990
f 2283 1433 991
f 1853 1419 992
f 3157 1419 992
f 992 1793 1843
f 992 1843 1853
f 2289 1454 993
f 2550 1619 994
f 994 2108 2550
f 2950 2672 995
f 2960 2950 995
f 996 1078 2804
f 2804 2103 996
f 997 1863 2046
f 2516 1863 997
f 997 2046 3325
f 2515 1628 998
f 998 1896 2515
f 2112 1841 999
f 999 1862 2700
f 2929 2112 999
f 999 2233 2929
f 1000 1597 1789
f 1973 1597 1000
f 1000 1973 1998
f 1000 1973 2923
f 2923 1998 1000
f 1780 1590 1001
f 1002 1463 2419
f 1002 1604 1780
f 1002 1780 2581
f 1002 3086 3088
f 1003 1150 2151
f 1004 1267 2178
f 2943 1267 1004
f 1005 1186 2100
f 1005 1393 2186
f 3169 1393 1005
f 2100 1669 1005
f 1005 1669 3177
f 1005 2186 3169
f 2084 1228 1006
f 1006 1520 2627
f 1007 2264 2796
f 1007 2264 3629
f 1007 2796 3629
f 1008 2316 3636
f 1009 1377 1776
f 1009 1377 2775
f 1009 2775 3412
f 1010 1101 1517
f 1518 1101 1010
f 1010 1512 2156
f 2441 1512 1010
f 1010 1517 2441
f 2156 1518 1010
f 2755 1408 1011
f 1011 1791 2755
f 1324 1110 1012
f 1012 1110 3232
f 1012 1111 1329
f 3232 1111 1012
f 1012 1324 1352
f 1012 1329 2750
f 3155 1352 1012
f 3230 1352 1012
f 1012 2750 3230
f 3232 3155 1012
f 1014 1614 2010
f 1014 2010 2513
f 1189 1059 1015
f 1991 1189 1015
f 2149 1991 1015
f 1016 1996 2637
f 2961 2637 1016
f 1017 1346 2020
f 1017 1346 3569
f 1017 1346 3570
f 2514 2020 1017
f 1017 2514 3570
f 1017 3569 3570
f 1018 1113 2559
f 3579 1113 1018
f 3602 1113 1018
f 3585 3579 1018
f 2177 1608 1019
f 3404 1608 1019
f 1019 1923 2177
f 2374 1923 1019
f 1019 2374 3446
f 1019 3404 3428
f 3446 3404 1019
f 2005 1825 1020
f 1020 1825 3361
f 2141 2005 1020
f 1021 1147 1938
f 1022 1278 1814
f 1022 1278 1835
f 1971 1278 1022
f 1022 1278 3213
f 1022 1814 3213
f 1022 1971 3213
f 1023 1293 1580
f 1023 1293 2368
f 1023 1293 2718
f 2368 1335 1023
f 1023 1335 2718
f 1023 1580 3010
f 3010 2718 1023
f 1024 1349 1744
f 1024 1349 2288
f 1024 1349 2364
f 1024 1929 2175
f 1024 2175 2364
f 1024 2175 2375
f 1024 2288 2656
f 2375 2364 1024
f 2656 2364 1024
f 1025 1394 2191
f 2191 2052 1025
f 2180 1487 1026
f 2454 1487 1026
f 1026 1487 3319
f 1026 2180 2622
f 2622 2454 1026
f 3319 2622 1026
f 1027 2427 3243
f 3243 2738 1027
f 2011 1615 1028
f 1028 1701 2011
f 1914 1108 1029
f 1029 1108 1949
f 1029 1843 1914
f 1949 1843 1029
f 3588 2196 1030
f 1030 3588 3589
f 1031 1148 2004
f 2551 1148 1031
f 2004 1423 1031
f 1031 1423 3293
f 3293 2551 1031
f 1032 1510 1969
f 1032 1969 2851
f 1032 2851 2853
f 1033 1197 1866
f 1033 1866 2002
f 1033 1866 2527
f 2815 2813 1034
f 1034 2813 2817
f 2819 2815 1034
f 1034 2817 2819
f 1555 1326 1035
f 2155 2003 1036
f 1036 2003 2452
f 1036 2155 3151
f 1037 1154 1952
f 2487 1154 1037
f 3421 1154 1037
f 1037 1952 2374
f 2561 2374 1037
f 3446 2374 1037
f 2561 2487 1037
f 1037 2561 3446
f 3446 3421 1037
f 1038 1403 1557
f 1038 1403 1594
f 1038 1403 2141
f 1038 1594 2141
f 3374 1379 1039
f 1039 2477 3374
f 3484 1367 1040
f 1040 1570 1897
f 1897 1677 1040
f 1040 1677 2544
f 1040 2544 3484
f 1041 1918 2919
f 1042 1241 2575
f 1488 1158 1044
f 1044 1163 1350
f 1457 1163 1044
f 1044 1163 1488
f 1044 1350 1488
f 1044 3608 3657
f 1188 1054 1045
f 1045 1054 1415
f 3040 1188 1045
f 1046 1564 1769
f 1046 1769 1846
f 1047 1685 2276
f 3189 1685 1047
f 2388 1971 1047
f 3287 1971 1047
f 1047 2276 3287
f 1047 3188 3189
f 1048 1371 1789
f 1048 1789 1837
f 1049 1886 2416
f 1049 1886 2560
f 1049 2268 2416
f 2560 2268 1049
f 1472 1089 1050
f 1050 1089 2070
f 1050 1280 1472
f 2138 1280 1050
f 1051 1554 2048
f 2215 1554 1051
f 1051 2048 2215
f 1052 1076 2472
f 3315 1076 1052
f 1052 1224 1427
f 1052 1224 1772
f 1052 1224 1878
f 1772 1427 1052
f 1052 1427 2472
f 1052 1878 3315
f 1052 1878 3368
f 3368 2472 1052
f 1053 1262 1442
f 1917 1262 1053
f 1053 1442 3607
f 1053 1640 2570
f 2570 1917 1053
f 1053 1917 3607
f 1054 1188 2726
f 1626 1415 1054
f 2356 1058 1055
f 1055 1287 2631
f 2646 1287 1055
f 1055 1746 2442
f 2442 2356 1055
f 2631 2518 1055
f 2913 2518 1055
f 1055 2872 2913
f 2941 2872 1055
f 1056 2162 2256
f 1056 2162 3219
f 1057 1088 2109
f 3272 1088 1057
f 1057 1999 3228
f 1057 1999 3272
f 1058 2356 2566
f 1059 1189 2535
f 2856 1232 1060
f 1060 1334 1529
f 1060 1334 3674
f 1060 1529 1928
f 3674 1928 1060
f 1061 1076 2447
f 2467 1076 1061
f 1061 2447 3303
f 1062 1617 1672
f 1062 1672 2065
f 1861 1375 1064
f 3583 1761 1064
f 3583 1861 1064
f 1065 1370 3522
f 1065 1832 2232
f 3522 1832 1065
f 1065 2232 3570
f 3570 2514 1065
f 1632 1302 1066
f 1066 1302 1811
f 2157 1632 1066
f 1066 2157 2580
f 2344 1569 1067
f 1067 1569 2725
f 2616 2344 1067
f 2359 1473 1068
f 1068 1473 2924
f 2824 1763 1068
f 2924 1763 1068
f 1069 1449 3005
f 1069 1881 2211
f 3005 1881 1069
f 1070 1540 1763
f 1070 1540 2816
f 1070 1540 2820
f 2820 2819 1070
f 1071 1471 1905
f 2181 1471 1071
f 3588 1782 1071
f 1071 1905 1926
f 1071 1926 3589
f 3589 3588 1071
f 2205 1315 1072
f 1072 2111 2205
f 1073 1265 2188
f 2284 1957 1073
f 1073 1957 3350
f 1073 2188 2284
f 1073 2263 3331
f 3350 2263 1073
f 3331 3330 1073
f 1073 3330 3354
f 3351 3350 1073
f 3354 3351 1073
f 2144 1610 1074
f 1074 1610 2272
f 1074 2144 2964
f 1075 1325 2959
f 1075 1778 2160
f 2959 1778 1075
f 1075 2160 2523
f 2472 2447 1076
f 3315 2467 1076
f 2783 2472 1076
f 1077 1875 3598
f 1077 1947 2541
f 1078 1278 3287
f 2276 1727 1078
f 1078 2276 2804
f 3287 2276 1078
f 1079 1358 1783
f 1961 1358 1079
f 1079 1783 2010
f 1079 2010 2587
f 1080 1283 3166
f 1080 1851 3162
f 3162 1978 1080
f 1080 3162 3166
f 1081 2471 3560
f 1082 1795 2562
f 2528 1972 1082
f 3638 2528 1082
f 2784 2562 1082
f 1082 2562 3638
f 1083 1427 1815
f 1083 1427 2472
f 2472 2447 1083
f 1083 2447 3303
f 2444 1613 1084
f 2601 1613 1084
f 3669 1613 1084
f 2601 1833 1084
f 1084 2324 2444
f 1084 2324 2807
f 1084 2601 3664
f 1084 3664 3669
f 1085 1801 1876
f 1085 1801 2118
f 2907 1801 1085
f 2555 1876 1085
f 1085 1876 2900
f 1085 2226 2639
f 2639 2555 1085
f 1085 2900 2907
f 1086 1130 1343
f 1982 1130 1086
f 1086 1192 1982
f 2414 1192 1086
f 1086 1343 2414
f 1457 1369 1087
f 1997 1457 1087
f 1089 1472 1538
f 1089 1538 2070
f 1089 1538 2435
f 2435 2070 1089
f 2299 1209 1090
f 1090 1396 1496
f 2489 1396 1090
f 1090 1496 2299
f 1090 2489 3102
f 3102 3051 1090
f 1091 1296 1976
f 1091 1976 2548
f 1092 2027 2415
f 1092 2027 2531
f 2277 1158 1093
f 1093 1158 2568
f 1093 1657 2277
f 2568 1657 1093
f 1095 1178 1688
f 2292 1838 1095
f 1096 1136 1196
f 1096 1136 1307
f 1096 1136 1462
f 1307 1196 1096
f 1939 1462 1096
f 2902 1462 1096
f 1096 2901 2902
f 1605 1428 1097
f 1733 1397 1098
f 1098 2022 2964
f 2964 2068 1098
f 1099 1268 1992
f 1099 1268 2748
f 3209 1268 1099
f 1099 1992 2339
f 1099 2339 3211
f 3211 2466 1099
f 2649 1188 1100
f 2726 2649 1100
f 1101 1368 2532
f 2800 1368 1101
f 2532 1517 1101
f 1101 1518 2547
f 1101 1518 3632
f 1101 1705 2547
f 2803 1705 1101
f 1101 2547 2803
f 2803 2800 1101
f 1102 1343 1740
f 2414 1343 1102
f 1102 1694 1927
f 2474 1694 1102
f 1102 1740 2474
f 1102 1927 2414
f 1795 1541 1103
f 1103 1541 2502
f 1948 1639 1103
f 2502 1639 1103
f 1103 1948 2203
f 1103 2203 2483
f 1104 2165 2344
f 3083 2165 1104
f 1104 2259 3082
f 3092 2259 1104
f 1104 2344 3082
f 1104 2344 3083
f 3092 3082 1104
f 1895 1747 1105
f 2367 2239 1106
f 1956 1874 1108
f 1108 1914 1956
f 2480 1759 1109
f 1109 1759 3013
f 1109 2323 2480
f 2740 2323 1109
f 3060 2323 1109
f 3013 2882 1109
f 1109 2882 3063
f 3063 3060 1109
f 1110 1324 3235
f 1110 2753 3232
f 3235 3234 1110
f 2169 1329 1111
f 3233 2169 1111
f 1111 3232 3233
f 3030 2842 1112
f 1821 1161 1114
f 1114 1304 1458
f 1821 1304 1114
f 1114 1794 2771
f 2771 1821 1114
f 2486 1940 1114
f 1114 1940 2771
f 2623 1371 1115
f 2706 2705 1115
f 1116 1421 3259
f 1116 1979 3259
f 3260 1979 1116
f 1116 3259 3271
f 3264 3260 1116
f 1117 2492 3432
f 1824 1308 1119
f 1119 1781 1933
f 1119 1933 3499
f 1584 1517 1120
f 1120 1517 2655
f 1864 1584 1120
f 2531 1864 1120
f 1120 1864 3688
f 2655 2531 1120
f 1121 2589 3239
f 3274 2589 1121
f 3215 3210 1121
f 1121 3210 3239
f 3274 3215 1121
f 1121 3245 3274
f 1778 1129 1122
f 1122 1490 2735
f 2959 1490 1122
f 1122 1778 2959
f 1122 2735 3080
f 2086 1790 1123
f 1123 1790 2549
f 2951 2086 1123
f 1123 2117 2951
f 1124 1153 2167
f 1124 2167 2334
f 1125 1743 1960
f 1125 1960 3553
f 1125 2990 3553
f 1125 3552 3553
f 1126 1263 1293
f 1704 1263 1126
f 1126 1274 1704
f 2368 1274 1126
f 1126 1293 2368
f 1127 1139 1445
f 1127 1139 3043
f 1127 1139 3045
f 1127 1445 2285
f 1127 1445 2571
f 1127 1445 3045
f 3196 1626 1127
f 1127 2285 2571
f 1127 2571 3196
f 1128 2029 3438
f 1128 2029 3441
f 2250 2043 1128
f 1128 2043 3437
f 3456 2043 1128
f 3437 2250 1128
f 3441 3437 1128
f 1128 3438 3456
f 1129 1221 2973
f 1129 1490 2959
f 1129 1778 2959
f 2959 2123 1129
f 1982 1275 1130
f 2647 1275 1130
f 3218 1275 1130
f 2475 1343 1130
f 3218 2475 1130
f 3218 2647 1130
f 2547 2393 1131
f 1131 2393 3694
f 2803 2547 1131
f 3694 2699 1131
f 1132 1309 1658
f 1132 1309 2199
f 3652 1309 1132
f 1132 1658 2199
f 2565 1327 1133
f 1133 1327 3524
f 1133 1560 2565
f 3524 1924 1133
f 2504 2478 1134
f 3174 2504 1134
f 1134 2584 3174
f 1135 1663 2314
f 2332 1663 1135
f 1904 1737 1135
f 1135 1737 2332
f 2314 1904 1135
f 1307 1196 1136
f 2304 1307 1136
f 2304 1462 1136
f 2260 1218 1137
f 1137 1218 2635
f 2509 1445 1137
f 1137 1445 3046
f 3148 2260 1137
f 2635 2509 1137
f 1137 3046 3148
f 1138 1314 2659
f 2659 2459 1138
f 1138 2459 3356
f 3356 3355 1138
f 3045 1445 1139
f 3046 1445 1139
f 3045 1548 1139
f 3146 2031 1139
f 3148 2031 1139
f 3148 3046 1139
f 1139 3146 3147
f 1139 3146 3148
f 2012 1666 1140
f 1386 1349 1141
f 2288 1349 1141
f 2364 1386 1141
f 2656 2288 1141
f 1141 2364 2656
f 2178 1638 1142
f 1479 1164 1143
f 1143 1164 1516
f 1143 1164 2874
f 1143 1516 2868
f 2868 2613 1143
f 1143 2868 2869
f 2928 2868 1143
f 1143 2869 2874
f 1143 2874 2928
f 2236 2006 1144
f 1145 1290 1583
f 1583 1381 1145
f 1145 1381 2225
f 2225 1901 1145
f 1146 1581 1712
f 3202 1581 1146
f 2599 1712 1146
f 1146 1712 3048
f 1146 2599 3029
f 1146 2599 3048
f 1146 3029 3202
f 1146 3048 3202
f 1148 1232 2004
f 2856 1232 1148
f 2262 1722 1148
f 3673 1722 1148
f 1148 2856 3674
f 1148 3328 3673
f 1149 1523 1880
f 2518 1523 1149
f 1149 2049 2518
f 1149 2049 2930
f 2939 2049 1149
f 1149 2930 2939
f 3179 1865 1150
f 2425 1962 1150
f 1150 1962 3179
f 2151 2024 1150
f 1150 2151 2425
f 1660 1556 1151
f 1151 1641 3261
f 1986 1660 1151
f 3261 1986 1151
f 1152 1220 2501
f 1586 1273 1153
f 1661 1586 1153
f 2487 2047 1154
f 1155 1894 2036
f 2190 2118 1156
f 3010 1524 1157
f 1869 1655 1157
f 1157 1655 1942
f 1157 1869 1898
f 1157 1942 2960
f 1157 1942 3010
f 1158 1488 2193
f 1158 2193 2568
f 1159 1379 1412
f 1159 1412 2274
f 2449 1812 1159
f 1159 1812 3438
f 1159 2274 2449
f 3438 2661 1159
f 2597 1222 1160
f 1160 1222 2636
f 2636 1485 1160
f 1160 2082 2577
f 1160 2082 2597
f 1160 2082 3534
f 3546 2082 1160
f 1160 2131 2577
f 1160 2577 3534
f 3534 3533 1160
f 1160 3533 3546
f 1645 1395 1162
f 1162 1395 2333
f 1162 1645 1951
f 1163 1350 1488
f 1163 1457 1997
f 1164 1516 2704
f 1164 1516 2869
f 1164 1909 1983
f 1164 2716 2874
f 2944 2716 1164
f 2874 2869 1164
f 1164 2869 2944
f 1955 1388 1165
f 1166 1230 1512
f 1166 1230 2221
f 2221 1512 1166
f 1166 1512 2441
f 1166 1584 1864
f 2441 1584 1166
f 1166 1864 2135
f 1167 1342 1919
f 1167 1342 3059
f 1167 1919 2499
f 2473 1968 1168
f 1168 1968 2602
f 1168 2456 2540
f 2540 2473 1168
f 1169 2450 2473
f 1169 2473 2540
f 1170 1284 2104
f 2333 1284 1170
f 1170 1395 2333
f 1240 1213 1171
f 2287 1240 1171
f 3302 2614 1172
f 1172 3278 3280
f 1172 3278 3282
f 1172 3278 3300
f 3299 3280 1172
f 1172 3280 3302
f 3300 3299 1172
f 1173 1206 2407
f 1174 1364 2658
f 2384 1751 1175
f 1175 1751 2620
f 1175 2384 2688
f 1175 2688 3289
f 3600 1309 1176
f 1176 1662 3577
f 1176 1662 3584
f 1176 3584 3599
f 1176 3599 3600
f 1177 1515 1753
f 1177 1730 1753
f 2468 1730 1177
f 1177 1753 2468
f 2194 1688 1178
f 1178 1928 2251
f 2251 2194 1178
f 1180 1808 2257
f 2501 2403 1181
f 1182 1621 1669
f 2145 1621 1182
f 1182 1669 2100
f 1182 2054 2145
f 2337 2054 1182
f 1182 2100 2337
f 1184 1436 2229
f 3381 1436 1184
f 2216 2055 1184
f 1184 2055 3381
f 2229 2216 1184
f 1422 1390 1185
f 1461 1422 1185
f 2457 2100 1186
f 3166 2457 1186
f 1187 1401 2608
f 2608 1929 1187
f 3040 2726 1188
f 1189 1991 2168
f 1189 2168 2535
f 1380 1279 1190
f 2779 2341 1190
f 2434 1355 1191
f 1191 1611 1621
f 1191 1621 1842
f 1191 2343 2434
f 1192 1319 1982
f 1192 1319 2607
f 2534 1270 1194
f 2235 1258 1196
f 1196 1307 2539
f 2448 2235 1196
f 1571 1521 1197
f 1197 1521 1866
f 3625 1521 1197
f 3621 1571 1197
f 1197 1571 3625
f 1197 2799 3621
f 1198 1217 3700
f 1198 1654 2810
f 1198 1654 3691
f 1198 2810 3696
f 3700 2811 1198
f 1372 1228 1199
f 2383 1372 1199
f 2513 2383 1199
f 1926 1271 1200
f 1200 1271 2651
f 1200 1926 3587
f 3587 2651 1200
f 1839 1391 1201
f 1201 1391 2465
f 2560 1839 1201
f 2081 1842 1201
f 1201 1842 2145
f 2465 2081 1201
f 1201 2268 2560
f 2217 1360 1202
f 3242 3137 1202
f 1203 1400 1411
f 2625 1675 1204
f 1204 1675 2651
f 2651 2633 1204
f 1205 1354 1823
f 2407 1820 1206
f 2603 1820 1206
f 3300 1820 1206
f 1206 2258 2603
f 1206 2258 3300
f 2617 1242 1207
f 1207 1463 1888
f 1207 1888 2617
f 3125 1888 1207
f 1458 1446 1208
f 1208 1446 1932
f 1812 1618 1208
f 1932 1812 1208
f 2299 2160 1209
f 2395 1628 1210
f 3103 1628 1210
f 1210 1628 3107
f 1210 3099 3103
f 1212 1574 1631
f 2243 1574 1212
f 1212 1631 3165
f 1213 1240 1813
f 2450 1409 1216
f 2473 2450 1216
f 1217 1787 3699
f 1218 1689 2635
f 1897 1570 1219
f 2166 1897 1219
f 1220 1855 1978
f 1220 1978 3170
f 3170 2403 1220
f 2460 1407 1221
f 1222 1239 1576
f 2597 1239 1222
f 1222 1576 1985
f 1222 1985 3518
f 3518 2636 1222
f 1223 1635 1751
f 2659 1314 1224
f 1772 1427 1224
f 1224 1772 1965
f 2804 2276 1225
f 3130 1229 1226
f 1728 1453 1226
f 1226 1453 2295
f 1226 1728 2240
f 1226 1728 3130
f 1226 2295 3129
f 2764 1291 1227
f 2339 1992 1227
f 1227 2339 2764
f 1227 2339 3211
f 3211 2596 1227
f 1229 1694 2474
f 3130 1694 1229
f 1229 2474 3388
f 2221 1512 1230
f 1231 1487 2454
f 1231 1546 3320
f 3324 1546 1231
f 1231 2454 3319
f 1231 2454 3324
f 1231 3319 3320
f 1232 1550 2004
f 3674 2856 1232
f 2231 1305 1233
f 1233 2231 3517
f 3517 2579 1233
f 1234 1385 2205
f 2638 1385 1234
f 2205 2111 1234
f 1234 2327 2638
f 1235 2003 2224
f 2326 2003 1235
f 1235 2224 2326
f 1235 2224 3201
f 1235 2326 2762
f 3199 2681 1235
f 1235 2762 3199
f 2077 1747 1236
f 1236 1747 2222
f 2320 2077 1236
f 1237 1363 2573
f 2401 1949 1237
f 1237 1949 3198
f 2401 2128 1237
f 2573 2128 1237
f 1237 2128 2749
f 1237 2401 2749
f 1237 2573 2749
f 3198 2749 1237
f 1238 1665 2927
f 1238 1918 2640
f 2700 1918 1238
f 1238 1918 2927
f 2927 2700 1238
f 1239 1264 1303
f 1591 1264 1239
f 1239 1303 2231
f 1239 1303 3538
f 3540 1576 1239
f 1239 1591 2082
f 1239 1591 2597
f 3538 1591 1239
f 1239 2082 2597
f 2231 2143 1239
f 1239 2143 3540
f 3537 2231 1239
f 1239 2597 3546
f 3546 3537 1239
f 2904 2023 1240
f 1240 2287 2904
f 1526 1390 1241
f 1241 1390 2575
f 1242 1251 2091
f 2617 1251 1242
f 1242 2091 2217
f 1243 1842 2081
f 1243 1842 2349
f 2479 1842 1243
f 1243 2081 2349
f 1243 2349 2479
f 3187 2349 1243
f 1243 2479 3187
f 1245 1680 3473
f 3471 2605 1245
f 3473 3471 1245
f 1246 1627 2209
f 1686 1299 1247
f 1686 1464 1247
f 2233 1686 1247
f 1247 2700 2927
f 1248 1636 1831
f 1249 1269 1439
f 2790 1439 1249
f 3553 1439 1249
f 3553 2439 1249
f 3553 2790 1249
f 2310 1706 1250
f 2091 1602 1251
f 1251 1602 3143
f 1251 1607 2056
f 2617 1607 1251
f 2739 2056 1251
f 3143 2056 1251
f 1251 2091 2739
f 2443 1602 1252
f 3149 1602 1252
f 2210 2017 1252
f 3203 2017 1252
f 1252 2443 3149
f 2964 1397 1253
f 1255 1798 2205
f 1256 2850 3281
f 1258 1876 2555
f 2948 2901 1258
f 1259 1297 2939
f 1259 1673 2574
f 2604 1868 1259
f 1260 1282 1313
f 1260 1282 1803
f 1260 1282 3327
f 1803 1313 1260
f 2065 1672 1261
f 1261 1696 2065
f 1492 1442 1262
f 1262 1917 2642
f 1580 1293 1263
f 3005 1449 1263
f 1263 1704 3005
f 1263 2989 2991
f 1263 2991 3005
f 1943 1303 1264
f 3538 1303 1264
f 1264 1560 1943
f 2565 1560 1264
f 1264 1591 2565
f 1264 1591 3538
f 1265 1467 2390
f 3330 1467 1265
f 1265 1770 2390
f 3334 1770 1265
f 2390 2188 1265
f 1265 2390 3330
f 2578 1510 1266
f 3173 2690 1266
f 3173 2883 1266
f 1267 1638 2178
f 2664 1638 1267
f 2943 2664 1267
f 2748 1306 1268
f 1268 1810 1992
f 1268 2748 3291
f 1907 1439 1269
f 2470 1907 1269
f 1270 1530 1699
f 2564 1675 1271
f 2651 1675 1271
f 3606 1675 1271
f 3603 2564 1271
f 1271 2651 3603
f 1271 2651 3606
f 1272 1351 1588
f 1974 1351 1272
f 1588 1531 1272
f 1272 1531 1847
f 1272 1847 1974
f 2434 2322 1273
f 2266 1434 1274
f 2711 1704 1274
f 1274 2208 2711
f 1274 2208 2968
f 2368 2266 1274
f 1982 1319 1275
f 1275 1319 3234
f 2647 2542 1275
f 1275 2542 3217
f 3227 2542 1275
f 3235 3227 1275
f 1275 3234 3235
f 1276 1817 3628
f 1277 1491 1562
f 1920 1491 1277
f 1277 1562 2219
f 1277 1920 3093
f 1278 1814 3213
f 1278 1971 3287
f 1279 1380 1533
f 1279 1533 2236
f 2382 1472 1280
f 1280 1472 2777
f 1280 2043 2218
f 2777 2043 1280
f 1280 2043 3456
f 3456 2382 1280
f 2736 1759 1281
f 1803 1313 1282
f 2038 1803 1282
f 1282 1803 3354
f 2184 2038 1282
f 1282 3322 3327
f 3330 3322 1282
f 3354 3330 1282
f 2519 2104 1284
f 1285 1751 2384
f 2384 1815 1285
f 2653 2297 1286
f 1286 2297 3155
f 1286 2297 3231
f 2712 1495 1289
f 1931 1708 1289
f 1618 1583 1290
f 2424 1618 1290
f 1290 2279 2424
f 1292 1609 1773
f 1292 1697 1773
f 2486 1697 1292
f 1292 1773 2486
f 1293 2368 2718
f 3668 1903 1294
f 1294 2406 2530
f 3314 2530 1294
f 3678 2530 1294
f 1295 1321 2163
f 2582 1321 1295
f 1295 1695 2582
f 1297 1575 1868
f 1297 1868 2939
f 1298 1824 2645
f 1299 1464 1686
f 2045 1464 1299
f 1301 1305 1662
f 3003 1305 1301
f 1301 1309 3651
f 3651 3003 1301
f 2583 1383 1302
f 1302 1632 2583
f 1302 1758 1811
f 1303 1943 3517
f 3517 2231 1303
f 2134 1458 1304
f 3223 1739 1306
f 1306 2748 3223
f 1308 1824 2645
f 1309 1658 2199
f 3600 1658 1309
f 3652 3651 1309
f 1310 1790 2086
f 2412 1683 1311
f 3579 2412 1311
f 3585 2795 1311
f 1311 3579 3585
f 1311 3579 3602
f 3602 3585 1311
f 3576 1966 1312
f 2559 2053 1312
f 1312 2559 3596
f 3596 3576 1312
f 2459 1859 1313
f 2205 1798 1315
f 1316 1910 2298
f 3225 1910 1316
f 1316 2298 3221
f 3221 2500 1316
f 1316 2500 3225
f 1429 1398 1317
f 2621 1429 1317
f 1318 1630 1925
f 2110 1630 1318
f 2498 2110 1318
f 1319 2607 3234
f 2806 1958 1320
f 3394 1958 1320
f 1320 2533 3369
f 1320 2533 3394
f 3395 2806 1320
f 1320 3369 3395
f 1321 1339 2553
f 2582 1339 1321
f 2553 2163 1321
f 1322 1429 2621
f 1322 1590 1604
f 2621 2490 1322
f 2313 1352 1324
f 2385 2313 1324
f 3235 2385 1324
f 3227 3212 1324
f 3235 3227 1324
f 1325 1342 2996
f 1325 2123 2959
f 2996 2123 1325
f 1555 1538 1326
f 1326 1538 3453
f 3453 1599 1326
f 1327 1482 2082
f 3522 1482 1327
f 1327 1670 3522
f 1327 1670 3523
f 1327 1670 3524
f 2565 2082 1327
f 3523 2082 1327
f 1605 1428 1328
f 1328 1542 1648
f 2612 1542 1328
f 1328 1605 1648
f 1328 1648 2612
f 2153 1720 1330
f 1330 1809 2436
f 3638 1809 1330
f 1330 2436 3638
f 1331 1388 1975
f 3115 1581 1333
f 1333 1581 3202
f 1333 2285 2325
f 2571 2285 1333
f 1333 2325 3115
f 3202 2571 1333
f 3678 1529 1334
f 3678 3328 1334
f 1335 2266 2293
f 2368 2266 1335
f 1335 2293 2718
f 2240 1728 1337
f 1337 2372 2757
f 2535 2168 1338
f 2331 1426 1339
f 1339 1426 2553
f 2582 2331 1339
f 1339 2553 3468
f 3419 2582 1339
f 3468 3419 1339
f 1340 2196 3588
f 1340 2196 3590
f 1341 1759 2736
f 3013 1759 1341
f 1342 1919 3059
f 1343 2039 2475
f 3268 2475 1343
f 1963 1498 1344
f 1344 1810 1963
f 3206 1810 1344
f 1344 2761 3206
f 2868 2228 1345
f 1345 2613 2868
f 1345 2832 2903
f 2869 2868 1345
f 1345 2868 2928
f 2903 2869 1345
f 2543 2020 1346
f 1346 3569 3570
f 3204 2588 1347
f 1347 3251 3258
f 3267 3251 1347
f 1348 2061 2128
f 1348 2128 2573
f 1349 1386 2364
f 2654 1488 1350
f 1350 2559 2654
f 1350 2559 3596
f 1352 2313 2385
f 3226 2313 1352
f 3230 3226 1352
f 3689 1823 1354
f 1354 2393 2547
f 1354 2547 3689
f 1355 2346 2434
f 1355 2346 3193
f 3193 2434 1355
f 2648 2208 1356
f 1356 2208 2992
f 1356 2208 3537
f 1356 2992 3537
f 1431 1376 1357
f 1822 1376 1357
f 2485 1431 1357
f 1357 1822 2271
f 1358 1783 2734
f 2734 1961 1358
f 1359 1419 1853
f 1359 1853 2061
f 1360 1602 2091
f 1360 1602 2739
f 2217 2091 1360
f 2739 2091 1360
f 2663 2104 1361
f 1362 1666 2012
f 1362 1729 2997
f 1362 2012 2206
f 2997 2206 1362
f 1363 2137 2340
f 1363 2340 2573
f 2463 1615 1364
f 1631 1574 1365
f 1365 1574 2243
f 3172 1631 1365
f 3174 3172 1365
f 2255 1946 1366
f 1366 1946 2290
f 3275 1946 1366
f 2256 2255 1366
f 1366 2256 3275
f 1368 1511 2532
f 3623 1511 1368
f 1368 2800 3623
f 1369 1457 2357
f 1369 2357 2389
f 1369 2389 2433
f 1370 1670 3522
f 1370 1670 3523
f 1371 1789 1950
f 1371 1789 2962
f 1371 2076 2623
f 2962 2623 1371
f 1372 2383 2609
f 2108 1994 1373
f 2550 2108 1373
f 1373 2306 2524
f 1373 2524 2550
f 1374 1405 1470
f 2132 1405 1374
f 1374 1470 3622
f 3585 2132 1374
f 1374 3599 3622
f 1374 3599 3655
f 3655 3622 1374
f 1375 2351 2570
f 1375 2570 3631
f 3583 2625 1375
f 1377 1651 1776
f 2536 1651 1377
f 1377 1651 2775
f 1378 1977 2087
f 1378 1977 2474
f 1378 1977 3388
f 3401 2087 1378
f 1378 2474 3388
f 2679 2557 1378
f 1378 3378 3388
f 3401 3378 1378
f 1633 1412 1379
f 1379 1633 3374
f 2016 1533 1380
f 2271 2016 1380
f 1384 2025 2137
f 3151 2025 1384
f 1384 2301 3151
f 2638 1938 1385
f 2124 2041 1387
f 2706 2566 1387
f 1387 2706 2924
f 1388 1955 1975
f 2386 1414 1389
f 2836 1414 1389
f 2639 2226 1389
f 2834 2386 1389
f 1389 2482 2639
f 1389 2639 2900
f 2902 2639 1389
f 2900 2836 1389
f 1390 1422 1461
f 1390 1461 2605
f 1390 1526 1680
f 1391 1839 2560
f 3166 2465 1391
f 1392 1535 2201
f 2201 1941 1392
f 3158 2186 1393
f 3169 3158 1393
f 2191 1667 1394
f 1394 1667 2947
f 1394 2191 2894
f 2894 2715 1394
f 1394 2715 2947
f 1395 3057 3106
f 2523 1496 1396
f 2964 1733 1397
f 1399 1688 2194
f 3685 1688 1399
f 2251 1871 1399
f 1399 1871 3498
f 1399 1871 3685
f 1399 2194 2251
f 1399 3498 3685
f 1417 1411 1400
f 2228 1417 1400
f 1800 1452 1402
f 1402 1478 2096
f 1402 2096 3344
f 3310 2141 1403
f 1967 1470 1405
f 1405 2132 2133
f 1406 1414 2386
f 1758 1629 1407
f 2460 1758 1407
f 1408 1791 2755
f 1408 2385 2453
f 1408 2453 2755
f 2252 1899 1409
f 1410 1499 2197
f 1410 1499 2610
f 2657 1499 1410
f 1410 1762 2148
f 2610 1762 1410
f 1410 2197 2610
f 1411 1417 1980
f 1412 1583 2274
f 2380 1653 1413
f 1413 1653 2912
f 2915 1653 1413
f 2380 2113 1413
f 1413 2113 2912
f 1413 2380 2912
f 2836 2696 1414
f 1415 1626 2624
f 2624 2213 1415
f 2830 1980 1417
f 1417 2228 2830
f 2254 2060 1419
f 1420 2174 2476
f 2845 2174 1420
f 1420 2845 3673
f 3673 3672 1420
f 3259 2212 1421
f 1422 1461 1828
f 1828 1664 1422
f 1422 1664 3561
f 3561 1828 1422
f 1423 3284 3293
f 1424 1766 2578
f 2693 1766 1424
f 2427 2017 1425
f 2114 1887 1426
f 2331 2114 1426
f 1426 2553 3468
f 2688 1772 1427
f 1427 1815 2688
f 1427 2472 2783
f 1427 2783 3313
f 1427 2783 3500
f 1427 3312 3500
f 1427 3313 3500
f 2398 1802 1430
f 1430 1989 3175
f 3175 2398 1430
f 1432 1568 2317
f 1432 2317 2366
f 2780 2366 1432
f 3381 2780 1432
f 1738 1701 1433
f 2554 1701 1433
f 1433 1738 2554
f 3367 3365 1433
f 1593 1559 1434
f 1434 1559 1990
f 2293 1593 1434
f 1434 2266 2293
f 2156 1512 1435
f 1435 1512 2221
f 1652 1567 1436
f 1436 1567 3249
f 3276 1567 1436
f 1436 2229 3381
f 1436 3204 3249
f 3304 3204 1436
f 1436 3204 3305
f 1436 3249 3250
f 1436 3250 3276
f 1436 3255 3276
f 3381 3304 1436
f 1436 3305 3381
f 1437 1514 1663
f 1437 1514 2548
f 1437 1514 2812
f 1437 1663 2332
f 1437 1663 3693
f 3693 2548 1437
f 1437 2812 3693
f 2432 2291 1438
f 1438 2291 2825
f 1960 1536 1439
f 3547 1536 1439
f 3593 1536 1439
f 1714 1642 1439
f 1439 1642 3593
f 1907 1714 1439
f 3553 1960 1439
f 1439 2790 3592
f 3592 3547 1439
f 1440 1802 2398
f 1441 1854 2195
f 2321 1854 1441
f 2195 1941 1441
f 1441 1941 2201
f 1442 1492 2286
f 2204 1841 1443
f 2556 1862 1443
f 2365 1566 1444
f 1444 1637 2548
f 2509 2285 1445
f 1445 2285 2571
f 1446 1458 2134
f 2245 1932 1446
f 1446 2134 2665
f 2665 2245 1446
f 1922 1717 1447
f 2857 1922 1447
f 1447 2106 2823
f 1448 1519 2079
f 3360 1519 1448
f 1838 1830 1448
f 2079 1838 1448
f 1448 2422 3360
f 1450 1455 1959
f 2859 2148 1450
f 2402 2051 1452
f 1452 2051 2592
f 3358 2402 1452
f 1453 1724 1786
f 2602 1724 1453
f 1453 1728 2602
f 3119 1786 1453
f 1453 1786 3126
f 3126 2295 1453
f 1453 2295 3130
f 3130 3119 1453
f 1455 1613 1959
f 1455 1613 2685
f 1456 1597 1902
f 1456 1597 1973
f 1456 1902 2569
f 1456 1973 2923
f 2923 1749 1460
f 1460 1760 2429
f 1460 2429 2923
f 1461 2378 2461
f 2605 2378 1461
f 1462 1939 2517
f 1462 2517 2618
f 2902 2517 1462
f 3086 1888 1463
f 1463 1888 3125
f 1463 2248 2419
f 3125 3086 1463
f 1465 1796 2165
f 2362 1796 1465
f 1465 2165 2616
f 1648 1605 1466
f 2612 1648 1466
f 1466 1648 3614
f 3614 1711 1466
f 1467 1703 2390
f 1467 1703 3337
f 1467 1755 1770
f 3337 1755 1467
f 1467 1770 3334
f 3334 2184 1467
f 1468 2782 3686
f 1469 1827 1882
f 1469 1882 2264
f 2798 1882 1469
f 1469 2264 2594
f 1469 2264 2798
f 1470 1967 3626
f 3623 3622 1470
f 3626 3623 1470
f 1471 1905 3587
f 2382 1538 1472
f 3451 2777 1472
f 2346 2024 1475
f 1475 2346 3193
f 1475 3178 3186
f 1476 1806 2572
f 2572 2412 1476
f 1477 1962 2425
f 1477 1962 2746
f 3348 3345 1478
f 2653 2207 1480
f 3241 2653 1480
f 1480 2755 3241
f 1481 1616 2140
f 2464 1616 1481
f 1481 1834 2075
f 2140 1834 1481
f 1481 2075 2140
f 1481 2075 2464
f 2577 1832 1482
f 1482 1832 3522
f 2577 2082 1482
f 1482 2577 3534
f 3534 3522 1482
f 2290 1844 1483
f 2576 1844 1483
f 1483 1844 3286
f 1483 2431 2576
f 3286 2431 1483
f 2227 1855 1484
f 2680 2227 1484
f 1485 1506 1893
f 2636 1506 1485
f 1485 1893 2360
f 1485 2360 2399
f 1736 1693 1486
f 2410 1693 1486
f 2192 1736 1486
f 1486 2192 2410
f 3320 3319 1487
f 2654 2193 1488
f 1489 1860 2615
f 1489 1860 3171
f 1489 3210 3215
f 1490 1634 2735
f 2050 1562 1491
f 2050 1709 1491
f 1491 1920 3182
f 3182 2050 1491
f 1492 2182 2286
f 3659 1494 1493
f 2802 2396 1493
f 1493 2802 3659
f 3604 1827 1494
f 1494 2870 3604
f 3659 2870 1494
f 1494 3604 3659
f 1496 2160 2299
f 2523 2160 1496
f 2224 1502 1497
f 1497 1874 3201
f 3201 2224 1497
f 1498 1963 3240
f 1499 1969 2197
f 1499 2197 2691
f 2691 2610 1499
f 1499 2657 2839
f 1500 1655 1869
f 1500 1869 2237
f 1500 1869 2877
f 2237 1970 1500
f 2821 1674 1501
f 1501 1762 2148
f 2821 1762 1501
f 2859 1911 1501
f 1501 2148 2859
f 1501 2821 2876
f 2876 2858 1501
f 2224 2003 1502
f 1502 2003 2301
f 1503 2373 2494
f 3150 2373 1503
f 1504 1848 3492
f 1505 1915 2410
f 3541 1893 1506
f 1506 2636 3518
f 1506 3518 3533
f 1506 3518 3541
f 1506 3533 3541
f 1507 3281 3285
f 1507 3281 3295
f 1508 1937 3317
f 2391 1821 1509
f 3494 2391 1509
f 1510 1766 2197
f 2578 1766 1510
f 2197 1969 1510
f 1510 1969 2888
f 2888 2578 1510
f 1511 1967 2629
f 3626 1967 1511
f 1511 3623 3626
f 1513 1954 2345
f 3238 2210 1513
f 3242 2345 1513
f 3237 2381 1513
f 1513 2381 3238
f 1514 1637 2548
f 1515 1651 1753
f 1776 1651 1515
f 1516 2183 2704
f 1516 2183 2830
f 1516 2183 2847
f 2830 2228 1516
f 1516 2228 2868
f 1516 2847 2918
f 2918 2869 1516
f 1517 1584 2441
f 1518 2156 2547
f 1518 2547 3632
f 1519 1825 2079
f 3361 1825 1519
f 1519 2079 2768
f 1519 2768 3364
f 1519 3360 3361
f 3364 3361 1519
f 1520 2008 2627
f 1520 2627 3071
f 3625 1866 1521
f 1522 1624 2311
f 1522 2311 2456
f 2456 2372 1522
f 1523 2518 2631
f 3010 1580 1524
f 1525 1619 2550
f 2550 2524 1525
f 1525 2524 2660
f 1527 1589 1984
f 1527 1984 2448
f 2567 2448 1527
f 2894 2448 1527
f 3290 2103 1528
f 2641 2305 1528
f 1528 2305 3290
f 3288 3283 1528
f 1529 1807 2251
f 3678 1807 1529
f 2251 1928 1529
f 1530 1575 1699
f 1868 1575 1530
f 1530 1998 2429
f 1531 1588 3362
f 3362 2348 1531
f 2912 1653 1534
f 1534 2249 2831
f 2432 2291 1534
f 2831 2432 1534
f 1534 2831 2912
f 1960 1743 1536
f 1536 1743 2202
f 2202 2158 1536
f 1536 2158 3593
f 3547 2202 1536
f 1536 2202 3549
f 1536 3549 3593
f 1537 1970 2014
f 2073 1970 1537
f 1537 2014 2073
f 1538 1555 2435
f 2435 2070 1538
f 1538 2382 3453
f 2820 2816 1540
f 1540 2818 2822
f 2822 2820 1540
f 1541 1795 2784
f 2784 2502 1541
f 3614 1648 1542
f 1542 2612 3614
f 2170 2085 1543
f 3696 2497 1544
f 2594 2365 1545
f 2433 2389 1545
f 3323 3321 1546
f 3276 3254 1547
f 1547 3254 3296
f 3234 2607 1551
f 1552 1830 3484
f 3484 2544 1552
f 3177 1611 1553
f 1553 1611 3179
f 1870 1582 1554
f 1554 1582 2606
f 2215 1870 1554
f 2215 2048 1554
f 2606 2048 1554
f 1556 1660 3273
f 3273 1785 1556
f 2392 2146 1557
f 1953 1690 1558
f 1558 1690 2242
f 2348 2185 1558
f 2242 2241 1558
f 1558 2241 2348
f 1981 1792 1559
f 2632 1792 1559
f 3015 1792 1559
f 1559 1981 1990
f 1559 1981 3015
f 1559 2958 3015
f 1562 1649 2353
f 2353 2219 1562
f 1564 1601 2189
f 2189 1725 1564
f 1564 1725 2574
f 2574 1769 1564
f 1565 1922 2713
f 1565 2702 2713
f 2860 2702 1565
f 1566 2365 3629
f 1567 1652 2614
f 1567 2614 3249
f 3276 2614 1567
f 1567 2614 3300
f 1568 2055 2317
f 1569 2323 2725
f 3060 2323 1569
f 3064 2323 1569
f 1569 2725 3060
f 1570 2036 3646
f 1572 2164 3039
f 1572 2260 3148
f 3120 3092 1572
f 1572 3092 3146
f 3146 3120 1572
f 3148 3146 1572
f 1575 1699 2939
f 2939 1868 1575
f 3540 1985 1576
f 3150 3141 1577
f 1578 1852 2081
f 1579 2199 2699
f 1579 2199 3663
f 1579 2695 3694
f 3663 2699 1579
f 3694 2699 1579
f 1582 1870 2042
f 1582 2042 2108
f 1582 2154 2606
f 1583 1618 2449
f 2449 2274 1583
f 1587 1687 2087
f 2428 1687 1587
f 2087 1977 1587
f 1587 1977 2474
f 1587 2087 2428
f 3384 2474 1587
f 1589 1984 3020
f 3020 2894 1589
f 1780 1604 1590
f 1591 2082 2565
f 1591 2082 2597
f 2905 2336 1592
f 1593 2293 2958
f 1594 1623 2141
f 1594 2141 3310
f 1760 1665 1596
f 1597 1789 2962
f 1597 2359 2962
f 1597 2941 2962
f 2073 1911 1598
f 2858 1911 1598
f 1598 1970 2073
f 2914 1970 1598
f 3453 2382 1599
f 1599 2382 3456
f 3456 3438 1599
f 1601 2190 2934
f 1602 2443 2739
f 1602 3121 3142
f 3149 3121 1602
f 1602 3142 3143
f 1606 2361 2479
f 1606 2361 3180
f 1607 2056 2363
f 1607 2056 3142
f 2581 2363 1607
f 3142 2363 1607
f 1609 1636 1805
f 1805 1773 1609
f 2545 2144 1610
f 2961 2144 1610
f 3177 1621 1611
f 1611 1865 3179
f 3156 3153 1612
f 2601 1959 1613
f 3669 2685 1613
f 1614 1891 2026
f 1614 1891 2379
f 2587 2010 1614
f 1614 2026 2587
f 1614 2026 3024
f 3024 2587 1614
f 2011 1701 1615
f 2464 2379 1616
f 1618 1812 2449
f 1618 1812 3457
f 1956 1914 1620
f 1620 1914 2080
f 1620 2080 3156
f 3177 1669 1621
f 2145 1842 1621
f 1621 1842 2745
f 2377 2119 1622
f 1623 1752 2141
f 2023 1877 1625
f 3196 2624 1626
f 1627 1818 2209
f 3109 2515 1628
f 1628 3103 3107
f 1628 3103 3109
f 1630 1643 1925
f 1630 1643 3576
f 3576 2110 1630
f 1631 2481 3162
f 3172 2481 1631
f 1631 3162 3165
f 1633 1858 2366
f 1633 1858 2806
f 1633 1858 3373
f 1633 2806 3373
f 1633 3366 3376
f 1633 3373 3374
f 1635 1726 2370
f 2370 1751 1635
f 1635 2370 3500
f 1636 1831 3315
f 1637 2548 2812
f 1638 2068 2144
f 2502 2179 1639
f 2172 1999 1641
f 2212 1999 1641
f 3261 2172 1641
f 3261 2212 1641
f 1642 1714 1734
f 1642 1734 3593
f 1643 1925 2018
f 1643 1925 2083
f 1643 1966 2120
f 1643 1966 3576
f 1643 2018 2083
f 2120 2083 1643
f 1643 3615 3616
f 1644 2220 2591
f 3238 2381 1644
f 1644 2591 3200
f 3238 2591 1644
f 2499 1951 1645
f 1934 1834 1646
f 1646 1872 1934
f 2838 1872 1646
f 1646 1934 3048
f 1647 1826 2172
f 1647 2172 3261
f 1647 3261 3264
f 2573 2353 1649
f 3651 2261 1650
f 1650 3003 3651
f 1653 2380 2432
f 2945 1942 1655
f 1657 2277 3594
f 1657 2568 2619
f 1986 1979 1660
f 1660 1979 3273
f 3584 3512 1662
f 2491 2314 1663
f 1663 2491 3693
f 1667 2715 2947
f 1670 3522 3523
f 1846 1769 1673
f 1673 1769 2574
f 2821 2512 1674
f 1674 2512 2917
f 1674 2877 2914
f 2917 2877 1674
f 2917 2914 1674
f 1675 2625 3583
f 3606 3590 1675
f 1677 1897 2166
f 1677 1935 2544
f 1964 1748 1678
f 2451 1748 1678
f 1678 2451 2769
f 1679 2130 2687
f 1679 2698 2907
f 2907 2905 1679
f 1680 3055 3473
f 2611 2458 1681
f 1682 1791 2335
f 2412 2171 1683
f 1683 2171 2579
f 1683 2171 3512
f 1685 1727 2276
f 2388 1727 1685
f 3189 2276 1685
f 2428 2087 1687
f 1687 2087 3401
f 3685 3498 1688
f 1690 1953 2328
f 1690 3363 3367
f 3340 2019 1691
f 3347 2019 1691
f 3346 2096 1691
f 3343 3340 1691
f 3346 3343 1691
f 1693 1736 2793
f 1693 2410 2956
f 2508 1927 1694
f 1694 2474 3385
f 3131 2508 1694
f 3132 2508 1694
f 1694 3130 3132
f 3385 3131 1694
f 2582 2561 1695
f 3446 2561 1695
f 1695 2582 3419
f 1695 3419 3446
f 1697 1773 1873
f 2486 1773 1697
f 1697 1873 2590
f 1697 1940 2486
f 3633 1925 1700
f 1700 2018 3634
f 2736 2480 1702
f 2390 1770 1703
f 1703 1770 3336
f 2059 2032 1703
f 1703 2032 2390
f 1703 3336 3337
f 1704 2711 2717
f 1704 2711 3005
f 1704 2717 3005
f 2803 2547 1705
f 2310 1750 1706
f 1981 1845 1707
f 1990 1981 1707
f 1708 1931 2117
f 1710 1879 2107
f 2269 1879 1710
f 1711 2794 3614
f 2599 1934 1712
f 1713 2097 2177
f 2417 2097 1713
f 1907 1734 1714
f 3549 1734 1714
f 1714 1734 3593
f 3593 3549 1714
f 1991 1754 1716
f 1716 1754 3424
f 2168 1991 1716
f 1717 1922 2702
f 1717 2702 2910
f 2898 2287 1719
f 1721 2230 2741
f 3373 2230 1721
f 3373 2666 1721
f 1721 2666 3398
f 1721 3373 3395
f 3398 3394 1721
f 2476 2174 1722
f 1722 2262 2476
f 1723 2341 2391
f 1723 2391 3686
f 2602 1968 1724
f 3128 2602 1724
f 1724 3125 3128
f 1725 1735 2574
f 1727 1814 2388
f 1727 1814 3213
f 3213 2388 1727
f 1728 2757 3130
f 1729 1856 2997
f 3543 1856 1729
f 2468 1753 1730
f 2627 2008 1731
f 1731 2090 2627
f 3580 2158 1732
f 2964 2022 1733
f 1734 1736 2192
f 3580 1736 1734
f 1907 1784 1734
f 3549 1784 1734
f 1734 2192 2410
f 2892 2410 1734
f 1734 2410 3580
f 3593 3580 1734
f 3580 2192 1736
f 1737 1904 2027
f 1737 2027 3690
f 2214 1910 1739
f 3225 1910 1739
f 1739 3223 3225
f 3151 3026 1742
f 1749 1908 2569
f 2569 1973 1749
f 1749 1973 2923
f 1750 2310 3627
f 1751 2370 2620
f 3500 2370 1751
f 2127 2005 1752
f 1752 2005 2141
f 2107 1879 1753
f 1753 1879 2468
f 1754 2775 3424
f 3334 1770 1755
f 3337 3334 1755
f 2520 1890 1756
f 1756 1987 2520
f 1757 2318 2648
f 1757 2318 2721
f 2721 2648 1757
f 2968 2721 1757
f 2503 2460 1758
f 1759 2480 2736
f 3013 2882 1759
f 1762 2148 2876
f 2876 2821 1762
f 1763 2824 2921
f 2376 2355 1764
f 2652 2362 1765
f 2691 2197 1766
f 2888 2197 1766
f 1766 2578 2888
f 2272 1854 1767
f 1767 1854 2321
f 1767 2095 2272
f 2321 2095 1767
f 1770 3334 3337
f 3337 3336 1770
f 1771 3590 3595
f 1993 1965 1772
f 3289 1993 1772
f 1772 2688 3289
f 1772 3289 3320
f 2822 2270 1775
f 2046 2032 1779
f 1779 2032 2059
f 3330 2032 1779
f 3327 2046 1779
f 3327 3322 1779
f 1779 3322 3330
f 1780 2363 2581
f 1782 3588 3589
f 1783 1829 2383
f 2513 2010 1783
f 1783 2383 2513
f 1784 1907 2585
f 3549 2585 1784
f 3273 3228 1785
f 3119 2496 1786
f 1787 2811 3699
f 1788 1819 2438
f 2815 1819 1788
f 1788 2438 2813
f 1788 2813 2815
f 1789 2941 2962
f 3015 2222 1792
f 1914 1843 1793
f 1793 1843 2752
f 1793 1914 2080
f 1793 1914 2752
f 2752 2080 1793
f 3156 2080 1793
f 1794 2279 2771
f 1795 2562 2784
f 1795 2562 2809
f 1795 2809 3502
f 3083 2165 1796
f 1796 2362 2652
f 2652 2369 1796
f 1796 2369 3083
f 1797 2211 2789
f 2521 2439 1797
f 2907 2118 1801
f 1803 2038 2505
f 3354 2505 1803
f 3354 3352 1803
f 1806 2171 2572
f 2644 2171 1806
f 1807 1871 2251
f 2530 1871 1807
f 3678 2530 1807
f 3638 2436 1809
f 3294 1963 1810
f 1810 3291 3294
f 3438 1932 1812
f 1812 2449 3457
f 3213 2388 1814
f 1815 2384 2688
f 2063 1885 1816
f 2071 2063 1816
f 2642 1917 1817
f 3631 1917 1817
f 3634 2018 1818
f 2820 2438 1819
f 1819 2815 2816
f 1819 2816 2820
f 2603 2411 1820
f 3300 2603 1820
f 1820 3280 3300
f 3302 3280 1820
f 1820 3300 3302
f 1822 2016 2271
f 3689 2156 1823
f 1825 2005 2127
f 3326 2079 1825
f 1825 2127 3326
f 1825 2768 3326
f 3361 2768 1825
f 1827 1882 3603
f 1827 1882 3604
f 1827 3603 3604
f 2609 2383 1829
f 1830 1838 2292
f 1832 2131 2232
f 2577 2131 1832
f 3681 1995 1833
f 2140 2075 1834
f 2676 1844 1835
f 1835 3214 3286
f 3288 3214 1835
f 3286 3283 1835
f 1835 3283 3288
f 3160 2563 1836
f 3161 3160 1836
f 1838 2079 3326
f 2112 1918 1841
f 1841 1918 2204
f 1841 1918 2700
f 2919 1918 1841
f 1841 2204 2919
f 1842 2081 2349
f 2290 1946 1844
f 1844 1946 2676
f 1844 2676 3286
f 1846 2147 2190
f 2312 2147 1846
f 2912 2911 1846
f 1849 2275 2537
f 2563 2275 1849
f 1849 2537 3159
f 3159 2563 1849
f 2505 2038 1850
f 1850 2038 3332
f 3354 2038 1850
f 2552 2505 1850
f 1850 2505 3354
f 1850 3332 3347
f 2560 1886 1851
f 3172 1886 1851
f 3174 1886 1851
f 3162 2315 1851
f 1851 2315 3174
f 1851 3162 3172
f 2349 2081 1852
f 1852 2349 3169
f 3169 3157 1852
f 2272 2195 1854
f 3162 1978 1855
f 1855 2227 3164
f 3170 3162 1855
f 1855 3164 3170
f 3543 2176 1856
f 3154 2749 1857
f 1857 2749 3187
f 3375 3373 1858
f 3395 3375 1858
f 1858 3394 3395
f 3583 2625 1861
f 1863 2032 2046
f 2527 2002 1866
f 3625 2352 1866
f 1866 2527 2626
f 2646 2525 1867
f 2604 1889 1868
f 1868 1889 2939
f 1869 2237 2877
f 2215 1899 1870
f 1870 1899 2252
f 2252 2042 1870
f 1871 2179 3498
f 1871 2179 3685
f 3035 1934 1872
f 2842 2033 1872
f 1872 2033 3035
f 1873 2586 2590
f 1874 1956 3201
f 3603 3598 1875
f 1876 2697 2833
f 2948 2697 1876
f 1876 2833 2900
f 1877 2023 2904
f 1879 2269 2468
f 2711 2208 1881
f 1881 2208 2984
f 2792 2211 1881
f 3005 2711 1881
f 2984 2792 1881
f 3604 2264 1882
f 1882 2798 3603
f 1882 2798 3630
f 1882 3603 3604
f 3630 3604 1882
f 1883 2041 2124
f 1883 2124 2495
f 2495 2161 1883
f 2817 2161 1883
f 2818 2161 1883
f 1883 2817 2818
f 1883 2817 2819
f 2063 1944 1885
f 3214 2063 1885
f 3286 3214 1885
f 2504 2416 1886
f 3174 2504 1886
f 3174 2584 1886
f 1886 3172 3174
f 1887 2730 3476
f 1889 2925 2939
f 1890 2520 3605
f 3660 2520 1890
f 1890 2802 3604
f 3605 2802 1890
f 1890 3604 3660
f 1890 3605 3631
f 3541 2462 1893
f 3541 3533 1893
f 1894 2502 2784
f 1894 2502 3529
f 1896 2515 3109
f 3109 3100 1896
f 2989 2261 1898
f 1898 2261 3651
f 1901 3316 3481
f 1902 1973 2569
f 1903 2444 3668
f 1903 3314 3668
f 2316 2027 1904
f 1904 2316 3636
f 1905 1926 3587
f 1907 2470 2585
f 2035 1983 1909
f 1910 2214 3225
f 1910 2298 3219
f 3219 2500 1910
f 1910 2500 3225
f 1912 2379 2464
f 1914 2080 2752
f 2425 2151 1916
f 2570 2351 1917
f 3631 3607 1917
f 1918 2112 2908
f 2822 2204 1918
f 2640 2270 1918
f 1918 2270 2822
f 1918 2908 2926
f 1918 2926 2927
f 3059 2499 1919
f 1919 2523 3059
f 1920 3093 3182
f 2713 2702 1922
f 2857 2713 1922
f 1925 2018 2083
f 1926 3587 3589
f 2218 2043 1930
f 1930 2043 2250
f 2951 2117 1931
f 1933 2115 2200
f 1933 2200 3499
f 3035 2599 1934
f 3048 2599 1934
f 1937 2015 2198
f 3317 2015 1937
f 1939 2482 2517
f 2639 2482 1939
f 1939 2555 2639
f 1941 1996 2044
f 2195 1996 1941
f 1942 2871 2945
f 2960 2871 1942
f 1942 2871 3010
f 1942 2945 2950
f 1942 2950 2960
f 2644 2579 1943
f 1943 2579 3517
f 1944 2063 3188
f 2530 2406 1948
f 1948 2406 2538
f 2408 2328 1953
f 2446 1975 1955
f 1955 2136 2446
f 2841 2136 1955
f 1955 2136 2848
f 2848 2843 1955
f 1955 2843 2910
f 2284 2126 1957
f 1957 3350 3351
f 1957 3351 3352
f 1961 2734 3027
f 1969 2197 2888
f 1970 2014 2073
f 2237 2014 1970
f 2877 2237 1970
f 2914 2877 1970
f 1971 2388 3213
f 2923 1998 1973
f 2446 2253 1975
f 2848 2253 1975
f 1975 2747 2840
f 1975 2840 2848
f 1976 2548 3616
f 1976 3656 3661
f 1977 2474 3388
f 1978 3162 3170
f 2212 1986 1979
f 3260 1986 1979
f 1979 2212 3259
f 1980 2183 2234
f 2830 2183 1980
f 1983 2035 2664
f 1983 2664 2943
f 1983 2709 2943
f 2947 2709 1983
f 1983 2943 2947
f 2448 2413 1984
f 1984 2448 2894
f 1984 2894 3020
f 3540 2788 1985
f 1986 2212 3261
f 1986 3260 3261
f 3289 2418 1993
f 1993 2418 3321
f 2108 2042 1994
f 1996 2195 2637
f 1997 3582 3661
f 2923 2429 1998
f 1999 2212 3272
f 2714 2273 2000
f 2000 2273 2792
f 3545 2714 2000
f 2000 2792 2984
f 2000 2993 2994
f 3545 2993 2000
f 3359 2392 2001
f 3361 2529 2001
f 2001 3359 3483
f 2003 2155 2301
f 2326 2224 2003
f 2003 2326 2452
f 2003 2326 2762
f 2007 2019 3347
f 3071 2627 2008
f 2882 2677 2008
f 2008 2677 3071
f 2009 2129 2512
f 2889 2129 2009
f 2012 2123 2996
f 2014 2073 2862
f 2454 2198 2015
f 3319 2454 2015
f 3325 2454 2015
f 2015 3317 3319
f 2017 2210 3243
f 3203 2427 2017
f 3243 2427 2017
f 2019 3340 3347
f 2024 2151 2346
f 2340 2137 2025
f 2662 2340 2025
f 2027 2415 3690
f 2855 2846 2028
f 2029 2057 3441
f 3330 2188 2032
f 2033 2842 3030
f 3030 3029 2033
f 2033 3029 3035
f 2038 2184 3332
f 3354 3332 2038
f 2043 2218 3437
f 2043 2777 3437
f 2046 3324 3325
f 3327 3324 2046
f 2049 2518 2913
f 2049 2913 2925
f 2049 2925 2930
f 2939 2925 2049
f 2051 2402 3362
f 2051 2552 2592
f 2051 3355 3356
f 3362 3355 2051
f 3596 2559 2053
f 2053 2797 3576
f 2053 3576 3596
f 2054 2337 2478
f 2055 2216 3306
f 3306 2317 2055
f 2055 3304 3381
f 2739 2094 2056
f 3143 3142 2056
f 3441 3371 2057
f 2058 2409 2960
f 2749 2128 2061
f 2062 2497 3698
f 3697 3695 2062
f 3698 3697 2062
f 3163 2071 2063
f 3214 3163 2063
f 2064 3490 3500
f 3492 3491 2064
f 2282 2255 2066
f 2838 2084 2067
f 2964 2961 2068
f 2069 2206 2997
f 2069 2300 2358
f 2997 2300 2069
f 3163 2466 2071
f 2076 2330 2354
f 2076 2423 2623
f 2078 2314 2491
f 3326 2768 2079
f 2082 2577 3534
f 3546 2597 2082
f 3523 3513 2082
f 2082 3513 3534
f 3614 2120 2083
f 2085 2170 2883
f 2823 2106 2088
f 2088 2106 2909
f 2909 2866 2088
f 2568 2193 2089
f 2089 2193 2654
f 2619 2568 2089
f 2885 2627 2090
f 2094 2739 3124
f 3346 3344 2096
f 3506 2787 2098
f 2098 3506 3568
f 2376 2371 2099
f 2457 2337 2100
f 3326 2127 2101
f 2104 2519 2663
f 2498 2376 2110
f 2920 2908 2112
f 2929 2920 2112
f 2116 3332 3334
f 2118 2190 2387
f 2118 2190 2907
f 2118 2387 2907
f 2832 2308 2119
f 2377 2309 2119
f 2119 2309 2832
f 3643 2153 2122
f 2354 2330 2125
f 2126 2284 2516
f 2127 2768 3326
f 2129 2512 2826
f 2129 2512 2917
f 2860 2826 2129
f 2917 2826 2129
f 2130 2432 2687
f 3534 2399 2131
f 2131 2577 3534
f 2136 2253 2446
f 2136 2253 2848
f 2139 2182 2922
f 2143 2231 3539
f 2143 2990 3540
f 2144 2961 2964
f 3307 2526 2146
f 2387 2190 2147
f 2148 2685 2876
f 2151 2346 3193
f 2336 2309 2152
f 2152 2309 2377
f 2377 2336 2152
f 2606 2267 2154
f 3151 2301 2155
f 3689 2547 2156
f 2158 3580 3593
f 2159 2247 3194
f 2822 2270 2161
f 2824 2495 2161
f 2161 2817 2822
f 2161 2818 2824
f 2595 2256 2162
f 2162 2500 3219
f 2162 2500 3225
f 3225 2595 2162
f 3124 3039 2164
f 2164 3092 3120
f 2165 2344 2616
f 3083 2344 2165
f 3180 2334 2167
f 3233 3231 2169
f 2171 2412 2572
f 2644 2579 2171
f 2171 2644 3613
f 3613 3512 2171
f 3028 2469 2173
f 2173 2469 3186
f 3673 2845 2174
f 2375 2364 2175
f 3476 2375 2175
f 2399 2360 2176
f 2507 2399 2176
f 3543 2471 2176
f 2179 2280 3462
f 2179 3462 3498
f 2179 3682 3685
f 2922 2265 2182
f 2704 2234 2183
f 2183 2234 2847
f 3334 3332 2184
f 2348 2329 2185
f 3158 3157 2186
f 2186 3157 3169
f 3351 3330 2188
f 3353 3351 2188
f 2190 2716 2934
f 2192 2410 2892
f 3580 2410 2192
f 2892 2729 2192
f 2195 2272 2637
f 2691 2610 2197
f 2198 2454 2622
f 2199 2862 3663
f 2199 3653 3663
f 2208 2648 2968
f 2208 2711 2991
f 3537 2965 2208
f 2208 2984 2995
f 2208 2991 2992
f 2995 2991 2208
f 2208 2992 3537
f 3243 3203 2210
f 2210 3238 3243
f 2792 2789 2211
f 3272 3228 2212
f 2213 2624 3029
f 2213 3029 3030
f 2213 3030 3185
f 2214 2595 3225
f 2216 2317 2780
f 2216 2317 3306
f 2219 2353 2662
f 2220 2494 2591
f 2229 2780 3381
f 3374 2477 2230
f 2230 3373 3374
f 3537 2995 2231
f 2235 2448 2567
f 3044 2726 2238
f 2238 3038 3044
f 2239 2367 3106
f 2239 2367 3471
f 2239 3106 3471
f 2249 2831 2928
f 2258 2588 3300
f 2634 2603 2258
f 3629 2594 2264
f 2264 2796 2798
f 3629 2796 2264
f 2264 3604 3660
f 2266 2293 2718
f 2718 2368 2266
f 2269 2306 2468
f 2524 2306 2269
f 2660 2524 2269
f 2269 2650 2660
f 2824 2822 2270
f 2983 2714 2273
f 2993 2714 2273
f 2273 2789 2792
f 2275 2537 3159
f 3159 2563 2275
f 2660 2650 2278
f 2280 3448 3462
f 3637 3448 2280
f 2281 2394 2451
f 2326 2325 2285
f 2452 2326 2285
f 2509 2452 2285
f 2285 2452 2744
f 2287 2898 2904
f 2293 2718 2958
f 2297 2653 3241
f 2297 3155 3231
f 2298 2381 3237
f 3237 3219 2298
f 3237 3221 2298
f 2462 2358 2300
f 2998 2997 2300
f 2302 2788 3540
f 3545 2788 2302
f 2302 3545 3554
f 2306 2468 3415
f 3415 2524 2306
f 2309 2825 2832
f 2310 3619 3627
f 3220 2385 2313
f 2313 2385 3226
f 2313 2385 3229
f 3226 3220 2313
f 3229 3226 2313
f 2315 2457 2504
f 2315 2457 3174
f 2315 2504 3174
f 2315 3165 3170
f 2317 2366 2780
f 2985 2358 2318
f 2985 2648 2318
f 2434 2343 2322
f 2740 2725 2323
f 2323 3060 3064
f 3668 2444 2324
f 2325 2326 3115
f 2326 2762 3115
f 2328 2408 3329
f 2329 2348 3362
f 2582 2437 2331
f 2337 2457 2504
f 2504 2478 2337
f 3623 2800 2338
f 2338 3599 3622
f 2338 3622 3623
f 3211 2764 2339
f 2340 2353 2573
f 2662 2353 2340
f 2346 2434 3193
f 2349 3167 3169
f 3187 3167 2349
f 2354 2510 2525
f 2354 2525 2646
f 2355 2376 2498
f 2356 2566 2706
f 2356 2566 2872
f 2541 2389 2357
f 2358 2462 2985
f 2359 2872 2962
f 2361 2479 3180
f 2363 2742 3087
f 2363 2742 3116
f 2363 2742 3142
f 2365 2594 3629
f 3471 3106 2367
f 2369 2731 3083
f 3389 2757 2372
f 2591 2494 2373
f 2738 2591 2373
f 3150 2738 2373
f 2375 3476 3477
f 2380 2432 2912
f 2385 3217 3226
f 2385 3227 3229
f 3235 3227 2385
f 2541 2433 2389
f 2391 3494 3686
f 3483 3359 2392
f 3534 2507 2399
f 2400 2520 2633
f 2651 2520 2400
f 2400 2633 2651
f 3170 3164 2403
f 2651 2493 2404
f 2404 2493 3609
f 2404 2520 2651
f 3660 2651 2404
f 2411 2603 3278
f 2411 2603 3282
f 2411 3278 3280
f 3282 3278 2411
f 2411 3278 3285
f 3280 3279 2411
f 2504 2478 2416
f 2418 3289 3320
f 3088 3086 2419
f 2419 3086 3089
f 2420 2488 3215
f 2420 2488 3293
f 2420 2763 3274
f 3293 2763 2420
f 2420 3215 3274
f 2422 2445 2529
f 2422 2529 3360
f 2426 2679 3251
f 2430 2729 2892
f 2432 2831 2912
f 2437 2561 2582
f 2437 2582 3446
f 2817 2813 2438
f 2438 2817 2820
f 2438 2817 2822
f 2438 2820 2822
f 3124 2739 2443
f 2443 3146 3149
f 2447 2472 3303
f 3241 2755 2453
f 3325 3324 2454
f 2457 2504 3174
f 2462 2558 2985
f 3541 2558 2462
f 2466 3163 3214
f 2585 2546 2470
f 2790 2546 2470
f 2470 2585 3592
f 3592 2790 2470
f 2471 2507 3558
f 3560 2507 2471
f 2471 2575 3560
f 3555 2998 2471
f 3558 3555 2471
f 2472 2783 3303
f 2474 3384 3385
f 3268 3236 2475
f 2479 3168 3180
f 3187 3168 2479
f 2479 3180 3187
f 3172 3162 2481
f 2488 2846 3293
f 2488 2846 3675
f 3675 3293 2488
f 3432 2775 2492
f 2496 3119 3140
f 2497 3696 3698
f 3059 3055 2499
f 2501 3159 3161
f 2507 3534 3558
f 2737 2522 2508
f 3131 2737 2508
f 2917 2826 2512
f 2516 3352 3353
f 3606 2651 2520
f 2520 2651 3660
f 3658 3605 2520
f 2520 3605 3660
f 3660 3606 2520
f 2520 3610 3658
f 3136 3132 2522
f 3361 3360 2529
f 2530 3314 3678
f 3395 3369 2533
f 2542 2647 3217
f 2542 3212 3217
f 3227 3212 2542
f 2546 2790 3548
f 3693 2812 2548
f 3293 2846 2551
f 3675 2846 2551
f 2551 3293 3675
f 2552 3348 3357
f 2557 2679 3258
f 3305 3258 2557
f 2557 3258 3379
f 3379 3305 2557
f 3161 3159 2563
f 2564 3603 3606
f 2948 2707 2567
f 2570 3606 3607
f 2570 3607 3631
f 2571 2624 3196
f 3202 2624 2571
f 2571 3196 3202
f 3184 2749 2573
f 2573 3093 3184
f 3613 2644 2579
f 2579 3521 3613
f 2582 3419 3446
f 2585 2957 3592
f 2585 3549 3592
f 2588 3204 3249
f 2589 3205 3296
f 2591 3150 3200
f 3225 3223 2595
f 3035 3029 2599
f 2601 2695 3664
f 2603 2634 3282
f 2603 2765 3278
f 3300 3278 2603
f 3302 3249 2614
f 3302 3300 2614
f 3319 3317 2622
f 3202 3029 2624
f 3202 3196 2624
f 2703 2697 2639
f 2639 2697 2900
f 2902 2703 2639
f 2643 2725 2740
f 3218 3217 2647
f 2648 2721 2968
f 2649 2726 3244
f 3660 3603 2651
f 2845 2839 2657
f 2666 3373 3398
f 2667 2728 2881
f 3011 2728 2667
f 2667 2881 3016
f 3016 3000 2667
f 3069 3011 2667
f 3310 3263 2668
f 2669 2749 3168
f 2669 2749 3184
f 2669 2749 3187
f 3180 3168 2669
f 3187 3168 2669
f 3184 3180 2669
f 2903 2825 2670
f 2671 2733 3123
f 2671 3123 3145
f 2671 3145 3411
f 2945 2857 2672
f 2950 2945 2672
f 3054 2977 2673
f 2673 2977 3065
f 2673 3022 3052
f 3065 3022 2673
f 2673 3051 3054
f 2674 2974 3417
f 2675 2726 3244
f 2675 3043 3147
f 2676 3283 3286
f 2882 2724 2677
f 2677 2724 3073
f 2677 2725 2740
f 3060 2725 2677
f 2677 2740 3071
f 2677 2882 3063
f 3063 3060 2677
f 3077 3063 2677
f 2677 3068 3071
f 2677 3068 3073
f 2677 3068 3077
f 2677 3071 3073
f 2678 2751 2754
f 2678 2766 3411
f 3411 3145 2678
f 3258 3251 2679
f 3258 3253 2679
f 3199 2762 2681
f 2682 3338 3340
f 3341 3338 2682
f 2682 3340 3341
f 2682 3340 3343
f 2683 2781 3495
f 3640 2781 2683
f 2683 3450 3452
f 2683 3450 3495
f 3640 3450 2683
f 2683 3452 3640
f 2683 3485 3495
f 3639 3485 2683
f 2798 2796 2684
f 2684 2796 3619
f 3630 2798 2684
f 3619 3581 2684
f 2684 3581 3630
f 3671 2876 2685
f 3664 3586 2685
f 2685 3586 3671
f 3669 3664 2685
f 2686 2873 3601
f 3074 2852 2689
f 2689 2886 3074
f 3152 2886 2689
f 2692 3068 3073
f 3076 3068 2692
f 2935 2844 2694
f 2694 2844 2937
f 2937 2935 2694
f 3663 2867 2695
f 2695 2867 3664
f 3694 3663 2695
f 2696 2697 2835
f 2837 2697 2696
f 2696 2836 2837
f 2697 2703 2891
f 2697 2747 2835
f 2891 2747 2697
f 2948 2833 2697
f 2837 2836 2697
f 2697 2836 2900
f 2698 2716 2907
f 2699 3663 3694
f 2701 2708 2785
f 2931 2708 2701
f 2701 2785 2961
f 2964 2953 2701
f 2701 2961 2964
f 2702 2860 2910
f 2899 2727 2703
f 2703 2727 2901
f 2703 2747 2891
f 2902 2747 2703
f 2935 2899 2703
f 2703 2901 2935
f 2705 2706 2924
f 2947 2715 2707
f 2707 2847 2935
f 2707 2935 2937
f 2707 2935 2948
f 2948 2947 2707
f 2947 2943 2709
f 2709 2947 2948
f 3005 2717 2711
f 3005 2991 2711
f 2713 2857 2945
f 2714 2993 3554
f 2714 3545 3554
f 2895 2831 2716
f 2716 2831 2928
f 2928 2874 2716
f 2911 2895 2716
f 2934 2911 2716
f 2716 2933 2934
f 2971 2958 2718
f 2719 2721 2966
f 3001 2721 2719
f 2719 2890 3001
f 2719 2966 3001
f 2720 2977 2986
f 2720 2986 3004
f 2721 2966 2968
f 3001 2966 2721
f 2987 2878 2722
f 2722 2878 3544
f 2976 2973 2722
f 3053 2973 2722
f 3470 2976 2722
f 3544 3470 2722
f 2723 2861 2866
f 2723 2866 2937
f 3017 2866 2723
f 2723 2937 3017
f 2723 2952 3020
f 3020 3019 2723
f 2724 2882 3013
f 2724 3013 3062
f 2724 3062 3075
f 3075 3073 2724
f 2726 3040 3244
f 2727 2896 2897
f 2727 2896 2902
f 3017 2896 2727
f 2727 2897 3019
f 2727 2899 2937
f 2902 2901 2727
f 2727 2937 3017
f 2728 2881 3011
f 3053 2881 2728
f 2728 3011 3061
f 3061 3053 2728
f 2730 3422 3467
f 3476 3422 2730
f 3467 3426 2730
f 2730 3426 3468
f 2730 3426 3476
f 2732 2884 2886
f 3011 2884 2732
f 2732 2886 3074
f 2732 2886 3075
f 2732 3011 3061
f 3072 3011 2732
f 2732 3061 3062
f 3074 3072 2732
f 2733 2742 3116
f 2733 2742 3123
f 2733 2742 3144
f 2733 3116 3123
f 3033 3027 2734
f 2734 3031 3047
f 3195 3031 2734
f 2734 3047 3195
f 2741 3371 3402
f 3434 3371 2741
f 2741 3402 3434
f 2742 2773 3121
f 3123 2773 2742
f 2742 3085 3091
f 3144 3085 2742
f 2742 3091 3116
f 3123 3116 2742
f 2742 3116 3144
f 2742 3121 3123
f 2742 3121 3142
f 2743 3071 3073
f 2746 2749 3158
f 3198 2749 2746
f 3158 2752 2746
f 2746 2752 3198
f 2746 3158 3168
f 2746 3168 3216
f 3216 3198 2746
f 2896 2840 2747
f 2902 2896 2747
f 2748 3223 3291
f 3291 3286 2748
f 3187 3158 2749
f 3216 3168 2749
f 2749 3184 3198
f 2749 3198 3216
f 2750 3212 3226
f 2750 3226 3230
f 3127 2754 2751
f 3127 3118 2754
f 3128 3119 2757
f 2757 3119 3130
f 3391 3128 2757
f 2757 3387 3391
f 2757 3389 3391
f 3276 3255 2758
f 2760 3266 3486
f 3488 3266 2760
f 2760 3486 3488
f 2760 3488 3674
f 3115 3032 2762
f 2762 3115 3192
f 3293 3284 2763
f 2763 3293 3677
f 3280 3278 2765
f 2766 3392 3399
f 2766 3399 3400
f 2767 3503 3679
f 3679 3612 2767
f 2768 3310 3342
f 2768 3361 3364
f 2770 3100 3109
f 3418 3100 2770
f 2770 3109 3416
f 2770 3416 3421
f 3421 3418 2770
f 2772 3447 3479
f 2773 3121 3122
f 3123 3121 2773
f 3146 3121 2773
f 3145 3123 2773
f 3147 3146 2773
f 2774 3262 3683
f 2775 3403 3407
f 2775 3403 3409
f 2775 3403 3412
f 3409 3407 2775
f 3424 3407 2775
f 2775 3412 3432
f 2775 3424 3432
f 2776 3450 3641
f 3466 3437 2777
f 2777 3449 3464
f 3466 3449 2777
f 3464 3451 2777
f 2777 3451 3466
f 2778 2781 3349
f 3454 2781 2778
f 3482 3454 2778
f 2778 3480 3684
f 3684 3482 2778
f 3495 3349 2781
f 2781 3454 3640
f 2781 3495 3640
f 2782 2808 3686
f 3489 3303 2783
f 3500 3313 2783
f 2783 3489 3497
f 2783 3490 3500
f 2785 2831 2874
f 2912 2831 2785
f 2785 2874 2942
f 2786 3459 3510
f 3530 3459 2786
f 3465 3463 2786
f 2786 3463 3479
f 3645 3465 2786
f 2786 3479 3556
f 2786 3508 3510
f 3530 3508 2786
f 2786 3510 3645
f 3556 3530 2786
f 2787 3506 3568
f 2788 2994 3540
f 3553 3548 2790
f 2790 3548 3592
f 3572 2807 2791
f 2791 3525 3527
f 2791 3527 3666
f 3666 3572 2791
f 2795 3585 3602
f 2796 3609 3619
f 2796 3619 3630
f 2797 3576 3597
f 2798 2801 3594
f 2798 3594 3598
f 2798 3598 3603
f 3659 3604 2802
f 2802 3605 3659
f 2805 3504 3525
f 2805 3514 3550
f 3551 3514 2805
f 2805 3525 3670
f 2805 3550 3591
f 3670 3550 2805
f 2805 3551 3575
f 3591 3551 2805
f 3395 3373 2806
f 2807 3572 3620
f 2809 3502 3504
f 3525 3502 2809
f 2809 3504 3525
f 2819 2816 2815
f 2822 2818 2817
f 2817 2819 2820
f 2826 2860 2917
f 2848 2840 2827
f 2827 2840 2899
f 2866 2843 2827
f 2827 2843 2909
f 2909 2848 2827
f 2937 2866 2827
f 2827 2899 2937
f 2829 3667 3687
f 3688 3667 2829
f 2829 3687 3688
f 2928 2874 2831
f 2831 2895 2912
f 2833 2869 2903
f 2944 2869 2833
f 2907 2900 2833
f 2833 2903 2907
f 2833 2936 2944
f 2948 2936 2833
f 2840 2896 2899
f 2843 2848 2909
f 2843 2866 2910
f 2844 2847 2909
f 2935 2847 2844
f 2909 2866 2844
f 2844 2866 2937
f 2936 2918 2847
f 2847 2935 2936
f 2854 2853 2851
f 2853 3034 3173
f 2875 2862 2858
f 3009 2875 2858
f 2858 2876 3009
f 2910 2866 2861
f 2862 2875 3653
f 2862 3653 3663
f 2863 2865 3009
f 3650 2865 2863
f 2863 3009 3650
f 2864 2887 3018
f 2864 2932 2949
f 3018 2932 2864
f 3650 3009 2865
f 3017 2937 2866
f 3550 2946 2867
f 2867 2946 3671
f 3617 3550 2867
f 3663 3617 2867
f 3671 3664 2867
f 2869 2918 2944
f 3605 3604 2870
f 3659 3605 2870
f 2872 2913 2938
f 2941 2913 2872
f 2872 2938 2941
f 2872 2941 2962
f 3009 3008 2875
f 2875 3008 3653
f 3650 3009 2876
f 3671 3650 2876
f 2878 2997 2998
f 2878 2998 3532
f 2878 2998 3544
f 2879 2982 3535
f 2881 2969 3016
f 3053 2999 2881
f 3063 3013 2882
f 3072 2886 2884
f 2884 3011 3072
f 2886 3072 3074
f 3152 3075 2886
f 3001 2970 2887
f 2887 2972 3001
f 2890 2967 2969
f 2890 2970 3001
f 2894 2952 3020
f 2895 2911 2912
f 2937 2899 2896
f 3017 2937 2896
f 2899 2935 2937
f 2948 2935 2901
f 2906 2908 2920
f 2926 2908 2906
f 2941 2938 2913
f 2918 2936 2944
f 2948 2936 2935
f 2936 2944 2948
f 2946 3514 3551
f 2946 3535 3649
f 3650 3535 2946
f 2946 3550 3551
f 2946 3551 3650
f 2946 3649 3671
f 2949 3012 3021
f 2952 2958 3020
f 2955 2979 2980
f 2986 2979 2955
f 2955 2979 3056
f 2955 2980 2986
f 2955 2980 3059
f 2955 2980 3101
f 2955 3055 3059
f 2955 3055 3474
f 2955 3056 3474
f 3101 3057 2955
f 2955 3057 3474
f 2955 3059 3101
f 2957 2981 3549
f 2957 3549 3592
f 2958 2971 3015
f 2958 3015 3021
f 3021 3020 2958
f 2971 2968 2966
f 2972 2971 2966
f 3001 2972 2966
f 2971 2972 3012
f 2971 3012 3015
f 2971 3012 3021
f 3021 3015 2971
f 3097 2975 2973
f 2973 3053 3097
f 3097 3065 2975
f 2976 2977 2980
f 2986 2977 2976
f 2980 2979 2976
f 2976 2979 2986
f 3470 2979 2976
f 2986 2980 2977
f 3101 2980 2977
f 2977 3054 3101
f 3097 3065 2977
f 3562 3056 2979
f 2979 3470 3555
f 2979 3555 3557
f 2979 3557 3562
f 3101 3059 2980
f 2994 2993 2988
f 2988 2993 3540
f 2995 2994 2988
f 3540 2995 2988
f 2992 2991 2989
f 3542 2992 2989
f 2989 3008 3551
f 3651 3008 2989
f 3551 3542 2989
f 3540 2993 2990
f 2995 2992 2991
f 2992 2995 3537
f 3007 3003 2992
f 3542 3007 2992
f 2992 3007 3546
f 2993 3545 3554
f 2993 3548 3552
f 2993 3552 3554
f 2994 2995 3540
f 2997 2998 3543
f 3533 3532 2998
f 2998 3532 3558
f 3555 3544 2998
f 3558 3555 2998
f 3002 3536 3542
f 3551 3536 3002
f 3002 3542 3551
f 3003 3007 3516
f 3003 3516 3651
f 3006 3533 3546
f 3007 3516 3519
f 3536 3516 3007
f 3542 3516 3007
f 3007 3519 3536
f 3008 3009 3650
f 3591 3550 3008
f 3008 3550 3653
f 3650 3551 3008
f 3651 3591 3008
f 3653 3651 3008
f 3011 3061 3062
f 3011 3069 3072
f 3021 3015 3012
f 3097 3062 3013
f 3013 3063 3065
f 3013 3065 3097
f 3014 3118 3127
f 3019 3020 3021
f 3066 3052 3022
f 3065 3063 3022
f 3022 3063 3066
f 3025 3079 3093
f 3207 3079 3025
f 3025 3093 3182
f 3025 3093 3184
f 3025 3093 3207
f 3025 3181 3183
f 3183 3182 3025
f 3025 3182 3184
f 3207 3184 3025
f 3195 3047 3031
f 3074 3067 3037
f 3040 3042 3244
f 3041 3042 3152
f 3050 3052 3066
f 3078 3052 3050
f 3050 3066 3078
f 3050 3078 3084
f 3050 3084 3144
f 3101 3054 3051
f 3102 3101 3051
f 3105 3102 3051
f 3078 3066 3052
f 3052 3081 3105
f 3053 3061 3062
f 3053 3062 3097
f 3474 3471 3055
f 3474 3473 3055
f 3056 3467 3474
f 3562 3467 3056
f 3102 3058 3057
f 3057 3058 3108
f 3057 3101 3102
f 3108 3106 3057
f 3057 3106 3474
f 3058 3100 3108
f 3058 3102 3105
f 3060 3063 3064
f 3077 3066 3063
f 3077 3076 3066
f 3066 3076 3078
f 3072 3069 3067
f 3074 3072 3067
f 3073 3071 3068
f 3068 3076 3077
f 3073 3075 3152
f 3084 3078 3076
f 3207 3093 3079
f 3079 3198 3207
f 3079 3207 3208
f 3081 3090 3105
f 3085 3084 3082
f 3092 3085 3082
f 3084 3085 3144
f 3144 3091 3085
f 3125 3089 3086
f 3086 3117 3125
f 3089 3117 3125
f 3090 3095 3096
f 3090 3096 3099
f 3144 3116 3091
f 3093 3182 3184
f 3098 3095 3094
f 3094 3095 3144
f 3114 3098 3094
f 3098 3096 3095
f 3096 3098 3111
f 3103 3099 3096
f 3111 3103 3096
f 3114 3111 3098
f 3107 3103 3100
f 3100 3103 3109
f 3418 3108 3100
f 3111 3109 3103
f 3106 3108 3418
f 3106 3418 3420
f 3420 3419 3106
f 3106 3419 3468
f 3106 3419 3472
f 3106 3468 3472
f 3106 3471 3474
f 3474 3472 3106
f 3109 3110 3111
f 3410 3110 3109
f 3109 3111 3410
f 3109 3410 3415
f 3109 3415 3416
f 3410 3111 3110
f 3114 3112 3111
f 3111 3112 3410
f 3112 3113 3413
f 3112 3405 3410
f 3414 3405 3112
f 3112 3413 3414
f 3113 3117 3413
f 3117 3125 3128
f 3117 3128 3390
f 3117 3390 3413
f 3128 3125 3119
f 3146 3142 3120
f 3138 3122 3121
f 3146 3142 3121
f 3149 3142 3121
f 3128 3389 3390
f 3391 3389 3128
f 3129 3131 3385
f 3385 3384 3129
f 3133 3134 3138
f 3252 3134 3133
f 3134 3135 3138
f 3247 3135 3134
f 3134 3137 3242
f 3134 3242 3247
f 3269 3247 3134
f 3134 3252 3269
f 3247 3203 3135
f 3141 3203 3247
f 3149 3146 3142
f 3233 3231 3155
f 3155 3232 3233
f 3187 3158 3157
f 3187 3168 3158
f 3158 3169 3187
f 3170 3165 3162
f 3164 3165 3170
f 3187 3169 3167
f 3187 3180 3168
f 3183 3181 3180
f 3180 3182 3183
f 3184 3182 3180
f 3207 3198 3184
f 3204 3249 3305
f 3212 3217 3226
f 3212 3217 3229
f 3229 3227 3212
f 3217 3218 3221
f 3221 3220 3217
f 3217 3220 3226
f 3217 3226 3229
f 3237 3221 3219
f 3222 3224 3297
f 3297 3270 3222
f 3236 3268 3270
f 3269 3252 3250
f 3251 3253 3258
f 3277 3268 3253
f 3256 3257 3263
f 3298 3257 3256
f 3264 3261 3260
f 3262 3308 3397
f 3262 3397 3683
f 3266 3308 3397
f 3488 3308 3266
f 3397 3380 3266
f 3266 3380 3486
f 3277 3270 3268
f 3269 3270 3297
f 3279 3280 3295
f 3279 3291 3295
f 3280 3294 3295
f 3301 3294 3280
f 3280 3295 3301
f 3280 3299 3300
f 3677 3293 3284
f 3291 3294 3295
f 3301 3295 3294
f 3488 3397 3308
f 3309 3366 3439
f 3485 3366 3309
f 3309 3439 3639
f 3639 3485 3309
f 3673 3328 3314
f 3314 3328 3678
f 3317 3318 3319
f 3363 3318 3317
f 3317 3319 3363
f 3317 3363 3367
f 3363 3319 3318
f 3365 3363 3318
f 3330 3331 3354
f 3330 3351 3354
f 3331 3332 3354
f 3341 3340 3338
f 3343 3341 3340
f 3340 3341 3347
f 3341 3343 3346
f 3674 3488 3342
f 3343 3344 3346
f 3344 3346 3348
f 3345 3348 3357
f 3495 3483 3349
f 3353 3352 3351
f 3351 3352 3354
f 3363 3365 3367
f 3434 3376 3366
f 3366 3434 3439
f 3441 3434 3366
f 3366 3439 3441
f 3639 3439 3366
f 3366 3485 3639
f 3434 3402 3371
f 3371 3424 3435
f 3441 3434 3371
f 3449 3439 3372
f 3372 3439 3639
f 3373 3375 3395
f 3373 3395 3398
f 3386 3378 3377
f 3377 3378 3401
f 3378 3386 3387
f 3378 3387 3388
f 3380 3396 3433
f 3433 3397 3380
f 3380 3397 3488
f 3488 3486 3380
f 3383 3386 3387
f 3391 3386 3383
f 3383 3387 3391
f 3391 3387 3386
f 3412 3390 3389
f 3432 3412 3389
f 3390 3412 3414
f 3414 3413 3390
f 3392 3393 3402
f 3392 3402 3487
f 3393 3402 3427
f 3393 3402 3434
f 3398 3395 3394
f 3433 3408 3397
f 3397 3408 3683
f 3409 3407 3403
f 3403 3409 3414
f 3414 3412 3403
f 3404 3428 3429
f 3443 3428 3404
f 3404 3428 3445
f 3404 3428 3446
f 3404 3429 3443
f 3404 3430 3444
f 3404 3444 3445
f 3404 3445 3446
f 3405 3409 3410
f 3414 3409 3405
f 3423 3407 3406
f 3406 3407 3431
f 3406 3421 3423
f 3428 3421 3406
f 3431 3428 3406
f 3423 3409 3407
f 3407 3424 3431
f 3408 3417 3442
f 3647 3417 3408
f 3408 3433 3436
f 3408 3436 3442
f 3408 3442 3683
f 3683 3647 3408
f 3415 3410 3409
f 3423 3415 3409
f 3423 3416 3415
f 3423 3421 3416
f 3417 3442 3447
f 3647 3442 3417
f 3418 3419 3420
f 3425 3419 3418
f 3418 3420 3425
f 3418 3421 3425
f 3425 3420 3419
f 3426 3425 3419
f 3419 3425 3446
f 3446 3426 3419
f 3419 3426 3468
f 3419 3426 3472
f 3421 3425 3428
f 3446 3425 3421
f 3446 3428 3421
f 3422 3426 3467
f 3476 3426 3422
f 3422 3467 3563
f 3565 3476 3422
f 3422 3563 3565
f 3435 3431 3424
f 3425 3426 3445
f 3445 3428 3425
f 3445 3444 3426
f 3426 3444 3476
f 3446 3445 3426
f 3472 3467 3426
f 3472 3468 3426
f 3443 3429 3428
f 3428 3431 3443
f 3430 3437 3466
f 3466 3444 3430
f 3431 3435 3443
f 3441 3439 3434
f 3435 3437 3443
f 3439 3449 3464
f 3439 3464 3639
f 3464 3451 3440
f 3440 3451 3507
f 3455 3452 3440
f 3440 3452 3464
f 3440 3455 3507
f 3440 3455 3508
f 3508 3507 3440
f 3442 3647 3683
f 3444 3466 3477
f 3477 3476 3444
f 3556 3479 3447
f 3448 3462 3463
f 3448 3462 3637
f 3448 3463 3465
f 3448 3465 3482
f 3448 3482 3684
f 3684 3637 3448
f 3449 3451 3464
f 3466 3451 3449
f 3640 3495 3450
f 3477 3466 3451
f 3507 3477 3451
f 3452 3455 3640
f 3639 3464 3452
f 3454 3455 3640
f 3645 3455 3454
f 3454 3482 3645
f 3455 3507 3508
f 3459 3508 3510
f 3530 3508 3459
f 3511 3478 3461
f 3461 3478 3644
f 3644 3463 3462
f 3462 3498 3637
f 3462 3498 3644
f 3644 3479 3463
f 3645 3482 3465
f 3467 3472 3474
f 3467 3562 3563
f 3469 3520 3530
f 3470 3544 3555
f 3471 3473 3474
f 3475 3530 3559
f 3565 3477 3476
f 3529 3479 3478
f 3478 3479 3644
f 3478 3511 3528
f 3478 3528 3529
f 3479 3529 3556
f 3480 3496 3498
f 3480 3498 3684
f 3495 3485 3483
f 3684 3637 3498
f 3501 3521 3612
f 3612 3611 3501
f 3501 3611 3648
f 3525 3504 3502
f 3527 3525 3502
f 3503 3632 3679
f 3504 3513 3523
f 3574 3513 3504
f 3504 3523 3574
f 3505 3520 3571
f 3571 3531 3505
f 3507 3508 3565
f 3645 3510 3508
f 3508 3530 3559
f 3508 3559 3565
f 3666 3528 3511
f 3573 3572 3511
f 3511 3572 3666
f 3613 3521 3512
f 3512 3613 3654
f 3523 3522 3513
f 3513 3522 3534
f 3574 3523 3513
f 3551 3550 3514
f 3536 3516 3515
f 3515 3516 3542
f 3551 3536 3515
f 3515 3542 3551
f 3536 3519 3516
f 3516 3536 3591
f 3516 3591 3651
f 3546 3533 3518
f 3518 3537 3546
f 3556 3529 3520
f 3520 3567 3571
f 3521 3526 3613
f 3613 3612 3521
f 3526 3612 3613
f 3654 3612 3526
f 3526 3613 3654
f 3559 3557 3530
f 3530 3559 3566
f 3531 3532 3534
f 3571 3532 3531
f 3532 3533 3534
f 3558 3534 3532
f 3567 3558 3532
f 3571 3567 3532
f 3575 3551 3535
f 3535 3551 3650
f 3650 3649 3535
f 3551 3542 3536
f 3536 3551 3591
f 3544 3555 3567
f 3553 3552 3548
f 3550 3617 3663
f 3670 3617 3550
f 3663 3653 3550
f 3555 3558 3567
f 3557 3559 3562
f 3563 3562 3559
f 3565 3563 3559
f 3559 3565 3566
f 3630 3587 3581
f 3581 3619 3630
f 3665 3596 3582
f 3582 3661 3665
f 3586 3664 3671
f 3598 3594 3589
f 3607 3606 3590
f 3665 3597 3596
f 3665 3662 3597
f 3599 3622 3655
f 3603 3604 3660
f 3660 3606 3603
f 3604 3605 3660
f 3605 3606 3660
f 3658 3631 3605
f 3609 3619 3630
f 3610 3631 3658
f 3612 3613 3654
f 3679 3654 3612
f 3616 3662 3665
f 3680 3679 3632
f 3687 3667 3642
f 3642 3667 3688
f 3688 3687 3642
f 3649 3650 3671
f 3653 3652 3651
f 3662 3665 3693
f 3698 3696 3695
f 3695 3697 3698
