v 0.1788482938712096 -1.026399092052427 -0.1338766117320092
v 0.008385855824547817 0.8607487982529313 0.33643577841557093
v 0.4908781574747403 1.0484861306643318 -0.5881120349735653
v -0.7555695091217715 1.1651164775137697 -0.43242358270945414
v -0.4155283984817118 1.3608777680806776 0.1860268622089788
v -0.7003117609734559 -0.36803612655771356 -0.27954378752473075
v 0.25588955276610703 -1.3741346543742026 -0.30061619804643264
v 0.10111171877485547 -0.743601419646651 -0.26950650725237657
v -0.16060740931783776 0.9180870405266366 -0.9147044783446582
v -1.0793159332314495 0.8679314479802056 -0.6414041727112805
v -1.5112609987565508 1.0966768120923391 -0.7529022344558942
v 0.8042160770649718 1.134212098902874 -0.5982770459569886
v -0.4616578662686377 -0.5780683520948312 0.8086709023734148
v 0.27158009081513335 -0.7698823980597972 0.14484722420801543
v -0.06085659701605245 -0.7643909764726539 -0.051048290497319126
v -0.13785981441652226 0.4080951139763681 0.26598233134243454
v -0.13206178317943934 0.8159924406049414 -0.5928355538312816
v -1.0140621430694448 -1.0882753409591848 0.12199659359936643
v -1.0414536773787366 -0.6425974358041695 0.04424205668395231
v 0.06768773051098154 0.48536957682239923 -0.4252582754281689
v -0.4237800661498194 -0.22365251154572185 -0.18518437804900428
v -1.5235613083922621 1.1705070212094397 -1.136498278824344
v -0.7379954775434983 0.3416765827643903 -0.05365025678896895
v 0.5676981403450656 1.1185788428730306 -0.571295077085864
v -0.5581073601624665 0.13993015035361675 0.2710738577032291
v -0.20632339563040525 0.5615578391198197 0.39517166599373577
v -0.6770433332587277 -0.4286967059642375 0.05444223207398918
v 0.07550483804053904 0.4758324103352426 -0.3631243473440834
v -0.7243223774452746 1.258037243183689 -0.06222685556205315
v -0.5459770384650902 1.0696327260961227 -0.8853042572266642
v -0.8670262726683906 1.0484618352561261 -0.3789479906640532
v 0.11305716760041562 0.7907892512545056 0.2272161504419844
v -0.8969914019867232 1.0682539616804416 -0.16307034186003014
v 0.7848361534093196 1.2816221305781643 -1.1770743677372464
v 0.1543201212693216 0.9147881796311877 0.1382367353399439
v 0.8016043406626208 0.7528046392505983 -0.6642465716520176
v 0.31335005129212423 0.9112441468984908 -0.40277755040136437
v 0.9071836533606286 1.1623720753955578 -0.9956305250602053
v -0.4200938173681017 -0.19237399164036706 0.3070717606525678
v 0.239751008188956 -0.07622701552343236 -0.029629330752483862
v -0.5844799858103495 1.2562248376991763 -0.7206530770291184
v -0.3243906080855429 -0.1961581213470851 0.34048919554975465
v -1.4837957990113586 1.1730112863940776 -1.2454023861676782
v -0.09917241377475272 0.5039879712973232 -0.6038042113642634
v -0.9835553420308256 -1.2457725823682653 -0.22374662537087137
v 0.03463540604928278 1.14276981678718 0.20495710103528164
v 0.2699364944621425 -0.5398184286389786 -0.045414173346519704
v -0.3880384637732311 -0.2118616462508267 0.03494722490578306
v -1.3645169130112844 0.6808807006079376 -0.8179928897428983
v -1.2032948818316465 1.0653749358282734 -0.9310672759330775
v -1.516668345444245 0.7690347911029332 -0.8974511421587467
v -0.981886091644828 -0.10700448259409479 -0.2509174830488856
v -0.7333952938460243 1.1931627690782536 -0.2897966296055823
v -0.2927169881001959 0.5587041875837877 0.3684922109183717
v -0.6400905768113914 0.6011215127986711 0.36074333432551076
v 0.5512382210631525 0.6507206885497696 -0.6501462240134375
v 0.21505216833633278 -0.9544372118142214 -0.19468821826898378
v -0.6463133181572173 1.1269679314438024 -0.6366456692649389
v -1.1544204325129908 -1.3518218393889785 -0.49847276777332916
v 0.41904073126426 0.599265811138515 -0.5116433764929534
v -0.10040226891629084 -0.859843479519878 -0.037758961945820735
v -0.14222127974455265 0.6632975582515872 -0.6128353700321594
v 0.1053903079900258 -1.3318641205771544 -0.2868263960737598
v -1.4852371201072148 1.025463953694782 -0.6286435090455768
v -0.3647716943799512 -0.4757701782305297 0.5633172291794132
v -0.5430731977305275 0.9539335966691008 -0.7418606107791887
v -0.5999609759636005 -0.31950435038555314 -0.20155109167361462
v -0.6566090767979587 1.033246396312138 -0.6875142800947922
v 0.19066517283508833 -0.016811096272821846 -0.12567183659931203
v 0.12163776232879686 -1.3948489673619626 0.1262005783291416
v -0.21898136324497575 1.330785827120994 -0.5334340999388463
v 0.28262986624064457 -0.13036587620880796 -0.15495867248575337
v -0.6806904616380876 -0.40922975040221643 -0.21984791164601153
v 0.7395776640187071 1.084654700864406 -0.4941391942132719
v 0.46639951473875885 0.9777474722818713 -0.5204345980250401
v -0.05169556980100365 0.789749623564882 -0.5564644686167549
v 0.09424095335851301 -0.634665944054235 0.06543280742177521
v -0.0016124638836604865 -1.3867040116800617 -0.03799634167023974
v -1.0258851558247044 -0.09633270455990445 0.0008363519061291846
v 0.28301219924346266 -0.3799227349415252 -0.3477176819593568
v 0.5788285341686941 0.6914442282131319 -0.7263310497893026
v -0.3523543831731433 -0.16496809187178257 0.32254735626616793
v -0.8366045055584916 -1.0416085170836933 0.07621013861513615
v 0.23547393743679845 -1.0424678472703155 -0.08498661814724809
v -0.474043809226364 0.7201246379236986 -0.6011580897665818
v 0.21351838083490393 0.8753234058459375 -0.43607392783282817
v 0.6747020510660118 0.9722233637803985 -0.3975797516094457
v 0.21714790703118048 0.63306631829025 -0.061268385724511654
v -1.1213078090858601 -0.4169988065693273 -0.3148331077010266
v 0.18535454824535846 -1.3774723559551383 -0.4219821914779131
v -1.0741870646684042 -0.41608842805378543 -0.3581512810780687
v -0.23601156528710207 1.1438542391356834 0.38141868674912505
v 0.8514497671588974 0.869320681798765 -0.7894170342026778
v -1.1363668263597466 0.9571640468098648 -0.347689350636301
v -0.6907638054069973 1.226020130881011 0.1523829565453338
v -0.5441869104313579 1.1331442997284065 0.3528273269023522
v -0.8097542034144039 1.1746991779115357 -0.11527899622462967
v 0.6643482311948046 1.0871553097499471 -0.8230158455107961
v -0.3035384546198123 0.7450621162266595 -0.752719839076362
v 0.009672373612197527 1.3220883107406225 -0.721464335873518
v 0.39755651756942445 0.8905827803184161 -0.16276443150226733
v -1.1753075905471233 0.9598483098008566 -0.8056101835089624
v -1.2505872725088856 0.8749244696488602 -0.9048333898531068
v -0.7564342937873745 -0.8856079607311088 -0.06463240067107828
v -0.91290339587831 0.9816812105549093 -0.38983353232685725
v -0.5739216529470414 0.9775872944137906 -0.6392444987316805
v -0.22425316712899507 0.35150091857896665 -0.5289364324745172
v -1.146882822076683 0.6197848218111337 -0.3557583032484527
v 0.18929499972329566 -1.1694361100888786 -0.04170394883301998
v -0.9104742146937032 -0.6217352924501964 -0.003946387009088781
v 0.025434599099252275 0.42297709045082044 0.11835747711037703
v -0.7466480594065551 -0.5324236736045389 -0.027988751345742358
v 0.8704163092390738 1.0701275252607756 -0.6565913402715422
v -0.5511954164267884 0.6333716092749417 -0.6330612174444126
v -0.2905758753329506 1.0879274282122124 -0.9570900157351541
v -0.5249840875144693 0.11410287270489355 -0.3812211897336413
v 0.07530256278340425 -1.123124526639291 -0.05414613486155173
v -1.3610584137017199 0.759935821073647 -0.5295547665971769
v -0.802144106349008 -0.3063872075478029 0.16874527461911737
v -0.04655810993406989 0.5572639254160854 -0.5924056090210995
v -1.4265156579276719 1.098385562496448 -0.7217820742589599
v -0.842577859334231 1.1063059255108803 -0.20420948085405824
v 0.11079527708431808 0.5281048402204895 -0.33960311551748973
v -0.5887620714864048 1.4834771330943575 -0.7383101245786872
v -0.21214556243748217 0.17053523191276607 0.295093704831784
v -0.31300798956356696 0.6537855263232488 0.43630307281426417
v 0.1656571459413586 -1.396043658096887 0.0889794135645049
v -0.32799236239250523 -0.4487784192689276 0.647997076300974
v -0.46690975031550136 1.425995855600796 -0.48667528917241737
v -1.13317481730894 0.7030118394855831 -0.6525670336716971
v -0.39895331576813875 -0.20643120294151596 -0.006630590060751063
v -0.2318901369937632 1.43331862350056 -0.24339753473499048
v -0.13080229802937393 0.5274247885682675 -0.6178809828665912
v 0.8629904057330939 1.2490249054652423 -0.8924063684749272
v 0.3310169888310531 -1.2852105033339196 -0.2771267140846737
v -1.4781759873805225 0.8242322003262639 -1.098649249583664
v -0.8242255555225351 -1.2875583268686794 0.15475457599388726
v -0.6328295264411896 0.38641489867421414 0.21804763081075373
v 0.05062498141296107 -0.7137378874917449 0.11816361333914244
v -0.06932284748360962 -1.0308177594805343 0.0027026828073754006
v -1.1126075354963332 -0.5944906294778464 -0.38057528351943215
v -0.0016622135271082694 -0.6866499059265907 -0.16003475447932503
v 0.45276487571026913 0.9078705416592113 -0.3090395119743234
v -0.0683357466263651 0.3200346087544287 -0.42547723379866875
v -0.37355840048255234 -0.20233620789246687 -0.1030806433883216
v -0.7030934053950358 -0.25216758860587474 -0.3314028757940547
v -0.8436711726832702 0.07401395068202632 -0.05599586256853889
v -1.4628788111709339 1.1727153459447808 -0.9811558163496246
v 0.042981318323070394 -0.6598572654174387 0.04630171190246801
v -0.5341937255257063 1.3561822209100405 -0.6551595495290695
v 0.3783661420532861 -1.3481317544901756 -0.3255858637693109
v -0.7339452371937756 -0.4997550008109063 -0.1481812725649256
v -0.375441514396046 0.37809769733923554 -0.5329218983888752
v 0.42855947639749736 0.7673272794449667 -0.5740219569400986
v -1.293325552853225 0.8741116723616713 -0.956133004421296
v -1.2093370859171535 1.0725837990222962 -0.7257688987981188
v 0.25023301830609124 -1.3307708671674447 0.0937390358783296
v -0.9509430122068808 -1.0189908107093069 0.1295173211245445
v 0.6904801205158189 1.4254372010704972 -1.0598103023372554
v -0.8865959642410979 0.007046535050450775 0.023031965522491815
v -0.8129559825759116 0.4435507258323492 -0.2269845679278172
v -0.6162364819085565 0.09029209395747839 0.21240550176958373
v -0.680271945260055 0.31503850580612675 -0.3096329113359298
v -0.431737431710302 -0.20903530706924967 0.04590906933498351
v -0.904374908407002 -0.6499310926821179 -0.3005174779708199
v -0.22194314533134504 0.8321966187478458 -0.7207384705938156
v -0.003375759077573315 0.8012935787819747 0.34831321608197596
v -0.018094660616354508 0.2768149956147874 0.14283516081708714
v -0.4442637325978359 -0.16000937108528418 0.2514186726669423
v -1.5607439121882827 0.8657346315961199 -1.0286555571472256
v -0.4539768210169435 -0.20131198461051303 0.1275148680061055
v -1.1619496914027279 -1.395838825428362 -0.5073967149606062
v -1.5108170281432762 0.9008900473104129 -1.3715757735585594
v -0.8726407896584581 1.0819991887717761 -0.01022577102124983
v -0.4552111716081907 -0.39356666456608047 0.6220915178879822
v -0.08156863230929323 1.1315318318671794 -0.7071831113184185
v -0.3427062090478358 0.7127387539100183 -0.8570642217696047
v -0.23689640964829606 1.1190319242643822 -0.9351796933472215
v 0.09974024697759126 0.9916827070475788 0.2025464411034763
v -0.39053949223407836 0.7277090010369816 -0.8627515850247368
v -0.8275133076622582 1.0256320435543511 0.14974978184281434
v 0.21004038126349 0.985982996290579 -0.116725192385948
v -0.13251426517749654 0.15471600412339942 0.2667140706764234
v -1.0114774992440076 -0.09101962245766704 -0.17721050919314502
v 0.35439870187845146 -0.45358041868867705 -0.27201388928214604
v 0.42509180637052624 0.6560844793247262 -0.5406820435756737
v 0.019379587977018498 -0.8697759458847917 0.18925209762808004
v 0.24473374466678943 -1.0959465561608486 -0.03248068461422027
v -0.5989942544783707 0.53405863379505 0.35835680996369945
v -0.801102940216595 -0.31617250287912746 -0.36876595691106473
v -0.5050626919362955 0.5499938841464654 -0.6326033009471514
v -1.2848384434990177 -1.2954303388240178 -0.29077058376989967
v -0.5353981264320024 0.6101144901137041 0.40638689394831984
v -0.2789177556730221 1.4520469866652577 -0.09525884061129011
v 0.015148990184965239 1.0456032287355257 -0.5533521588943471
v -0.5686182210768462 0.6108276882151149 0.39192399328564176
v -0.776467216477888 0.902638857166374 0.2839702839501489
v -0.304361581451444 1.1688260826541985 0.3761553942498882
v -0.5302216061020403 1.0323591343979892 0.3969760995474313
v 0.39955183790765836 0.6974027569947194 -0.5360719299292868
v -1.3035835497164099 -1.3008461369571651 -0.07964578413547285
v -0.49039715638050585 1.3376510581392504 -0.5467971139060217
v -0.3186516770273028 1.4521098830016324 -0.2517764935590844
v -0.2819309057647345 1.4314722723757987 -0.4019131053919616
v -0.4289562468235812 0.3198885965478758 0.34295981479079163
v -0.665271109095293 1.5561922509060504 -0.7952046359964355
v -0.18467930376413627 0.039639264713663636 -0.37030475933639134
v 0.10329992387527609 -1.3857922545599424 0.25575969868362836
v -0.3105995873465045 -0.37403097857295076 0.5776359158154221
v 0.04384006909617494 0.15616391854549547 -0.07376943217456847
v -0.09706900284573478 0.5422934784913572 0.33309617875586905
v -1.307817524090689 -1.405400107505736 -0.09052894820487517
v 0.7700409291243653 1.3122584804875128 -1.149452926139941
v -1.1786345629880866 1.0613456942236366 -0.7434548770640379
v -0.5678122768529917 0.819902962377704 0.42215455393457846
v -1.1584644591522264 -0.48050003067739167 -0.24621805980161038
v -1.1852795369503712 0.9560452792255837 -0.38769785405881585
v -0.3500756497054689 1.0638671619958282 -0.9959884427761588
v -0.2325711476752566 0.2382922483110313 0.2961797255624061
v -1.1347853870914009 -1.388872256983774 -0.1530051698197028
v 0.12705058347524778 -0.30371683050146825 -0.3871095095806602
v -1.4504415401674176 1.0614837145195954 -1.3143277199959076
v 0.28298015168198065 -0.33252117476557175 0.03737053203610341
v 0.14083618969485867 1.1161037082025078 -0.007536772823231119
v -1.2582634426951174 0.6544328710813649 -0.7204498027831594
v 0.4832524761836863 0.9574155122767057 -0.6135325843123821
v -0.7008907748959929 -0.1500787628395837 -0.32562188730631353
v 0.3804273357145912 0.7619073055385341 -0.5238495214420906
v -1.0520801412798588 -0.936773011504671 -0.2492462746447925
v 0.15974532987719325 0.8129003703961131 0.15325515370801268
v -0.6078807196049618 0.7452738618978483 0.40993574180714987
v 0.507906481417877 0.6169011007114915 -0.5271278231475363
v -0.7940848039688986 0.6985993657881863 -0.541957172890727
v -0.8018925609630612 -1.2801176583078768 0.1095991622701612
v -1.1039497389116137 -0.6859299546607278 0.04573504548179863
v -1.2226542462972956 -1.2319344892758277 -0.0937908065542736
v -0.44316642329349976 -0.2286260173668193 0.2802487508831585
v 0.0905955232601543 -0.6971407271251558 -0.28336895569234904
v -0.10350688642475181 0.21792943953097293 0.2509087887710434
v -0.30645294457524147 0.05298949162388861 -0.44060090562926085
v -0.6887351388218099 1.4787187095671221 -0.7808487470166114
v 0.14561367392886104 -0.1175896482972224 0.11131334717347369
v -0.7406433973210637 -0.37777722662345314 0.1314915827783631
v -1.1667812409118987 -0.7338607990955471 -0.047934642129886906
v -0.15488482171676246 1.3707011648457592 -0.3968462140955731
v 0.7109056258344875 1.2998001308198046 -1.2141246654533828
v -0.45148871947148206 1.2275121806293625 0.3338676378855103
v -0.8169992499836409 -0.364023368268677 -0.3692992171454511
v 0.14807148613317112 -0.5074074749822268 0.06998819646036963
v 0.11507234783647557 1.1423087634650106 -0.133760489271078
v -0.8369088175341357 0.523337645571377 -0.32356339091483394
v 0.050810813314048686 -1.4029010170832081 -0.16155921142513535
v -0.554088468082049 1.4336185998647064 -0.7053586979882379
v 0.1851341113713988 -1.400659545898678 -0.2270441076617427
v -1.1393733231858894 -0.9612261001065282 -0.17714301750817849
v -0.06980557886326522 -0.23451523630378002 0.15052695518853026
v -1.1243334864974286 -0.6918528994603954 -0.3140003106575762
v -1.3484199263692225 0.969837898346741 -1.040698886897786
v -0.7285839039313268 0.303061109317967 0.02636517165371849
v -0.1288004842637825 0.47709437297759216 0.3250744783151046
v 0.38400171772776903 0.5574383888243529 -0.2907118232472571
v 0.5251440935196947 0.6430711114460395 -0.5791436527633855
v -0.02502886182303704 0.06934909244807025 -0.29078231189869636
v 0.1535426682067349 0.5178439063301615 -0.12019174354543591
v -1.0196029147045063 -1.3934469265066762 -0.12344243319977924
v -0.40859008144107334 0.7629547852803166 -1.1434287637926002
v -0.9606034938745033 0.6251043773609523 -0.5124883412202832
v -0.9025919730928043 -0.8142986999120111 -0.31484247821619815
v -0.6788518826463792 1.5816486639436578 -0.8308153908168232
v -0.9928008637206297 0.9732943796988803 -0.4437571708599357
v -0.24136626526375793 -0.2121357887639782 0.12784871009139442
v -0.7275433371922082 1.1863840504921777 0.15398123876525638
v -0.7732351479752287 0.41281531619118783 -0.04783386413729629
v -1.4001526225725018 1.1435293080307067 -0.8076311379004266
v -1.0492063501291298 0.9725532898294964 -0.27149185768214434
v 0.17076879193707373 -1.2432885167376537 0.18804929510390278
v 0.5808270113116125 0.6355069279070062 -0.53452471601806
v -0.9563376717365069 -1.4054205867766334 -0.14894729719536293
v -1.5227198401258173 1.0764657297349085 -0.7188815701470703
v 0.6468903020976862 1.1729613169730886 -0.622490796816331
v -0.556204566169135 1.1083510354521149 -0.8512489879449682
v -0.8604223771265591 1.1210920989570865 -0.08992791656865148
v 0.23412542240271572 -1.089980574922632 0.19378115332126722
v 0.4650584521613049 0.799168349937035 -0.6840057913844622
v 0.21256518565835447 -1.396299818811202 0.0337128343549829
v -0.9797246794246738 -1.1051797503285612 0.12968692944712623
v -0.8005599698108369 -0.5773082214984568 -0.1361345062928097
v -1.070209450806205 -0.5049776944043253 -0.04495064253206621
v -1.5730862792534952 0.860213480101567 -1.2286395734742515
v 0.0927170958059973 1.1988381844270477 -0.03556636129457341
v -1.2611046668101757 0.6726454163565478 -0.5975687828603695
v -0.2768697686439737 1.4570112018902894 -0.17662562121632128
v -0.1545153157304477 1.3985923334256132 -0.2450593726239121
v -0.3437086943329738 0.9540139153705708 0.4473178836309265
v -1.1454737683198504 -1.3056878162130139 -0.43032141052657824
v -0.1326351628050077 1.3848558175168257 -0.8895806886259742
v -0.7151016506580885 1.5497284735367085 -0.8231761432575359
v -0.9054733165990447 -0.923693970100678 -0.28186134169811566
v -0.7048691879492517 1.2334608394013664 -0.23785598388864632
v -0.12493307884867472 -0.3794074964655284 -0.20511482446592588
v 0.48256373332869307 0.5976889871985374 -0.4667148331312152
v -0.4386096356705514 -0.25767705193118384 0.23923256743361954
v -0.004117468320028295 -0.6694118143101373 -0.010119358731690398
v 0.35230743865353653 0.5975910663139841 -0.490675360303386
v -0.07850894931814711 1.3614896487355326 -0.08405731878337483
v -0.6197082078301541 1.3820540135007722 -0.08353300948885378
v -0.08888204967366226 0.9484556414513087 -0.802835272272058
v 0.2654695958536005 0.8683890448010431 -0.06476948191754228
v -1.1924068227170053 0.8186439567422742 -0.7906227737539985
v 0.21934138679259318 -1.3520041548494044 0.12329737694742648
v 0.725875673163686 1.237586743164638 -0.9935526682653117
v 0.4341211668585385 0.8298839596196996 -0.6501999496324058
v -1.4958465012994422 0.7427138531368171 -0.8367978753504162
v -0.09568144732840006 1.2054817797847548 -0.5400854474498298
v -1.0286274600663854 -0.210474090733492 0.061614052762408555
v 0.27559236958953426 -1.2503478712642386 -0.18852945216746303
v -0.827039906838221 -0.05356795101172218 0.13421980127762195
v -1.142622134741243 -1.4083712401275004 -0.29563857639137936
v -0.5357544257860605 -0.3319453176477193 -0.07741254461885491
v -0.6589895672672716 1.2834425679328243 -0.27484951905978866
v -0.050188095665205656 0.9255313454067593 -0.5337340962827695
v 0.03531236083614969 0.3582826541112917 -0.2770559457163636
v -0.006469647446061821 -1.391179361734057 0.14940818760424923
v -0.36642378213794813 -0.36006009988599386 0.6568237419565451
v -1.067034724262058 -0.5300945311607926 -0.3896321961192173
v -0.5418770284921433 0.21092536904592213 -0.39041014867621615
v -1.0316077833853328 -0.7217135145679349 -0.3465480258843682
v -1.2418147320678123 0.6199261587499889 -0.4933194239840898
v 0.1701318966020594 -1.284407356278773 -0.24825192112868386
v -1.2445618714154025 0.9626011034251921 -0.42181462109253287
v -0.3604276314372393 -0.22519179348568408 -0.28143353472401744
v 0.7091774151280825 0.6746143833695979 -0.5625346244095644
v 0.8187850303812325 0.8442330954350717 -0.4334108234251341
v -0.12994178903593873 1.2608381680895773 -0.506356907452994
v -0.6130980386385063 1.3662953643937086 -0.7093827048914356
v 0.1920982422832559 -0.7529446424434673 0.1717313920732455
v -0.5761002078154197 0.025563871815913353 0.22395133508566611
v -1.1571297101841418 0.6171162629244591 -0.46130758634240365
v 0.89283120090236 1.0041282496785602 -0.9081185646016632
v -1.3507508669928523 1.2428595660172579 -1.1264321277749687
v -0.8642807916422486 0.8983776903162987 -0.515323691281055
v -1.0758206711331526 -1.3997526838237975 -0.2611670484463936
v -1.3245134644722203 -1.368164257605383 -0.4490014625917351
v -1.0121131358531035 -1.4016758372093672 -0.18644314392711625
v -1.1665469380730586 -0.905678105745214 -0.03803454300287917
v -0.08456593843825294 1.5132480190257027 -0.8311386436205751
v -0.03178462364593149 -1.1028775206437404 0.2022235279559248
v -0.10686290946072435 0.8695352246386616 0.40753235451398506
v -0.9945861166888995 0.6275904209894356 -0.15681185669407244
v 0.1752269993428448 0.6026579975699256 -0.418408169100712
v -1.2959821238740086 1.3513987827026455 -1.2494522269218713
v 0.15660271083385768 0.6720170124265397 0.05013147541867791
v 0.31314164224360863 0.5602464664902227 -0.1774277692826436
v -1.0078377833617238 0.7616903851052358 -0.1058929767465826
v -0.935774206061209 0.6805081576955971 -0.08204753308696583
v 0.2908745609667588 -0.1885103424232385 -0.007049965569172589
v 0.320475958454181 -0.8583077140205772 -0.1112715525561381
v -0.8022787300829644 -0.210316949791437 -0.3613428905333457
v -0.6176660748756158 0.1750713204872759 0.2320357920043703
v -0.11165098297626386 -0.311158917626401 -0.30818763424432977
v -1.2347652075912579 0.6983108777955185 -0.835385704748452
v -1.1082938418138788 -0.3323187796297782 -0.04362924005467361
v -0.4755693450801045 1.4422372960268448 -0.28625023925926
v 0.09313315467152222 0.875000252941068 -0.5393777238071759
v -0.18795155159730698 1.4190008159747163 -0.05017599343575779
v 0.028537818023359307 -0.7319875352118604 -0.20159047181306672
v -1.1289737895860845 -1.114648965595892 -0.06912139691241281
v -0.4679675596017266 1.3344121965125861 0.21512043371748013
v 0.1520816870108176 0.569331770352393 -0.04577448863565137
v -0.07467662839054717 0.40196665719577523 0.21143808099217698
v 0.33726384576709645 0.9190822731529106 -0.14651719694103768
v -0.22954341234671014 0.8006574826380197 -0.6589128704204475
v 0.03428128449086154 1.2479309128038025 0.059278716587951974
v -0.8528397522538302 0.5114146540145861 -0.18557062708801353
v -1.073231032363594 -1.2452420593632572 0.08300715867647224
v -0.6334063825478664 0.28377896668843267 -0.3500115600976069
v -0.8455571037452483 -1.2130836900408295 0.07958771982993607
v 0.4926312030433162 0.8643429602448294 -0.24488778630345837
v -0.475868322455427 0.20760467025477516 -0.4612365981965522
v 0.09452354731711776 1.1236384615307786 -0.31774418111467684
v -0.6443400355124465 -0.3210844909684273 -0.26075512539460105
v 0.28620103150980836 -1.352946520987099 0.0510081880108425
v -0.045260023855835385 1.1291146385484634 -0.5476049761884187
v 0.0346667143590349 0.3113558933437293 0.017210478027815446
v -0.03426231572784416 -0.9924491561523604 -0.09822377950234404
v -1.0500191474163185 -1.2066790927694369 -0.20954889630170304
v 0.20336623682753707 0.8540914368292258 0.01322055662330135
v -0.5322539889256539 0.9023473322476804 -0.6875773362693791
v -0.7826604876533985 1.1524957921621204 -0.3861371138389087
v -0.6288660982202947 0.5508445431100935 -0.6262751263208138
v -1.0885713848701668 0.6596344260712628 -0.6147237985661981
v -1.3746939518201517 0.9086363465121073 -1.0580647691646379
v -0.10245706904912066 0.9859619176263872 -0.8344855159189174
v -1.5502161084234436 0.79040553964711 -0.6608439757570583
v -0.7584921508260065 -0.2638345393270096 -0.3541872534638792
v -0.7534137511783625 1.089268970304302 0.2049834144009125
v -0.4657526615199219 -0.42818720168409197 0.7021292237814506
v -1.016419496957588 -0.32419228526134947 0.07294520338015897
v -0.09134667498175375 -1.3340746430879094 0.17024673484219338
v -0.35568037660505886 0.20079907886932696 -0.47896878968548123
v -0.7266796114547589 0.6131392684353307 -0.5971141030868989
v 0.17412667309225938 0.8529209615834014 0.10904220602086362
v -0.5856743768486266 0.2218801206544704 -0.35656210963622326
v -0.8327819747213694 -0.1539341803888004 0.1834497907188294
v -0.3587183016196127 -0.47541439835066024 0.661973149729817
v -0.8660896407265473 -0.06319936210455873 -0.2642033151394992
v -0.19085469303969257 0.45098989590991523 0.30800857241239954
v -1.0612851639627277 -0.32533291072110515 -0.35667555480710544
v -1.0848412804790644 0.7564771019865413 -0.13927630616530942
v -0.053753666596953575 0.468183312746148 0.282792376227472
v -1.0849535268633574 -0.9359473672212023 -0.24928002048727577
v -0.916564530080986 -0.8001498813356781 0.10689605834994403
v -0.36424980263838486 1.4418579999500523 -0.416528831364974
v -0.1029650748460299 -0.4656696619656002 -0.0629850481201083
v 0.8788675548944906 1.1723368890186008 -1.1228526708985638
v -0.7752338848552415 1.5782296246926513 -0.9673933866707363
v -1.142140002754882 -0.33648076686938166 -0.24981092310803688
v 0.0015527522868797328 0.3092737408968914 -0.21478725403988636
v -0.3847704916122282 0.6010524427113624 0.4132406965344265
v -1.0664399263160975 -0.6379147356298123 0.02310794861246457
v -0.7628584113003933 0.08336560494451908 -0.2325990049987789
v 0.6266195001883412 0.6591115753004251 -0.6667489986972188
v 0.07907274660613567 0.4925078714458766 0.1477214149542742
v -0.6104210283063787 1.2585729809103596 -0.7660890068146948
v -0.6648815633931637 1.5065403285450314 -0.7672422594931891
v -0.3111297706953121 -0.2717113064691514 0.41159262471150315
v 0.5634684016834013 0.6705308367324747 -0.2438575091492296
v -0.3057966688570366 -0.31611444164866187 0.4739429737344748
v -0.14764962517733246 0.8596479924877102 0.4224863381028895
v -0.949697592819461 -0.7337411202344016 0.09806309906477995
v 0.002348207128079538 -0.7470459530924524 0.1102679852879987
v -0.7205141521281156 -0.18112421865224032 0.1864281360399047
v -0.534377999004228 0.7203557839578543 -0.5786055774028663
v -0.15670783646258907 1.3839204842604542 0.05960508623683547
v -0.5979800210846595 1.343669686088505 -0.39102602528636826
v -0.22094517547569262 0.7831141599762039 0.4409628362052166
v 0.5975697643094482 0.9088302702226714 -0.7552671406995486
v -0.5145541846544072 0.3469348603397292 0.32073838730321025
v -0.1869685665740183 1.374534384863301 -0.719687154734948
v 0.9001845778196991 1.1423410507838105 -0.8432671871178442
v -0.4086947554900786 -0.2285203842885427 -0.261709539337516
v 0.42560942243992483 -1.4088355701330135 -0.20268166730579842
v -0.7399377315953877 -0.09336714629577947 -0.31758098630034687
v -0.20378834161020395 0.8053228004068349 -0.8961992693035221
v 0.35892901629755714 -0.35883318177159906 -0.1072549381702399
v -0.3007185089667105 0.6394833030230636 -0.5852852362571291
v 0.39768810437735513 0.5550255510969108 -0.3212295532236137
v 0.17886419777329166 -0.5895012397344435 -0.35322472773171126
v -0.2462773942226689 0.757968872018022 -1.1284416337545071
v -0.02104501427057437 0.3694518686406306 0.1528785349212693
v 0.10112602429481882 0.5975473505630347 -0.440791292919387
v 0.5480963612513233 1.119881084744774 -0.703370170774009
v 0.03939696640142659 -0.9738858259414293 -0.15389966441293906
v 0.04826263258069663 -1.2420345060463456 -0.09442930027140678
v -1.0518052994745304 -0.6340702669981094 -0.34861535333705423
v -0.6576596534050964 0.012895794434441443 -0.3111580475941406
v -0.9334169121123953 0.9273488257544995 -0.0413451320271247
v 0.07877982310308818 0.07728659811072672 -0.17310460518613507
v 0.23111141318061446 -0.21378975462096483 -0.306069198523395
v 0.2609550454781414 -1.398727201815925 -0.08291933065411505
v -0.030639762473560872 0.45927209267649205 -0.5353460846293608
v -1.3430800513867185 1.0461452001524596 -1.0513554203625182
v -1.4224225809371653 1.1715579774323306 -1.2588664378645387
v -0.57653658611363 1.405529151983015 -0.8867825808685704
v -0.503562530398691 -0.26659776239467026 0.0452681580648957
v -0.002083706891837178 0.8376348541699857 -0.545257692107624
v -1.0882092314415983 -1.387340767156641 -0.0826747582101614
v -0.3785305077192957 -0.10122069693764574 0.2843871420067332
v 0.8977662256739471 1.1854221241533045 -0.8840250720169844
v -0.5495253268901784 1.4007968020640926 0.009941435747019722
v -0.3706331813871507 1.345074104537193 -0.7185426531985541
v -0.2931671124846279 -0.2544192095168589 -0.012754171775881673
v -0.7755066487638156 0.8484528242287172 0.30184091531034285
v -0.7933621754129869 0.495326438494401 0.16579240351306046
v -1.294263203763669 0.6943549819503583 -0.4718380673972916
v -0.3598452209526997 -0.29819587880468024 0.2190689969846702
v 0.13916150480965717 -1.2156157470945583 0.22350200989229352
v 0.6322728778436726 0.7155640341634416 -0.3976471433955298
v 0.20822827547562428 1.0101733108721045 -0.17182731805522147
v -0.13151965192429366 1.2522603105905745 -0.5345289517306747
v -1.5015651528845497 1.1605491205890608 -0.9942650471958867
v -0.8778844220576336 -0.5684911860951515 -0.29556622962072693
v 0.16601220654927484 0.5347874161221192 -0.24705920839163154
v -0.038035056961965685 0.8739136927564808 0.3716009642405652
v 0.8244873584889518 1.0622485004038906 -0.4619753104725345
v -0.16133605178647153 1.1107013764387117 0.3663955931133587
v -1.1630836036575847 -0.8513643620762646 -0.21882692508784832
v -0.7080183203997215 1.2889029209675331 0.008972296708835259
v -1.0410520638916103 0.5832459064741324 -0.4267249308806079
v -1.121105354010737 -0.6394893418146002 -0.01996906886240285
v -0.9000978975941739 0.7441190108372351 0.0860392096367395
v 0.4984472560387887 0.733445474582714 -0.7144982269637887
v -0.11130453365201282 1.1232546899840534 0.3374430988066184
v -1.3977058192250351 0.6753527360096033 -0.7505403051989359
v 0.7936536083879311 0.8475477403539439 -0.8322825657434508
v -0.035095732144365566 0.6660830188104758 -0.585050773580077
v -0.24053222947416544 1.41996603897671 -0.4580743590127083
v 0.5548792955702374 1.0709286343787205 -0.5189193317764129
v -1.1717155064519795 -0.7004265212467834 -0.2661004148965324
v -1.188261818287414 0.6874071745158895 -0.7375311130935345
v -0.36809043515300266 0.7539748947188813 -1.1591864738501694
v -0.8807378737959008 0.745420653315684 0.13831163952198644
v -0.6664700355428322 0.21294512465079718 0.18838327704762714
v 0.0801401262052972 -0.8826301548639984 0.21565585176772684
v -0.8203320165597849 0.47484806668715296 -0.2976755146040316
v -0.4786778986045331 0.5822076773688625 -0.6266960003124717
v -0.5846755478625854 0.5903857794999521 -0.6362218382663613
v -0.7434108161417863 0.1694965432726371 0.06399534242278088
v -0.8141924510234663 -0.014967602256098056 -0.23428843495902638
v -0.6982904669257914 0.9362893961158121 0.34141863477206336
v -0.9762672390432632 0.5685039682530639 -0.3490607225346828
v -0.44109895598237836 1.131277469332748 0.38248316928069614
v -0.12640592803182416 1.249997800701406 -0.5770538680419304
v -0.6037060052477372 1.2142212936552983 -0.600143097141364
v 0.257320044823108 0.9633526826772307 -0.2783440019468027
v -1.1864895521738597 0.7301616184994055 -0.8043508382173324
v 0.7217494896835437 1.1699849296701086 -0.5980427031585953
v -0.3927579866756503 0.6355647493801542 -0.5713910599320984
v -0.4595797497366497 1.1851782709813041 -0.9152633526524984
v 0.09543338637869453 0.02477173361760998 -0.033288526916840755
v -1.4392776802181766 0.7547117888352035 -0.5918530882821815
v -0.0657193149765401 1.2941585412325995 -0.2753189439083052
v -0.7891642245757102 -0.9630360081189805 -0.1936958427507472
v -0.7349444857551231 0.6940437769518271 -0.5929471009233978
v -0.02804574813295213 0.15284839451645815 0.15901452407759703
v 0.8191918386102448 1.296143751803932 -1.0930298175685813
v -0.6121442640484389 1.0194643864522943 0.3672308676490932
v 0.9004900286426027 0.9407152163039009 -0.5100426167807466
v 0.28739304495468365 -1.243247078681224 -0.03563405277730475
v 0.19401937771140076 -0.3715355444495194 0.10602507995363064
v -0.01813737737847959 0.34552350890860084 -0.33018900447370464
v 0.1602237256453517 1.0769497797798122 -0.2034520075679565
v 0.09684775475607221 0.9216270173647071 -0.5225237034340948
v -1.2423399604320515 1.1104793212028565 -0.8978730151392288
v 0.21461243343567293 0.943988842741649 -0.04821569764570233
v -0.057396419405263244 1.4070067963125208 -0.681599087448401
v 0.8936768449420902 1.0263772492576908 -1.0039599540183928
v 0.32236079062845235 0.7476350519030766 -0.05582555495378022
v -0.8815806607275938 -0.7611230642509806 0.08416940225438485
v 0.09489874753973077 -0.8488732635643305 0.20511863752816328
v -0.34869286935471416 -0.147307507901776 -0.3529980172079353
v -0.028250780599241854 1.255882044674022 -0.416295327717193
v -0.6683553272519628 0.5482244351813952 0.3179002600535069
v -0.18833869972625802 -0.29197181879360623 0.01715157764673747
v -0.21063461182057572 1.0194733174123831 0.41123840325419947
v -0.3502911515746368 1.3849049877467556 0.15552893219111885
v -0.38549479846936474 -0.21345880960326613 -0.3157907983272852
v -1.5507865510218686 0.8080835859417644 -0.8160820838591962
v -1.0851311470763094 0.609016281719426 -0.5248178013498863
v 0.9321756165140642 1.0696504681376415 -0.9208115168048592
v 0.36196839983579454 -1.3256000410737814 -0.019862716512172807
v -0.7293749432419234 0.3685733378888059 -0.35518394461383657
v -0.4812384268397528 -0.00356516379584898 0.2518610249183215
v -1.3134583944059404 0.9504826497150478 -0.5031905124756413
v 0.3214951867920135 -0.7579709148542614 -0.1994022267530931
v 0.1018940269231281 -1.387936923727402 -0.27453741497131545
v -1.3151822095615187 -1.3677862801938385 -0.2317520422938006
v -0.5922988315804611 1.346182822293902 -0.45391872534202704
v 0.46320199126964234 0.7798240901824087 -0.17058895152890075
v -0.4574072287607699 1.1250694331024151 -0.957096609061394
v -0.8485992844521935 -0.8467640784799081 -0.29214107655811605
v 0.17933889728280028 0.541978737072388 -0.17861894357690658
v 0.033773398572611246 -0.6814170226471643 -0.2212212815220418
v -0.17403797490930917 1.0971519911164838 -0.9510283313675741
v -0.15609459718293303 1.4144411512639539 -0.10411685453616643
v -0.44229258778914904 1.4105731464555515 0.07363916095681472
v 0.20296734059001276 -0.7829558451263744 0.18667136983883403
v -0.2253777088686804 0.07867087694471783 -0.3841079677390856
v -0.5770130838030223 0.4836971096923875 -0.6207869614372378
v -1.0326252734826111 -1.1902661659218166 -0.18292730265903967
v -0.10911141352657688 -0.3544775105787493 0.053779383009320725
v -0.28736480557537714 0.7549499078113524 -1.159905346208102
v -1.0079461536693786 -1.3867325827604353 0.02086685704368796
v -0.07583105987585409 -1.0252124931269795 0.04485713410304498
v 0.3911204921096205 -1.3990320732253108 -0.07657031712090356
v -1.134545709692686 -1.0235461997479014 0.025177393921457958
v 0.6657568254167778 1.2116565297074637 -0.859321117341581
v -0.8631558902665866 0.7997377535870829 -0.5232164822039379
v 0.1497992772642699 0.9799133399921816 -0.3774490478928143
v 0.03361999384875891 -1.3285572477913354 -0.17164154609346333
v -0.9598023248172287 -0.014348289124390512 -0.06646954111887987
v -1.1376964405252745 -0.9439437133256071 0.045765534620714865
v -0.6938163955774912 -0.30691585245382125 0.14919965867707458
v -0.11354142946772755 0.5902809256329585 0.36041894267449925
v -0.03559908265335382 -0.4997729826097428 0.021568426915184458
v -0.4089669200053581 -0.33802718158954914 0.2774059883253107
v -0.812578364800344 -1.4025317308744345 0.09691695918671434
v -1.2745217860120728 0.9628113106535915 -0.9561499872313083
v 0.33302114023049334 -0.47591884774735504 -0.07270071393038244
v -0.3572729845684597 0.7875091513691763 0.4543984766599152
v -1.1844270398473067 1.035481154291769 -0.8849234227070824
v -0.5186061632446839 0.9044055888818422 -0.9292636215906649
v -0.39761984550574914 0.8019087760797263 -1.22974727226236
v -0.907030640277173 -0.045251069353167306 -0.21799340877244444
v 0.002147450333957579 0.02695854013367671 -0.29684383642806433
v -0.37877140388437613 0.6874631178900477 -0.9532318209970059
v -0.22812706597146046 1.3156529845729956 -0.7332586177101921
v -1.1108280566834676 0.9507385107327155 -0.7703100342938116
v -0.29859483854433666 0.6726802610867377 0.4274281559984815
v -1.5664371894572542 0.9779729640392817 -0.8880487192842054
v -1.0095933863416897 0.9452110056692403 -0.2097772851267038
v -0.6330363770671396 0.643301678066677 -0.6323540132759473
v -1.1884409969229321 -0.6923433630135508 -0.16766628984488924
v -0.5512035681755942 0.40626272871537 0.28332713494509465
v -1.1603603401428941 -1.222360220343739 -0.23588415976755894
v -1.580413202946768 0.9280960494152644 -1.2375344301069662
v -1.1223992643156862 -1.071104880886133 -0.13608523616399754
v -0.4581603664353744 1.442478092293043 -0.4480262696812757
v 0.13225829223630303 0.8707461789116449 -0.46587230593661655
v -0.47900486764671113 -0.0891876767517516 0.23335327844557185
v -0.4467117147521153 -0.49107528641138265 0.706346155406388
v -0.7868027348738347 0.49273208449759204 -0.4601892982727582
v -1.0760319372897056 -1.2389940635799541 -0.29627087637780214
v -1.4194651344622935 0.9306763975887573 -1.1740098696199674
v 0.5060757744581036 0.6016385894141045 -0.41263854910579084
v -0.3221900155237015 0.7730590177836721 -1.17296992225392
v 0.13465256875139053 0.49991029871448667 -0.0008967738252911306
v -1.3255596055689782 -1.3924483772375056 -0.13126579439937652
v 0.5589072384894026 0.6721074209151345 -0.3195938888418875
v -0.27331153029019584 -0.2799526046332633 0.24664428529829496
v 0.2944363157611981 -0.9986752341208595 0.11503238276840339
v -0.4164927024139869 0.20253290389292428 -0.47390129899579814
v 0.6713260082940009 1.1864076865677595 -0.686661343436645
v 0.09473535292763591 0.8609785656825095 0.2425102497659941
v -0.32072759578387733 -0.10233774626114917 -0.3828045270807531
v -0.5531397883349853 0.5393548729457106 0.3776329786400646
v -0.7298976541543256 0.9477084177905438 0.30936743697070157
v -1.2069505415755655 0.6208656477998695 -0.5429184598767528
v -0.8763193062666761 0.664592067949831 0.09981668408732103
v -0.42343489553126346 0.767111577778034 0.44885436840218085
v 0.2081263985953269 -1.0826025429611104 -0.06986744176636511
v -0.4607697652038766 -0.24125799129218262 -0.16064881292981695
v -0.3080338443896221 1.4451298481876935 -0.3600916570309686
v 0.8148914314791527 1.1404049505030784 -0.6911613485348228
v -0.35245402231847434 1.4545226208301925 -0.3050466735224424
v -0.39207975318308835 -0.1652148021518201 -0.3557902708908288
v -1.0572319266465322 -1.3881584395092919 -0.025392039735308125
v -0.65372607497027 1.1339157588580477 0.2678866238190024
v -0.7429678644971124 0.7061388143639309 0.3038648267087267
v -0.7359721655384088 1.1209265065695784 -0.43301394514503483
v -0.9054091415569747 0.5731828323103361 -0.2727503438433855
v -0.5864532684551204 -0.16139171188095625 0.17909547815078064
v -0.8424780004113587 -0.7558495820657364 -0.299223907322071
v 0.4574030809223941 0.5854249808166994 -0.2740618363516415
v 0.8379336681442935 0.7999763720576439 -0.6603317742070873
v -0.28128206252338206 -0.349046587754803 0.3122760129122911
v 0.9160145547288148 1.1214778285219071 -0.8721608010232831
v 0.010964066161956831 -1.1565125912650451 -0.008615900530965892
v 0.24637983849184086 0.9128043876239857 -0.06658510414606944
v 0.12457676746997315 0.7234162661400598 0.2005035888769845
v -0.18522245398788273 1.4021226000923117 -0.3433681245781115
v -0.004054112448794112 1.4587968344743127 -0.8032261765989882
v -0.20998438997464583 0.34144689525391797 0.3333558359310689
v -0.4000166394726738 1.0906355670361036 0.4091510760452519
v -0.5621620759821218 1.2575022447087485 0.2502754897957963
v -0.7791708998116232 1.0659583053420842 0.20366474915289834
v -1.192031822292157 0.7539083021238566 -0.2632874821449769
v -0.05805565213038788 1.0211193512981054 0.34905484540532505
v -0.41682716387234686 0.9297674576171224 -1.088677423059075
v -0.7781239195642529 -0.8947206368870638 0.00046756519176782696
v -0.958428275628798 0.8767279441732844 -0.10266278634291295
v -1.3864596825562285 1.0781836508564238 -0.669541032602571
v -1.1979694122679883 0.9824451173290394 -0.5370203099797033
v 0.04477504271656996 -1.2964558008521139 -0.17360172200485993
v -1.4643719398272157 0.9625718730121945 -1.3387126376003975
v 0.08733794058292371 0.6627829791082145 -0.4792932212960457
v 0.2952604216018776 -1.408980623310295 -0.1395089107231485
v 0.06120433300113154 0.7535738406654967 0.27065502164877275
v 0.033947062789819404 -0.0705939972603396 0.12838880340933867
v 0.29855125062717924 -0.6544889192534435 -0.0652281176867569
v -0.1973165923100447 1.409965441573982 -0.02794789270283038
v -0.6373907895340707 0.29911138722374075 0.21035116117161312
v 0.4305166553424211 -1.3391911641490863 -0.13495128394958777
v -0.7719564622599612 1.0926032753232353 -0.42265295253406965
v 0.3174701009808857 -0.844230103367637 -0.07356495914202035
v -0.49845615906396795 0.8876157435508312 -0.7567769924287484
v -0.8306023809046139 0.7091610752337205 -0.5214063144543912
v -0.4051305032235787 0.9896630113820333 0.4380176972726594
v -1.4571568429429298 0.7108934017740813 -0.7523686545450841
v -0.338589396082865 0.98553950519194 -1.0688490133606625
v 0.06247838340825451 -0.06058125215350901 -0.28777217875323324
v -0.9499602869206865 -0.02279535900652213 -0.1302374552834668
v -1.5025238025400798 1.0602890237846712 -1.2812998907401796
v -0.09109269206307558 -0.876623195104211 -0.07718479514670168
v -1.195907918910036 1.0736024879061636 -0.8484832674052468
v -0.09394158841230432 1.175934307714066 -0.738660649777341
v 0.06598992902438683 0.8396155493118325 0.27693034976630737
v 0.2800034247228006 0.7685486232017221 -0.48376453543519093
v -0.5556987781274156 1.377887211135036 -0.4196363659208018
v -0.15516345967962314 1.3647759023920196 -0.6634061623137264
v 0.019288640034458404 -0.5569508871771555 0.025290619314798757
v -0.7720858912520314 1.1902117361116331 0.06235368410810915
v -0.4080370212481903 -0.36455033487347055 0.6976070611111508
v -0.2046402193401976 1.3530804405298404 0.1670630773379575
v 0.2285118844216958 0.7418750821401976 -0.015585865537556698
v -1.2425680096008522 0.7729370012886778 -0.3245845572909855
v -1.3992596864018314 0.9203782613546141 -0.535516412223896
v 0.19340058405388183 0.9288987569153283 0.012011920004390386
v 0.2545434952445318 -0.3393717606076644 0.06563112668316595
v -0.32450277455073 0.621881619434135 0.4014148866104589
v -0.9507137043121617 0.6196536146189562 -0.1256568917265012
v -1.4982563820199644 0.823020107206021 -1.2731119385792828
v -0.3640562385637976 0.5498174427403258 0.370085618072832
v 0.2326438420572423 0.9057277106311883 -0.4024933780404173
v 0.10394105492290528 -1.3929653339742805 -0.0777679648627477
v -0.902201847977157 -1.2878585629699204 -0.144648748183484
v -0.0035284045699191524 -1.3077400589344537 -0.02873355745355255
v 0.04467672223648694 1.0826076728646288 0.22674258977973538
v -0.46309998655555307 1.2947121208996712 0.26795569390631124
v -1.114076728380386 -1.1167077816637954 0.013380934289146884
v -0.5065912846958381 0.9044681855215699 0.4319991292627343
v -0.13174352531980876 0.29427907848306334 -0.4157998891996929
v -0.1659002119469429 1.3735427485967944 -0.8565333191488437
v -0.6019730992938583 1.0168868754070624 -0.833843505761123
v 0.7118762034165789 1.3469953598439965 -0.7701970686375651
v -0.4397255861063481 1.4619666060338914 -0.12307942064082211
v -0.35572487156729105 0.08201838859590774 0.28913016112629886
v -0.8389983225387201 1.0243764344809239 -0.4595603548887849
v 0.36196708117054643 0.9069490344081672 -0.3991217308192334
v -0.07067100288171574 0.7751037880687065 0.3903776784643568
v -1.5869839320596342 0.9808519299521204 -1.1406405460245566
v -0.5795383876922988 0.943139502443269 0.4040367927190407
v 0.8668155539209357 1.0587962347845896 -0.6084983999100997
v 0.48826897848377937 0.7312222049745621 -0.19647554913400808
v -1.2080796786638426 -1.3922496184210322 -0.4860590129667356
v -0.7602396220369432 -0.9988910157068981 -0.07208725487318507
v -0.08436857820613353 -0.8332825045190705 -0.10135093419868019
v -0.20728771954245684 1.4366606007536635 -0.1972901246213041
v -1.4496974733113372 0.7577935095198125 -0.9571887957500962
v -0.7012355658987957 -0.47423357358061646 -0.0003257318335715409
v -1.580742849278995 1.0111902215558648 -0.7416543195869805
v -0.9915783611368381 -0.11181946886855965 -0.23975669998522334
v -0.6845133321314102 0.33392594795119857 0.15311367691072197
v -0.6648011248130349 1.3134123325593015 -0.7659308668838155
v 0.63940236138572 1.3372822314653359 -0.8532174155040531
v -0.005867956477214165 -0.45179898185771594 0.07598976168050592
v 0.886532955981197 0.8774932095722153 -0.5034650146247694
v -1.3349398708713975 0.8140696268755719 -0.47604680731387017
v -0.41667615672167274 0.5849120799745513 -0.6035260529160384
v 0.3148643784912567 -0.5577148938501677 -0.14111866133477358
v 0.7168483905724281 1.0371805541604826 -0.45413604537085506
v -0.18333326622233756 -0.02696793552766269 0.22188406757230972
v -1.006002041498276 0.5708264973907936 -0.30073066218591554
v -0.49297834370461113 0.3802297992272861 -0.5547344797102427
v 0.30757745431050687 -0.902056271762884 0.11048264800655422
v 0.16129949675063693 0.7889855769323166 -0.47362310058802015
v -0.9242127685396917 -0.5042026189351402 -0.36032096492568766
v 0.18005031718410391 0.9835220272815843 -0.32014760836739453
v 0.07575400583308428 1.0254604971934502 -0.41958761526617827
v -0.47475013428466395 -0.21367644930851792 -0.21923900797785276
v -0.9624081671855166 -1.395648158421365 -0.2217400364387
v 0.8856989801309341 0.9872627808935531 -0.5065836179767701
v -1.4462106626584936 0.8456972334356738 -0.5568278208319122
v -1.3766103320614929 1.1374301815619938 -0.9429578602924097
v 0.12676627125586537 0.7913317221658516 -0.48130001002598194
v 0.3969123096362166 0.561279360995171 -0.40433605288630525
v -0.12182104884313777 0.33064938448630715 0.2859900195752474
v 0.08194124311609624 0.4615860504901096 0.1547629075606815
v 0.26922659302385166 0.6272006355299886 -0.4618012067002436
v -0.42291602073594636 0.9426056428155881 -1.0516056271034406
v -1.3246286878432096 0.8876246745109201 -0.48522775436607457
v -0.2057819237078836 0.8555041269053787 -0.7939953999842302
v -1.030630472618566 -0.20663967192936117 -0.31361843718961724
v 0.06807771576819349 -0.350654400328109 -0.38425633755926375
v -0.0289954668283931 1.2365571053632567 -0.296218269626317
v -0.7057629033312052 -0.5277000748277166 -0.10673989949200796
v -1.128207924793859 0.6129453447247668 -0.3019642735254328
v -0.6505939652893655 -0.4708167920443528 -0.0771980217587348
v 0.030974791320795447 1.2236485913515636 0.11222530409135789
v 0.08404673194186868 -0.9429824263395815 -0.18442854310457435
v -0.08717621631692057 1.5033528149439337 -0.7601154332614141
v 0.30628136620992086 0.8731286074192767 -0.4517541762969647
v 0.01447912821875047 -1.3238602820565677 -0.06999221547051426
v -0.5756886044400509 0.7978601341121225 -0.5972100259938038
v 0.024722519865324588 0.3247751104221572 -0.1365042320566658
v -0.12048811803471321 1.3412545706665435 -0.4195927300889585
v -0.8184905405004861 -0.6249286601258042 -0.14271037020823263
v -0.9660060254360643 -0.48027517827282873 -0.37556283711396543
v 0.03495742010689257 0.45521699724108355 0.21267273128007158
v -0.04149929046738132 -1.1385113720857447 0.14504500401544107
v -0.04586716930366341 1.5375977322640257 -0.8579312441701741
v -1.450892883318215 0.7132857802104029 -0.8396835145086009
v 0.3083158668898418 -0.7837009908903848 0.10473400677694239
v -1.1994116324537862 0.8275031494739631 -0.28367982103468015
v 0.26097910112902956 -1.0148692825170857 0.16709112894414252
v 0.6288381145085722 0.6598671904673138 -0.4716320559219541
v -0.7213815341646617 0.15037228083688778 -0.19533082782007288
v -0.43202294271627356 0.5033523147084509 -0.609384782714083
v -0.2974395079690879 -0.01788870551754379 0.2613357945635152
v -0.219644452066962 1.4216235012945808 -0.3348358609290477
v -0.28396516668733773 1.2334563239718808 0.3345220155249492
v -0.7479430885789875 0.2207248300387746 0.009365678528049703
v -0.7516742518982436 0.414333259729864 -0.3874600147995377
v 0.2775011175562583 -1.0783930038534724 0.13284073716529343
v 0.6833758914112484 1.1435849317284412 -0.5509587015500955
v 0.1185077105648703 0.6517195175358108 0.18265677341036068
v -0.5187010072436585 0.8748638510070045 -0.9742481882456672
v -1.1091212243379016 0.7290942788597969 -0.6576519866860282
v -0.8045658950163155 0.8615262712952946 0.26965735148976766
v -1.3384373107653311 -1.391250210021473 -0.4564153182924946
v -0.7986661067775942 -0.5533812603507811 -0.18637455335444303
v -0.7952797944004703 1.194693419754774 -0.022462884623938972
v -0.6963000416327965 0.9627396032357866 -0.6323702768140061
v -0.16389709949587994 -0.050786026873271384 0.20527773648831393
v -1.5368937732811918 1.050833674482221 -0.8968788014815555
v -0.553038610746865 1.3746932640459102 0.07375536333685184
v -0.6746027036621949 0.14534498945749266 0.16530435751285977
v -0.4327215555808503 1.454924174377989 -0.05269226646606312
v -1.1016899662518238 -1.0644658009579118 -0.1633637448777133
v -0.8446845269668161 -0.6764403200618293 -0.25804884468992273
v -1.1647853811197 -0.7672684039427032 -0.018965025154698945
v -0.6999235339365746 1.6037275956653474 -0.9141747145711567
v 0.13591103493285528 -1.0726950712965797 -0.0943785516391347
v 0.5761336019770593 0.6423065852988386 -0.6160379284049502
v -0.05366271865439348 -1.128830650904543 0.05947867419101449
v -1.3292067539281145 1.0276250062789596 -1.022343326382523
v -1.1624252347797182e-05 0.6937649391912015 0.3167648692951903
v -0.7710065038072024 0.5251878328132232 -0.5218755994444724
v 0.29615799308069246 -0.1502116283532094 -0.05540178389453204
v -0.29734848010742193 1.4122253940517604 0.08303471078824509
v -0.008812336178264879 1.273081435463424 0.09914812080657781
v -0.3161976609805249 1.3238001979696392 0.24722032223413593
v 0.14290655407357045 0.9381197434396087 -0.42743009711187174
v -0.266110858804532 -0.32813907032843237 0.34017397461614984
v 0.7146215445842856 0.7334476923379039 -0.7545592372389064
v -0.010421647234807319 -0.7308616748069273 -0.14523859114487606
v -0.057006314269392344 0.31277497694835743 0.21803042822320007
v -1.1410823732866453 0.6473188119267639 -0.619179368641473
v 0.7752785675905951 1.3312575496438068 -0.830225827572302
v -0.03391003230885953 -1.16136605858902 0.07908588778396075
v -0.2695272407452659 -0.36852824843231713 0.3883270341250358
v -0.19737623194285261 1.3410297182619804 -0.682559515304038
v -0.5761129149532642 1.2116507555520595 0.28290883834460334
v 0.002738312263950382 1.073546324754464 -0.48601813434404717
v -1.476742638215484 0.7462001243356957 -0.6662180561169048
v -0.6932225566608022 0.7999244446185593 0.36767132182170637
v -0.3917267704719268 1.4534069900708193 -0.241015206126241
v 0.2954352446461218 -1.0280612096582193 0.025332536885864454
v 0.8236405156626325 1.0340328602539195 -1.0568358330928183
v -0.5099369382278149 -0.030757259976266826 -0.3584292197487524
v -0.9670655529830672 0.9813322237990448 -0.33473206599020777
v -0.010768995649000135 1.020491946356921 0.31625600436789214
v -0.37468527985608635 0.3553158970605776 0.3207055205708923
v 0.3217643343610439 -0.7336436988442604 -0.08100838491197768
v 0.9026747173023619 0.9926191591714338 -0.6060841635983035
v -0.5240329502548979 0.45160860964832816 0.32835637638031756
v 0.830374859165135 1.0824480344505132 -0.48959683198894577
v -1.518146828924363 0.9964386331027538 -0.6206426475116862
v -0.04919464123903883 -1.3309585571877456 0.04939935646893573
v 0.053475955658944196 -1.0353393227575394 -0.1207726755265156
v -1.4683011626707683 1.1703339963450792 -1.3212044593654189
v -0.4558236516563403 -0.3800950405339324 0.4926693788810771
v 0.6329059570413782 1.3186478331894476 -0.8156785123539745
v 0.03503839814098647 1.5159096449299367 -0.8392746084030576
v -0.23349579175120883 0.7315823404457054 -0.9240326363900044
v -1.113731018307865 -1.3941116736501105 -0.21576504432128885
v -0.16026611477591993 0.7262260820464838 0.4157921739308985
v -0.0033015741674842225 -0.9990114138399969 0.21213611444323566
v -0.17949137498180123 0.3117113535471751 -0.4633653235023768
v -0.05800576262850471 1.489262577072255 -0.8944558739669884
v 0.2524518124443105 -0.7316288382846242 0.13621644028110375
v 0.039126320349159915 0.5071134876519876 0.19383837540112048
v 0.6592726686754216 0.73664857240947 -0.41538602810958136
v -0.6248503429647854 1.4722671997805419 -0.731904408439811
v -0.27713470048016564 -0.37321368583605274 0.45197644823528993
v 0.2813152968468098 0.592987665872496 -0.11385301959711422
v 0.5497978989561207 0.9011903833105365 -0.3166954026874229
v -0.02955232317880835 1.0613534263971363 0.30550306848161957
v -0.9043032809083029 0.9363124527778759 0.08345658376872722
v -0.31915964286465903 0.8203020783927696 0.44425878005329866
v -0.6587016786678983 1.0616225739661667 0.32126745178453464
v -1.00762146232172 -0.14073556002254417 0.07604512564114602
v -1.1099582371141903 0.59618986460931 -0.3426149469439541
v -0.46600638470150574 -0.18921600814891448 -0.27520088340905496
v 0.17013892948338216 0.5723366488166406 -0.37004965755023006
v -0.9764259184281074 0.9716878258514929 -0.26237608466083423
v -0.3209673730814746 0.2504396127577495 -0.5160086179987395
v -1.2136900198806249 0.9053534894176231 -0.34658319029098195
v -0.3581073799940289 -0.3933087256516583 0.7024586103765834
v -0.8855366764514128 0.918380003989237 0.1398193933746552
v -0.7545607302070406 1.228947627670932 -0.10177914076830807
v 0.17903586401285132 -0.652455837137653 0.05774970425310311
v -0.2202771916084675 0.6951067010608324 -0.5849408048903031
v 0.6467689449353158 1.3285884113436142 -0.7847207078207579
v -0.47083599617235766 0.9558911752095544 -0.9813463634779626
v 0.6550373956156708 0.7934954120805251 -0.8294101332175228
v -0.03961565707969905 -1.4022792664187693 0.2508780199152564
v -1.1554491312648771 0.9769892397642631 -0.42812912955175464
v -0.07257301766376428 1.2991281110377293 -0.4113985841973513
v -0.9944377468687214 -0.8652561807876703 -0.2876311415110252
v -0.8512180137763142 0.911447840719756 0.1942074817919055
v -0.5140793253066867 0.039416290408090304 -0.36974924163100065
v -0.8124861781116419 -0.46552794541099174 -0.33291858159776455
v -1.1759925772041369 -0.617120423617006 -0.27841786718046796
v -0.03873370978609536 -0.2834476869135719 0.14567698432544013
v 0.5507318536079151 0.9109342805449839 -0.6981961878756606
v 0.1720603046688448 0.5502733612599384 -0.31399865233612795
v -1.0925002480777424 -0.9320116109907391 0.09099978854245094
v 0.4122659486941518 0.9001145922254746 -0.39773841101451357
v -0.652401196011769 1.1094305627553793 0.2897720514054345
v -1.1384505771887032 -1.0081771962418493 -0.049296543614214816
v 0.10200998954584745 0.036825872427248885 -0.16084907022952674
v -0.22625975606116647 1.4187739456127284 -0.4214710688358722
v -1.564168545776705 1.0818316383661726 -1.1221524996114214
v -0.3464875815453988 0.11316396306853099 -0.4570508350229315
v -0.38896848240905785 -0.21463380027857626 0.36450332846223477
v -0.151579467393956 1.1736694202314957 0.3226645975945822
v -1.4870005951191159 1.2301856145814993 -1.0597914813878064
v 0.6565540005093224 1.3386491478735616 -0.8931764489999909
v -1.5414901208615808 0.834199331603379 -0.9462613964555558
v 0.08620886343397627 0.7345392874261654 -0.48762119173054974
v 0.7945235478358672 0.9435984778686839 -0.3964011845541448
v 0.024648255036129663 1.1881028707036347 -0.3914288375600836
v -0.8738232927297266 0.71452013080165 -0.5131362853716939
v -0.8734680523038222 0.9711899098417086 0.12733546959304615
v -1.5643205119566503 0.8555946952321855 -1.2825771179317638
v -0.3962948067090362 0.7433579212115895 -0.7678325020501109
v 0.21367640088712425 -0.5409922205276995 0.023079437471420383
v -0.07582310792481306 -0.4577892585041381 -0.21119678830663807
v -0.7339498325423672 0.853603470748131 -0.5743024130626193
v -0.5665821419945829 -0.24503368953322402 0.1225106532685506
v -0.3226396404137214 0.6830046907067353 -0.955759782196555
v -0.40373933136670026 0.9381889334055765 0.4458315281188733
v -0.07412894275753856 0.5858530874874448 -0.605456898515555
v 0.19364138032007983 -0.6350169487675247 -0.3511173807867257
v 0.7183565440206268 1.012005136699361 -0.8913202078858696
v -1.260949304068228 -1.398189286293618 -0.1980307749356054
v -0.9149436707136352 -0.9734088886969542 -0.26479030099285383
v -0.49854297119279556 0.9026813141914047 -1.078054095982861
v -0.49169194579562037 1.1390206117297579 -0.928892177566031
v -0.08073739368840865 1.318312352762487 0.10474971088125962
v -1.1524788777532784 -0.3773360531788864 -0.14799478133121402
v -0.7747139311519942 -0.040698337624845426 -0.2860282439627345
v 0.3158158354272519 -0.8819864863847556 -0.10860694966520765
v -1.0933626151903908 -1.1549214618051038 -0.12030093302392678
v -0.31519735349102374 0.38130758828999634 -0.5340763898135116
v -0.6865747855298096 0.3651352379310327 0.1448677634182421
v -0.6703917260106499 1.1288061907590872 -0.5441031207638817
v -0.7940832255665564 0.08843974889977169 -0.19024921142841486
v -0.16118424544473806 -0.29244298188267703 0.05996907780484034
v -0.5948445348215291 -0.24573310158886008 -0.2611647507720978
v -0.4357742456502266 0.9054006416901279 -1.1567454446581067
v -0.8351749125914324 -0.25556465010274765 -0.36926435243548467
v 0.17722018184499466 1.0584286068972646 -0.09072494981219362
v -0.3756125013232052 1.4677810007079155 -0.10350191697550915
v -1.1135002918490153 0.9730563206620608 -0.38526403756606437
v 0.5671781866418183 0.6330238013258898 -0.3943762941467131
v -1.1380600724573027 -1.168259161395473 -0.07133955169778453
v -0.8518503337425134 0.5117411635219049 0.03732026291846702
v 0.2514188979595857 -1.2599720296982113 0.09403813313231102
v -0.3907367925268683 0.9122486701208303 -1.1607450362744398
v -0.40490786857420563 -0.24432256932856755 0.1567067400149133
v -0.05434181127734433 0.12481770715740922 -0.27695694592388015
v -1.0860944520197604 0.9285248154186339 -0.21906768139449334
v -0.18991122801429142 1.2778252737538254 -0.8219397547290871
v -1.0655959405978155 -0.5769421320539211 -0.37738587183956857
v 0.4111831846670968 -1.414118462792982 -0.4069528241923305
v -0.47532033712577115 0.5817835266938611 0.41271890469174255
v -0.6917304669528976 0.6669238077645203 -0.613170970337779
v -0.4115076283023047 -0.34825690706900736 0.6379331829663417
v -0.20111940310777623 0.24170015882653556 -0.45830288769614447
v -1.3554387818888722 -1.4094378005558261 -0.4420419669880225
v -1.1340793017904187 0.7724648192310064 -0.779295858848863
v -0.27535600087858286 0.9678335071899828 -1.0680873243417226
v 0.2508619816698411 -1.3969063448859589 -0.00693572120723096
v 0.6784646625534552 1.2555977724141925 -0.7214104504163377
v -0.14675073503326946 1.3411457208442528 -0.8926669247400688
v 0.07563650476757561 0.4248220030316747 -0.22033385976968123
v -0.8822397136347301 1.0412079576256825 0.03302117445262298
v -0.5427420329352876 0.974472107603569 0.4138008295681852
v 0.04535541526390807 0.10658274457301009 -0.20454879739810405
v -0.5968750595259296 1.0767955558851239 0.34963933378661893
v 0.3590634602135252 -0.32644026985301344 -0.17970378550071606
v -0.9407231767167826 0.9815062676320062 -0.27512050476825556
v -0.020269539205859555 0.5495632800036593 -0.5755002206426754
v -0.04082717078642384 0.09539227156149102 0.1421985451989436
v 0.1221200141938168 0.9324255670806951 0.19144415882536236
v -1.146056058925731 0.7255858900483494 -0.7485898194791345
v -0.9712283593935066 -0.4164301022114564 -0.38206441622041687
v 0.5644007379733003 0.7419244721476688 -0.23268693599508966
v -0.7448264432450824 0.4746493078706796 -0.5073763156088149
v -0.6939350954295891 1.2344814463437763 -0.43420995454520717
v -0.6621800778348419 0.1269578009560538 0.1794538154420403
v -0.20258969487953557 -0.29863065872077166 -0.03682556672776799
v -0.44158104800918646 0.8493554505909829 -1.2161209048613348
v -0.031007470279991955 -0.9209304073768169 -0.15101032899610464
v -0.855268014368719 -0.6213101427863708 -0.24749306923800468
v 0.3052455946171586 -0.43881246679862496 -0.33813528125823805
v -0.6471986819925999 0.49812746329917146 -0.6068589593506177
v -0.07269893021517315 -1.3862281333637405 0.11656311336402997
v -1.531709360939518 0.8646945643514135 -0.978081907757621
v -1.0927906940885057 0.9733286849751052 -0.32927842616039793
v 0.31901921297087854 -0.31431524279640555 -0.020884382382736544
v -0.9530852438416093 -0.3955692575429549 0.08685933950189834
v 0.000994117736357325 1.1614045946788218 0.22735059435795246
v -1.419235886506904 0.974038046959431 -1.2511222764989283
v 0.014696787903778763 1.1819350737431427 -0.2830628655165979
v 0.1591681141345399 1.0037577047438682 0.06920273150741235
v -1.14736173731903 -0.9137373282062174 -0.08917981379772127
v -1.071556687134593 -0.3199809479738278 0.015787778083643567
v 0.8482448511724814 1.2633393164290834 -1.0197107510732981
v 0.7567315808368287 1.2358032084571458 -0.6911210293458758
v 0.14724797968578618 0.8701211315840861 0.1695726771229168
v -0.2865458345372544 1.3860570616184376 0.14359726941133344
v -1.0141993841541208 0.6834857837447191 -0.12224092936107345
v -1.1697630027747532 0.6746056921668269 -0.6475025799080398
v -0.28225180095486113 0.8679035162526795 -1.2996512355226042
v -0.09787181024468106 1.3674930321153291 -0.922537829432498
v 0.26762687226002213 0.7204927852852124 -0.036608066880951584
v -1.3017411346076162 1.1184837591167383 -0.76019179596714
v -0.08055839487087896 0.30363644696163083 -0.371768637599899
v 0.2872234765916549 -0.4094273104321008 0.01656720914410237
v -0.8874509787959995 0.8510146511494084 0.1551627828072536
v -0.3075014632654011 -0.23406716983632592 0.04538545933263949
v -0.44320534389809263 1.0353333838648853 0.40862916432390906
v 0.5660798983284344 0.8535614332984066 -0.27492626138126774
v -0.5490537642055779 -0.2688960560635236 -0.18439951248934155
v -0.34145323730490446 1.0032770113014142 0.4299998129692034
v -1.151264706736281 -0.8800740221796054 0.023618132205010633
v -0.11537149707465338 1.26476261576655 -0.4756022572870775
v -0.6585656163900351 1.268814194761297 -0.3452967524224382
v -0.059617231500907475 -0.15056163407767476 -0.32643288641361873
v -0.3524182185590131 -0.42964584524616045 0.7417592103384559
v -0.9326853925559476 -0.028274752768221223 -0.16483687377773346
v 0.32251399555453986 -0.20402126228166406 -0.18783249762433457
v -0.10692045121700139 0.7012911012155835 0.3878901563324134
v -0.8206595650154811 -0.12229360695375974 -0.3316915835642638
v -0.9988388520732981 0.9852294590204448 -0.38152702017229817
v -1.4337376678146216 1.1388446498382538 -0.8530270481937035
v -0.7790792325971096 -0.7079937616916187 -0.07107354095366242
v -1.5224978448292916 1.0857467355077501 -1.2617661827449218
v -1.1044207221826963 0.8742370254793386 -0.7742727832023062
v 0.06755260728261309 -0.5515156087619353 0.05400275691042372
v -0.18707755625474434 1.372119629077316 0.11684954343971987
v -0.7473101092801642 0.21964971826611335 -0.10263477469628093
v -1.1084531805313471 -0.3282312969766874 -0.3143952508993565
v 0.01002323846705172 -0.01434661082316585 0.13405682624083332
v -0.6583230619035063 0.8965422281697218 0.3813662398358517
v 0.09810190530581608 1.0428680572740499 0.1632998264976664
v 0.905743870707562 1.1439018909026002 -1.0589831795503266
v -0.3008293567666497 -0.3637732814064134 0.2954974761347706
v -0.9013333270933512 -1.1782643941063449 -0.1480400355249527
v -0.5944836201391028 1.0727519488211943 -0.8230507901398685
v -0.14936684700667066 1.4090726252819707 -0.8559662131730915
v -0.19878650446605078 -0.2847919462552634 -0.17719336654492085
v -0.9917956412061131 -0.22188022545239083 -0.34473971625403466
v -1.4197142622952856 1.0455111219659297 -1.4158458234469027
v -0.8775296211868118 -0.047894813357447386 0.10900909953122778
v -0.294519303797584 0.7252450950008436 -0.6234440119726569
v 0.2611484497145169 -0.2688252477356605 0.059645145688688006
v -0.5911554888711035 -0.2207195203172676 -0.2793995335385086
v -0.7919151201212797 -1.0324726244274625 0.021624550107331053
v -0.8809300193063576 -1.1958806029927782 0.12057059699207451
v -1.069668957892731 -0.16339702210743257 -0.20796781666933403
v 0.008641716842215541 1.2030081236176922 0.1726892625174924
v -0.5649123921141732 1.3832312019514958 -0.2586583277715996
v -0.1756824104129123 1.2964852861031677 -0.5661313438128526
v -0.3740496232672141 0.29339305531505677 -0.5260036210640513
v -0.7014885298488731 0.3748368979179908 -0.4167873496929142
v -0.6985290054772466 1.2901251837940069 -0.14325098300036548
v 0.12296751635276015 -0.20339961151610786 0.16511137285179062
v 0.6720952097088995 1.276510724339767 -0.9006278267209893
v 0.26992850255154854 -0.7184377303143262 -0.33839991339778275
v -0.8452179869989673 -0.5803921998978088 -0.24963240380514282
v 0.12315234926502361 1.086929298518348 0.09738062985960322
v 0.24658592988628436 -0.7626924157545528 -0.2796822673555487
v 0.3323274423909319 0.9498666532262368 -0.253130063476618
v -0.9263998347928527 0.9374932176085901 -0.4716488389342016
v -0.2767361438988416 -0.1873388282290368 -0.2864599669730237
v -0.8969684252437654 -1.2740347354378936 0.16753935524980845
v -1.450331611437197 0.8634800936377689 -1.2563178175761038
v -1.1055065830751065 -1.0025350072613497 0.07612906068215974
v -0.727331691419902 0.5248974267620129 0.2530776934073794
v -0.35993762741894314 0.48301230285336194 0.36002737901494497
v -1.1336453410451632 -0.8920598301536654 -0.22798505523530677
v -1.2794445631806743 -1.3928856546256578 -0.23627762150587928
v -0.43897802278938297 -0.028424061637894127 0.2552471974370101
v -1.1664542918494973 -0.7805921776288619 -0.0550650247618763
v 0.08561852097817213 -0.959558028527343 0.2427473497735423
v 0.14367002129261763 -1.392452413152356 -0.3017248558638123
v 0.37033407210852587 -0.3978503486242546 -0.1704420002728531
v -0.11180422786190425 1.4861144835701623 -0.7589428201795057
v -0.8538068533548133 0.5492250823270967 0.05082643198415787
v -0.7490182802707546 0.36389105728975485 -0.20825262838312858
v 0.1088125440052699 0.5620519789518483 -0.40094274758741155
v 0.6440630238666141 1.387425995984088 -0.873439087143021
v -0.7954349973042063 0.7490275624049795 0.2360598588468974
v -0.9060621605716125 1.052781962426609 -0.0735153693367844
v 0.45681787326914647 0.770905677393218 -0.6808209550734137
v -0.30958839087881895 -0.2463404068749 0.13427210833245984
v -0.8204767900201957 1.11730597127272 -0.2791181983058224
v 0.11451804889745049 -0.13188086274056438 -0.32182608941012825
v 0.4764091629802343 -1.4008365067790063 -0.1914637221016124
v -0.8063925860410155 -0.5226622541061139 0.022036073563593883
v -0.3895442196482514 1.2037685139511607 0.35733466457850005
v -0.013424567680959343 0.16525959191166162 -0.206285119893762
v -0.2536190829707643 0.25767438972187334 -0.5009555347184691
v -1.074501945945809 0.5884415674299672 -0.2910711994868939
v -0.34575088722684155 1.4071169448202832 0.09935113531544254
v -0.8277634544638512 0.8379241213739363 -0.5488881773331719
v 0.08918712883594576 -1.3908748499606483 0.07454901999816799
v -0.11811833672559635 1.2466106891332225 -0.6333632916850902
v 0.36738140080023385 0.7528352682479498 -0.07952314826740753
v 0.3938419574444275 0.6238955009847236 -0.1378354246245361
v 0.009076037223447853 0.381195042209056 0.10891889084039774
v 0.2701270216107041 -1.0114997731319857 -0.05690292444118428
v -0.0738948996557926 1.1777736459372807 -0.4854180817168713
v 0.9195743515051584 1.0650796547116008 -0.8692936231785705
v -0.46177950314787874 0.9831547590302359 0.4326393612204217
v -1.111113267992792 0.6427069200802698 -0.21823324600937116
v -0.932669628512301 -1.38594398098257 0.17718097600842891
v -0.7614693972593752 -0.4237690537301735 -0.3255601897565276
v -0.36649061449029063 0.7362633023795084 -0.6846917370707475
v 0.44220646292785504 0.8699645900353257 -0.1971347219198033
v -0.2523019162059865 0.3358681420637586 -0.5037752206344766
v -1.303438976053764 0.6912082470730669 -0.4024794321564308
v -1.5409892478448768 1.033078546209887 -1.2711188160164624
v -0.11166794580649964 0.09938369144924156 0.23085091133970004
v -0.42329913295004745 1.3807119918940471 -0.5448585361330054
v -0.7568809416906981 0.7567485871894202 -0.5577027951835226
v -0.914449630780489 -0.3651445334261363 0.1197121459156173
v 0.848254021889888 1.0045710215052457 -1.007213440841444
v -1.2334526761346247 1.0571494816269142 -0.6406415246630691
v 0.6003851945330645 0.7272814138404247 -0.7674576015241451
v 0.6951392245741472 1.3778366023611994 -0.9699819065728116
v -0.6288504740350834 1.5702629485563264 -0.9114229199356454
v -0.8023437242958703 0.47129124689750557 -0.3567229668167045
v 0.015036004548942161 0.9751806304372822 0.3097971220437894
v -0.8619064549440931 -1.2499754682103337 0.14286375187723727
v -0.8818002384711645 0.5918013466639189 -0.02192860542095193
v 0.2711980575089624 -0.8829086929279767 0.1549298186134378
v 0.5247764656323697 0.9909427959850075 -0.4467982127196213
v -0.7896669956711804 -1.1299852222482851 -0.000448567499401753
v -0.5763813432503411 1.221938362443995 -0.7138075860300295
v -1.5126681544346174 0.8499891291819831 -1.4185781977396705
v 0.6371823085215822 1.2452317049400001 -0.7669574677591711
v -0.6162295888856693 1.2284261954642248 -0.48712697197941524
v 0.900250311284335 0.9526795260384628 -0.7353277633225381
v 0.3258440049215289 -1.324332943628875 -0.1671507716520216
v 0.052632029879991604 -0.6171888343716908 -0.2829320379401737
v -0.7453850578158283 -0.823148781865623 -0.16883840343238546
v -1.1968900448029358 -1.3834622929453602 -0.40959798676074094
v -0.7872025901406303 0.43325272945664145 -0.33363215931492857
v -0.04358280153902022 -0.8390265304203143 -0.16479076045360597
v -0.03920009770858618 -0.19931636457563195 0.1630944743549529
v -0.9210235766373694 -1.2032275464220894 -0.14821841496941132
v -1.0396811715078642 0.6219348055991383 -0.5468311994047051
v -1.4607868886133948 1.0173048922906829 -0.5951800807029213
v -0.7516505558833323 1.5999945142875487 -0.9087317039824369
v 0.7031854601804357 1.086980206988832 -0.8840981979989198
v -0.1654531844278661 -0.04687037029795221 -0.35537125501838407
v -1.4292513688431128 0.9640502965529832 -1.4197940870174457
v -0.5815763049139988 0.8980990723332144 0.41372324809609373
v -0.24373348916148468 -0.2822740548630628 -0.047228277112034034
v 0.2309436829570224 -1.2083713398781684 0.0944130336582768
v 0.3482074486603661 -1.41081149010828 -0.07899742040875607
v 0.4405208091453632 0.950860327429945 -0.5991273253048633
v -0.41109396700995793 1.3812390783775 -0.598063861741893
v -0.2666206028419954 0.8868651433078404 -1.1980685973935623
v -0.07791159396079672 -1.3782764420597795 0.23468403145835948
v -0.17681036869437655 1.3008425157185832 -0.5198686708561007
v -1.3907097206708017 0.8566018158254681 -1.0440451598028337
v -0.23428501290214532 0.0038302905307677215 -0.3731942745712142
v 0.37637050203862854 0.5688183300562799 -0.21059431812650747
v -0.3870890447744374 1.4648099679850337 -0.19745743526959003
v 0.6873971610850678 0.8693944671133244 -0.8912346544829606
v 0.05047351472742778 -0.1839624258210495 0.1647956923833266
v -1.3290898722356768 -1.3103522748514402 -0.4092014481368419
v -0.0008295563420933072 -0.7948076687193256 0.14205778767360633
v 0.7748154363716713 0.7564557835650316 -0.4636692159027146
v 0.2318046315055402 -0.8439395374782149 -0.25455376240961414
v -0.6209153259860523 1.3188807574237105 -0.2688710904208221
v -0.9596273818943254 0.9381462965625574 -0.1754716093063205
v -0.6943832418161491 1.004048590309714 -0.6340978881271166
v -0.08846401281026528 -0.9633849549152921 -0.007695372288969604
v 0.7538609464907844 1.1128217501979654 -0.9914949311053386
v -0.7447023888128868 0.15000391369783267 -0.1698086413582766
v -0.7245367804267359 1.0827836347561328 0.24558238015789047
v -0.6762119148198548 0.6017537528457645 -0.6194921720221233
v -0.39748242460308486 -0.5288981021853141 0.8188109386362313
v -1.1741202124103922 -0.7379514984926517 -0.10536932678468558
v 0.33862312990070476 0.8257344397606229 -0.07150084843334845
v -1.05249588046896 0.577552769063596 -0.371270361954138
v -0.04042999280967724 -1.200783120668024 0.15280191247844904
v -0.39800919141011354 0.20770722644747297 0.30161566331025025
v 0.31685114748515497 0.9438148588480171 -0.3143170900137469
v -0.10951274729683241 -0.2010381417940088 -0.3162618615174735
v 0.6699899406606682 0.692091533011695 -0.7230509898635262
v -1.1304828820837778 0.7302915869454409 -0.18114962202605767
v -0.15172575931737967 -0.10538963713946609 -0.3449556776580617
v -0.8700165858755805 1.0885758119187057 -0.2783898755136124
v -0.7657560183446925 -0.47332986831042057 0.0632444424831427
v -1.5213572193695357 0.7788839218201276 -0.7311077148524692
v -0.5938246071915195 1.2891049964269032 0.18393863591008952
v -0.04831970684698145 1.2728199801083402 0.15990742028871452
v 0.014510856103808811 -1.0987147741726302 0.2452510755042151
v -0.10734480168976757 1.3755699966178514 -0.06786049319821696
v 0.6206548176355966 1.1071631778007482 -0.5081018612120936
v 0.003188956122570974 -0.8837560152689318 -0.19003998320906326
v -0.3557970984592846 -0.38841148263740455 0.2969319641470687
v 0.6315826365054429 1.4363645604054844 -0.9753635792477222
v 0.07657547434326761 1.1098438644117494 0.16754205251963394
v -0.8534634609363645 -1.4057371263754863 0.0677423297250131
v 0.8970405002526802 1.010830146024051 -0.6450545977537605
v 0.312302371752577 -0.6162355392962591 -0.36210072345542416
v -0.2615633218180962 1.2373363566057272 -0.8504834827887194
v -1.0508075094368663 0.9757553487078751 -0.4827032296880809
v -1.0612999489973265 -1.0752285668942148 0.10106360195797731
v -0.34485141766926053 1.452474513922485 -0.20689342416862622
v -0.41087568795185864 1.4132590677679917 0.08117231590296642
v 0.8769903749746131 1.0455255873241045 -0.7538631218463903
v -0.08684631024759915 1.3568700846548682 -0.024306438579992207
v -0.05323619038599042 -1.290594134026926 0.2685433990316194
v -1.0609285049726926 -0.7314427066868893 0.10742490305372715
v -1.0344964594695432 -0.10249656550442893 -0.14327547820633615
v -0.10008514990391992 1.3052082966783343 0.15883368712063073
v -0.8494875853147194 -1.120552330214604 -0.14568336094921003
v -0.25967407411322163 0.8380639997891083 0.444601952694206
v -0.7299768739680889 1.4369455922854462 -0.8244136506534675
v -0.00955730212428696 -0.9369579642955933 0.19004010001265104
v -0.8043497937538531 0.8986239610412535 -0.574335099976949
v -0.5416941136384226 1.287867069455665 -0.6467241478364053
v -0.2712556312696593 1.352785918644674 -0.5905683686744154
v -0.49752102560536104 1.2970710332103803 0.24628630764301218
v 0.024459206391027943 0.6809445160140309 -0.556558593343776
v -0.14512266296660759 1.2501098672677107 0.26709820185912525
v -1.4419992254720895 1.2666813136619635 -1.1253481250017718
v -0.9228836139090228 -0.24812286267446193 -0.37047968227951805
v 0.06814097174054523 -1.0789546153906908 0.27113113972241176
v -0.4401995663439033 -0.3548886544192591 0.5594807324785278
v -1.1369039027314416 -0.6612827025909891 -0.3070710844152385
v -0.16714013689582943 0.4084926316093149 -0.5839501276530679
v -0.10645660072612412 1.3373235696228836 -0.2868570450508879
v -1.5884425356621497 0.9768485421782553 -0.791288260149163
v 0.37250459510675715 -1.289719918906822 -0.05620035558086356
v -0.8091377074311807 0.4799517807116035 0.007264085758691807
v -1.3083706841824543 0.7449923868067267 -0.43978820824095444
v 0.12835496318307504 0.568067689853736 0.09617047477767937
v -1.4960156101276116 1.1107457315425084 -0.8689111702970934
v -0.7391500888467936 0.19769881695213973 -0.18024727538066274
v -0.004111134730882482 1.2798257288946158 -0.1627819537662447
v -1.3400543140358203 1.0934970306647416 -0.6766201471280997
v 0.1956921645178361 -1.312548391943349 0.15885560493543482
v -0.10365681466749571 0.28779534131701306 0.24742837164667486
v 0.859427512091395 0.8500788583581775 -0.7388387694847054
v -1.3830985247176992 1.0764833518977683 -1.1932968273756348
v 0.040867338092291816 0.08610391323090294 0.07221755990034945
v -0.3865717683612391 0.7620414297780784 -1.0236672862713059
v 0.31985444754706016 0.9257546993280857 -0.363368340374519
v -0.25344312107926037 0.9969442213467083 0.42604523578929143
v -0.4620362232959353 0.9240953788910012 -1.0805477718859615
v -0.49498902849096194 1.2508045840758728 0.29550992353552086
v -0.6924107184028846 0.4565035749680627 -0.5540691731330666
v -0.02469086394423925 -1.2053518561973107 0.20312867177002747
v -0.8735889299515569 0.5179267025239156 -0.040750973434011906
v -0.5161745045677928 0.41884493301750914 -0.5993965328132231
v -1.013468843606721 -1.2626983101591511 0.13005243947814393
v 0.7934923715916966 0.8090653521986876 -0.4252700834760716
v 0.2075932981991525 -0.7104452003472298 0.13556152318769987
v -0.4103158146551942 -0.3126407377291923 0.512254414922125
v -1.1503215214277507 -0.44186489713090715 -0.22277992386541806
v -0.17936975808233666 0.1451248323004037 -0.36432772928177876
v -0.4653996188694308 1.3635522609609683 -0.6295442573088528
v -0.5488701500596802 0.8381708116741975 -0.6192246028554352
v -0.5727161731328151 1.2393477606640313 -0.6320844261518344
v 0.27426405410947774 -1.4070559115021593 0.06053822171779388
v -0.6702359237136193 0.9926662515046091 0.3431827491368119
v -0.417876981247978 0.24297892446090907 -0.5095297958577045
v 0.8559690527413835 0.9956149468373806 -0.45561906426023535
v -0.4811935322819909 0.24416538352792158 -0.496580323304217
v -0.7058945500784652 0.7382153465218757 0.35382415791074495
v -0.030622440007348317 -1.118585461078085 0.0028744689255940092
v 0.11873837708439039 0.49637323892378293 0.061282468391862466
v 0.18172244465791532 -1.2955971899374448 -0.3570927125603371
v -0.6012381831754082 -0.019318997776779978 -0.33809905792347067
v -1.2181440515131103 -1.4044439353424907 -0.2579567579001031
v -1.3046316488312633 0.7937332313600267 -0.9214101908274576
v -0.9865759245993905 -0.21196412252441865 0.10696420936753459
v 0.007740688862068634 0.28890096220836703 0.1147972607587271
v -1.1804191166641793 -0.7750499075105642 -0.21417251627699394
v -0.7304017638948201 1.2584967580630693 -0.02189012437144161
v -0.9447482625279104 -1.3955369310056729 -0.019661520162968238
v 0.082957514447009 -0.16658583439400165 0.15747819914455463
v -0.5553486525242914 -0.32613747634038226 0.03877780759282884
v -1.4024814053802712 0.9637448457300796 -1.1609197993793545
v -0.2895423214953783 1.4462495148619166 -0.3097620805909057
v -0.36856877098183155 0.21542649301158312 0.3210321299770936
v -0.1516424836089899 0.9988756663395195 -0.884381511229478
v 0.21278788024705697 0.5463008422407428 -0.2648642061860721
v 0.7145871394091781 1.2865531194349016 -1.154337362117468
v -0.3077287132431422 1.355738010539448 0.20510071566865629
v 0.14319510200556762 -0.7834544804081122 0.18843084889543815
v -0.4534909528123797 -0.3479516760236451 0.3449218688011777
v 0.42158367729617297 0.5939715699655029 -0.2128727918570876
v 0.0032341703567566604 0.12729545917865137 0.09607377265949174
v 0.449366615426807 0.5793365235486295 -0.46066711462739846
v 0.2807798787965631 0.9117065788252375 -0.10149189152178231
v 0.3315131066609537 0.8946066273834019 -0.11358557030908514
v -0.7242688716038477 0.37121656241889733 0.05685481006433707
v -0.4655210359711306 0.819913551659241 -0.7542429373973714
v 0.6322912192784857 1.2431188835362574 -0.8236374962763523
v -1.1497792503141695 0.9107379592612417 -0.2696125399261828
v -1.2626526998922385 -1.2376263280008928 -0.15654782394782232
v -1.088544831747218 -0.5887791506324968 -0.054553482544529186
v 0.863238834273909 1.0752146560707434 -1.1216578602849805
v 0.8979077024712379 0.9926706070958828 -0.5687665564525735
v -0.6567557283573591 0.9384911874642425 0.37070838770587144
v 0.16380334235996863 -0.20268515468877857 -0.3487378693264606
v 0.31312491917069063 -1.4044939647028087 -0.03209155848739714
v -0.43284333231852673 1.334149022896725 -0.7826081061945567
v -1.4124774673737368 -1.3760282976299036 -0.21704612760973463
v 0.7768675791942288 1.0085500739113518 -0.4049852357838579
v -0.7310687687529975 0.03908029050694101 -0.28196687487750977
v -0.7676257258281649 0.5338855489913599 0.20710414779614295
v 0.027338232243196148 -1.2665477337754223 0.2804960405767142
v -0.30881719148627196 0.32852455523689716 -0.5287740568310231
v -0.5224677145852816 1.4157336230249964 -0.23781206833993213
v 0.16172043068162434 -0.016449282500453855 -0.0411591203080488
v -0.0726795698117591 1.417790401155698 -0.9210308348113356
v -0.8644405299552467 -0.8409599334312209 0.08998647421845801
v -0.9417623448715473 -0.8961712485789853 0.12678105077536211
v 0.35541231589909184 -1.352795873472402 -0.37341137482250086
v 0.5355798304744905 0.6010704844495283 -0.29092640604670666
v -0.6680657403715884 0.4940485319904163 0.30785876404831447
v -0.17906630523708153 1.0595566850573876 -0.9945746138527463
v -0.6882046357965785 0.35813857994305787 -0.34969943602935727
v -0.8952085266118551 0.014398673221647895 -0.05230669673945443
v 0.0542167857912339 1.599898291683997 -0.8389163310511275
v -1.44529642804609 1.136511111843681 -0.9250135634963152
v -0.1988758740062685 0.8123183195475502 -1.186965356086177
v -0.762189348525238 1.5073356035682428 -0.8707485305224364
v -0.16116608382791311 1.3931159366303865 -0.025702885097862782
v 0.0479676511606712 -0.7437419374146704 0.14806938274153808
v -0.5390078326900057 0.21464116791706123 0.2833371448131137
v -0.36511540647482377 1.2976327046869285 0.2787936037819748
v -0.48491930106159603 0.8427833628533157 -0.9163116315853402
v 0.3166490520460086 -0.29469030714171696 -0.2696809506808676
v -0.08736586435531679 0.4506155348379146 -0.574691519209666
v 0.059276824024287966 0.5142213330961017 -0.48266718617130183
v -1.5025521538429119 0.9269210587399542 -0.5705499313218537
v 0.6948180496671501 1.3082118364975575 -0.7398999353733801
v -0.3495444473880605 0.38360869910733403 0.3225320517573803
v -1.0224936886652474 -1.3287381446876312 -0.3460012393413015
v -0.8409726041723151 0.06855359764731744 -0.12063321668664989
v 0.08260489137182409 -0.015427996245643394 0.046333719504397075
v -0.04555816208054542 -0.4193674889907375 -0.3170816717062086
v 0.21157716573139163 0.5986682160238468 -0.1053034934211673
v -0.4787532423416583 0.47022842268738263 0.3551240221890868
v 0.08197365031355497 0.0056724459024670715 -0.23584669768664945
v 0.20993928359447556 -0.8314360335156502 0.2016893686315966
v -0.3631938914309258 -0.5054779280681818 0.7377556827061554
v 0.1742978598171835 -0.899992940265495 -0.24251642659199918
v -0.30180235190169574 -0.23354579756894822 0.3654443159953519
v -1.3400220267170206 0.9951362713523515 -0.5392800626597168
v 0.0811230712690329 -0.22564301675782283 0.16913452062459944
v 0.6274227471423703 0.7993138826289521 -0.836423694096404
v 0.24582138375930684 -0.9989238824392158 -0.12117121212806317
v 0.13670339290869982 -1.0817828526510342 0.2730050029993929
v 0.35560512074217265 -0.3796276736023938 -0.2548826095507818
v -1.0494938391329733 0.9858416993112765 -0.40375631969181464
v -1.549128129674726 1.0437578965793652 -0.8135852911109638
v -1.107310776871484 -1.0672735589473574 0.059630800209171775
v 0.0699648056572077 1.1709658168168664 0.11500936606589252
v -0.6410504252535103 0.7893726251623852 0.39867869618038243
v -0.1707614114444177 1.4194634876587808 -0.15395784552206357
v -0.19404883992658314 0.8077116024631656 -0.6155418705143789
v 0.5123596738997503 0.5793050154411126 -0.3312442963080927
v -0.2754256503794098 0.6940188821503266 -0.9388237648207792
v -0.45188294044130883 1.448108373326757 -0.2362888501402639
v -0.9981957630075735 -0.5241161624611554 -0.001226200379976894
v -0.6795989864284852 0.7596673328372407 -0.5782571500807433
v -1.4489673323594672 1.2071703905741664 -1.188204401924898
v -0.647361557130506 0.6783263261438752 0.37989704695179904
v -0.3110169648772775 -0.44565715860665445 0.5199716035894806
v 0.706128501236462 0.6946911217099431 -0.4875354585096523
v -0.16273603472477993 -0.32552887236887074 -0.19869384377781518
v 0.8072149615962738 1.3368635152895387 -0.8981470377737215
v -0.06947821022555745 0.7078966550788632 -0.5899855985538992
v -0.8128489908728342 -1.1787051479756054 -0.00915994984465418
v -0.4535472758022911 0.7863674869610433 -0.864909660622218
v 0.3271900624431041 -0.9049547579173486 0.052192049706911936
v 0.4561596195530696 0.6136643169815817 -0.5248519268081228
v -0.38549425901539963 -0.325226997925958 0.5779197684999454
v -0.31450994928105513 0.8885389291031001 -1.2456117342656887
v 0.08127791453679212 0.45262040550930827 -0.2984539466756661
v -0.20359665563460624 -0.16142725590332319 -0.3206948944048734
v -0.6724610314612078 0.25372067167235013 -0.27100299251110777
v -1.3953002341564569 1.123652807010295 -1.2680658062706622
v -0.882193000917308 -1.0169283183625302 0.11517813523786186
v -1.4731924916711827 0.8552938797174264 -1.4262982435150637
v -0.4249899415148724 -0.1981806141813386 -0.3162279758165548
v 0.7758309085115247 1.1169680533130282 -0.5382252103804115
v -0.8540502070324014 0.6522770531986266 0.13823899305468673
v -0.36760202951682525 1.4515143058443893 -0.030849395803544233
v -0.8014074120304508 0.989612582426185 -0.5413009571118516
v -0.885102296130851 -0.6781151248256897 0.046951494193315235
v -0.3930031984724515 1.2150022631585464 -0.889148685898814
v 0.34170876662150507 0.6465106299679431 -0.08710545346371254
v -0.05788368619418094 1.1079544568686628 -0.6332826133476436
v -0.07738768426180537 -0.5067892807180024 -0.06753678085960596
v -1.5394896657207902 0.9174789160697607 -0.9613749385394701
v -0.5120252044862573 0.9479828999598956 -0.9319107821367238
v -0.43070431742781234 0.016347500620000954 -0.4264360233126339
v -0.3927232418443428 1.188151321661611 -0.9175127158487397
v -0.06882704933013278 1.4870159710851683 -0.7303474643774359
v -0.3574842707047893 1.233958275896515 0.3402569706076688
v -0.9168335577713574 -1.3841771693479958 -0.138970535665982
v -0.7507119859031699 0.6238037138915511 0.260263400040456
v 0.029637185244673403 0.3863873665422177 0.05996256439770625
v -0.039276380495206153 0.5126496039991277 0.28196237635272947
v -1.2177935662740094 -1.2537579595753798 -0.27743578124712115
v -0.2227010981320824 0.7785330569652733 -0.9759696258078436
v -0.6671481491567353 0.9089144250412264 -0.5733480390792574
v -0.34074641275219236 -0.13938960239985138 0.3014309502766458
v -0.14494092691969945 1.3169341477805472 0.18216595022122872
v -1.349454399276513 0.8294318372576193 -0.9857764593382192
v -0.6032051522108097 1.368605446130688 -0.790562694566108
v 0.15430553603248753 0.7241222915017125 0.11009637898776847
v -0.33059842453833443 0.5240850290703537 0.36328188480659696
v -0.2847120107323494 -0.2938779494096109 0.4011276973032626
v 0.03812437451798695 0.4421447689408718 -0.40097085913292607
v -1.5924081816382347 0.9045514212704068 -1.0967275747015544
v -0.3809090201907365 -0.11319004157588203 -0.39476843721978544
v 0.13902877915446687 0.9808760455423379 0.13717568932992813
v -1.5235991900484778 0.8268129081357336 -1.1065573450153345
v -0.7495823693002575 1.1444742915191206 0.16078463237529123
v -0.16836459749771654 0.9186026985779395 -0.7552845430848671
v -0.6515373903552137 1.4475729552765104 -0.8296446158743516
v -0.004431430527714608 1.2495194249130241 0.13399540840791818
v -0.07781367307624343 -0.9353050174072076 0.08380195418504804
v -1.1942061414479208 0.6376635250010276 -0.4011817057141729
v -0.1104351136782653 1.222882067226714 0.27511133097577767
v -0.05469625251218935 -1.3119006675694798 0.27968296357265454
v -0.7780601241379361 -1.3719805947117951 0.10962307806261384
v -0.7293070919209801 1.0481397612591867 -0.5515759567648251
v 0.009611615111906446 0.25331274457585456 0.08055028552165694
v -1.2618022207465986 -1.3901332805766287 -0.38732301347217957
v -1.3980984617925194 0.6828772996518665 -0.654887504892449
v -0.41805819782069753 0.48701842785660554 0.35506887800598796
v -1.0275104706822114 -0.43662540054546406 0.02381952835198009
v -0.7190586853505083 0.32291277547620795 -0.23974906771060606
v -0.3356998209087127 -0.3418906709684657 0.5662591313881798
v -0.11727029511268788 0.15090931724902978 -0.32529505812257087
v -0.40888074722937806 -0.5526193315745231 0.7655465927676072
v 0.33034686712774397 -0.663904488820912 -0.21437758870283663
v 0.6006364801819171 1.1439318405875514 -0.5798104578237981
v -1.3131770391934778 -1.2792652211441418 -0.1735421023518285
v -1.160558499566073 -0.46231987261989105 -0.36081550435324594
v -0.05650420250654625 -0.9949626320139578 0.13692178633035595
v -0.058573507957104254 -1.2677418450968285 0.09113147524926402
v -0.43425634207110336 0.4188068715433051 0.3341409412480495
v -0.5006698583591835 1.3370913446807977 -0.6199642941404653
v -0.06440338695790432 -1.3986763532847708 0.10991736019046233
v -0.18993564330115617 0.8581981000677421 -0.6616781713848627
v -0.45732732963460615 0.8820127948513484 -1.1689163253017478
v 0.002295840133912208 1.5067300565025334 -0.7415991953836583
v -0.10616119973079247 0.02465864808270457 -0.34534532325907336
v -0.5098690869068717 1.3895170594112383 0.08384341222125452
v -0.8048051128801712 -1.1578117362714333 -0.04252959311648874
v 0.3654317342512683 0.8559492163861365 -0.48942374718525566
v 0.723086736123689 1.1128969540766551 -0.9313879113861098
v -0.5811449215599098 -0.33335670903840064 -0.14382963728692585
v 0.3433472481517156 -0.2765262927436163 -0.2084295892634568
v 0.2327469776634582 -1.3730572649070218 -0.37727220689114505
v -1.063331292872563 -0.9785152999912304 0.1073142150919999
v 0.22352319397046994 -1.3516180856283837 -0.28775681430511624
v -1.1197649507659069 -1.4028254136089884 -0.39021704413648806
v 0.597079180877634 0.9922206225698862 -0.4116025177759344
v 0.2864966722624578 0.5476602662327865 -0.3560752624226117
v -0.8044137490183818 -0.7128584176904252 -0.01407233752948367
v -0.6989808281426799 1.3766549983798728 -0.7913614260906512
v 0.8042384544146348 0.9413540696570107 -0.8760054494729743
v -0.0004772529433321737 -1.3985131984299937 -0.02301162918510119
v -1.2936071877825586 1.0605849442541915 -0.6094220849567806
v -0.8718788608822003 0.5875559038979372 -0.3834211829021881
v -0.5163098875332557 1.422934794005072 -0.3470385094173001
v -0.5931266137000138 1.5346342119371021 -0.7803850563639461
v -1.119673383450276 0.6171323866040825 -0.5433484046869349
v -0.522520041619896 1.3479290147991438 -0.9244126517387504
v 0.5028900989964428 0.930115785040363 -0.3838035159050063
v -0.6225681729755556 1.044667855519601 -0.7786521903696201
v 0.5686248223582193 0.9040918064921443 -0.353325465764749
v 0.6111448036646832 1.1392818273275236 -0.7468111997966578
v 0.01846309564987214 -1.4010927873719803 -0.08027045184727835
v -0.15701190868091525 -0.36214415041159786 -0.15548020459134296
v 0.5476485944805165 1.0277727966856196 -0.682027753552888
v -0.2445930591054251 1.1900781313462776 0.35148764292947576
v -1.266788653483082 -1.362445985636028 -0.4017122287191808
v -0.7574242517526564 -0.4325518637763599 -0.29098684487057397
v -1.194865354193269 -1.2296174945361846 -0.2171815105751974
v -0.7646603873415811 -0.8560933753725141 -0.03515941320712562
v -0.18358740897922754 0.08102207706170358 0.26770448817656456
v -0.5689150006767554 1.522917771309614 -0.896414111840066
v 0.14173625864573436 -0.6967285643160454 -0.3153945194404804
v -0.16228461165487643 1.2968679188026333 -0.6022920020214385
v -0.699472110866671 0.19273470162599038 0.13274561344944802
v -0.8533538918421204 0.5228262232326888 -0.26717490729612264
v -1.1999271106871008 -1.4011611381873355 -0.025527482640100407
v 0.08578313435663254 0.8058822341484168 0.25805221819707747
v -0.43882823440507446 0.020433185093208017 0.2694905203561173
v 0.020953155213429053 -0.04081374081382311 -0.2956579367947934
v -0.8192246774076533 -1.117868546738248 0.053381006245985074
v -0.5137748135332778 1.3453000158699093 0.1625588764867178
v -0.010606300329082274 1.5688225665099655 -0.836432385299175
v -1.5497252252949822 0.8174428924586511 -0.9012879385562793
v -0.6232143189470825 1.3055307902505797 -0.7712897026742038
v -0.5590895260149193 0.042438671156538876 -0.35804281087153134
v 0.451652701452228 0.9960312854197764 -0.6148838365758434
v -1.0928463777255697 0.9839272371284778 -0.43067958797962597
v -0.3913735480034473 -0.46894394773597237 0.4903329238391373
v -0.809872383792313 -1.016914632215638 -0.17890855043705756
v -0.022194650609524913 -0.809823809392875 -0.17633781253605393
v -0.5015757214452398 0.7813683670664922 -0.6239283417344312
v -0.710554333449194 0.08843423448146179 0.14535413111721796
v 0.6007964782320095 1.063818511240087 -0.46864150295744633
v -0.0668991207779831 -0.8562322348190855 0.0793961737127738
v 0.33080132712367327 0.5418048530776385 -0.2720180850352079
v -0.27164070150185593 -0.22394963080183128 0.2944940917596909
v -0.05213436565216861 -1.370585826495149 0.28133311329233235
v 0.10902281117299872 0.03050273270458559 -0.08142606213939793
v -1.3431692610887243 0.6596804195167314 -0.737706315753532
v -0.0865520680793036 -0.08187937421016267 0.18865717980346086
v -1.1076823207950004 -1.2893599033143377 -0.36586409417437415
v -0.44799087998201853 -0.3820968143399709 0.6839273277271342
v -0.668318384645242 -0.017674142697870654 -0.32680003478630826
v -0.8849386817412148 -0.5655144391561949 -0.013090771070325524
v 0.05156598892585457 0.23227983407226366 -0.07864783425959693
v -0.3435524724606371 0.15630541532256267 0.29443513143928335
v -0.17118887876231564 -0.250424972480624 -0.2695009528745137
v -0.5482515162403733 1.3153312102727037 0.19464787602518918
v 0.07111851787056123 0.432033403657311 0.015275956149425729
v 0.23697957343316 -1.3798313881445061 -0.4162656377693362
v -0.7739229717605035 0.16151536181858425 0.0010229230589466898
v -0.8815332487179948 0.6429857978004483 0.06042060077362632
v 0.37748279617532854 -1.399196646644218 -0.17316320587056575
v -0.15669662780798094 0.9182994455304493 -0.6432338806822295
v -0.8114399171362251 -0.8015597742431232 -0.2780202496486387
v -1.337201841306601 1.1561539094185471 -1.0459664151096375
v -1.4825925169725456 0.983621286811162 -0.5689227983046866
v 0.1544915077920106 -0.8858314944704236 0.22252417965133808
v -0.6565052618793423 -0.08950331726066263 0.18814867451213957
v -0.005346164634530193 0.33199783958106055 -0.2561449518088846
v -0.7998000390122275 -1.345480238352843 0.14340408495249934
v -0.653563000034599 1.2321007960362516 0.1802417778670582
v -1.3558887064755392 1.1453352400676384 -1.1423906745457657
v -0.865722092758328 -1.3615805616175778 -0.07526667666480616
v 0.6233893297644482 1.0066356117285533 -0.7809941398500932
v 0.3099389440123824 0.8409415870973697 -0.06933194379701241
v -0.0854868063364495 -1.3444413099553962 0.22018187053488814
v 0.23621286949032205 -0.0658767320726632 -0.15901502664708034
v -0.6334785495005305 -0.04635681012318016 0.1998368837154545
v -0.5650197234734509 0.4453892049251753 0.29540297179199637
v 0.5173717606692403 0.995525457418504 -0.6453262627746278
v -1.0937533596791091 0.9202692317143352 -0.7127043227523009
v -0.6557671489966547 0.33974495795359083 0.2155119973770343
v -1.2545805704956257 0.9670522379900874 -0.5099435970084867
v 0.6518476043200541 1.3883801302101322 -1.0691234555704614
v -0.3119457847265151 -0.08007116447871154 0.2679782710537394
v -0.991390731055867 -0.785796949362774 -0.3121973755871171
v -0.8258911695892124 0.5032163723092465 0.11637114767156148
v -0.07109769098833074 -0.3815702673104835 -0.3131587424922489
v -1.0373043373376483 -1.269105285023946 -0.3309666773138328
v -0.20001292308603344 1.3345237835642552 -0.7680594323514283
v -0.4043865962057103 1.4488554171695336 -0.3144634218967235
v -0.014149334072954989 1.3938402235077465 -0.7695773958698808
v -0.8028001023503422 -1.3828888733602387 0.010425825448123593
v -0.6349589510391913 -0.20011861254083663 -0.30744766324242895
v -0.7883297692108115 -0.7688878847054766 0.003367769607010185
v 0.8671395859359705 0.912422234439156 -0.47110175269448756
v -0.2594249263004529 0.28560022321392864 0.32634551177597837
v 0.5578492493851891 0.6223868680218894 -0.4566352956315951
v 0.7167668131450395 0.7855250796451037 -0.8189451258901763
v -0.12887514868850714 0.06010325108184239 -0.3521298160005533
v -0.43604790864874254 -0.36363114527649876 0.621515960466777
v -0.33343753079708544 1.3730612559632807 -0.6221126595665747
v -0.0304836005405536 1.2475020668813273 -0.31505202611197347
v 0.34811723996953603 -0.6248562534158222 -0.2794405520196324
v 0.13936162225093152 -0.4040836792516176 -0.39188527555388486
v 0.12077771287022077 0.6725732294241074 -0.4694724019221307
v 0.17863025457042803 0.688695170806999 0.012978521610961247
v -0.3837123027102498 -0.23299405604131318 0.10766358146361771
v -0.49930985495362173 -0.10722092351275753 -0.3336565346422404
v -1.0827475797214179 -0.2591105809142107 -0.3039592342276899
v 0.06285560158829256 -0.5418385239000539 -0.34362692262292255
v 0.03587678952185275 0.34473460743408807 -0.07909160507510665
v -0.24878759340092277 0.39099158615454166 0.31100913524492624
v -1.1022176521285707 -0.6472255112696166 -0.33453160889273315
v 0.0965666193211509 -0.3050050665498958 0.15092111621902765
v 0.39027031266062817 -1.2964244925423616 -0.11537294113366242
v -0.9861035627237306 -1.0691080021253336 -0.2188105216913541
v -1.0455949256103487 -0.11561862336719442 -0.04947732063185167
v 0.8836414827282786 0.8228630861426249 -0.5249802169529334
v 0.4153229543952489 0.8230045030005863 -0.1384690632559834
v 0.22175907960572128 0.8397643387073167 -0.4534162139836512
v 0.06694396335154862 1.2158935809673215 -0.09233555955420755
v 0.1822055956128772 -0.16496405595693253 0.1206749313848795
v -0.009582636480870044 1.4683224926102136 -0.7170283459791983
v 0.007638971819983187 -0.1374114446896182 0.1488381845609068
v -0.9775398309267027 -0.3140980226664599 -0.38105567726523903
v -0.6125615816398824 1.4697434543138312 -0.9571104950060512
v -0.010946476003516947 0.37059870781087323 -0.40052938599171206
v -1.5609933996572516 0.90649399499872 -0.6694157194444567
v -1.000172282376135 0.8291796724986013 -0.10615373280948917
v 0.30918135084762177 -0.727861591489036 0.0602767064233809
v 0.005465951349691189 -1.1032314623841732 -0.04764541488548918
v 0.10376185630761076 0.9945966175894899 -0.4340651411252434
v -1.0162267520538366 0.8950265223660119 -0.5946613058064867
v 0.8485942575036522 0.9700088453143472 -0.9228245392250587
v -0.8281157378828359 -0.7422766805465856 0.03883694773122465
v -0.8746986466970902 -0.9693851215510744 -0.2534351746433214
v -0.521782248413632 -0.2023821214188295 -0.25388120317357393
v 0.33127302966670924 -0.8381980290288081 0.057979491662457805
v -0.6356854556717411 1.573983742371587 -0.8035451337507957
v -0.112138349664064 1.0128330986369019 -0.6527309877175336
v 0.8625614599117359 0.8481277133057522 -0.4814194691095861
v 0.01919771207167492 -0.17545851347481795 -0.34800293322823406
v -0.7771876872179393 -1.0591656457710599 -0.01803754395048579
v -0.8091129125285628 1.1085669968561418 0.10673316323226129
v -0.6463353158911274 1.4353474099644061 -0.7364827542415868
v 0.7129843217799936 1.1980751767428595 -0.9578801559558089
v -1.1769098687223427 -0.6036784495731616 -0.20412210929148905
v -0.4307347666071756 0.7171310879927181 -0.9404151939773675
v 0.8857887692464579 1.1507019678697383 -1.1424795645713477
v 0.5289723785324448 1.0279162315010058 -0.48585467979262287
v -0.3367698578181467 -0.2958511321554992 0.472234582966343
v -0.7780800639548682 -0.5084274026122363 -0.22831032599648357
v -0.24410409403550615 -0.08600318009690328 0.21806549273093134
v 0.5501875645369089 0.7270373808504362 -0.7601667613072042
v -1.3592700438883183 0.8286010781513702 -0.5087205749505065
v -1.3685620185584502 0.9916075631082185 -1.0925385148648135
v -0.8822627503170173 -1.1184623057358314 0.11675531881381629
v 0.03353242248842486 0.40219146964078517 -0.3296120085085925
v -0.551882820636757 1.409575895871853 -0.21478955171418213
v 0.11816775466797702 -0.04631305441267791 0.03674578440519194
v -1.3136618484698879 1.1587424293206223 -1.4255244067920207
v -0.667649501688075 0.21762065208539627 -0.2572121116305048
v 0.013414945383826593 -0.2586300672897448 -0.3679695630203701
v -1.0239952687669824 -0.7972778084457267 0.12550845889192247
v 0.7741734262138769 1.381378776974683 -0.9988417546559907
v 0.23165356441553664 -1.184810108539052 0.022546836569658057
v -1.0229681284376617 -1.3889745534393771 -0.04642351169499215
v 0.2602047848913509 -0.14016120138792804 -0.23399710983809768
v -1.2831853767319727 0.6607960702558808 -0.7837351454063026
v 0.11210912720619942 -0.7261846888486446 0.15205219134562353
v 0.4964870002082862 0.8345721342528138 -0.22324171643931734
v -0.49315852132895344 0.12907587704101184 0.29363194442458385
v -0.19807840120764367 0.9557722755596918 0.42644145473676665
v -0.7753041137695865 -0.9888105191780067 -0.1334020321011595
v 0.6867886170528859 1.172292334117039 -0.8948419032284564
v 0.3133221795039276 -0.525459063178046 -0.30136184330485516
v -1.1850690500051009 -1.3592929970886969 -0.345729034866469
v -0.20729423294959098 1.2329546517641172 0.3162194413769246
v 0.052763336971051455 0.374431967787968 -0.09622152618166993
v -1.5357290921705482 1.004853315767203 -0.9421288194469384
v -1.0800791007538493 -1.3319254385111874 0.08016185868701081
v -0.4985565974003584 0.7918136543544478 0.4395442520950006
v -0.7918074291260252 0.10488358446161436 0.011867785896827132
v -0.3218158142899128 -0.44152120501581105 0.3953542212114799
v -0.45987267323969727 -0.37796913237659224 0.39340169755447696
v -0.6862439803705463 1.0753387304827156 -0.5870561037863298
v 0.07192765885865332 0.8998465235643746 0.2605876118734791
v -0.5646384493987865 0.5107270100472996 -0.6277252984576527
v -0.5818844330269515 -0.3971414661545646 -0.06212455910644965
v 0.018642853698908224 -1.2020699980916505 -0.008883030142571136
v -0.30213419600933616 -0.161539202590969 0.298750922998269
v 0.2936090131562811 -0.24141357381167183 -0.27248824913545444
v 0.8732331180672674 0.9783495228866956 -0.8193417244534048
v 0.3083986431038195 -1.2451807214494481 -0.08476352396301587
v -0.4369124335772512 -0.2468783823365368 -0.08739060483370736
v -1.3925152131526508 1.1957459743597838 -1.347564977268752
v -0.13917800014990078 -0.26011760160861086 0.11785374698563561
v -0.11634025649708463 0.33618366269401073 -0.5028441630502727
v -1.0022254241875164 -1.3527870424111952 0.14699526995770107
v -0.8204206468482726 -0.5745003436303521 -0.047804813542286995
v -0.24843794731243418 0.7511224219896618 -0.613084597764034
v 0.7857164623612514 0.790532571066002 -0.7773847332887371
v -1.3996409005371662 1.012392944160936 -0.5684390879159833
v -1.4982252934877536 0.7735058055454311 -0.6148884918637645
v 0.07948574856585844 0.7050472592352224 0.25468892252246444
v 0.49187261088973133 0.6609969469286616 -0.594030044768441
v -0.01530478452686268 0.5162417080740479 -0.5580870662246599
v -1.2995005425332518 -1.3982419130248793 -0.42119606719233177
v -0.7517872175544901 0.4904960677920427 0.22307006710446298
v 0.0829535984108179 -0.4447828635674447 -0.38126996036804134
v 0.08902874914774861 1.5007603590258909 -0.7839732643824516
v -0.29886482526397934 1.2737126565419166 0.29954959458348285
v 0.4959932000324577 0.787597901536323 -0.20773397336535285
v -0.13661181763793576 1.3746376403481757 -0.29312026542387254
v -1.148498386803265 -0.47262432246340347 -0.1826329605918617
v 0.057700519558498975 1.013396748111322 -0.5118674696660099
v -0.3164133626474576 0.9067927326167246 -1.2175971705862634
v -1.1422500313839854 -1.2103127347996692 -0.008895897118627594
v -1.060377302899023 -0.8861119505929443 -0.27690877468277464
v -0.8894688762816616 0.5790625408736898 -0.3287751955300686
v -0.14768023419490758 -0.22931064438785642 -0.29374535271098423
v -0.24757587989643315 0.7886113756985278 -0.8053996166445865
v -0.13428249537620113 1.1473321188284382 -0.819643738754753
v -0.6299028288423282 1.304047251887011 0.11503793714626614
v -0.8569080743012718 -0.49273322824388965 -0.33971931789752685
v -0.8409603565693298 -0.9308613352989411 -0.25268017884950383
v 0.015678953756231517 0.6285876515933582 -0.5647817298910629
v -0.2538607583471276 0.912503871805874 -1.1087594760199653
v -0.8324088324157344 -1.2523651094172767 -0.04107222826011525
v 0.19296132866785765 -1.0116794912214688 0.22909506860241624
v 0.1634058247270217 -1.4054247625499188 0.17118406607621367
v 0.05030036998440829 1.3897496439893007 -0.7397490481013649
v -0.36113399645509225 0.701535214124678 -0.992577795031276
v 0.7066321314623207 1.3653003715247523 -0.7713775337716321
v -1.130359147328006 1.0009565001211094 -0.7817423624996824
v -0.6115811740077604 0.33960284180345257 0.26452766375588654
v -0.550878317394194 0.3104068939202418 -0.44237205287533227
v -1.133843500468342 0.7669069449072738 -0.18317313382891187
v -0.34253993734792704 0.7393434047022223 -0.7477696896139757
v -1.2321866376178723 0.8407466444182048 -0.32735607196588756
v -1.115945596713246 -1.2751352415064674 0.044577097555830336
v -0.23709049319707196 1.2569616518963924 0.3036183162264541
v 0.7132740684985797 0.6849604111279757 -0.6594168203227303
v -0.18503600271372408 0.8160067261451283 -1.0567570528341377
v 0.6446934657338237 0.9137578824971826 -0.3691076310687358
v -0.37283233540508515 0.884056666046441 -1.2300115847254807
v 0.7379153066555968 1.1600636519800267 -1.0121390151787537
v -0.13667199672470876 0.9396307939553976 -0.8795916994733843
v 0.12145027210626103 -1.2840991682264908 -0.2671762059815942
v 0.25423107147963486 0.5763501463574071 -0.42408416386302417
v 0.8487525173131905 1.1771916550280475 -1.2049520899275257
v 0.06317591736490108 -1.403813013960645 0.26266868541238675
v 0.9296830994379996 1.1191414933586263 -0.9826750985333252
v -0.4182263276398193 -0.12788624608857624 0.27717490223048447
v 0.1922012580108129 0.7574530541285072 0.014553567350831742
v -0.9425404772465346 0.8123440934592159 -0.0668539719982289
v -0.9553748463076916 -1.3897036154833171 0.074409181542549
v -0.8194321873662271 0.5443385484730389 0.12512234971134867
v -1.1017456299091113 0.7810893494878783 -0.6994284605701533
v -0.24945148141396845 0.8110591940334615 -1.2517195519371727
v -0.5101720402577148 1.4400248754373242 -0.15248249886685353
v -0.8408359425011572 -0.34863548387384635 0.14478444775029936
v -0.11483196319045075 0.7592079178567432 0.40384458726925443
v -0.5884844325123684 1.3151900931113896 -0.6911385516098533
v -1.3333752745546286 1.0563872531540093 -0.6087425327989706
v 0.8774233766905972 0.992418901871724 -0.49219514198149883
v -1.0569107517395349 -1.3828452974677248 -0.3654491541763324
v -1.0536244980830483 -0.15022988986891678 -0.008233387710159357
v 0.5269986563325914 1.0974762628888364 -0.6147127097902488
v -0.559802224621918 1.413735065962972 -0.15815633581330532
v -1.375240318787912 1.042156737271629 -1.1240154539304414
v -0.3137856823834716 0.7418980788629319 -0.6817754888949876
v -0.9443524631557414 -1.2531320331376556 -0.18384021860619518
v -0.18248979997824413 0.87068032556835 -1.1226465994838968
v 0.9191773133868473 0.9251479934353404 -0.5409768851372638
v 0.7324218671110287 0.9687603290615721 -0.37980428392465004
v -0.036185509072966915 -0.07160731158433253 0.1745272620956828
v -0.07404141135675751 1.3163055840123272 -0.33112062149165017
v -0.07930468387621775 -1.3415260208089075 0.12081494965848683
v -0.7855379550830007 0.8382550064523056 -0.5833804642659257
v -0.8190492150105615 0.6392556334700163 0.1847806036709464
v -1.0657097454046744 -1.3193705066039505 -0.3757201578740088
v 0.06941743970062292 -1.156756844032575 -0.038097599177466024
v 0.2101111895913531 -0.41520622102308746 0.08104298680977867
v -0.7617542489327228 0.5944029932791449 -0.5635754309060008
v -0.05137307622875825 -1.0737693838781812 0.16858004186758596
v -0.5605395383135463 1.4078904418871256 -0.9498790746443768
v 0.18438754704325788 -0.07894684251656753 0.04027307408519448
v -0.6820995753342497 0.4114987488197046 -0.5030659185894804
v -0.05774081081253629 0.9060267479458403 0.37798953773121713
v 0.061587565093891516 -1.3911723288527345 0.12060759953812483
v -1.3963591623101654 1.1463672554624216 -0.8580002543181534
v -0.7063936448950621 0.428914780325534 0.14899051037682892
v -1.4380690435992656 0.8486646098594588 -1.132884476712161
v -1.1237397274998453 -1.23541818308354 0.02932161913976622
v -0.7545906599122152 0.9036420017841361 -0.6087703046882849
v -1.4075052802178873 1.2955906316717196 -1.213149452563147
v -0.10756533846260974 1.0290693043615118 0.3698474391573535
v -0.8426805354055877 0.4912893448376056 -0.12655024747247784
v -0.8265562763686236 0.5978415327920008 -0.45913884154427953
v -0.014262939082049064 0.29318414677212895 0.15216239979271512
v -0.596677159839845 1.5180345540984526 -0.9329073733877988
v -0.2888112015344604 0.8039400000763037 0.45093014730032
v 0.3460347878260509 -1.4017249075404146 0.0021038889061180677
v -0.8267529772681191 -1.1536381607614685 0.051239393984327586
v 0.6850611056386577 1.2400435963396768 -0.9530543206627126
v -0.6374523072658682 1.1815371365348897 -0.5324750506877868
v -0.23544751621715224 -0.1369049573557219 -0.32187635852776464
v 0.789384749323909 1.007554561568207 -0.9904542045280081
v 0.19481501237058896 -1.3990612436989789 -0.16910635221482662
v -0.8393556608411554 -0.9968479237230882 -0.21900438546258866
v 0.1564262694277182 -1.393962704436638 -0.12733087731952575
v 0.7354807908706684 0.7215680369163091 -0.4802803421330667
v -1.2534705340736685 0.7539554144368084 -0.8312267144753213
v 0.21399086258922262 -0.49189645522491876 -0.3874708038788396
v -0.4335061614034187 1.4342419089517113 -0.41025078599783743
v -1.3156024042407761 -1.3962489702800474 -0.17458808361037453
v 0.34485783913264534 -0.2589472462414453 -0.09586021190371405
v -0.9124556690670562 0.9871214239749214 -0.007658749358672445
v -0.48173174750094555 1.4089992795224937 -0.8414810949989621
v 0.11690303481647252 -1.2426032903233222 -0.22978159677729065
v 0.04037791348751374 0.7126731003644884 0.29012155763548764
v -0.26535612274780873 -0.20279851994055476 0.2572009798199314
v -0.9315242878252946 0.5878303061481831 -0.20714067390262889
v 0.28566423485498404 -0.9048962970913533 -0.17136986109281946
v 0.144734923399495 -0.9667514673339194 -0.18169872622319666
v -0.6189482370719918 1.1924494311184073 0.2612147370977923
v 0.06279444349247176 -1.391540076618718 -0.004715908100411004
v -0.5650522105900156 1.376121478408392 -0.8389461009180902
v -0.974359310247375 -0.6190703099435128 -0.34207954887348385
v -1.381182923687641 1.1843766423891706 -1.1909191540548063
v -1.1081350425503755 -0.7956142722758041 0.07648903631509113
v -1.0662375311803038 0.8714023547309673 -0.16481709379901327
v 0.6462837960027055 1.2800831483348494 -0.876031303303746
v -0.9082405356220025 0.6886249818522071 -0.046190267784305516
v 0.1469723586691748 -0.4030345212086105 0.11220688273743867
v -1.1033597560917863 0.8380128515613066 -0.16811581483602667
v 0.6276885580887275 1.1795541437187471 -0.766407664269855
v -0.8788265084784572 -0.9293286666649953 0.10730346597225093
v -0.4285414267041983 1.364940355932268 -0.7120585963560802
v -0.7780216830479789 0.6755007062342517 0.2413658681082591
v -0.02612099636526355 1.1156018761565325 -0.45768972833559435
v 0.46666854242913025 0.8700624909401024 -0.6233680288826842
v 0.36206348359208695 -0.46752828067312324 -0.14064118463633354
v -1.3277852527705316 -1.3498657992913143 -0.3195560871047778
v -0.5424457528297906 0.36429496845117687 -0.5500164952506128
v -0.04016514089259121 -0.5261694241511959 -0.20647556712321763
v 0.01853322466533469 1.572023186844437 -0.8658691494283602
v -0.6176366846244064 1.3592751902088107 0.018500472296573534
v -1.1628724573796907 0.6639939733407505 -0.27671037550227795
v -0.45761811530156976 -0.41886106159617054 0.5483528960662893
v -0.19306545530776484 1.2651791741264868 0.2778450638933465
v -0.1698313728288145 0.5525295974992908 0.3695877620023771
v 0.22687661963549932 -1.3973853200676354 -0.1274526540572022
v -1.3594861451507807 1.1033491783281852 -0.7094620246040813
v -1.3168209907883766 1.143944687583831 -0.8537765295692111
v -0.8938124597097379 -1.081221960385769 -0.20353905945410194
v -1.5313806736365625 1.1306221126842617 -1.2047265981701152
v -0.4579984503267394 0.6767969941326026 -0.5731909380967553
v 0.2726774400790224 0.8962350990455934 -0.4170801533173028
v -0.11835106116209437 -0.15471598904266098 -0.3317658683732353
v 0.7539184682672848 0.8605139559601259 -0.8648236277046734
v -0.8468655193679256 0.9462132511970606 0.18465650927919774
v 0.31656937269738605 -0.7239378431042404 -0.24302449232823786
v -0.10675599767675281 1.2791625201939705 0.2105676020902758
v 0.23279698704400031 0.6047672026341242 -0.44261654540018
v -0.8169254846488581 0.6336984784182373 -0.5027889988873974
v 0.8136633745174984 1.1147344941199866 -0.5680101420946254
v 0.14625324655392447 0.5893230352089351 0.017377069404147905
v -1.0061296323509095 -1.4055794459794662 -0.28354725521770174
v -1.0995151675814245 -0.4346504995387981 -0.04513779309840188
v -1.069660926022584 -1.4060459138210626 -0.32597393096798033
v -0.08198017574533256 -0.47836315362276116 -0.17204935331129997
v 0.9102810381900022 0.9484409762953686 -0.5355215070668997
v 0.2762315825786209 -0.1020032248634597 -0.07208923287105709
v -1.3653202398844193 1.0142597345970414 -1.499946896403244
v -0.10173743745968167 -0.11845221520763555 -0.33578400122214636
v 0.44681090231772014 0.6904849392047546 -0.578844795266722
v -1.3457433555921772 0.6550241126271109 -0.6893500619177929
v -0.0048792172782978205 1.288407682247798 0.03672932106936827
v 0.07606059550324756 -1.2841660804979393 -0.25076627610044666
v -1.0620641954276566 -1.3959207624917274 0.08438184721775055
v -0.9647826837016603 -0.033466977202500525 0.013207449889927114
v -0.2320616234153345 -0.27358944541830044 0.03775941840560865
v 0.006153175741671457 -1.0710320146412924 -0.07741692018990515
v -1.1850324870141336 -0.5469218385727131 -0.310159038790111
v -0.7700381240005243 0.3944419337153002 -0.09675684433303422
v -0.03743862067433357 0.01237737917398346 0.16312774068280056
v 0.48168474304200914 0.5718726185077749 -0.3922288078307691
v -1.3218730371108367 1.2984041638165695 -1.1803786631318993
v -0.02015545468212987 0.23760961926764262 -0.20601109725926936
v 0.03510485087757581 -0.4921558926225773 0.06994072451144112
v -0.48472749520733943 -0.20564461912107557 0.10131157096393345
v -0.15505774668224068 0.8564710681681498 -1.0128430625425344
v -1.0919955389439533 0.601527102261318 -0.2625146444107581
v -0.8161137063302699 -1.3807694586302564 0.16603931359086282
v -0.3631271989370186 0.7087937870025955 -0.6149451145503231
v 0.08141101980773563 -1.2396795297516041 -0.21089107774664012
v -0.02093452610661195 -1.3129150608014029 0.3023759137852834
v 0.11018984989726777 -0.6682345659200845 0.09860920629544623
v -1.1669655943095265 -0.8250021458919302 -0.03490413160297595
v -1.4773070069618577 0.8266127107753533 -1.222287303237473
v 0.23244234601139047 -0.1333898153798223 0.06251090496927014
v -0.7453712517902771 0.3622854424918622 -0.08400227449915848
v 0.5334061107120216 0.7561038198224708 -0.7543374617199221
v 0.7387306014148463 0.8889796829723605 -0.36930273358611243
v -0.5783758843772919 0.9428078980929464 -0.8785371668705027
v -1.5465178118365055 0.9124774985009138 -1.3134011578614129
v -0.8179732640872878 1.131682359503218 -0.37134053092915353
v 0.004160272956392319 0.058329786181698734 0.1240162293255826
v 0.7002789821153768 1.3064444454494653 -1.0134470312059012
v -1.0966114866850738 0.5978763775221907 -0.42630171925510135
v -0.2176266544801825 1.439755607989635 -0.12194325067122253
v -0.9936602738263581 -0.9685132640445958 0.12976764774412586
v -0.16543364420646373 0.6192075661089271 0.3927988677383697
v 0.2105297259491622 -1.3268676180333228 -0.42037615710471427
v -0.18898286769991293 0.9246349127752039 -1.0078633829705033
v -1.0259052754596252 0.5844424753080464 -0.24981206195529648
v -1.0139615049352897 -0.46445471173732 -0.37895704150280096
v -0.48144291985207743 0.4104699501689357 0.31946515606692305
v -0.5385498762331916 -0.3345827280628536 -0.005702889078996631
v 0.49672296136857474 0.6888956678640268 -0.668333175194943
v -0.023107966152210058 1.5311268021347026 -0.8854871321208319
v -1.2741173753562385 0.937947537746084 -0.47874807309465073
v 0.08685243201433668 0.5840178650981858 0.19889048166291
v 0.5805133887601265 0.7659921308813523 -0.2924967964986561
v -0.7362556186274025 0.5234436782451832 -0.559798274141276
v -0.2377898852729316 -0.16392095178620042 0.18440834047547683
v -0.10725673083502141 0.9929179567287679 0.38804300162252414
v -0.49442176267699806 1.4237175616882043 -0.42083229540186823
v 0.3131662972877912 -1.3793493160974744 -0.35736789402186586
v -0.9314680847140422 -1.2117670427502407 0.12987737667658178
v -0.7591611536618323 0.8807594634724405 0.30898278631381115
v -0.1493825910705409 0.8061817309979279 0.41760673723127195
v -0.4531769506451404 0.7900412683622344 -0.9738476336866946
v -0.6428896635778427 0.9880698439848908 -0.6900546886950916
v -0.6094287526870245 0.20903232518351533 0.24474708564237935
v 0.058433357780194595 -0.77229955141896 0.17186655526116695
v -0.03280485097258823 0.9583534628837971 0.35157153801093644
v 0.21299896658562167 -1.2780340872969087 0.15272958568757317
v -0.967798890699175 -0.2998067882433415 0.1166142016525023
v -1.035318107797715 0.7481793809336356 -0.6246032985436497
v -0.0440850931198547 -0.2512672798976813 -0.3454492180967957
v 0.026611767570199174 1.534810573424136 -0.9176319151952497
v 0.3090919813074041 -1.3238260966590016 -0.3392111123028528
v -0.8897137084627096 0.555285507968758 -0.15644402900898244
v 0.047266400965598476 -1.3844647782304982 -0.20032507264916172
v -0.8369008056437652 -1.317333028937333 0.17487920585846722
v -0.30399607142042623 0.9442779900669409 -1.1289890796301978
v 0.35941828106412343 0.5765693644650012 -0.45742595532643854
v -1.3811164709510515 0.9707701746973104 -0.5410979825625398
v 0.04145594230754179 0.24875387905615176 -0.016384517142994104
v -1.5684726491664467 1.0235873531884225 -1.2012144331809118
v -0.6240920505078478 0.2326275221426567 -0.31960867387648645
v -1.4201664445966955 -1.3169593271979565 -0.2748558726287109
v -0.5150796927355173 1.2125199157887128 -0.8797852235884186
v -0.1813127114264031 1.3940655354471687 -0.8162363077538844
v -0.3381575132343638 0.02423309882334923 -0.4336989118222722
v 0.3109204105726582 -0.25501870271029325 -0.016321820604383974
v -0.016648284637047817 -1.3943597425549492 0.28188037935003474
v -0.450011314899294 -0.31230823428892796 0.39211851638950035
v -0.5136700995247196 -0.16075711422023764 0.18677438556639092
v -0.5140206646829265 0.07930151860969237 0.27084271166907337
v -0.9712852218373831 -1.271248535627275 0.15261402266038354
v -0.8521649952423768 0.0022117887770422007 -0.17103867631780303
v -0.8308279525811302 -0.8663084356960323 0.07349145046926064
v 0.8691508701156156 1.0501123446117806 -1.0684443629475107
v 0.023792661067709775 -0.5024364066938606 -0.336460656312366
v -0.9313315429215432 0.818885532219755 -0.5496168797411352
v 0.7472656822123944 0.7011667670665169 -0.6356810856157931
v -0.40892058690368926 -0.43269671715587665 0.3830871779036161
v -0.6251392505327594 1.3615089491996173 -0.16417738131551451
v 0.0780598718372254 -1.3943059170370984 0.1775699822565931
v 0.15948441397607493 -0.31712639734785386 0.13785264411679504
v -0.49039122238688976 -0.2781557833744085 -0.12301728353595356
v -0.3410364192078731 1.23801998463794 -0.8710076682234477
v -0.9403220227645155 -0.4303933686035726 0.07825239144833335
v -0.43496212767543824 0.2882507603422136 -0.5134956815911071
v 0.4567995917736628 0.9157271292271033 -0.4341004054307396
v 0.2560572230503696 -1.4082775349757854 -0.18332927578214267
v 0.24338017474925588 0.6979896629289681 -0.4748505381766035
v -1.3294303476067588 0.7004223205946835 -0.5621544092630536
v 0.09731610069665853 -0.45076267081098864 0.09820823216116747
v 0.19271701596099833 0.6516622155368518 -0.4456218634195102
v -0.08557325882930039 1.3581043153674566 -0.19486795633824341
v -1.0712514161296776 -1.1949395555203317 0.065340780571285
v -1.0929133499363477 -0.20513111888563296 -0.05406655541181177
v 0.12381328027114935 0.49140788485149145 -0.2080426409322706
v -0.591575443793043 0.3047250051238665 -0.4077496376583313
v -0.9778760106458404 -1.3997633929839934 0.1502962487094573
v -0.19679709814165658 1.326057413218039 -0.6206627471668302
v -1.0774336584685682 0.6612368441049178 -0.16834670113308806
v -0.8371214423154898 0.05702161031633918 0.02410106338243112
v -0.9039419066910176 -1.3420930069060004 0.18329229014079762
v -0.08286440073345552 1.3983757126889622 -0.8158558728298324
v -0.2881077735437507 1.445351224111148 -0.4530824118579152
v 0.09071771957313696 0.08743990094512966 -0.09298216506059367
v -1.2731474571067711 0.6664620751299505 -0.504105746076869
v -0.30871591399926923 0.14957450834161568 -0.46924255457344655
v -1.4591777773546175 1.2556245652944589 -1.1470472811320334
v -1.074526700888874 -1.3929525868768828 -0.18407799792614393
v -0.7584512921830946 -0.09393411241309618 0.16876453512364903
v -1.3338934300779923 -1.3971322562186756 -0.44326542860108537
v 0.20917359862023843 -1.3951633491449549 -0.07703083098910779
v -1.2101868457908396 0.6573607275072626 -0.3769686941065604
v -1.1702726269335577 0.9107928636870226 -0.30433167724114796
v 0.5065931108106313 1.080402325115984 -0.6817338910003456
v 0.7513408972827234 1.3715020342063866 -0.9002718670231314
v 0.07810454661744598 -1.399380880163187 -0.24676862252243276
v -0.281058109208761 0.9000865406192896 0.449139819468823
v -0.47037342438717544 0.8006485716577074 -1.0657091315467055
v -0.5540276096828756 0.15441273109613265 -0.3767033826546153
v 0.26936593198505865 -0.11146504761349113 -0.022460287252995925
v -1.4383072225147442 0.6999448438962435 -0.6949456580595291
v -0.3683229997512888 0.602324335302625 -0.5675935837346884
v -0.7675222505657486 0.4646384009032857 0.09602813884999978
v -1.5911045212023607 0.8957034172135494 -1.1593751029199648
v -0.3939199904962451 0.46490453152606676 -0.5651932533473258
v 0.3339417483915955 0.9450021770454184 -0.19366537359160743
v -0.3809103388559846 1.4503957180780964 -0.480371589772274
v 0.6775006383380509 0.6637075033055078 -0.63945652411974
v -0.17231304088624771 1.3948024695230439 -0.4294737285496465
v -0.8939904994979962 0.6006650148655405 -0.09511416704976178
v 0.6397816574625124 1.1484665505574836 -0.7959208310643191
v -1.134835156714625 -0.7757254836928539 -0.28032060123447
v -1.5150411125281953 1.1968834629946314 -1.0734534727303044
v 0.1902342689956349 1.0121928866589909 -0.027876764698543555
v -0.37900810429639464 1.3867145561030076 -0.5543881103050977
v 0.4782833858931921 0.670536371130561 -0.2087079674892232
v -0.3021803093334637 1.0925203192912694 0.4078115519105874
v -0.38765495196360034 -0.05030359519026306 -0.4062676776971047
v -0.058744934439346086 0.28949268326874866 0.20244534343446197
v -1.2967009362926116 -1.2861510712917306 -0.3759625924818786
v -0.23946175300964873 0.6210689020660521 0.41411986663909883
v 0.1419402521636468 -0.5448662392488238 0.05450456897662259
v -1.034958112185007 -1.3301738914258476 0.12244803664904647
v -0.13105983734826637 0.46446631508841985 -0.6005593957642068
v -0.9598630633377433 -1.1979903674907182 -0.16285959517766568
v 0.16011093980709346 -1.3910956464705846 -0.03754611738692537
v -0.29611706654331804 1.3281630219224705 -0.7298278503303889
v -0.3604753831030386 1.2739320344877223 -0.8219304641330215
v -1.3783896310563701 1.335479955727501 -1.1895201101659927
v -0.7864826388747675 -0.8890140331071764 -0.23209433582454267
v 0.40065002632215985 -1.3370811598938284 -0.07682064374048492
v -1.223889016463849 0.9496033996912696 -0.8724165421622919
v -0.15425332092139907 0.7346938309972773 -0.5802330900357866
v -0.9337720925989703 -0.17335608155484772 0.14351701064919292
v -0.281494927062054 0.0880752378575782 0.28672789270061727
v -0.7376776991985032 0.9552476865483 -0.6157937955160792
v 0.8114757088710429 0.7800733778536129 -0.7017458748851029
v -0.2014559824224436 0.9067980272574931 -1.062599718891888
v -0.2936297841686925 1.442961842641299 -0.031562973520708304
v -1.2944052599744778 0.8837236830915408 -0.37722773190868925
v -0.5601771850872131 1.530628186832741 -0.8301894643790991
v -0.5096233756156584 0.8580450549798666 -0.6881924136884718
v -0.08235533600839262 -1.38870504623437 0.1766965063882191
v -0.1064136641864577 1.4449438364686173 -0.8785892141882462
v -0.43926069666709366 0.6455732387945934 0.43028818108321243
v 0.4165701719625525 0.7027104645370823 -0.1292841801878115
v 0.062074132590632214 1.5860224368140026 -0.8121219323216449
v 0.8317467705174817 0.8008648727179347 -0.45837881084678767
v -0.9903748992800369 0.590087521396583 -0.45804263112765
v -1.208027391588781 -1.3890633835256296 -0.15013013992283164
v -0.7675473851245669 1.0549097087233856 -0.49927209869116707
v -0.17284494249583307 0.23686717077345767 0.2921999738641229
v -1.1564195090492038 -0.9484363259064857 -0.015294200760427756
v 0.1597627922018413 -0.7421372217067198 -0.29450674203327704
v -1.5481364734284428 1.1412156499137365 -1.0960253654772103
v -0.09061589467703601 1.0457315987994422 -0.7996444620078405
v 0.13887551428904987 -1.3537449927745482 -0.35182520432826203
v -0.8440332461927325 0.8137608394299952 0.19942791767058166
v 0.7958818729402044 0.740504789149746 -0.5704329896900866
v -0.8988905197011815 0.9542322743477761 0.06786730322692724
v -1.4584696740962104 1.0367560038899515 -1.4292423634790201
v -0.4729849210322086 1.437790397174564 -0.35801815582734875
v -0.01852598403111405 -1.2468928684155594 0.009157029722216159
v -0.42280541269332506 -0.2862543060557581 0.4180936244044364
v -0.2588145441288342 -0.22755801839458667 0.17324254248791676
v -1.1058090569113137 -0.8574750368557856 0.08412234988076256
v 0.6383393773373851 1.432099397600112 -1.1460142467686498
v 0.17309595638294806 -0.03175111399796332 -0.20079793401923368
v -0.24242171693635786 0.21180965397337453 -0.45316674649445865
v -0.452142237980532 1.3658584266617568 0.15471567536907083
v -0.29213535682693925 0.730070031203998 -1.0074171546424857
v -0.4443908439358339 -0.05770332518904758 -0.39268278831206266
v -0.5215665067871463 1.4084052607878164 -0.45862210458504626
v -0.9407031170211917 -0.6416092959985478 0.037572987111226586
v -0.731966400171142 0.024771693658057037 0.14806099123541439
v -0.6050772972270131 1.2315590044373061 0.23568973348751154
v -1.2147561607336441 -1.287508916881432 -0.03703161816265843
v -1.052274324727517 -0.4041708110568689 0.017566038130143624
v 0.07666522349923854 0.06527211915741066 -0.00816949238496012
v -0.2009041010363732 1.305895201393891 0.23857994801451143
v -0.3901230337730237 0.5202276535030415 -0.581374894302355
v 0.018393546047927645 -0.4389597776906494 0.09593601210062719
v -0.06381586165058462 1.0347524518838056 -0.6886911888286449
v -1.364891034325967 0.7744600996096873 -1.009144226501631
v -0.13983537475581231 1.2097796295044567 -0.8479662507291428
v -0.45606464772030314 -0.25018267773118963 -0.0032404615463185737
v -0.6024545719475953 0.07278521440797142 -0.35081334852795254
v -0.34392301739532904 -0.2515539297509125 0.4038204117397075
v 0.13804975012692233 -0.05567268060598818 -0.2552995675062486
v -0.1817580007049257 0.5141071486734896 0.36388954972861365
v -0.8823962551834905 -0.3002678415655108 -0.38104466840839574
v 0.24036972192736905 0.9374299816160149 -0.35178576424948055
v -1.127241103409747 -1.1714391825803885 -0.002441610143116224
v -0.8848142876528188 0.9352015372457534 -0.4672904704715264
v -0.301131211229786 0.20054711390807384 -0.4729112810911868
v -1.0975554312251106 -0.48060987948850653 -0.387964564095115
v -0.06552281387480946 1.3176129407068506 -0.6740980799626137
v -0.6430656454491233 1.5336506475002958 -0.7711724613457894
v -1.0027645384964128 -1.4075403611425923 -0.2501697199341556
v -0.391719038298427 -0.16745321643054767 0.3235581731181002
v -0.03228961249659146 -1.3982295255634587 0.034487510228638274
v -0.9263257098220932 0.5845927032474376 -0.40252392711866297
v -0.4384332142441883 0.7500856314282989 -0.6288904990424851
v -0.545560560024259 0.6585711623060571 0.4125088373217787
v -0.24507489139513886 -0.0354960433832176 -0.36506849947473896
v 0.00908237081259361 -1.3920310796258386 0.07762964179507043
v 0.7577620577888224 0.7331468368635918 -0.7075587111365612
v 0.3832093597519244 -1.403806460593958 -0.31978121922621144
v 0.035199634937221 0.36810347348520667 0.010112542552837833
v -1.294903535620239 0.6764622329775953 -0.5865225238755196
v -0.8190153093298662 -0.9338514087488131 0.0652353672705498
v 0.013045239599747016 0.4453649694562989 -0.4617765516560611
v -0.5680150316247622 0.477154172448612 0.33594865148508857
v 0.6925035523995673 0.7810789799838824 -0.40109928913617204
v -0.7248022117573399 0.40417614075815245 -0.41393803376837934
v -1.0151781734243475 -1.1580314538734395 -0.16841077627627565
v -0.9095449752691593 -1.3460598516686746 -0.14780217628589803
v -0.5425779789905687 1.4733628108038768 -0.7458822800485377
v -0.6587323676045793 0.8339478061972087 -0.5863436049770959
v -1.5208778845518827 0.8560234012962256 -0.5928191704145638
v 0.2500621912171439 -1.4075068950169798 -0.24757820306560752
v 0.9151599797289955 1.0887250808288256 -1.0507402630243194
v -1.2059754485639886 0.9832893228248627 -0.46953326032130416
v -0.5109811013267009 1.3788315952301553 -0.655170238709489
v 0.18948388853018538 -0.2663461171098409 -0.3649279817067195
v -0.9281431102507275 -0.11495997005558783 -0.2936848939073404
v -1.5902627931988216 0.8345349119292221 -0.755735446680582
v 0.21140086418368753 -1.2075975031551258 -0.07151475435778207
v 0.07845157535521508 1.18455967712155 0.07725993601099085
v -0.994872287027495 0.935533840888253 -0.53580679829533
v -0.5091458789374419 1.192226496772387 0.3301359151325126
v 0.21846519367461714 -0.9138717721221853 0.20177705987058947
v -0.07492925268442424 -1.2880874512893334 0.1841575942805893
v -0.7416262025263639 0.4129385514525477 0.06066874959757079
v -0.6459931222592676 -0.351859700324347 0.10414350448292631
v -1.062843806306104 -1.0099685430419472 -0.21526640903955113
v -1.1720910663105695 1.0422720205819476 -0.6840053917889326
v 0.25600000097051645 -1.2287887533873607 -0.14685333670062237
v -1.3873002117731787 -1.3730448774456012 -0.25949921662452646
v -1.086946529547519 -0.3008755464470805 -0.010634177632381059
v -0.8811836026295061 0.639471534934714 -0.479403170006043
v -0.9614246626880393 -0.7023221624801333 -0.33093101341280695
v 0.564126775278137 1.1516812965939303 -0.6879287405781984
v -1.314944929735982 0.7498322079433624 -0.38407478133034395
v -1.3783194820611313 0.7121627968932833 -0.906235590546605
v -0.950415046613263 -0.570001357500775 -0.3380340836903412
v -1.234273065736878 0.8202350462426622 -0.8614012518309939
v 0.278342785620468 -0.5342663284706504 -0.3422817641912892
v -0.892449239560162 -0.5321126084644429 0.020747997353378345
v 0.10939711230566984 -0.19768163924340054 -0.3636907140681055
v 0.881781065840872 1.230218840949794 -0.9290537140589128
v -0.7185819079442453 1.0981991312020658 -0.4830239650399956
v 0.3213756278095269 -0.18629132850747793 -0.11266460251200619
v -0.24998212429763525 0.9364638195645266 -1.0435657650458512
v 0.16335467649921998 -0.8327922207839035 0.20685454044851515
v -0.21017335870064155 0.5713204773846102 -0.6287964742143464
v -0.8299196719421192 0.5616809545025208 -0.40432182728544785
v 0.04614339766870246 -0.02182282340633518 0.10816321573417975
v -0.49013709960977625 1.1008484495639852 -0.9882439817139009
v 0.07814500566482824 -0.36287309257687883 0.13738781461687005
v -1.5166473866587118 1.0700825108243546 -0.931313366840044
v -0.8843834237729183 -1.405962438314908 0.16224930982985825
v 0.4732231278825966 0.6382156661241923 -0.21912841991500792
v -0.6004302409739052 0.43664383698012177 -0.596633249806233
v -0.054510960065066894 1.5404758590262522 -0.8138861665650523
v -0.05471123734455319 0.35214816343820027 -0.4618319755560306
v -1.0277474508111006 -0.3935535578327063 -0.3804073534980752
v -0.8105739137042565 -0.4772839060363675 -0.30832959055625614
v -1.2641912625602472 1.1197844425659156 -0.8593723255087122
v -1.567355020429425 1.0421516224488485 -0.7808559597159226
v -0.43768099563930213 -0.33607531726517026 0.49469488866157985
v 0.5899510559603874 0.6598119264055561 -0.38429665674821056
v 0.12931868770183208 -1.390381469360126 -0.003092351463234777
v -1.1534169282592521 -0.8112478879416246 0.021742011213286727
v -0.21332932423466916 -0.29485643898319025 -0.11069697414398066
v 0.12107483212633019 -1.4029566407809426 -0.24066254309150314
v -0.45325810849722276 1.0947341184853672 -1.013850802508888
v -1.1310639739030695 0.9386714849672437 -0.2811189131837072
v -1.0280041509793807 0.9848972153172747 -0.3075978712020437
v 0.06647515787610309 -0.09177347940422492 0.1093031419017585
v -0.29351871659121204 0.16592605731587384 0.2937576971377809
v -0.8210087116095575 1.1168757067861144 -0.23774375748412968
v -0.11599548547405841 0.0091972580901854 0.1931135490697954
v -1.030257370272484 0.9145304005549775 -0.1803390824536116
v 0.31389809656110956 -1.4105638008191947 -0.31763075592357115
v 0.8602498197521908 1.158564389532364 -0.7576223767313843
v -0.051951290960235985 0.2231413640248665 -0.2704204221883563
v -0.10164159447188281 -0.30108281664833636 0.09922262539309062
v -0.10756403977713819 -0.43493435222332133 -0.1715907575016383
v -1.1086090227879306 -0.24542813028059207 -0.2521357099605094
v 0.33495424354475256 -0.7036826454003305 -0.289935429112824
v 0.1670682775949457 0.6386959999306697 0.0034158009896803065
v -1.129069412796342 -1.2634248747310304 -0.2975654859749283
v -1.3350119179454025 1.1832242688208416 -1.3989669082723215
v -0.050539899569554625 -0.5440581571888854 -0.16475901258877118
v -0.7505868925225969 1.2017131543845894 0.09311063194832142
v 0.20461243542623986 0.7488691027976764 -0.46751716101552593
v -1.07490523773416 0.9549862711527695 -0.556603487901538
v -0.15664637867012102 0.849224882751653 -0.6012638227437406
v -0.4134883833834809 1.3680891886860902 -0.671400270683165
v -0.13344352458181685 -0.1459004721023684 0.1904690658137853
v -0.9974494384367504 -1.3872117976994294 0.1462959378211709
v 0.18305058031998345 -1.1465021238527338 0.2158518134154923
v 0.006203384919978461 -0.6013265102044459 -0.23348173150366547
v -0.7019221908974814 0.25773331008272776 -0.2012996461865501
v 0.22985126869792494 0.8262069215149416 -0.01394362780936692
v -0.5546141160215946 0.08258981020338058 0.2505151472147348
v -0.9606488080075714 -0.05250270924864453 0.0563928976117789
v -0.09301916209154187 0.37438291743669716 -0.5264682108066584
v 0.3756786623182803 -1.3308848517922924 -0.34401245238997835
v 0.046257622050867586 0.5805761887604217 -0.52796429646986
v -0.7599745903018688 -0.7418861957949613 -0.17246259502834055
v -1.5751513889509912 0.9814436310327256 -1.02925612924859
v -0.6813116728485613 1.306068246238028 0.00707583630464953
v -0.01755187002858477 1.5547705699304788 -0.783570112452536
v -0.1364285031886853 1.083393297655798 -0.8407731715585433
v 0.03558214775802754 0.2475658415867969 -0.10948659928451554
v -0.9084480455805763 -0.1959805011341329 0.15968039008851476
v -1.5010627014655034 0.8231485971485966 -1.350857544534608
v 0.30229356266171403 -0.9226171800267918 -0.06994642182281058
v -0.11470447223669955 0.7597799388575106 -0.5694053099068009
v -1.111064457398839 -0.48595053368229335 -0.09436126913247514
v -0.32721359066467043 1.170208403470094 -0.9236912019896513
v -0.02863493176172016 -0.4853344972339294 -0.28394459303266023
v -0.6185177727876211 0.3876538446140529 -0.5443204208129332
v -0.9104737951183969 0.7577060380583609 0.020786977897300718
v -0.8292821372542574 -0.5483364866669616 -0.26012909905799453
v -0.7030520272779353 1.1730967199183278 0.19940542044225962
v 0.46605570274500385 0.9005186032857792 -0.26992112757399456
v 0.7678105267360082 1.1417964620161571 -1.042606975531886
v -0.5688684078379922 1.253916254445433 -0.550904476436715
v 0.25219315425793487 -0.4417470564091981 -0.37848298134613984
v 0.2704968073138897 -1.1008638588706932 0.03261412646629275
v -0.3190530107975582 0.792338383224275 -1.224626815185215
v 0.5169373204093491 0.8195849842349442 -0.6697385127133493
v -0.6411724017889516 0.15461498637349094 -0.2992026288601144
v -0.0667040582201594 0.1672279195718641 -0.27693634677432405
v 0.5350579387329242 0.6211196307185477 -0.35138982501887606
v 0.8620038842893674 1.1925145052504191 -0.7948272979377387
v 0.9309700767605085 1.06175386107745 -0.9803006419565109
v -0.1395117023767543 -0.40006270927444565 -0.04745560700888102
v -0.723253719140418 -0.45476220248799215 -0.2207374912142325
v -0.8960234017957984 -1.4069433654212191 -0.06833375416381865
v -0.8196937825797461 -1.2362741966272663 0.006634682839859352
v -1.2424795990899058 0.6601003944184474 -0.5574647761062561
v -0.6909427442851976 0.2532521459137754 0.14407546538172694
v -1.1158216821394855 0.9801626476431622 -0.5198840752637707
v -0.9690320025442801 -0.056956281346271065 -0.17011906714552505
v -1.5735735860019657 1.0467323658238026 -1.1328786426174275
v -0.2703244538067964 1.0306928410189116 -1.0198872324389905
v -0.7579882209035003 0.09086203706149129 0.08884658801043221
v -0.03455739704675209 0.2925901280374515 -0.2967226590836824
v -0.6177069934578572 0.9657710148432063 -0.7727433313123746
v -0.03880172094525053 -1.0750948422502002 -0.02282925378534556
v -0.3576325206463084 0.05889841062046361 -0.4533721385967251
v -1.1123763894621777 0.9719232675375928 -0.6788942652674061
v -0.5391014579226148 0.6824854163158885 -0.6109715366029738
v 0.5680142004292829 0.8073726855146495 -0.24486900531356243
v -1.3566177685194791 1.3338017544016378 -1.23303316628287
v -0.5839065462454518 1.389296402759737 -0.6874159995742624
v 0.6904345066861037 1.388784201209766 -0.8080558879687225
v -0.25459303713508163 1.412237761533405 0.06955945043677669
v -0.8295384178472313 0.9432294314172283 0.21013929562176537
v -0.57117866939296 1.3314662983485226 0.14367355219795336
v -1.601585172694695 0.9069443991000227 -0.7556253381323729
v -0.7515473003984574 -0.796864466829804 -0.10882946443592179
v -0.5530477415047186 0.8835377912511239 -0.645358070578792
v 0.3135656131006216 -0.40657507746019905 -0.02180419135277939
v 0.1613888263313017 -0.8286650782744899 -0.27824482233633085
v -0.7232989133948273 0.29241282750092307 -0.1941809517238045
v -0.5690614124788379 1.218524857591075 -0.7758706658266991
v 0.051069051925118125 0.6336778393091282 -0.5300903844451885
v 0.18746347359268645 -1.2214670643955268 -0.16579278620388482
v -0.9736478903460714 -0.6868653478564292 -0.34470291350574916
v -0.2745701163503194 0.7342884613121718 0.4432890416218195
v -0.6180698062190495 0.7087574837487222 -0.61575849125103
v 0.3179973672823264 -0.6846958438267986 -0.112619328338491
v -0.7537542065696681 -0.8153728726351778 -0.07702082112108877
v 0.5743582389981495 1.0686838865108472 -0.7146895732831862
v -0.5140681566116315 0.8921869765521784 -0.8336910201069889
v -0.05047560464882572 0.512189889321983 -0.5823201375278634
v -0.19843416110773673 0.8564143256029322 0.4357361466565005
v -0.16514905227021048 0.4982450642635625 -0.6225578889057679
v -1.3395122826795571 0.791449582867337 -1.002870276988674
v -0.06444498485254624 -0.9544894988892828 -0.08369584466720706
v 0.7862516406541804 1.059688631501295 -0.4508051968532537
v -0.6727465424671795 1.1746845926747018 -0.4613734996250278
v 0.5778826715701147 0.837919366187133 -0.31412698244049153
v -0.3649209632900711 1.4531011596321624 -0.4436954133708204
v -0.008724904676366274 1.4931142783830453 -0.8586145125664103
v -0.21923834313012663 0.9634136010157337 -0.9734603057397552
v -0.49423866800528893 0.8301382222552486 0.43669593515929006
v -0.1590475681878724 0.20307012012305464 -0.37021405115114914
v -0.8253933534783106 -0.41436950794344596 0.1178255155614622
v -0.008395258344139234 1.0178640063558408 -0.6131288929285014
v -0.12400387938368385 1.4761597197746914 -0.8239921373089623
v 0.22190043652435298 -1.4050861852576029 0.10713253898442127
v -0.06679450666830727 -0.4596245408327265 0.028510500153802132
v -0.9231450293045534 -0.9713490137008972 0.12579249139443416
v -0.12050400195701888 0.0900107986843452 -0.327415032286295
v 0.21102894064441802 -0.4123638181012165 -0.39164364013707453
v -0.14406920927165615 0.604478414944809 -0.6266642524476369
v 0.028424692528900897 0.17612885005663032 0.005694314679813406
v -0.9654325459116136 -1.3157454558776065 0.16577915692125084
v 0.025369205290816654 -1.1945236964525714 0.2465177533738151
v 0.43058696417587217 0.8811798979090156 -0.6130774250242759
v -0.844805164857233 1.1066637233481746 0.025072360236475966
v 0.33302721408254476 0.5989071341910551 -0.12211779399859601
v -0.05696521586916259 -0.7753795338630148 0.0431518601800448
v -0.7744088000055143 1.0787515760030115 0.17848213897224213
v -0.6353644206231792 -0.0035826061407204235 -0.329836061722096
v -0.7273159873155846 1.0231097566113236 0.2783430398424602
v -0.0696461402469144 -1.339788279749119 0.253886314921283
v -0.21654291144407972 1.1859398601013618 -0.8991416710067008
v -0.2561366946460941 -0.2801411737637294 -0.14077464954325375
v -1.3047952832006757 0.82440058988248 -0.43086204329848754
v -1.1248200340143928 -0.9869922596189834 -0.17434447019569216
v 0.40872347438402057 0.9195461236437877 -0.2478383996947725
v -0.615199911124735 0.753279138962342 -0.577771142017744
v -0.6670210977580668 1.2988966653069265 0.07408007466428707
v -0.34525702711168377 0.848768165040981 -1.320421551823852
v 0.15928619461356652 -0.9570433538791566 0.23653883402857379
v 0.42611239333315987 -1.3104630227524972 -0.16722531619808736
v -0.19959420691023597 1.0876472118470093 -0.9834759678939525
v -0.38999214625727 1.2575224242829985 0.31563425370345344
v 0.6301553611924557 0.7960323441997159 -0.3668483978629108
v -0.2751426768050519 -0.22564409566575305 0.0910544532109141
v 0.1958804339516549 1.001886758514254 -0.27487107723861604
v -0.2269906162849901 1.2888146702947987 -0.7867365274096653
v -0.041248504312940804 1.3419136035939032 -0.7562510248127792
v -0.8463669040659644 -0.4885683439366958 0.0617363889338266
v -0.18880482791165457 -0.19802383287526026 0.16331714896387894
v -0.39140869243028453 0.8574574097938878 -1.267290231307065
v -0.9944734107697473 -0.6062751212240429 -0.001133394318203751
v -1.5007539140199269 1.0971911115188413 -0.7945931749168866
v -1.1610215908254438 0.8549286893628323 -0.24549039634202435
v -0.8951637519327521 -0.4377306018615118 -0.37188068418642717
v 0.2851669182384944 0.960200992815371 -0.184476514547915
v -0.04689700690280951 1.1914983737779417 0.24880979337262854
v 0.7455870013718959 1.179568968712899 -0.6613551982979817
v -0.43967941284289114 -0.38994327216118485 0.7305294970459203
v -0.007471313560363957 0.6411075789321934 0.31082378285847434
v -0.44771637783289026 -0.47985784070160875 0.8014432781692725
v -0.6860774888930963 0.10076533295273665 -0.2672526685862025
v -1.07281962878599 -0.970463829683503 -0.23130447532075865
v 0.21173478618808228 -1.2195417531940969 0.13815855447455788
v -0.43181914899612595 -0.31446089536698163 0.27197720333744824
v -0.05746011493269765 0.6476182488369455 0.34500098871605867
v -1.3968882867308192 1.0200208232274033 -1.1597143395449048
v -0.28566350762789755 -0.2643211867428562 -0.05959629821025325
v -0.791581617692191 -1.3033933187016928 0.03812844487728784
v 0.2610156041806677 -0.6527090208652717 -0.0044687382855143065
v -0.5971420892386524 1.1539541560073183 -0.7804812190281687
v -0.3352180885178813 -0.22579378415117912 0.06740375243269725
v -0.8737975587776139 0.01712595267141198 -0.11450633830839929
v -0.9278391978706131 0.8654760133692972 0.016710124485300015
v -0.4663611855723275 -0.4844157871515933 0.7356263779868127
v 0.21412073113637564 -0.2799106271228682 0.10623924317777406
v -0.42541634990461663 0.8603924789190966 0.451975629064454
v -0.2914525080060092 0.3058992565474467 0.30796301852201347
v -0.8809223670519639 -0.25392986483118674 -0.37265474068701154
v 0.027464924005887903 0.2331038799736136 0.025135816006592482
v -0.4852591370798305 1.4002288569377281 -0.8699349140644117
v -0.4059998432782203 0.41562253472666866 -0.5371595090824747
v -1.176587315210768 1.0107542828127372 -0.620379314057613
v 0.28795663448977427 -1.2675471421749815 0.029900593102750395
v -0.1181223326808934 1.3245401090322106 -0.918545810151453
v 0.43597049496999596 0.8891250758058423 -0.49666929324890496
v 0.02680617079539893 1.0317052162934097 0.2791374757150593
v -0.9471156262840726 0.9748036520145621 -0.39863184667959617
v 0.02351388324641368 0.16871379556928173 -0.13056268608509067
v -1.1411957984777508 -1.2007747891012297 -0.16177373428525546
v -0.3937391535392788 -0.024902466194189787 0.2640330244294459
v -1.0567778462663564 -0.7868878051993055 0.11133560464447806
v -1.0800721278118561 0.6290293844716663 -0.20056692784351338
v -1.421201317099516 1.0404400149367026 -1.2395523875319578
v -0.018545644131175376 -0.39038770230931863 0.11020796603943755
v -0.10455514537781713 0.6348908514990894 -0.6125554733433801
v -0.49150565435967364 1.4430148290085376 -0.07061152860222186
v -1.2980380029147687 1.0175603936723738 -0.5563587156598194
v -1.3025112151326799 -1.265229787799362 -0.12108038406416208
v -0.025337629288837205 -0.5942640188529529 -0.16843311366638594
v -0.5641536001628235 0.3025165405300901 0.2671283313620647
v 0.0005794374754098386 -1.3937372726185568 0.19589151721250198
v 0.33381122051181866 -0.7787152174865256 -0.125995588897476
v -0.2655455909682166 0.8675351890731773 -1.2493345660181507
v 0.23197485920119287 -1.1535543056395605 0.14584415511529064
v -0.7618463756820955 0.7614063925622772 0.3002646508041067
v -0.44516685845451376 1.181799610858574 0.35268740852762726
v -1.3871372966757194 1.040446748121378 -0.6067773219838998
v -0.396353946847432 1.4349159666709879 0.028609080370979423
v -0.3671761206214932 0.7446265970588382 -1.0736928304525954
v 0.9120063917883696 0.8915963543795034 -0.619180147852756
v -0.8249803714983643 -1.3978615380401571 0.13838418609040365
v -0.5254403856498352 1.4632200173319054 -0.9052103682758269
v -1.4047327665541611 0.702103638765678 -0.8501137170653105
v -0.6420463571719612 -0.36934640029960397 -0.2111784468718248
v -0.4592387149318262 0.8218398818292719 -1.1931308154128204
v -0.6589134043593106 0.4507183307879303 0.23700126595532067
v 0.21884361064124425 0.5530621184819471 -0.19338809425354775
v -0.3594800705576587 0.28065400976750987 0.3191418233440654
v -0.7683749874261312 0.6492118358093941 -0.5684716349718775
v -1.3428937999103248 -1.3149008707660297 -0.13737762800593387
v 0.2995340358527031 0.5938508721357567 -0.4726510644822453
v -0.45309807048757744 -0.43234159660863114 0.6170954948587862
v -1.2852669897248457 1.1012782944752848 -0.7210761088366366
v -0.2206613827304988 0.4285293104978076 -0.6030853589861074
v -1.1463734376751962 0.8126394944545475 -0.2084494291815065
v -0.05605517700982093 1.328908986857317 0.02860604344495371
v -0.4655511055347406 -0.4999505428833656 0.7734404026590908
v -0.04594021536649284 1.3329450215859584 -0.13636061742329117
v -0.3655820141748559 1.1013959553790054 -0.9624730070753127
v -0.6340292520797883 0.3458183504701909 -0.46036144402695345
v -0.7362894244092152 0.2937740296930739 -0.06839972738577232
v -0.33203393151923327 1.436282383584801 0.03231576846404133
v -0.4701636567138588 0.6994854488955224 0.43267698313954306
v 0.015703648759967048 -0.09390088604480146 -0.3194725316795172
v -0.2078768632116719 0.8618790142491384 -1.1986897486647066
v 0.2183087720045156 0.9011373170241921 -0.0203056481770702
v -1.1575539607580256 -0.666274769624441 -0.07339732881731065
v -0.8132213140076333 -0.8119650420387793 0.05175121591854548
v -0.011946104180617645 -0.6546109357484379 -0.037817702488686766
v -1.53220132297591 1.1388665077137285 -1.0152823734738194
v -1.3086751360165338 0.6804085984693722 -0.8415639111724926
v -0.9927618631969308 0.8836624850361672 -0.1367696234277169
v -0.23046258196390543 1.3302814976029582 -0.6686894745490011
v -1.012800580022625 -1.2637688066034443 -0.28365296821508423
v 0.36400343996968065 -1.396903008263286 -0.268310697649969
v -0.3926558300784822 0.6866244667720871 0.4412745406981601
v -0.3523707665898611 0.5051812234883406 -0.5883034412322923
v -0.7125958869902143 -0.06406069026882988 0.17415409981027125
v -0.4754251310534353 -0.15861694050248715 -0.3076657425027634
v -0.4715514919480642 0.29321327728624413 0.30441698781166804
v -0.4229113654480253 1.3910695080239042 0.13018164869267285
v -0.6736857518001893 1.3317073343720383 -0.10871797728313515
v -0.6544067659753396 -0.26964355944115925 0.15351838726320344
v 0.38310027017231596 0.9229270614610372 -0.33183755581126373
v -1.093506129924883 -1.3472157216978884 -0.42607766604159786
v 0.8358684385681385 1.2718439880068213 -0.818118922172966
v -0.056231898132831304 -1.3890451619694755 0.07147902744235562
v -0.7966542232046543 0.7766543386026064 -0.5631696816051421
v 0.014056236269667677 -0.2668059117060916 0.1654408793255822
v -0.6194774414117517 1.130578057277112 -0.746330066799121
v 0.8273906198099965 1.2883153956602134 -0.9679349984516934
v -0.008465886854013949 -0.36567923220442944 -0.35714853605583635
v -0.9653105294166193 -1.2951520205375808 -0.22035447889901383
v -0.1580674802321741 1.4360514773079633 -0.7638444587445863
v -0.0451625425263647 1.2322587161895897 0.20894370579689925
v 0.48464200969889293 -1.3666090917431148 -0.22605095293222316
v 0.1624674145850713 -0.25714407141366824 0.14332392608924122
v 0.91777647131815 1.1428440216770455 -0.9675811366303664
v 0.010549046244809124 0.9126844090661931 0.32689641415300097
v 0.6581407344184367 0.650317496660301 -0.6181186223281045
v -0.325657166076484 1.4580008401791478 -0.13154533145217903
v 0.8109697010517822 1.2462135311362523 -0.7383525216643885
v -1.0397826887521848 -0.1578105767033265 -0.24896100339613875
v -1.1225473943785464 -0.2623326595286273 -0.1568373109293144
v -0.558011896790421 1.30867474793894 -0.7797597492992931
v -1.4690365383240775 0.8330610837370249 -1.4362864534563706
v -1.1361606150866441 -0.5895866332991406 -0.1097129501723148
v -0.014741974203054953 1.3065894986267468 -0.02243543241104845
v -0.7412406527795317 -0.9090838184853048 -0.12566746102826182
v -0.6450459809549933 0.32463219508095953 -0.38034509651454773
v -0.6550572075988108 1.5936760298528068 -0.8709422144756825
v 0.6782548349408088 0.7233247188042052 -0.7675927846918431
v -0.7560641684279887 0.3992878287039874 -0.011089816435122912
v -0.06525814177571182 0.16510506832032612 0.21573123546440498
v 0.47896867224685324 1.0247971086748167 -0.6398834120241199
v 0.2130735111316875 -0.09879822895793777 -0.25510764177333306
v -0.3232185544373761 -0.2258494478084665 -0.20490541642858595
v -0.4383461223984899 0.7809944255697977 -0.6884977845922695
v 0.7950555293645585 0.7454798733731858 -0.5027902376335395
v -0.7355452976138055 0.3235482722268684 -0.15483493772998136
v -0.47574023210838123 0.44779069413957395 -0.6094129741787033
v -0.9253318558003966 -0.358427332571858 -0.38454001042579866
v -1.0228753023961121 -1.1221570459225552 0.10249339472280145
v -0.8198359786489902 0.7053621604924034 0.20335344425548452
v 0.6376459192551416 0.868513978343404 -0.3652703951161205
v -0.7008321742115623 0.6537798520667271 0.3347045307831402
v -1.3089519558197344 0.8374241874067272 -0.37229740238457615
v -1.0794772899063427 -0.8540339599113164 -0.2863884593529837
v 0.02976135955552811 1.2632576790623653 -0.0394019988650699
v -1.3489397002544812 0.9040560626720126 -1.0267491268345736
v -0.3390030973347647 0.19008826035188484 0.31204532641299454
v -1.048437588269314 -0.5925364474993954 -0.0218523625938849
v -0.4634983633188887 1.3886580688808157 -0.7188540180352974
v 0.026374028209803446 -1.392592591264175 -0.12285239044062235
v -0.7608520621255398 0.9854843210492882 0.25984967880877974
v -0.794268198337255 -1.118803020864231 -0.06807585520894949
v -0.7876542729476281 0.035713698169207886 -0.24169981316750166
v -1.1224258773779643 -0.5291292482194697 -0.3901888926314206
v -1.4674056091493783 0.8737566716930847 -1.3827018717302435
v -0.5971182733450822 1.5656917155549794 -0.8554028633953188
v 0.14965476354095353 -0.5191290703920483 -0.3795978528740064
v 0.6327656590509001 1.1511500343371925 -0.5687357875967864
v -0.8834058133095043 -0.17207507818550788 -0.3537269793529928
v -1.0071794097669877 -0.562209064853612 -0.3584960720808715
v -1.1770612355089938 0.8836936135279309 -0.7894829275055256
v -1.4492269495751142 0.9295598277798895 -1.2459367852493242
v -0.7689779770804503 -0.9649303706466353 -0.014112876495971871
v -0.18596266474710132 1.1420417137725112 -0.8961377116121716
v -0.07509034962222338 -0.8849210560155524 -0.10948326266184252
v -1.009149375768862 -0.0633477718842898 -0.08329572966331716
v -0.5477861472864831 1.4209825700447167 -0.09411274069277742
v -0.18741775190895552 0.6313317340351462 -0.6189202908797913
v -1.1062876724570136 -1.327003740250516 -0.42896470378413654
v 0.10784518316719255 0.4546655953696488 0.10443514928027875
v -0.6524139431091664 -0.426617250787225 0.03591328705838881
v 0.7552289218271637 1.2905553883412835 -0.7181244365171688
v -0.7797714519332113 0.39815701331448583 -0.1583534962476599
v -0.9874239462325224 -1.377542984465013 -0.2863639841267895
v -0.9529241269240337 -1.162581128695959 -0.17034551793220676
v 0.5605301757535078 0.8483639142233587 -0.7132463940681171
v 0.49022869486031684 0.8955867752784296 -0.622401746952537
v -1.469830254924723 0.9238468304715272 -1.3087234126716238
v -1.0363360774096289 -0.8981225334898458 0.12529031969225857
v -0.042139122829538966 1.4570617107652435 -0.8441297540282574
v -0.851642883723269 -0.6227070488391006 -0.06010704123654087
v -1.1323938478056919 -1.3985422490250028 0.02249357048554884
v -0.7707943385607074 -0.23355574749763786 0.18403451885744126
v -0.013278255777759207 -0.6983385347052117 -0.11078528475604463
v -1.0503855165777254 -1.1099296025316847 -0.1865343116472176
v -0.9156179681902297 0.8521872042919874 0.09478014207141333
v 0.22326185849404523 -1.291166714461435 -0.23393958806159718
v 0.0638316136695879 1.1614533653132217 -0.20211410179518724
v -0.21146656971341377 1.4068623425285338 -0.40344379602803526
v -0.014796838669282941 1.260015261035487 -0.7196150077620604
v 0.7279319917595286 1.4050568300669082 -1.0043680609328767
v -0.4361936810979775 -0.2559501399102504 0.348472255102797
v 0.9181704325508824 0.9322524822770051 -0.6756077718536015
v -0.46169063310207314 -0.19243447042378736 0.17882145551628792
v -1.496202700754618 0.8238719449764618 -1.1420604887595736
v -1.3971382537144237 1.1688388896909254 -1.408587610204962
v 0.1351561989772495 -1.269284763356111 0.22521479621125218
v -0.05007534978650047 -0.872003151508911 0.12720360306824474
v -0.4498217068204508 0.1063795302663805 -0.44276477536192266
v -0.23457777656698095 0.5108616337812559 0.34915796103176444
v -1.1369391670369375 0.9901405679995793 -0.642450833282227
v -0.5815115304786342 -0.10240475843148006 -0.3203855075660022
v -0.03605162459074046 1.326770391541909 -0.1158267018374147
v -1.5421414216154408 1.0129347357598815 -0.6715920965171982
v -1.2410912643612881 0.7060606334985449 -0.34838214938592055
v -0.8423882712351642 -1.1772379730489777 -0.08950306660147309
v 0.11978373896986538 1.580598167255626 -0.8599959342923641
v -1.5681750503957017 0.9252591009723737 -0.912091663034377
v -1.4968606547740475 1.1046296822031128 -0.9239063442228425
v -0.8379884447362825 -0.41574837225800965 -0.3602659805808008
v -1.090661089672516 -0.1912175222178586 -0.12447954343756587
v -0.9773723204806519 -0.6782152035261034 0.07158645870051578
v -0.960578359315685 0.7568604739377366 -0.5822836544560016
v -0.8522857929710055 -1.2397862417378107 -0.08769829339157734
v -1.3203702382427362 1.1057923453563316 -0.9717876388119787
v 0.30356923143073233 0.7064625866418713 -0.49990685619009756
v 0.2842240925659406 -0.4540458875414496 -0.003966406745126827
v 0.09528703451594145 0.9368391196860221 0.2256289969575639
v 0.051077383491912376 0.6082124953114321 0.2500141942789247
v -0.7034236711003339 0.20153980910273422 -0.19307908703042975
v -0.45549508423204343 -0.29912911418452093 0.30025649905530083
v 0.2604650015002924 -0.8094461916173074 -0.24989397903888527
v -1.405202571018431 1.2097660632362235 -1.0257021066276506
v -1.0096554435274523 -0.25415893296858794 0.08989366815668492
v 0.32100180619149143 -0.20358278610692293 -0.07770343018470094
v -0.3203150533590138 0.8858994407912113 -1.3055704241242925
v 0.6863750156998685 1.0080999894864728 -0.42334283423632235
v -0.34287567751198206 -0.2095419742211344 -0.0003568203657823288
v -1.3681846804997533 1.2472191732260751 -1.2274259818707725
v -0.891843912271994 -0.2804239075807694 0.15740757063467986
v -1.1180035136912072 -0.26780549992363933 -0.09785884888484436
v 0.11245773434631073 -0.6141882115998346 -0.33095307108604644
v -0.41324608863404655 -0.46906660358381425 0.6310657541726722
v 0.06923556379527945 -1.3706832279055137 -0.2518364728480926
v -1.3719051346588134 1.1704414675627923 -1.3165379028504618
v -0.30183056334609265 0.7260317387606134 -0.8544990382464639
v 0.2409611832506563 -0.29125608326058194 -0.343594235708593
v 0.021640799180715486 -1.381874120492339 0.3107171907509265
v -0.2523864506402948 0.1539232065924721 -0.4484198712780314
v -1.1149855684531387 0.9454765169189504 -0.6159502771255101
v -0.27978855425134713 1.2603026701202247 -0.8113020621935803
v 0.279045774056095 -0.9595764898408153 0.14996376524896937
v -0.8655833332106393 -1.3621675474709325 0.18871226404723018
v -0.9131504458145479 -1.1039514735893654 0.12770627426483244
v -1.5956027481004313 0.9079564147385442 -0.8363104886828395
v -0.9177733465178853 -0.08880768138278217 0.12736549919710322
v -0.7825247850115118 1.13909921217045 -0.23750975434193666
v 0.1303665070998148 -1.2091728086320903 -0.12378085065388322
v 0.2346562650841474 -1.3786620517459411 -0.46977457606169076
v -0.7760746138699565 -0.7736147601656423 -0.23877675188796044
v -0.13298564804410865 1.4438642891855764 -0.7240351936531805
v -1.3276259739923928 -1.4053363919985253 -0.3453826055219945
v -0.6904724403265157 0.5514899098703375 -0.6025954149071406
v 0.11557555848702844 0.5038138675250323 -0.27970000939706746
v -0.36013826433440616 -0.3731180626257954 0.2642356593225573
v -0.2163940421294895 0.4876486499462739 -0.6221796117975762
v -1.0326787393644852 -1.3662374079611634 -0.3498615319559806
v -0.4812791456242294 1.4227934370864403 0.022597745040141948
v -1.465134827632745 0.8247629630885895 -1.0131135887161422
v 0.6703719939466157 1.1350429978675585 -0.8494683702848429
v 0.021653726096101333 -1.0062392778014568 0.23197862986384643
v 0.493192694701876 0.9125648500837065 -0.3082980624689627
v -0.7683582243936602 0.12805413125134218 0.052591904973707526
v -0.588897514391197 1.1578259170136995 0.30655366506853365
v -1.1582434828243016 -0.5674527971516699 -0.37253654032932587
v -0.5442647916000967 -0.18305160775042495 -0.2905638530226087
v -0.7673007747434117 0.15047245943618387 -0.09772098842709742
v 0.32972273886990366 -0.7705699021686482 0.04720909345153712
v -1.5431703401448686 0.8186880121494238 -1.2069161618953368
v -0.11006249084681885 -0.026215217428364412 -0.3467595517780156
v 0.09307823026596473 0.4351243949582092 -0.1006286452989687
v 0.022642425335464678 0.0813437714428896 -0.24604781212618115
v -1.144967161107295 1.027842386247117 -0.7136453902045239
v -1.4192165860428192 0.8842938259933186 -1.1438463611009144
v -1.2780807036782509 0.6419894662864676 -0.4441987239202556
v -1.0092114729141777 0.8112200112543897 -0.6123954952730641
v 0.23061183884938197 -0.19908306072561588 0.08004585610473858
v -1.1371517918182916 -0.7334224228196883 0.037935060620688854
v -0.10397139624825302 0.2152207612531164 -0.3310494535278104
v -0.08795926371692314 1.4932197915826633 -0.8555290956231514
v -1.5575916429129046 1.0721271012914007 -1.0332778584572684
v 0.04172930560941046 -0.8290961819117083 -0.22357000414674344
v -1.4683073564014788 0.7388282661251079 -0.9120652897294168
v 0.02218722608780549 -0.9326683862033561 0.21694450739146043
v -1.145823833983645 -0.6992804013484942 -0.0027857817728479395
v 0.258572796788498 0.808645976690266 -0.03550718119662466
v -0.2777965105964569 0.09618129291466265 -0.4333939604937807
v 0.3316018368483238 -0.5550105112242555 -0.2286546374846507
v -0.6392032949174662 -0.4126507476713184 -0.12887761171611692
v 0.21827698418012786 -0.4567208599363758 0.053666776989050924
v -0.050475364891507835 -0.7835323615768509 -0.13399431259528272
v -0.11267246902883915 1.3870710952143837 -0.14168103210349864
v 0.29358120130741383 -0.9429109786588709 -0.11223597636707211
v -0.1817940042621518 0.2893489887162681 0.2946394446336196
v -0.7020809701812082 -0.3603879480383373 -0.316945389650804
v 0.16122083637061524 1.0501659303723136 0.010597491687683258
v 0.7461179039926569 0.9519910229407876 -0.8908631505189973
v -1.1394025136393342 0.9848054482038787 -0.4727961576190799
v 0.29308400456958317 -1.2900300250176464 -0.2929242038772246
v 0.009676609324812346 -0.9325036929057896 -0.17014218374691825
v -1.045325438385118 -1.4079463302209927 -0.29641894650133294
v -0.847524492355956 -0.01122822724870659 0.09837654179827765
v -1.2746118748242439 -1.3101037464117424 -0.24623038732370164
v -0.7681697951216295 1.1952693168321797 -0.1616443452527382
v -0.10762152159408572 0.8943165809681682 -0.5698253847073993
v -1.2219284409569227 1.0969525130280569 -0.7953785399709616
v -1.0065685880402864 -1.2072471377946834 0.10953446775390258
v -0.3933853716370578 1.3383959641459433 0.22736525951389241
v -0.40465936011428444 -0.40772970874327086 0.7684300940897079
v -0.07574778416746436 1.1448389823793026 0.29900612468331267
v -0.6814521506570277 -0.09762915229646729 -0.32149963984213875
v -1.2873640870444945 0.8823966862767325 -0.4379223968138968
v -0.9613510172319154 -1.1267645821777754 0.12372953951279841
v -1.0964124881112827 0.8623790680950065 -0.7674451141638419
v -1.4685606600077563 1.1148420852163587 -0.7798853621540547
v -0.44674388219225625 -0.40271350613982493 0.4471841390071356
v 0.21834521511682436 -0.35932394502140175 -0.3821541254168348
v -0.48653398667801295 0.3426578295471247 -0.4891001347455271
v -0.017569891786974323 -0.05605107759283878 -0.32395597354298894
v 0.2803444795074006 -0.3263108808204961 -0.3257763109987666
v -0.6076110126021899 0.8799280450335675 -0.5964122335187552
v 0.059861192526923124 -1.2444626083230221 0.25890703295421447
v -1.5546094215151913 0.9527083568559308 -0.6499177352895542
v 0.6293929529015625 1.3081262231553188 -0.8395951439572076
v -1.2026039212214634 -1.3796387031800843 -0.016601097920092178
v 0.35470541142727374 0.546851025345812 -0.3661517829759826
v 0.3311317926267363 0.8935104569263254 -0.4333499450461841
v -0.06799337317651699 -1.3978070132301292 0.1583775887830297
v 0.22820463541890856 0.7006902493973481 -0.0248626555775599
v 0.2942241704944797 -0.74536035924929 0.09593235580153042
v 0.17025111592834585 0.8547335069263498 -0.45270956924892747
v -0.9591914631309744 -1.4001740173503148 -0.08628866022122669
v 0.2662965987618702 -0.7026774029060378 0.08261907149802633
v -0.6590054711693537 -0.3050590119464054 -0.3018411781225083
v -0.5460134016582929 1.2982566131672275 -0.5048845577642568
v -0.4072238443452482 1.0217881543361662 -1.0177414244242713
v -0.6800624972631621 1.547801963548689 -0.9628159799184554
v -0.504706132845143 1.3214802262432999 -0.832101009514531
v -0.5890326775791185 1.366823150169338 -0.9485877217508178
v 0.5568723781735049 0.7963634690354029 -0.7157821673602719
v 0.7059541577068531 1.3725953875149788 -0.9397683087541107
v -1.192899024510715 -1.3985419093688027 -0.5317822319583907
v -0.9738660495255117 -1.3776161104469482 -0.32501586072596855
v -1.3792746951951056 -1.3977626980858853 -0.4536364710396225
v -1.0579716379113389 -0.7966279462357736 -0.3173370731890172
v -0.43413666320995786 -0.11600277452967273 -0.38487479156058235
v -1.3409815355029393 -1.3220503740441152 -0.24211299494521277
v -1.4510634107105154 -1.385809876722802 -0.292107750290939
v -1.2393854310045465 -1.353920774848064 -0.03549681169262886
v -0.8606360008967373 -1.4090832794018748 0.004301704279027929
v -1.0819705861936904 -0.8065392340376131 0.10173813919188951
v -1.0585001029993688 -1.1220348496095722 0.07561454147811641
v -0.5656224533906759 -0.13590273180767815 0.22367003981253286
v -1.279795527934411 0.6592240214824832 -0.655924055696494
v -0.7868979185290095 1.5635690840809828 -0.8889267705213945
v -0.6381788718377475 0.9394534734390926 -0.5919210594817838
v -0.9074383475961272 0.9986069383457953 -0.35349737176162643
v -1.3168580133142034 1.1240032323100664 -0.9364366810252263
v -1.2584115927377542 1.0229716563962588 -0.8772611184857312
v -1.4091041618311047 1.2665644919088552 -1.1059938154195734
v -1.351710415738324 1.1258116418392823 -1.3718750506305288
v -1.486649870122697 1.0564925865356383 -1.3651343935186575
v -1.5452486764543978 0.9649976576347989 -1.282307331009886
v -1.515751833137322 0.9948483827529782 -1.3614290640503963
v -0.5691996125927851 0.3342828267187748 -0.5004946612142881
v -1.5865721288865007 0.8600725427582413 -1.1390769087370591
v -1.3007391288371137 0.7387566586061854 -0.9410041578285943
v -1.0233313407943836 0.661241139756862 -0.5790080700001579
v -1.0858317978780878 0.7816371949590988 -0.66044186277552
v -0.5645397493029503 0.9984730938231219 -0.8818602832146043
v -0.4788944194423017 0.6434401179379421 -0.610621391020073
v -0.5299935769130163 1.2585362381014036 -0.7764920368753845
v -0.7196212559169981 1.4957791210312936 -0.8721160862835095
v -0.5121852624756792 1.4735807502057758 -0.7824801557059464
v -0.4410040920036273 1.288260671052421 -0.8180981432054215
v -0.4990884390706143 1.2534490073925535 -0.8566813493128215
v -0.13765236439727785 0.9696093696633048 -0.7008714799470105
v -0.15277218013100835 1.2204979204583044 -0.8567276624347139
v -0.12748371709453432 1.267498546459532 -0.7770664354695536
v -0.1009145104258149 0.9946947582515846 -0.5674165828948072
v -0.03783120330248857 1.4648879690324312 -0.9165249956184243
v -0.12389273188709743 1.332657073047256 -0.8063641403544028
v -0.20958241685154286 1.0729323662028545 -0.9124414290015246
v -0.18476599601430496 0.965927975967273 -0.9448408343474679
v -0.17041542165502585 0.8914193335598456 -0.887872657493819
v -0.3217771534224142 0.7464058560941624 -1.0489666183061876
v 0.03921876677495634 1.0073536449358733 -0.5583075430581725
v 0.07356194463580207 1.1317021394819382 -0.36243314697658263
v 0.01898698536908694 0.7807522107394693 -0.5264171025384097
v 0.03593804751655599 0.9728388807545739 -0.583668892319264
v 0.6512612178599939 0.9501929629357909 -0.8272856636040895
v 0.7584468046885184 1.2062364359223723 -1.087881668521228
v 0.7811399946584652 1.3067888568365147 -1.0538222834055762
v 0.7736485974451672 1.1512705523489504 -1.1583606497487122
v 0.8470738364726917 1.2092922028773274 -1.1003471709489179
v 0.7345555873609744 1.4068251801442715 -1.0744065879877478
v 0.7415836135980307 1.290734507037472 -1.0316882075007872
v 0.6590391450478641 1.441036651318528 -0.8970977398722789
v 0.03753217394296965 1.0459970501098228 -0.3967459156176181
v 0.01824887248639928 0.8944437122859428 -0.5854454740645394
v 0.07494534435962785 1.0450286902829211 -0.36189555113069904
v -0.3199710615472704 1.381244812573351 -0.5142969905068171
v 0.4242246041519686 0.8377553122424141 -0.5581092237967817
v -0.2841651242904002 -0.14330330095707505 -0.3204565556511831
v 0.10535804065100246 -1.1417728707991661 0.250966850001509
v 0.056714357750749234 -1.3016037700814787 0.2849126900473963
v -0.05887004779969557 -0.9236695548138131 0.13461723899146283
v -0.361610514124261 -0.48099578887131555 0.6250226509972235
v -0.4580230853911455 -0.41239388766482643 0.7411894870119843
v -0.03388335930725195 -0.5792190473619354 -0.07292017179529436
v 0.34899499151007785 -1.3612088978154024 -0.19104190906045976
v 0.06997221815428373 -0.8916058696521484 -0.20337382670257048
v 0.4047697163749445 -1.3854090224671824 -0.20867817764248398
v -0.2485614822704413 -0.26169468528568285 -0.19999127052342575
f 1 57 1357
f 1800 57 1
f 1 84 813
f 1357 84 1
f 813 453 1
f 1 453 1800
f 484 167 2
f 2 167 687
f 2439 484 2
f 2 687 2439
f 498 24 3
f 3 24 1743
f 1508 75 3
f 3 75 1624
f 1624 498 3
f 2455 1508 3
f 3 1743 1981
f 3 1981 2455
f 674 389 4
f 4 389 982
f 4 640 674
f 2274 640 4
f 4 982 2274
f 2057 368 5
f 5 368 2632
f 5 546 2421
f 2632 546 5
f 2421 2057 5
f 6 73 1489
f 2619 73 6
f 6 1489 2619
f 7 254 1466
f 2108 254 7
f 7 1466 1919
f 1919 1905 7
f 7 1905 2172
f 2172 2108 7
f 366 238 8
f 8 238 1494
f 2606 366 8
f 8 1494 2041
f 8 2041 2256
f 8 2256 2606
f 9 444 1868
f 2709 444 9
f 2708 1722 9
f 9 1722 2709
f 9 1868 1891
f 9 1891 2708
f 10 1554 2564
f 2638 1554 10
f 2564 1607 10
f 10 1607 2600
f 10 1733 2638
f 2693 1733 10
f 10 2600 2693
f 279 121 11
f 11 121 2639
f 2157 279 11
f 11 1239 1361
f 2322 1239 11
f 11 1361 2157
f 2639 2322 11
f 12 113 634
f 723 113 12
f 12 517 1392
f 2327 517 12
f 12 634 2327
f 1842 723 12
f 12 1392 1842
f 13 611 1444
f 2344 611 13
f 1444 1180 13
f 13 1180 2330
f 13 2330 2397
f 2397 2344 13
f 861 567 14
f 14 567 1350
f 1131 783 14
f 14 783 2654
f 2654 861 14
f 1350 1131 14
f 727 61 15
f 15 61 2296
f 2296 303 15
f 15 303 2508
f 2615 727 15
f 15 2508 2615
f 16 260 407
f 410 260 16
f 16 370 410
f 827 370 16
f 16 407 1586
f 16 653 757
f 1586 653 16
f 16 757 827
f 17 76 2208
f 2629 76 17
f 2020 1366 17
f 17 1366 2186
f 2208 2020 17
f 17 2186 2629
f 18 286 1888
f 2463 286 18
f 1465 1208 18
f 18 1208 2463
f 1888 1465 18
f 420 235 19
f 19 235 1214
f 2472 420 19
f 19 1214 2536
f 19 2061 2321
f 2536 2061 19
f 19 2321 2472
f 1085 28 20
f 20 28 1421
f 1339 1085 20
f 2099 1339 20
f 20 1421 2099
f 21 145 1669
f 2457 145 21
f 750 441 21
f 21 441 2457
f 21 632 750
f 1669 632 21
f 1372 43 22
f 22 43 1832
f 1832 904 22
f 22 904 2042
f 22 908 1974
f 2000 908 22
f 1974 1372 22
f 2042 2000 22
f 23 259 1299
f 2401 259 23
f 23 273 1861
f 2453 273 23
f 23 1299 2453
f 23 1861 1878
f 23 1878 2460
f 2460 2401 23
f 24 498 1198
f 24 1198 1446
f 24 1446 2130
f 2130 1743 24
f 359 162 25
f 25 162 2194
f 1911 359 25
f 1646 1334 25
f 25 1334 1911
f 1937 1646 25
f 2194 1937 25
f 26 1827 2008
f 2077 1827 26
f 26 2008 2077
f 27 243 1192
f 2122 243 27
f 1192 730 27
f 27 730 2495
f 2495 2122 27
f 1085 123 28
f 28 123 1385
f 28 1385 1632
f 1632 1421 28
f 1060 881 29
f 29 881 1281
f 2422 1060 29
f 29 1281 2201
f 29 2201 2422
f 1043 281 30
f 30 281 1930
f 30 714 1043
f 2694 714 30
f 30 885 1402
f 2146 885 30
f 1930 930 30
f 30 930 2146
f 30 1402 2694
f 718 105 31
f 31 105 2681
f 31 674 718
f 1883 674 31
f 31 1191 1883
f 2681 1191 31
f 1003 624 32
f 32 624 1499
f 32 650 1003
f 1679 650 32
f 32 1499 1679
f 282 122 33
f 33 122 1191
f 1088 282 33
f 33 974 1173
f 1191 974 33
f 1173 1088 33
f 246 213 34
f 34 213 526
f 1290 246 34
f 34 526 2719
f 2719 1290 34
f 35 402 698
f 1003 402 35
f 35 698 1424
f 35 977 1003
f 1424 977 35
f 36 645 1592
f 2024 645 36
f 36 1592 2046
f 2046 1944 36
f 36 1944 2094
f 2094 2024 36
f 1834 704 37
f 37 704 2079
f 1249 719 37
f 37 719 2651
f 2079 1249 37
f 2651 1834 37
f 2138 469 38
f 38 469 2438
f 38 1001 2138
f 2719 1001 38
f 1727 1040 38
f 38 1040 2719
f 2438 1727 38
f 39 169 237
f 1728 169 39
f 39 237 2516
f 39 906 2087
f 2516 906 39
f 2087 1728 39
f 40 69 1318
f 1849 69 40
f 40 1318 1762
f 40 1762 1877
f 1987 1849 40
f 40 1877 1987
f 734 424 41
f 41 424 2258
f 1738 734 41
f 41 1134 1222
f 2258 1134 41
f 41 1222 1738
f 42 82 906
f 1414 82 42
f 42 906 2075
f 42 1353 1665
f 2075 1353 42
f 1665 1414 42
f 43 463 851
f 1372 463 43
f 43 851 1031
f 43 1031 1832
f 924 120 44
f 44 120 2268
f 44 133 924
f 2270 133 44
f 44 1338 2011
f 2268 1338 44
f 44 2011 2270
f 45 386 570
f 2414 386 45
f 45 570 2012
f 45 1146 1747
f 2012 1146 45
f 45 1747 2433
f 2433 2414 45
f 995 708 46
f 46 708 1202
f 1055 995 46
f 1363 1055 46
f 46 1202 1363
f 740 589 47
f 47 589 2541
f 47 670 740
f 2339 670 47
f 47 918 2339
f 2541 918 47
f 164 131 48
f 48 131 2552
f 1581 164 48
f 48 1014 2341
f 2552 1014 48
f 2341 1581 48
f 1521 494 49
f 49 494 2383
f 1643 1521 49
f 2411 1643 49
f 2383 2132 49
f 49 2132 2411
f 50 534 685
f 50 534 2539
f 2683 534 50
f 685 591 50
f 50 591 2683
f 51 313 548
f 2607 313 51
f 51 548 1505
f 910 729 51
f 51 729 2607
f 1505 910 51
f 52 732 2113
f 53 299 1021
f 2571 299 53
f 982 389 53
f 53 389 1883
f 1021 982 53
f 1883 1091 53
f 53 1091 2571
f 54 126 700
f 2008 126 54
f 700 419 54
f 54 419 703
f 54 703 1419
f 54 1419 2524
f 2524 2008 54
f 55 189 196
f 543 189 55
f 55 196 1373
f 2466 543 55
f 55 1373 2466
f 56 81 422
f 1896 81 56
f 814 262 56
f 56 262 1680
f 56 422 2440
f 2440 814 56
f 56 1680 1896
f 1352 1171 57
f 57 1171 1799
f 1800 1352 57
f 1799 1357 57
f 58 68 1660
f 2430 68 58
f 58 514 1134
f 1781 514 58
f 1660 938 58
f 58 938 1781
f 58 1134 2430
f 2425 172 59
f 59 172 2666
f 725 295 59
f 59 295 2493
f 2666 725 59
f 2493 2425 59
f 304 186 60
f 60 186 1382
f 1924 304 60
f 1382 1296 60
f 60 1296 1924
f 727 684 61
f 61 684 1175
f 61 1175 1430
f 61 1430 1516
f 61 1516 2296
f 62 883 2020
f 2492 883 62
f 2020 1378 62
f 62 1378 2365
f 2365 2289 62
f 62 2289 2492
f 2044 556 63
f 63 556 2558
f 1723 1274 63
f 63 1274 2044
f 1855 1723 63
f 2558 1855 63
f 64 121 279
f 662 121 64
f 64 279 848
f 2377 662 64
f 64 848 1148
f 64 1148 2377
f 1374 128 65
f 65 128 2732
f 1510 1374 65
f 2557 1510 65
f 2732 2557 65
f 388 106 66
f 66 106 1910
f 676 388 66
f 2267 676 66
f 66 1910 2240
f 66 2240 2267
f 67 381 941
f 2384 381 67
f 67 941 1017
f 67 1017 1462
f 67 1462 2384
f 68 803 1174
f 1910 803 68
f 68 1174 1660
f 68 1481 2240
f 2430 1481 68
f 2240 1910 68
f 69 902 1520
f 2055 902 69
f 1520 1318 69
f 1849 1550 69
f 69 1550 2055
f 1101 127 70
f 70 127 1705
f 1765 1101 70
f 70 1705 1947
f 1947 1765 70
f 71 497 1996
f 2726 497 71
f 71 776 1161
f 1996 776 71
f 1161 1057 71
f 71 1057 1965
f 1965 1223 71
f 71 1223 2726
f 1849 819 72
f 72 819 2140
f 72 1025 1642
f 2140 1025 72
f 1642 1550 72
f 72 1550 1849
f 73 152 2229
f 2613 152 73
f 2229 1489 73
f 73 2384 2613
f 2619 2384 73
f 1198 741 74
f 74 741 2273
f 74 795 1198
f 1392 795 74
f 2273 1392 74
f 75 1132 1624
f 1953 1132 75
f 1508 1157 75
f 75 1157 2355
f 2355 1953 75
f 2629 466 76
f 76 466 2713
f 76 1378 2208
f 2713 1378 76
f 1033 149 77
f 77 149 1874
f 1874 882 77
f 77 882 2009
f 2009 1033 77
f 78 707 773
f 849 707 78
f 78 773 1484
f 2088 849 78
f 1484 1473 78
f 78 1473 2088
f 1742 872 79
f 79 872 2195
f 79 1591 1742
f 2490 1591 79
f 2195 1857 79
f 79 1857 2490
f 1359 988 80
f 80 988 2219
f 80 1337 1359
f 2644 1337 80
f 80 2219 2641
f 2641 2561 80
f 80 2561 2644
f 1188 422 81
f 81 1124 1188
f 1628 1124 81
f 1896 1628 81
f 2087 906 82
f 82 1414 2087
f 1502 1052 83
f 83 1052 2098
f 83 1389 1631
f 2098 1389 83
f 1631 1502 83
f 84 188 631
f 1106 188 84
f 84 631 813
f 1357 1106 84
f 85 433 1513
f 1833 433 85
f 85 1513 2090
f 2090 1833 85
f 823 704 86
f 86 704 1834
f 86 772 1594
f 1834 772 86
f 2655 823 86
f 86 1594 2655
f 87 1468 1719
f 2551 1468 87
f 87 1719 1750
f 87 1750 2551
f 88 369 1347
f 2179 369 88
f 1347 866 88
f 88 866 1398
f 1398 1009 88
f 88 1009 2653
f 2653 2179 88
f 1036 91 89
f 89 91 1448
f 89 216 1261
f 1448 216 89
f 89 417 1036
f 1261 417 89
f 1464 1080 90
f 90 1080 2044
f 1532 1464 90
f 2573 1532 90
f 2044 1890 90
f 90 1890 2573
f 1036 408 91
f 91 408 2154
f 2083 1448 91
f 91 1893 2083
f 2154 1893 91
f 1487 198 92
f 92 198 2004
f 545 486 92
f 92 486 907
f 2004 545 92
f 92 907 1487
f 93 495 1472
f 1676 495 93
f 93 1138 1245
f 1667 1138 93
f 93 1245 1676
f 93 1472 1667
f 94 217 878
f 888 217 94
f 94 878 1980
f 946 888 94
f 992 946 94
f 2165 992 94
f 94 1980 2165
f 2183 272 95
f 95 272 2215
f 95 1544 1698
f 2215 1544 95
f 95 1698 2307
f 2307 2183 95
f 96 199 512
f 972 199 96
f 96 512 2118
f 2588 972 96
f 96 2118 2588
f 97 122 282
f 2628 122 97
f 97 282 802
f 97 802 881
f 97 881 2628
f 1150 926 98
f 98 926 2715
f 2584 1150 98
f 1547 1483 98
f 98 1483 1998
f 2715 1547 98
f 98 1998 2584
f 1713 177 99
f 99 177 2560
f 1696 372 99
f 99 372 1746
f 2560 1696 99
f 1746 1713 99
f 1706 536 100
f 100 536 2084
f 2317 1706 100
f 100 2084 2514
f 2514 2317 100
f 101 371 1298
f 1993 371 101
f 1593 1114 101
f 101 1114 2305
f 1298 1182 101
f 101 1182 1593
f 2305 1993 101
f 102 591 1709
f 2019 591 102
f 1709 598 102
f 102 598 2485
f 2485 2019 102
f 103 155 588
f 1277 155 103
f 103 588 2019
f 2134 1277 103
f 103 2019 2485
f 2485 2134 103
f 1491 660 104
f 104 660 2487
f 2265 1491 104
f 104 2253 2265
f 2449 2253 104
f 2487 2449 104
f 105 718 2081
f 1028 841 105
f 105 841 2681
f 2357 1028 105
f 2081 1068 105
f 105 1068 2357
f 106 388 2254
f 106 803 1910
f 2680 803 106
f 106 2254 2645
f 106 2645 2680
f 107 859 1115
f 1672 859 107
f 1115 936 107
f 107 936 2394
f 107 1232 1672
f 2394 1232 107
f 1431 338 108
f 108 338 1886
f 873 767 108
f 108 767 1979
f 1886 873 108
f 1979 1431 108
f 109 117 813
f 1757 117 109
f 631 188 109
f 109 188 1640
f 813 631 109
f 109 1640 2115
f 2572 1757 109
f 109 2115 2572
f 1526 1370 110
f 110 1370 2321
f 2061 1396 110
f 110 1396 2505
f 2505 1526 110
f 2321 2061 110
f 779 370 111
f 111 370 1105
f 111 758 779
f 2494 758 111
f 111 1105 1409
f 111 1409 1531
f 111 1531 2494
f 766 730 112
f 112 730 1094
f 1674 766 112
f 112 1094 1674
f 1211 634 113
f 113 723 1204
f 113 1204 1211
f 506 191 114
f 114 191 507
f 2695 506 114
f 114 507 602
f 114 602 2263
f 2263 2244 114
f 114 2244 2695
f 2210 178 115
f 115 178 2311
f 2237 218 115
f 115 218 2399
f 2399 2210 115
f 2311 2237 115
f 116 326 379
f 1986 326 116
f 116 379 2523
f 116 892 1507
f 2523 892 116
f 116 1507 2074
f 2074 1986 116
f 1859 813 117
f 1757 1605 117
f 117 1605 1859
f 118 475 1237
f 1956 475 118
f 753 521 118
f 118 521 1956
f 1237 738 118
f 118 738 1629
f 1629 753 118
f 119 243 583
f 1736 243 119
f 119 583 2507
f 2554 1736 119
f 119 2507 2554
f 120 924 1701
f 1701 975 120
f 120 975 2268
f 1829 274 121
f 121 274 2639
f 121 662 1829
f 2169 1191 122
f 2571 2169 122
f 2628 2571 122
f 123 875 897
f 1085 875 123
f 123 897 2578
f 2578 1385 123
f 864 253 124
f 124 253 2105
f 2085 864 124
f 124 1477 2085
f 2105 1477 124
f 1492 183 125
f 125 183 2039
f 2039 219 125
f 125 219 2168
f 2022 1492 125
f 2168 2022 125
f 126 419 700
f 2032 419 126
f 599 590 126
f 126 590 2416
f 2008 599 126
f 2416 2032 126
f 2160 285 127
f 127 285 2284
f 127 1101 2160
f 2284 1705 127
f 128 209 1023
f 1374 209 128
f 1351 405 128
f 128 405 2557
f 128 1023 1351
f 128 2557 2732
f 1119 202 129
f 129 202 2060
f 129 608 1119
f 2060 608 129
f 798 391 130
f 130 391 1006
f 130 500 978
f 1006 500 130
f 978 798 130
f 1669 145 131
f 131 145 2552
f 131 164 2073
f 2073 1669 131
f 132 203 292
f 1286 203 132
f 132 292 728
f 728 293 132
f 132 293 790
f 132 790 1286
f 2289 924 133
f 133 2270 2289
f 134 469 2138
f 2426 469 134
f 134 1377 2426
f 2431 1377 134
f 134 2138 2431
f 135 151 2197
f 2415 151 135
f 135 316 1139
f 2623 316 135
f 135 1139 2735
f 2197 1919 135
f 135 1919 2623
f 2735 2415 135
f 1768 1162 136
f 136 1162 2583
f 136 1425 2519
f 2583 1425 136
f 2519 1768 136
f 137 234 377
f 1434 234 137
f 137 377 1129
f 1129 1070 137
f 137 1070 1922
f 1543 1434 137
f 1870 1543 137
f 1922 1870 137
f 138 604 1552
f 1710 604 138
f 138 937 1555
f 1767 937 138
f 138 1552 2386
f 138 1555 1710
f 2386 1767 138
f 139 149 431
f 1874 149 139
f 139 431 1333
f 139 1333 1644
f 139 1644 1874
f 140 385 2241
f 2272 385 140
f 815 574 140
f 140 574 1175
f 2241 815 140
f 140 1175 2272
f 141 325 956
f 2478 325 141
f 956 455 141
f 141 455 1587
f 1587 1231 141
f 141 1231 2589
f 2589 2478 141
f 563 366 142
f 142 366 826
f 2191 563 142
f 142 826 2508
f 2369 2191 142
f 2508 2369 142
f 1953 899 143
f 143 899 2424
f 143 1480 1953
f 2586 1480 143
f 2305 2216 143
f 143 2216 2586
f 2424 2305 143
f 144 531 1011
f 1601 531 144
f 1011 712 144
f 144 712 1672
f 2153 1601 144
f 144 1672 2153
f 145 2302 2337
f 2457 2302 145
f 145 2337 2552
f 146 190 395
f 2619 190 146
f 358 227 146
f 146 227 1567
f 395 358 146
f 146 1567 2658
f 2658 2619 146
f 1327 160 147
f 147 160 1967
f 1344 1327 147
f 2591 1344 147
f 1967 1657 147
f 147 1657 2591
f 908 481 148
f 148 481 2533
f 2547 908 148
f 2533 1329 148
f 148 1329 2547
f 149 303 431
f 691 303 149
f 1033 691 149
f 150 1222 1452
f 2247 1222 150
f 150 1452 2111
f 150 2111 2247
f 2095 957 151
f 151 957 2197
f 2415 2095 151
f 766 287 152
f 152 287 801
f 2613 766 152
f 152 801 1626
f 152 1626 2229
f 153 936 1316
f 1992 936 153
f 1316 1058 153
f 153 1058 1952
f 153 1952 2642
f 2351 1992 153
f 2642 2351 153
f 1852 228 154
f 154 228 2727
f 154 312 1089
f 2727 312 154
f 154 1089 1852
f 2470 588 155
f 155 1277 1416
f 155 1416 2470
f 2124 214 156
f 156 214 2630
f 156 1123 2124
f 2393 1123 156
f 2630 2393 156
f 1914 310 157
f 157 310 2284
f 157 382 950
f 1266 382 157
f 157 950 1914
f 2284 1266 157
f 1888 286 158
f 158 286 2568
f 2286 1888 158
f 2568 2286 158
f 1557 1125 159
f 159 1125 2515
f 159 1557 2054
f 2721 1557 159
f 2515 1639 159
f 2720 1639 159
f 159 1639 2721
f 159 2054 2720
f 2195 1048 160
f 160 1048 2626
f 160 1327 1857
f 160 1857 2195
f 2626 1967 160
f 161 374 1497
f 1773 374 161
f 161 505 1143
f 1497 505 161
f 1143 1084 161
f 161 1084 2497
f 2497 1773 161
f 1551 337 162
f 162 337 2194
f 162 359 983
f 162 983 1514
f 162 1514 2062
f 2062 1551 162
f 1326 376 163
f 163 376 1387
f 1441 1326 163
f 163 1387 1441
f 1581 171 164
f 164 171 1867
f 1867 465 164
f 164 465 2073
f 165 482 810
f 2133 482 165
f 810 643 165
f 165 643 2129
f 2129 1804 165
f 165 1804 2133
f 1454 372 166
f 166 372 1696
f 166 762 1427
f 1696 762 166
f 166 1427 1454
f 167 484 720
f 167 668 687
f 1796 668 167
f 167 720 817
f 167 817 1796
f 168 525 1295
f 2454 525 168
f 1436 1279 168
f 168 1279 1775
f 168 1295 1436
f 168 1775 2006
f 168 2006 2454
f 302 237 169
f 2518 302 169
f 1728 610 169
f 169 610 2518
f 170 991 1401
f 2583 991 170
f 170 1401 2200
f 2200 1422 170
f 170 1422 2690
f 170 1425 2583
f 2690 1425 170
f 952 302 171
f 171 302 2518
f 1581 952 171
f 1936 1867 171
f 2518 1936 171
f 1467 725 172
f 172 725 2666
f 1741 1467 172
f 2425 1741 172
f 1135 916 173
f 173 916 1882
f 1390 1135 173
f 2479 1390 173
f 173 1882 2502
f 2502 2479 173
f 174 282 1088
f 2294 282 174
f 1088 969 174
f 174 969 2294
f 175 397 1524
f 2392 397 175
f 1574 1230 175
f 175 1230 1825
f 175 1524 1574
f 175 1825 2392
f 176 686 1102
f 1697 686 176
f 176 1102 1399
f 176 1399 2070
f 2043 1697 176
f 2070 2043 176
f 177 180 596
f 917 180 177
f 177 596 922
f 1713 917 177
f 177 922 1368
f 177 1368 2560
f 178 564 2311
f 2488 564 178
f 178 2210 2301
f 178 2301 2488
f 1039 708 179
f 179 708 2356
f 179 977 1424
f 2542 977 179
f 1424 1039 179
f 179 2356 2542
f 1622 596 180
f 180 917 1380
f 180 1380 1622
f 2250 656 181
f 181 656 2297
f 181 915 1837
f 2047 915 181
f 1618 969 181
f 181 969 2047
f 2297 1618 181
f 181 1837 2250
f 182 479 944
f 2325 479 182
f 182 535 649
f 2001 535 182
f 182 649 1297
f 182 944 2001
f 182 1297 2325
f 183 239 2039
f 2454 239 183
f 1492 1118 183
f 183 1118 2454
f 2235 732 184
f 184 732 2443
f 184 1054 1215
f 2443 1054 184
f 184 1215 2490
f 2490 2235 184
f 185 988 1359
f 1650 988 185
f 1359 1081 185
f 185 1081 1818
f 2612 1650 185
f 185 1818 2612
f 186 200 1852
f 2540 200 186
f 186 304 2540
f 1680 1382 186
f 1852 1680 186
f 187 504 1912
f 2608 504 187
f 1912 1169 187
f 187 1169 2522
f 2522 1220 187
f 187 1220 2608
f 1106 838 188
f 188 838 2220
f 2220 1640 188
f 626 196 189
f 189 543 1324
f 2100 626 189
f 189 1324 2100
f 190 248 2078
f 2619 248 190
f 190 358 395
f 943 358 190
f 2078 943 190
f 191 506 788
f 1662 507 191
f 191 788 2461
f 2461 1662 191
f 192 1411 2007
f 2627 1411 192
f 2007 1819 192
f 192 1819 2627
f 193 196 626
f 2091 196 193
f 193 626 958
f 193 958 2032
f 193 2032 2091
f 1887 292 194
f 194 292 2441
f 194 365 1887
f 2026 365 194
f 2441 2026 194
f 195 383 834
f 1399 383 195
f 195 834 1690
f 2282 1399 195
f 195 1690 2711
f 2711 2282 195
f 2091 1373 196
f 1907 627 197
f 197 627 2475
f 197 799 1907
f 2250 799 197
f 2475 2250 197
f 1095 654 198
f 198 654 2004
f 198 791 1406
f 1487 791 198
f 1406 1095 198
f 1015 512 199
f 199 527 722
f 972 527 199
f 199 722 970
f 199 970 1109
f 1109 1015 199
f 200 228 1852
f 2540 228 200
f 2390 212 201
f 201 212 2673
f 2064 236 201
f 201 236 2368
f 2673 2064 201
f 201 2368 2390
f 202 558 2060
f 2659 558 202
f 202 1119 1158
f 202 1158 1263
f 202 1263 1452
f 202 1452 2218
f 202 2218 2659
f 1209 292 203
f 203 635 837
f 1286 635 203
f 203 837 1209
f 204 413 633
f 2276 413 204
f 204 633 1286
f 1286 790 204
f 204 790 2513
f 204 903 1970
f 2513 903 204
f 204 1970 2276
f 1451 438 205
f 205 438 2420
f 205 843 1451
f 2388 843 205
f 205 1185 1287
f 2420 1185 205
f 205 1287 2388
f 206 269 297
f 1613 269 206
f 206 297 425
f 206 425 2085
f 2085 1613 206
f 1163 568 207
f 207 568 1262
f 207 1151 1163
f 1457 1151 207
f 207 1262 1573
f 1573 1457 207
f 1705 1243 208
f 208 1243 2521
f 1726 1705 208
f 2562 1726 208
f 208 2521 2730
f 2730 2562 208
f 209 324 879
f 1442 324 209
f 865 428 209
f 209 428 1442
f 1374 865 209
f 209 879 1023
f 210 1527 1971
f 210 1527 2290
f 2358 1527 210
f 2066 1971 210
f 210 1971 2358
f 2290 2066 210
f 211 260 410
f 2077 260 211
f 211 410 1410
f 211 584 1827
f 2335 584 211
f 211 1410 2329
f 211 1827 2077
f 211 2329 2335
f 212 618 1791
f 2390 618 212
f 1791 927 212
f 212 927 2037
f 2037 1498 212
f 212 1498 2649
f 212 2649 2673
f 213 246 1290
f 2717 526 213
f 213 1290 2717
f 1709 685 214
f 214 685 2630
f 2597 1709 214
f 214 2124 2597
f 1364 231 215
f 215 231 1656
f 215 1153 1364
f 2279 1153 215
f 215 1656 2279
f 1689 1261 216
f 216 1448 1860
f 216 1621 1689
f 1860 1621 216
f 217 330 878
f 888 330 217
f 2237 680 218
f 218 680 2660
f 218 2164 2399
f 2660 2164 218
f 219 653 1570
f 2618 653 219
f 219 1570 2347
f 219 2039 2618
f 2471 2168 219
f 219 2347 2471
f 1975 467 220
f 220 467 2037
f 220 856 1975
f 2037 856 220
f 1578 764 221
f 221 764 1637
f 2641 1578 221
f 221 1637 2137
f 2137 2112 221
f 221 2112 2641
f 996 665 222
f 222 665 1152
f 222 683 1031
f 2686 683 222
f 1031 851 222
f 222 851 2520
f 2363 996 222
f 1152 1047 222
f 222 1047 2686
f 222 1388 2363
f 2685 1388 222
f 222 2520 2685
f 223 699 1012
f 1050 699 223
f 223 993 1050
f 2255 993 223
f 223 1012 2255
f 224 250 290
f 944 250 224
f 224 290 2116
f 2001 944 224
f 2116 1065 224
f 224 1065 2620
f 2620 2001 224
f 225 500 1006
f 1643 500 225
f 225 1006 2678
f 225 1521 1643
f 1853 1521 225
f 2678 1853 225
f 226 1157 1508
f 2501 1157 226
f 226 1508 2455
f 2455 1553 226
f 226 1553 2501
f 227 358 1027
f 1027 443 227
f 227 443 2635
f 2635 1567 227
f 228 688 1460
f 2540 688 228
f 228 1460 2727
f 229 411 1693
f 2332 411 229
f 229 890 928
f 1693 890 229
f 229 928 1590
f 229 1590 2332
f 230 402 1003
f 1418 402 230
f 1003 650 230
f 230 650 1418
f 231 1364 1373
f 231 1373 2091
f 2091 1656 231
f 232 262 277
f 1382 262 232
f 232 277 301
f 232 301 1382
f 1120 524 233
f 233 524 2389
f 1841 677 233
f 233 677 2428
f 2428 1120 233
f 2389 1841 233
f 2231 377 234
f 234 1434 2338
f 2338 2231 234
f 235 420 490
f 235 490 2609
f 2602 1214 235
f 2609 2602 235
f 1692 948 236
f 236 948 2359
f 2359 1303 236
f 236 1303 2368
f 2064 1692 236
f 237 302 2545
f 2545 2516 237
f 238 366 563
f 238 563 1140
f 238 1140 2556
f 2556 1494 238
f 2006 1244 239
f 239 1244 2039
f 2454 2006 239
f 2242 905 240
f 240 905 2611
f 240 1163 1932
f 2611 1163 240
f 240 1932 2242
f 425 297 241
f 241 297 1219
f 1619 425 241
f 241 1219 1471
f 241 1471 1619
f 1283 1061 242
f 242 1061 1596
f 2167 1283 242
f 242 1596 1877
f 1877 1762 242
f 242 1762 2167
f 2122 583 243
f 2281 1192 243
f 243 1736 2281
f 1078 811 244
f 244 811 2609
f 1181 1078 244
f 2407 1181 244
f 2609 2407 244
f 245 651 1688
f 2513 651 245
f 1233 776 245
f 245 776 1996
f 1688 1233 245
f 245 1996 2513
f 247 709 1252
f 2312 709 247
f 247 1095 1406
f 2376 1095 247
f 247 1252 2118
f 247 1406 2312
f 247 2118 2376
f 248 1112 2534
f 2619 1112 248
f 2462 2078 248
f 248 2324 2462
f 2534 2324 248
f 2009 918 249
f 249 918 2614
f 1957 1033 249
f 249 1033 2009
f 249 1758 1957
f 2614 1758 249
f 1595 290 250
f 944 532 250
f 250 532 2512
f 2512 1595 250
f 1127 505 251
f 251 505 1497
f 2144 1127 251
f 1694 1475 251
f 251 1475 2144
f 251 1497 1694
f 252 705 1484
f 1786 705 252
f 252 1484 2474
f 2163 1786 252
f 252 1921 1983
f 2474 1921 252
f 252 1983 2163
f 253 864 2247
f 2473 2105 253
f 2247 2111 253
f 253 2111 2473
f 254 1080 1466
f 2163 1080 254
f 254 1784 1786
f 1954 1784 254
f 254 1786 2163
f 2108 1954 254
f 1075 411 255
f 255 411 2304
f 999 487 255
f 255 487 1075
f 255 607 901
f 2304 607 255
f 255 901 999
f 2175 895 256
f 256 895 2429
f 256 1145 2188
f 2429 1145 256
f 256 1671 2175
f 2319 1671 256
f 256 2188 2319
f 1587 327 257
f 257 327 2669
f 257 499 1231
f 1999 499 257
f 257 1231 1587
f 2669 1999 257
f 258 392 1630
f 2470 392 258
f 258 462 816
f 1630 462 258
f 816 588 258
f 258 588 2470
f 259 792 2233
f 2401 792 259
f 2233 1299 259
f 2077 407 260
f 261 447 644
f 2650 447 261
f 261 644 1164
f 261 1164 1517
f 261 1517 2650
f 814 277 262
f 262 1382 1680
f 263 595 1457
f 2596 595 263
f 1457 953 263
f 263 953 2596
f 264 369 617
f 1347 369 264
f 264 562 1347
f 1962 562 264
f 264 617 2595
f 2595 1962 264
f 344 278 265
f 265 278 2656
f 1975 344 265
f 1641 467 265
f 265 467 1975
f 2656 1641 265
f 593 501 266
f 266 501 2379
f 2385 593 266
f 266 1248 1985
f 2379 1248 266
f 266 1985 2385
f 267 914 2128
f 2537 914 267
f 2036 1147 267
f 267 1147 2692
f 2128 2036 267
f 2692 2537 267
f 561 298 268
f 268 298 890
f 643 561 268
f 2129 643 268
f 268 890 1559
f 268 1559 2129
f 1149 297 269
f 2451 1149 269
f 269 1613 2451
f 1360 1028 270
f 270 1028 2357
f 270 1068 2117
f 2357 1068 270
f 270 1207 1360
f 2117 1207 270
f 271 940 1671
f 1858 940 271
f 2052 1090 271
f 271 1090 2314
f 271 1671 2319
f 2314 1858 271
f 271 1902 2052
f 2319 1902 271
f 2183 1426 272
f 272 1426 2215
f 273 1236 1773
f 2453 1236 273
f 273 1773 1861
f 1829 1010 274
f 274 1010 1830
f 1766 1029 274
f 274 1029 2639
f 1830 1766 274
f 275 601 876
f 954 601 275
f 275 876 2166
f 2165 954 275
f 275 992 2165
f 2166 992 275
f 2190 477 276
f 276 477 2521
f 276 1914 2333
f 2521 1914 276
f 2333 2190 276
f 1571 301 277
f 277 332 786
f 2440 332 277
f 277 786 1571
f 277 814 2440
f 278 344 2086
f 278 751 1407
f 2086 751 278
f 278 1407 2230
f 278 2230 2656
f 2157 731 279
f 279 731 2528
f 2528 848 279
f 280 517 623
f 2482 517 280
f 280 623 2130
f 2130 1446 280
f 280 1446 2482
f 281 1043 2340
f 2340 1930 281
f 2294 802 282
f 794 785 283
f 283 785 1704
f 2374 794 283
f 1704 1358 283
f 283 1358 2190
f 283 2190 2374
f 1089 312 284
f 284 312 2222
f 2222 1089 284
f 285 965 1266
f 2013 965 285
f 285 1266 2284
f 2160 2013 285
f 286 2463 2637
f 2637 2568 286
f 287 766 1674
f 287 777 1064
f 2505 777 287
f 1064 801 287
f 287 1674 2505
f 2447 1304 288
f 288 1304 2472
f 288 1370 1440
f 2472 1370 288
f 288 1440 1845
f 288 1845 2209
f 288 2209 2447
f 289 606 916
f 1991 606 289
f 289 916 2593
f 2690 1991 289
f 289 2593 2690
f 290 373 2116
f 2469 373 290
f 290 1595 2469
f 1006 628 291
f 291 628 2232
f 2678 1006 291
f 2232 2097 291
f 291 2097 2678
f 1887 728 292
f 292 1209 2441
f 293 651 790
f 1688 651 293
f 293 728 1365
f 293 1233 1688
f 1959 1233 293
f 293 1365 2616
f 2616 1959 293
f 294 678 923
f 1018 678 294
f 294 923 2346
f 1250 1018 294
f 1984 1250 294
f 2346 1984 294
f 295 725 1142
f 295 1142 1651
f 1651 1523 295
f 295 1523 2493
f 967 713 296
f 296 713 1044
f 1008 967 296
f 1319 1008 296
f 296 1044 2031
f 2031 1319 296
f 297 1149 2679
f 1331 1219 297
f 2679 1331 297
f 298 561 1700
f 928 890 298
f 1610 928 298
f 1700 1610 298
f 299 320 1021
f 1060 320 299
f 2628 1060 299
f 299 2571 2628
f 1376 360 300
f 300 360 1561
f 1561 919 300
f 300 919 2176
f 1485 1376 300
f 2176 1485 300
f 1571 615 301
f 301 615 1863
f 301 1296 1382
f 1863 1296 301
f 952 476 302
f 302 476 2334
f 302 2334 2545
f 2296 431 303
f 303 691 2734
f 303 2409 2508
f 2734 2409 303
f 2391 759 304
f 304 759 2540
f 304 1924 2391
f 305 1197 1212
f 2616 1197 305
f 305 1212 2448
f 2527 2398 305
f 305 2398 2616
f 305 2448 2527
f 1823 470 306
f 306 470 2491
f 306 1744 1946
f 2491 1744 306
f 2201 1823 306
f 306 1946 2422
f 2422 2201 306
f 1722 393 307
f 307 393 2043
f 2701 1427 307
f 307 1427 2709
f 2709 1722 307
f 307 2043 2070
f 307 2070 2701
f 1297 649 308
f 308 649 2406
f 1298 1297 308
f 1548 1298 308
f 2610 1548 308
f 2406 2193 308
f 308 2193 2610
f 963 516 309
f 309 516 1788
f 2485 963 309
f 309 1788 2134
f 309 2134 2485
f 310 1243 1705
f 1914 1243 310
f 310 1705 2284
f 1721 1620 311
f 311 1620 1780
f 2716 1721 311
f 311 1780 1885
f 311 1885 2721
f 2721 2716 311
f 312 1817 2222
f 2293 1817 312
f 2727 2293 312
f 1193 548 313
f 782 679 313
f 313 679 1193
f 2607 782 313
f 314 383 1102
f 1107 383 314
f 513 480 314
f 314 480 1107
f 1102 513 314
f 1278 872 315
f 315 872 1742
f 2127 1000 315
f 315 1000 2548
f 2548 1278 315
f 315 1742 1961
f 315 1961 2127
f 1668 1139 316
f 2125 1668 316
f 2260 2125 316
f 2511 2260 316
f 2623 2511 316
f 1048 404 317
f 317 404 1976
f 2626 1048 317
f 317 1976 2418
f 2418 2062 317
f 317 2062 2626
f 318 342 856
f 2625 342 318
f 318 856 1276
f 318 1142 1467
f 1651 1142 318
f 318 1276 1651
f 318 1467 1846
f 318 1846 2625
f 1462 1017 319
f 319 1017 1949
f 1663 1462 319
f 1895 1663 319
f 319 1669 1895
f 1949 1669 319
f 1172 1021 320
f 320 1060 1172
f 321 466 2629
f 2724 466 321
f 2704 2282 321
f 321 2282 2714
f 321 2629 2704
f 321 2714 2724
f 968 418 322
f 322 418 1542
f 1542 531 322
f 322 531 1632
f 1385 968 322
f 1632 1385 322
f 323 1453 2093
f 2652 1453 323
f 1947 1726 323
f 323 1726 2371
f 323 1765 1947
f 2093 1765 323
f 323 2371 2652
f 324 693 879
f 1383 693 324
f 1442 1383 324
f 2484 956 325
f 2083 1893 325
f 325 1893 2484
f 2478 2083 325
f 1270 379 326
f 326 403 1963
f 1986 403 326
f 1711 1270 326
f 1963 1711 326
f 1587 455 327
f 327 455 1804
f 2129 1559 327
f 327 1559 2669
f 327 1804 2261
f 2261 2129 327
f 628 338 328
f 328 338 2599
f 1972 628 328
f 2599 1972 328
f 1466 1274 329
f 329 1274 1723
f 2511 1466 329
f 329 1723 1795
f 329 1795 2260
f 329 2260 2511
f 2027 878 330
f 330 888 2110
f 2110 1898 330
f 330 1898 2636
f 2636 2027 330
f 331 441 547
f 2457 441 331
f 331 547 1069
f 331 1069 2457
f 1375 786 332
f 2459 1375 332
f 332 1944 2046
f 2440 1944 332
f 332 2046 2459
f 1569 912 333
f 333 912 1880
f 1880 1258 333
f 333 1258 2035
f 1615 1569 333
f 2035 1615 333
f 1107 480 334
f 334 480 1161
f 334 776 889
f 1161 776 334
f 334 889 1020
f 334 1020 1107
f 1471 734 335
f 335 734 1738
f 1619 1471 335
f 2247 1619 335
f 335 1738 2247
f 336 567 861
f 1292 567 336
f 336 861 1259
f 336 1259 1644
f 1644 1292 336
f 610 553 337
f 337 553 1937
f 1551 610 337
f 337 1937 2194
f 1478 549 338
f 338 549 1886
f 338 628 1478
f 338 1431 2599
f 1608 537 339
f 339 537 2227
f 339 550 1108
f 2227 550 339
f 339 1108 1667
f 1667 1608 339
f 340 1538 1545
f 2547 1538 340
f 340 1545 1805
f 340 1805 1864
f 340 1864 2684
f 2684 2547 340
f 1100 578 341
f 341 578 1943
f 1943 1068 341
f 341 1068 2081
f 1221 1100 341
f 1395 1221 341
f 2081 1395 341
f 1975 856 342
f 2086 1975 342
f 2625 2086 342
f 1682 800 343
f 343 800 2668
f 343 1168 1488
f 2668 1168 343
f 343 1488 1682
f 344 1975 2086
f 1875 999 345
f 345 999 2040
f 345 1019 1875
f 2040 1019 345
f 2152 781 346
f 346 781 2604
f 346 1082 2152
f 2283 1082 346
f 2604 2283 346
f 347 780 1254
f 1760 780 347
f 347 858 1760
f 2585 858 347
f 2292 1196 347
f 347 1196 2585
f 347 1254 2292
f 1647 429 348
f 348 429 1908
f 720 484 348
f 348 484 1764
f 1908 720 348
f 1903 1647 348
f 348 1764 1903
f 349 701 1005
f 1798 701 349
f 349 1005 1966
f 1892 1798 349
f 2362 1892 349
f 349 1966 2362
f 1085 451 350
f 350 451 1579
f 350 875 1085
f 1840 875 350
f 350 1579 1958
f 1958 1840 350
f 2016 1864 351
f 351 1864 2553
f 2246 2016 351
f 2553 2246 351
f 352 796 1238
f 1418 796 352
f 352 1238 1843
f 1729 1418 352
f 352 1580 1729
f 2179 1580 352
f 352 1843 2179
f 2295 866 353
f 353 866 2387
f 1517 1164 353
f 353 1164 2295
f 2387 1517 353
f 1005 355 354
f 354 355 1730
f 354 409 1005
f 1603 409 354
f 1730 1603 354
f 1005 701 355
f 355 701 1997
f 1809 1730 355
f 1997 1809 355
f 356 819 1987
f 2549 819 356
f 356 1050 1933
f 2601 1050 356
f 1933 1792 356
f 356 1792 2549
f 1987 1877 356
f 356 1877 2601
f 1799 555 357
f 357 555 2372
f 357 675 2207
f 2372 675 357
f 357 934 1799
f 2207 934 357
f 358 943 2483
f 2483 1027 358
f 359 503 983
f 1911 503 359
f 1695 1187 360
f 360 1187 1917
f 360 1376 1529
f 360 1529 1695
f 2432 1561 360
f 360 1917 2432
f 516 500 361
f 361 500 1643
f 1788 516 361
f 361 1643 2411
f 2691 1788 361
f 361 2411 2691
f 362 932 1845
f 2555 932 362
f 1845 1000 362
f 362 1000 2127
f 362 2127 2555
f 363 1317 1369
f 1476 1317 363
f 363 1369 1564
f 2049 1476 363
f 363 1564 2049
f 2713 466 364
f 364 466 2724
f 364 533 609
f 2714 533 364
f 364 609 755
f 364 755 2713
f 2724 2714 364
f 1197 565 365
f 365 565 1887
f 365 671 1332
f 2026 671 365
f 1332 1197 365
f 1512 826 366
f 2606 1512 366
f 710 576 367
f 367 576 901
f 901 607 367
f 367 607 935
f 2080 710 367
f 367 935 948
f 367 948 2080
f 1224 709 368
f 368 709 2632
f 1530 1224 368
f 368 1503 1530
f 2057 1503 368
f 1843 617 369
f 2179 1843 369
f 779 410 370
f 370 450 1105
f 1775 450 370
f 370 827 1775
f 371 1297 1298
f 2325 1297 371
f 371 1993 2325
f 1454 1366 372
f 372 1366 1675
f 372 1675 1746
f 821 769 373
f 373 769 2116
f 1854 821 373
f 2469 1854 373
f 1920 1497 374
f 374 1773 1920
f 2010 1257 375
f 375 1257 2631
f 1715 1655 375
f 375 1655 2010
f 1769 1715 375
f 1960 1769 375
f 2631 1960 375
f 376 403 1928
f 1963 403 376
f 376 1326 2450
f 1928 1387 376
f 2450 1963 376
f 377 1053 1129
f 1631 1053 377
f 1779 1631 377
f 2231 1779 377
f 1016 867 378
f 378 867 2216
f 2245 1016 378
f 378 1114 1645
f 2216 1114 378
f 378 1645 2245
f 1270 622 379
f 379 622 2523
f 380 532 2315
f 2512 532 380
f 2315 748 380
f 380 748 2725
f 380 997 2512
f 2712 997 380
f 2725 2712 380
f 2658 941 381
f 381 2384 2619
f 381 2619 2658
f 1778 551 382
f 382 551 2353
f 2353 950 382
f 382 1266 1778
f 1816 834 383
f 1399 1102 383
f 383 1107 1816
f 1409 1279 384
f 384 1279 2349
f 2096 1409 384
f 384 1527 1585
f 1926 1527 384
f 384 1585 2096
f 2349 1926 384
f 385 453 1859
f 2624 453 385
f 2272 986 385
f 385 986 2624
f 385 1859 2241
f 2359 570 386
f 613 605 386
f 386 605 2359
f 2414 613 386
f 698 402 387
f 387 402 1729
f 2406 698 387
f 387 1729 2193
f 387 2193 2406
f 388 676 2029
f 388 2029 2254
f 389 674 1883
f 602 507 390
f 390 507 1662
f 390 569 989
f 1662 569 390
f 1179 602 390
f 390 989 2577
f 2577 1179 390
f 391 798 1916
f 391 828 1006
f 1478 828 391
f 391 1147 1478
f 2692 1147 391
f 391 1916 2692
f 392 614 1285
f 2598 614 392
f 2470 1162 392
f 392 1162 2598
f 392 1285 1630
f 1722 1288 393
f 393 1288 2203
f 2203 2043 393
f 1193 835 394
f 394 835 1678
f 2114 1193 394
f 2107 1602 394
f 394 1602 2252
f 394 1678 2107
f 2252 2114 394
f 396 656 1178
f 2297 656 396
f 396 1178 2215
f 2215 1426 396
f 396 1426 2297
f 2733 1524 397
f 2392 2344 397
f 397 2344 2733
f 1440 994 398
f 398 994 1915
f 398 1000 2065
f 2548 1000 398
f 2065 1440 398
f 398 1915 2548
f 1753 990 399
f 399 990 2030
f 1549 1213 399
f 399 1213 2120
f 399 1450 1753
f 2120 1450 399
f 2030 1549 399
f 905 622 400
f 400 622 1268
f 1268 877 400
f 400 877 2082
f 1973 905 400
f 2082 1973 400
f 401 524 959
f 2389 524 401
f 401 959 1179
f 401 1179 2577
f 1901 1759 401
f 401 1759 2389
f 2577 1901 401
f 402 1418 1729
f 2223 1928 403
f 403 1986 2223
f 404 432 1976
f 2507 432 404
f 404 1048 2570
f 404 2205 2554
f 2570 2205 404
f 2554 2507 404
f 405 1351 2557
f 594 509 406
f 406 509 933
f 2113 594 406
f 406 933 2113
f 2524 1586 407
f 407 2077 2524
f 408 763 1046
f 1583 763 408
f 408 1036 1583
f 408 1046 1599
f 408 1599 2154
f 1966 1005 409
f 1712 1189 409
f 409 1189 1966
f 409 1603 1811
f 1811 1712 409
f 410 779 1410
f 411 1075 2468
f 2468 1693 411
f 2332 2304 411
f 539 430 412
f 412 430 1638
f 1320 539 412
f 1321 1320 412
f 1638 1321 412
f 635 633 413
f 1564 635 413
f 1790 1564 413
f 2276 1790 413
f 1400 585 414
f 414 585 2285
f 1847 1400 414
f 414 1485 2176
f 2228 1485 414
f 2176 1847 414
f 2285 2228 414
f 415 1040 1623
f 2719 1040 415
f 415 1623 1725
f 415 1725 2719
f 1149 812 416
f 416 812 2661
f 2679 1149 416
f 2661 1331 416
f 416 1331 2679
f 1261 932 417
f 417 932 2444
f 2177 1036 417
f 2444 2177 417
f 968 775 418
f 418 775 1865
f 2239 1542 418
f 418 1865 2239
f 1439 703 419
f 419 958 1439
f 2032 958 419
f 2472 490 420
f 1177 787 421
f 421 787 2331
f 421 939 1177
f 2477 939 421
f 2331 1313 421
f 421 1313 2477
f 422 1188 1995
f 422 1995 2440
f 779 758 423
f 423 758 2494
f 862 779 423
f 1899 862 423
f 1273 1238 423
f 423 1238 1899
f 2494 1273 423
f 424 734 1506
f 424 1506 2445
f 2445 2258 424
f 1619 864 425
f 425 864 2085
f 426 428 1420
f 1625 428 426
f 1420 1353 426
f 426 1353 2075
f 2075 1625 426
f 1323 619 427
f 427 619 1900
f 980 724 427
f 427 724 2003
f 1900 980 427
f 2150 1323 427
f 427 2003 2150
f 428 865 1420
f 1625 1442 428
f 429 1647 2269
f 2269 1908 429
f 430 539 1396
f 430 1214 1638
f 2536 1214 430
f 430 1396 2536
f 431 1169 1333
f 2296 1169 431
f 432 583 2423
f 2507 583 432
f 432 642 1541
f 2423 642 432
f 432 1541 2418
f 2418 1976 432
f 433 774 1513
f 2306 774 433
f 433 1833 2695
f 433 2244 2263
f 2695 2244 433
f 433 2263 2306
f 1332 671 434
f 434 671 2249
f 1216 931 434
f 434 931 2396
f 434 1034 1216
f 2249 1034 434
f 434 1212 1332
f 2396 1212 434
f 689 558 435
f 435 558 982
f 1476 689 435
f 435 982 1021
f 435 1021 1172
f 1172 1056 435
f 435 1056 1476
f 436 857 1908
f 2262 857 436
f 436 1218 1777
f 1908 1218 436
f 436 1777 2262
f 437 896 1486
f 2500 896 437
f 437 1356 2664
f 2715 1356 437
f 437 1486 1547
f 437 1547 2715
f 2664 2500 437
f 438 604 1710
f 1894 604 438
f 438 1451 1894
f 438 1710 2370
f 438 2370 2420
f 439 597 832
f 1563 597 439
f 832 690 439
f 439 690 2575
f 1931 1563 439
f 2434 1931 439
f 2575 2434 439
f 647 469 440
f 440 469 2226
f 1108 647 440
f 1211 1108 440
f 2173 1211 440
f 2226 2173 440
f 1391 547 441
f 441 750 874
f 441 874 1391
f 1093 575 442
f 442 575 1156
f 2436 1093 442
f 442 1156 1535
f 442 1535 2737
f 2737 2436 442
f 1027 933 443
f 443 933 1525
f 443 1525 2635
f 444 762 1696
f 2709 762 444
f 444 855 1412
f 1696 855 444
f 444 1412 1868
f 445 589 1818
f 2255 589 445
f 1081 973 445
f 445 973 1792
f 1792 993 445
f 445 993 2255
f 1818 1081 445
f 446 518 1871
f 1989 518 446
f 1049 883 446
f 446 883 2492
f 1871 1049 446
f 2417 1989 446
f 446 2143 2417
f 2492 2143 446
f 1367 644 447
f 447 756 1863
f 2650 756 447
f 1863 1367 447
f 1205 925 448
f 448 925 2556
f 2135 1205 448
f 448 1789 2135
f 2481 1789 448
f 2556 2481 448
f 449 572 1734
f 2710 572 449
f 449 1330 1718
f 1734 1330 449
f 1718 1412 449
f 449 1412 2058
f 449 2058 2710
f 1775 1105 450
f 451 666 1579
f 2259 666 451
f 451 1085 1339
f 451 1339 2198
f 451 2198 2259
f 452 1483 1981
f 2130 1483 452
f 452 1981 2130
f 453 770 1800
f 2624 770 453
f 453 813 850
f 453 850 1859
f 454 664 773
f 1872 664 454
f 773 707 454
f 454 707 2050
f 454 1664 1757
f 2050 1664 454
f 454 1757 2572
f 2572 1872 454
f 455 956 2484
f 2484 1804 455
f 1525 1313 456
f 456 1313 2331
f 2298 1525 456
f 456 2074 2298
f 2331 2074 456
f 1173 661 457
f 457 661 1730
f 457 1088 1173
f 1793 1088 457
f 457 1730 2343
f 2047 1793 457
f 2343 2047 457
f 458 902 1349
f 1971 902 458
f 458 971 2358
f 2596 971 458
f 458 1349 2596
f 2358 1971 458
f 2112 1308 459
f 459 1308 2456
f 459 1642 1666
f 2456 1642 459
f 459 1666 2561
f 2561 2112 459
f 460 667 1309
f 1828 667 460
f 1309 965 460
f 460 965 1978
f 1978 1828 460
f 2196 1338 461
f 461 1338 2268
f 1681 1339 461
f 461 1339 2099
f 2268 1681 461
f 461 2099 2153
f 461 2153 2196
f 2539 816 462
f 1545 1538 462
f 462 1538 2539
f 1745 1545 462
f 462 1630 1745
f 1670 851 463
f 463 1372 1805
f 1805 1388 463
f 463 1388 2559
f 2559 1670 463
f 464 1428 1600
f 1803 1428 464
f 1761 1479 464
f 464 1479 1803
f 464 1600 1761
f 465 921 1284
f 1867 921 465
f 465 1284 1895
f 465 1895 2073
f 1641 637 467
f 467 637 2506
f 467 1498 2037
f 2506 1498 467
f 468 1077 1728
f 2360 1077 468
f 468 1414 1558
f 2087 1414 468
f 468 1558 2360
f 468 1728 2087
f 469 647 2438
f 2426 2226 469
f 470 806 1458
f 1823 806 470
f 470 1458 2582
f 470 2366 2491
f 2582 2366 470
f 471 1310 1814
f 2015 1310 471
f 471 1575 2014
f 2187 1575 471
f 471 1814 2187
f 471 2014 2015
f 1858 1014 472
f 472 1014 2552
f 472 1154 1858
f 2337 1154 472
f 2552 2337 472
f 1907 799 473
f 473 799 2375
f 473 836 1907
f 2375 836 473
f 1683 1314 474
f 474 1314 1732
f 1732 1560 474
f 474 1560 1990
f 1767 1683 474
f 1990 1767 474
f 475 1116 1237
f 2599 1116 475
f 475 1956 1972
f 475 1972 2599
f 476 586 2334
f 2579 586 476
f 1090 620 476
f 476 620 2579
f 476 952 1581
f 1581 1090 476
f 477 2190 2729
f 477 2292 2521
f 2729 2292 477
f 1900 619 478
f 478 619 2159
f 478 786 863
f 2159 786 478
f 478 863 2313
f 2313 1900 478
f 479 515 2315
f 2325 515 479
f 479 532 944
f 2315 532 479
f 480 513 1057
f 480 1057 1161
f 481 908 2410
f 481 2410 2533
f 482 747 1699
f 2133 747 482
f 987 810 482
f 1064 987 482
f 2214 1064 482
f 482 1699 2214
f 483 562 1962
f 2387 562 483
f 483 897 1289
f 2578 897 483
f 483 1289 2387
f 483 1962 2578
f 1913 1764 484
f 2439 1913 484
f 1269 847 485
f 485 847 2273
f 1312 1269 485
f 2273 1312 485
f 486 493 907
f 1772 493 486
f 486 545 1772
f 487 999 1875
f 2468 1075 487
f 487 1078 1280
f 1875 1078 487
f 487 1280 1999
f 487 1999 2468
f 1281 692 488
f 488 692 2183
f 2201 1281 488
f 488 2183 2307
f 2307 2201 488
f 489 511 1183
f 2036 511 489
f 1886 549 489
f 489 549 2036
f 489 1183 1886
f 490 1304 2447
f 2472 1304 490
f 2447 2407 490
f 490 2407 2609
f 629 502 491
f 491 502 2510
f 1534 629 491
f 1809 1534 491
f 2213 1809 491
f 2343 2213 491
f 2510 2343 491
f 492 1089 1879
f 1896 1089 492
f 1879 1628 492
f 492 1628 1896
f 1772 868 493
f 493 868 2634
f 2634 907 493
f 494 679 782
f 1988 679 494
f 494 782 2383
f 1853 1438 494
f 494 1438 1988
f 494 1521 1853
f 1836 1472 495
f 1676 1572 495
f 495 1572 1836
f 1701 924 496
f 496 924 2365
f 1378 1225 496
f 496 1225 1701
f 2365 1378 496
f 1970 903 497
f 497 903 1996
f 2726 1970 497
f 1515 1198 498
f 1624 1515 498
f 1280 603 499
f 499 603 1621
f 499 894 1231
f 1621 894 499
f 1999 1280 499
f 500 516 978
f 616 572 501
f 501 572 2379
f 501 593 616
f 502 629 1393
f 2045 1013 502
f 502 1013 2510
f 502 1087 2045
f 2464 1087 502
f 502 1393 2464
f 1911 672 503
f 503 672 2233
f 503 807 983
f 1496 807 503
f 2233 1496 503
f 1540 540 504
f 504 540 1912
f 504 1079 1540
f 2608 1079 504
f 505 1127 1143
f 506 739 788
f 2695 739 506
f 1496 792 508
f 508 792 1533
f 2238 1496 508
f 508 1533 2587
f 2587 2238 508
f 509 594 1024
f 2477 933 509
f 509 1024 1939
f 509 1939 2477
f 1267 627 510
f 510 627 1907
f 510 1038 1307
f 1907 1038 510
f 1307 1267 510
f 511 641 743
f 1694 641 511
f 511 743 1183
f 511 1475 1694
f 2089 1475 511
f 511 2036 2089
f 1015 654 512
f 512 654 1095
f 512 1095 2376
f 2376 2118 512
f 1495 1057 513
f 513 1102 1495
f 1265 1134 514
f 514 1222 1265
f 2218 1222 514
f 514 1781 2218
f 2079 748 515
f 515 748 2315
f 515 1067 1186
f 2325 1067 515
f 515 1186 1249
f 515 1249 2079
f 516 963 978
f 2327 623 517
f 517 795 1392
f 2482 795 517
f 1989 739 518
f 518 739 2695
f 518 1833 1871
f 2695 1833 518
f 519 560 930
f 1404 560 519
f 519 930 1930
f 519 1397 1404
f 1930 1397 519
f 520 1318 1520
f 1634 1318 520
f 520 1345 1634
f 2066 1345 520
f 520 1520 2066
f 521 753 1678
f 521 835 1438
f 1678 835 521
f 521 1438 1956
f 1241 765 522
f 522 765 1576
f 1752 1233 522
f 522 1233 1959
f 1959 1241 522
f 522 1576 1752
f 1648 1511 523
f 523 1511 1785
f 2449 1648 523
f 1785 1700 523
f 523 1700 2017
f 523 2017 2449
f 2263 959 524
f 524 1120 1371
f 524 1371 2263
f 525 976 1295
f 2454 976 525
f 2717 1001 526
f 526 1001 2719
f 1307 722 527
f 972 871 527
f 527 871 1267
f 527 1267 1307
f 1569 737 528
f 528 737 1749
f 528 1269 1569
f 1740 1269 528
f 1848 1740 528
f 528 1749 1848
f 529 1235 1668
f 2353 1235 529
f 2115 1640 529
f 529 1640 2353
f 529 1668 2115
f 1758 699 530
f 530 699 2345
f 1810 1758 530
f 1948 1810 530
f 2345 1948 530
f 2239 1011 531
f 531 1542 2239
f 531 1601 1632
f 823 609 533
f 1690 823 533
f 2711 1690 533
f 2714 2711 533
f 2630 685 534
f 534 1830 2156
f 2682 1830 534
f 534 2156 2630
f 534 2539 2682
f 2683 2539 534
f 2406 649 535
f 2001 698 535
f 535 698 2406
f 536 690 2084
f 2575 690 536
f 1597 1405 536
f 536 1405 2575
f 1706 1597 536
f 1608 1122 537
f 537 1122 1941
f 537 1941 2109
f 537 2109 2227
f 538 1009 1398
f 2610 1009 538
f 538 1103 1182
f 1398 1103 538
f 538 1182 2610
f 539 1320 2408
f 1609 1396 539
f 2408 1609 539
f 540 1292 1912
f 2142 1292 540
f 540 1540 2142
f 541 547 636
f 1069 547 541
f 1423 625 541
f 541 625 2728
f 541 636 1423
f 2728 1069 541
f 1107 889 542
f 542 889 1576
f 542 913 1107
f 1576 913 542
f 543 1073 1324
f 1408 1073 543
f 2466 1408 543
f 544 571 940
f 2228 571 544
f 544 940 1858
f 1154 984 544
f 544 984 2228
f 1858 1154 544
f 545 1250 1647
f 2004 1250 545
f 545 1647 1903
f 1903 1772 545
f 1004 820 546
f 546 820 1099
f 1291 1004 546
f 546 1099 1210
f 546 1210 2421
f 2632 1291 546
f 1391 636 547
f 548 1193 2114
f 2569 1505 548
f 548 2114 2569
f 1478 1147 549
f 549 1147 2036
f 550 647 1108
f 1727 647 550
f 2227 1727 550
f 2018 1235 551
f 551 1235 2353
f 551 1778 2018
f 1143 793 552
f 552 793 2102
f 552 1059 1326
f 2102 1059 552
f 552 1084 1143
f 1441 1084 552
f 552 1326 1441
f 553 610 1077
f 553 1077 1500
f 553 1500 1937
f 554 697 761
f 1925 697 554
f 554 761 1898
f 554 1354 1925
f 2367 1354 554
f 1898 1556 554
f 554 1556 2367
f 555 1066 1838
f 2546 1066 555
f 1838 1445 555
f 555 1445 2264
f 555 1799 2546
f 555 2264 2372
f 2044 1080 556
f 556 1080 2163
f 2163 1983 556
f 556 1983 2558
f 557 1076 1791
f 2671 1076 557
f 557 1791 2671
f 558 689 2060
f 1137 982 558
f 2659 1137 558
f 559 724 1687
f 2033 724 559
f 1593 1103 559
f 559 1103 2033
f 559 1114 1593
f 1645 1114 559
f 1687 1645 559
f 2146 930 560
f 560 1404 2399
f 2164 2146 560
f 2399 2164 560
f 561 643 1537
f 561 1537 2017
f 2017 1700 561
f 2387 1347 562
f 2191 1140 563
f 564 1288 1325
f 2707 1288 564
f 564 1325 2311
f 2488 2203 564
f 564 2203 2707
f 565 1197 2616
f 565 1365 1887
f 2616 1365 565
f 566 1210 2378
f 2421 1210 566
f 566 1458 2057
f 2582 1458 566
f 566 2057 2421
f 566 2378 2582
f 567 1292 2142
f 2142 1350 567
f 568 1163 2611
f 2563 1262 568
f 2611 2563 568
f 2151 989 569
f 569 1256 2151
f 2461 1256 569
f 569 1662 2461
f 570 935 2103
f 2359 935 570
f 2103 2012 570
f 2175 940 571
f 2364 2175 571
f 571 2228 2285
f 571 2285 2364
f 572 616 1734
f 2710 2379 572
f 573 637 1641
f 2506 637 573
f 1641 1282 573
f 573 1282 1731
f 573 1731 1964
f 1964 1856 573
f 573 1856 2506
f 574 815 1760
f 1430 1175 574
f 1449 1430 574
f 1760 1449 574
f 575 1093 2018
f 1778 1156 575
f 2018 1778 575
f 1072 582 576
f 576 582 2040
f 576 710 1362
f 2040 901 576
f 1362 1072 576
f 577 1062 1780
f 1808 1062 577
f 577 1301 1808
f 1998 1301 577
f 1780 1649 577
f 577 1649 2584
f 2584 1998 577
f 578 677 914
f 2428 677 578
f 578 914 1943
f 578 1100 2428
f 579 704 823
f 2079 704 579
f 579 748 2079
f 2725 748 579
f 1606 749 579
f 579 749 2725
f 579 823 1606
f 580 664 1921
f 2474 664 580
f 580 1921 2474
f 1327 682 581
f 581 682 2490
f 1857 1327 581
f 2490 1857 581
f 1072 898 582
f 582 898 2053
f 582 1019 2040
f 2053 1019 582
f 583 2122 2423
f 584 1026 1889
f 2335 1026 584
f 1889 1827 584
f 585 691 1866
f 2734 691 585
f 1866 736 585
f 585 736 2285
f 585 1400 2734
f 586 1293 2334
f 2579 1293 586
f 2149 1203 587
f 587 1203 2674
f 1566 1434 587
f 587 1434 1870
f 2674 1566 587
f 587 1870 2381
f 2381 2149 587
f 588 591 2019
f 2683 591 588
f 588 816 2539
f 588 2539 2683
f 589 740 1818
f 589 2255 2541
f 590 599 2262
f 2346 630 590
f 590 630 2416
f 1777 870 590
f 590 870 2346
f 2262 1777 590
f 591 685 1709
f 885 797 592
f 592 797 1336
f 1402 885 592
f 592 1336 2267
f 1881 1402 592
f 2267 1881 592
f 2221 616 593
f 593 985 2320
f 2385 985 593
f 593 1734 2221
f 2308 1734 593
f 2320 2308 593
f 2235 1024 594
f 594 2113 2235
f 595 1349 1501
f 2596 1349 595
f 2643 1457 595
f 595 1501 2643
f 1707 922 596
f 1622 1248 596
f 596 1248 1707
f 2413 832 597
f 1563 955 597
f 597 955 2316
f 597 2014 2413
f 2565 2014 597
f 597 2316 2565
f 598 1032 2485
f 2638 1032 598
f 2243 1554 598
f 598 1554 2638
f 598 1709 2243
f 599 2008 2262
f 1361 805 600
f 600 805 1654
f 600 1234 1361
f 2569 1234 600
f 600 1654 2532
f 600 2532 2569
f 1173 876 601
f 601 954 2171
f 2171 1173 601
f 1179 959 602
f 602 959 2263
f 1280 1181 603
f 603 1181 2407
f 2407 1621 603
f 1894 1552 604
f 605 613 2180
f 605 1411 1490
f 2180 1411 605
f 605 1490 2359
f 606 721 1927
f 1991 721 606
f 1882 916 606
f 1927 1117 606
f 606 1117 2687
f 2687 1882 606
f 2304 809 607
f 607 809 2509
f 2509 935 607
f 1994 1119 608
f 2049 1790 608
f 608 1790 2276
f 608 1904 2049
f 2060 1904 608
f 2276 1994 608
f 2655 755 609
f 609 823 2655
f 610 642 1936
f 2677 642 610
f 1728 1077 610
f 610 1551 2677
f 610 1936 2518
f 611 1351 1444
f 2557 1351 611
f 611 2344 2392
f 611 2392 2557
f 612 793 1127
f 2102 793 612
f 612 818 981
f 1774 818 612
f 612 981 2102
f 612 1127 2144
f 2144 1774 612
f 1562 1523 613
f 613 1523 2180
f 2414 1562 613
f 614 996 1285
f 2486 996 614
f 614 1071 2486
f 2598 1071 614
f 1571 947 615
f 615 947 2225
f 615 1367 1863
f 2225 1367 615
f 2221 1734 616
f 617 1238 1273
f 1843 1238 617
f 617 1273 1531
f 617 1531 2595
f 618 1311 1791
f 2390 1311 618
f 619 1323 2225
f 2225 2159 619
f 824 646 620
f 620 646 1041
f 1518 824 620
f 620 1041 2579
f 620 1090 2052
f 1797 1518 620
f 2052 1797 620
f 1381 745 621
f 621 745 2566
f 621 785 794
f 2566 785 621
f 621 794 838
f 621 838 1381
f 622 905 2523
f 1270 1268 622
f 1002 966 623
f 623 966 1136
f 2327 1002 623
f 623 1136 1812
f 1812 1483 623
f 623 1483 2130
f 624 687 1499
f 1661 687 624
f 1003 977 624
f 624 977 2542
f 2542 1661 624
f 625 1423 2005
f 2005 1932 625
f 625 1932 2092
f 625 2092 2728
f 1348 958 626
f 2100 1348 626
f 627 1267 2299
f 627 2299 2475
f 1006 828 628
f 628 828 1478
f 628 1972 2232
f 629 1083 1393
f 1534 1083 629
f 2346 1656 630
f 630 1656 2403
f 2403 2032 630
f 630 2032 2416
f 1017 750 632
f 1949 1017 632
f 632 1669 1949
f 633 635 1286
f 634 1002 2327
f 2442 1002 634
f 634 1211 2173
f 634 2173 2442
f 1564 837 635
f 636 1391 2670
f 2670 1423 636
f 1178 900 638
f 638 900 2588
f 2215 1178 638
f 638 1801 2215
f 2588 1801 638
f 639 1087 1815
f 2375 1087 639
f 639 1271 2375
f 2466 1271 639
f 1815 1408 639
f 639 1408 2466
f 2139 674 640
f 2274 2139 640
f 1798 743 641
f 1694 1497 641
f 641 1497 1798
f 642 921 1867
f 2423 921 642
f 2677 1541 642
f 642 1867 1936
f 643 810 2574
f 2574 1537 643
f 1294 1164 644
f 2150 1294 644
f 1367 1323 644
f 644 1323 2150
f 2024 1245 645
f 645 1245 2380
f 2380 1592 645
f 646 824 831
f 646 831 1041
f 647 1727 2438
f 830 815 648
f 648 815 1272
f 1664 830 648
f 648 1272 1605
f 648 1605 1757
f 1757 1664 648
f 650 796 1418
f 1679 796 650
f 2513 790 651
f 652 854 1685
f 2277 854 652
f 1706 1565 652
f 652 1565 1969
f 652 1685 1706
f 652 1969 2504
f 2504 2277 652
f 2618 757 653
f 2347 1570 653
f 653 1586 2347
f 654 1015 1018
f 654 1018 2004
f 655 833 1252
f 2063 833 655
f 1530 1194 655
f 655 1194 2063
f 1252 1224 655
f 655 1224 1530
f 2299 1178 656
f 656 2250 2475
f 2475 2299 656
f 784 696 657
f 657 696 2529
f 2395 784 657
f 657 1189 1712
f 1824 1189 657
f 657 1712 2395
f 2529 1824 657
f 658 842 868
f 1913 842 658
f 658 868 1772
f 658 1772 1903
f 658 1903 1913
f 760 680 659
f 659 680 951
f 1251 760 659
f 951 942 659
f 659 942 1251
f 660 1491 2408
f 660 1940 2098
f 2408 1940 660
f 660 2098 2487
f 661 1173 2412
f 661 1603 1730
f 2412 1603 661
f 1739 1242 662
f 662 1242 1829
f 2377 1739 662
f 663 1123 1474
f 2352 1123 663
f 663 1474 2367
f 663 1556 2110
f 2367 1556 663
f 663 2110 2622
f 663 2234 2564
f 2622 2234 663
f 2525 2352 663
f 2564 2525 663
f 2474 773 664
f 1872 1855 664
f 664 1855 2558
f 2558 1921 664
f 665 996 2502
f 2688 1152 665
f 665 2502 2687
f 665 2687 2688
f 666 911 1579
f 2259 911 666
f 667 1156 1309
f 1535 1156 667
f 2735 1535 667
f 1828 1784 667
f 667 1784 1954
f 667 1954 2108
f 667 2108 2172
f 667 2172 2415
f 667 2415 2735
f 1499 687 668
f 1679 1499 668
f 1796 1679 668
f 669 1037 1751
f 2145 1037 669
f 1751 1598 669
f 669 1598 2167
f 2167 2145 669
f 2264 740 670
f 670 844 2264
f 2339 844 670
f 671 2026 2249
f 1710 1555 672
f 672 1555 2233
f 2370 1710 672
f 672 1911 2370
f 2018 1093 673
f 673 1093 2436
f 673 1589 2018
f 2310 1589 673
f 2436 2310 673
f 2038 718 674
f 2139 2038 674
f 2372 844 675
f 675 844 2592
f 1612 1381 675
f 675 1381 2207
f 2592 1612 675
f 676 1300 2029
f 2267 1300 676
f 2128 914 677
f 677 1841 2128
f 1109 923 678
f 1018 1015 678
f 678 1015 1109
f 679 835 1193
f 1988 835 679
f 680 760 2660
f 1923 951 680
f 680 964 1923
f 2237 964 680
f 2076 1092 681
f 681 1092 2404
f 1501 1349 681
f 681 1349 2076
f 2404 1501 681
f 1327 1024 682
f 682 1024 2235
f 682 2235 2490
f 1117 1031 683
f 2686 1117 683
f 684 727 2489
f 2272 1175 684
f 2489 2272 684
f 2514 1102 686
f 686 1697 2072
f 686 2072 2703
f 2703 2514 686
f 687 1661 2439
f 1594 1460 688
f 2184 1594 688
f 2540 2184 688
f 689 1476 1904
f 689 1904 2060
f 690 832 1965
f 1495 1102 690
f 690 1102 2084
f 1965 1495 690
f 691 1033 1866
f 1281 802 692
f 692 802 2294
f 1618 1426 692
f 692 1426 2183
f 2294 1618 692
f 2633 879 693
f 1383 960 693
f 693 960 1524
f 693 1524 2328
f 693 2328 2633
f 1034 1004 694
f 694 1004 1291
f 1415 1034 694
f 694 1291 2067
f 2067 1415 694
f 695 1009 2610
f 2653 1009 695
f 1729 1580 695
f 695 1580 2653
f 2193 1729 695
f 2610 2193 695
f 696 784 1714
f 696 1714 2467
f 2467 2131 696
f 696 2131 2529
f 1340 753 697
f 697 753 1629
f 1629 761 697
f 1539 1340 697
f 1925 1539 697
f 698 998 1424
f 2001 998 698
f 1758 1012 699
f 699 1050 2345
f 701 1798 1920
f 701 1920 1997
f 702 1071 1876
f 2206 1071 702
f 702 1876 2593
f 2593 2206 702
f 703 1074 1419
f 1439 1074 703
f 1802 1484 705
f 705 1786 2013
f 2160 1802 705
f 705 2013 2160
f 1747 1146 706
f 706 1146 2538
f 706 1546 2104
f 2538 1546 706
f 2433 1747 706
f 706 2104 2433
f 707 849 2050
f 995 868 708
f 708 868 2356
f 708 1039 1202
f 709 1224 1252
f 2312 1335 709
f 709 1335 2632
f 2676 1362 710
f 2080 1960 710
f 710 1960 2676
f 970 722 711
f 711 722 1153
f 1109 970 711
f 2346 1109 711
f 711 1153 2279
f 711 2279 2346
f 961 859 712
f 712 859 1672
f 2280 961 712
f 712 1011 2603
f 2603 2280 712
f 967 955 713
f 713 955 1931
f 1931 1044 713
f 1481 1043 714
f 2240 1481 714
f 714 1881 2240
f 2694 1881 714
f 715 829 2248
f 2496 829 715
f 715 884 1708
f 2248 884 715
f 1708 1341 715
f 715 1341 2496
f 715 1708 2248
f 715 1708 2496
f 716 808 945
f 2366 808 716
f 716 945 1165
f 716 1165 1369
f 716 1369 1735
f 716 1735 2366
f 717 789 2022
f 2360 789 717
f 1646 1500 717
f 717 1500 2360
f 717 1528 1646
f 2022 1528 717
f 2038 1395 718
f 718 1395 2081
f 719 899 1460
f 2424 899 719
f 719 1249 2424
f 719 1460 2651
f 2335 817 720
f 1737 1026 720
f 720 1026 2335
f 1908 1737 720
f 1991 1422 721
f 721 1422 2200
f 2236 1927 721
f 721 2200 2236
f 722 1038 1153
f 1307 1038 722
f 723 845 1204
f 1306 845 723
f 723 847 1306
f 1842 847 723
f 724 980 1687
f 2033 2003 724
f 1467 1142 725
f 726 1617 2476
f 2487 1617 726
f 726 1648 2449
f 2476 1648 726
f 726 2449 2487
f 727 1144 2489
f 2615 1144 727
f 1887 1365 728
f 729 910 2583
f 729 2071 2132
f 2583 2071 729
f 729 2132 2607
f 730 766 768
f 730 768 2495
f 1192 1094 730
f 2157 1234 731
f 731 1234 2252
f 731 2252 2647
f 2647 2528 731
f 2235 2113 732
f 732 2113 2443
f 733 937 1299
f 1555 937 733
f 733 1299 2233
f 2233 1555 733
f 1471 1417 734
f 734 1417 1506
f 735 853 884
f 2648 853 735
f 735 884 2248
f 1086 909 735
f 735 909 1808
f 2248 1086 735
f 735 1808 2648
f 736 1866 2069
f 736 2069 2364
f 2364 2285 736
f 737 1569 1615
f 1615 1592 737
f 737 1592 1749
f 738 761 1629
f 2303 761 738
f 738 1237 2303
f 2068 788 739
f 739 1989 2417
f 2417 2068 739
f 2264 1445 740
f 740 1445 2612
f 2612 1818 740
f 741 1198 1515
f 741 1312 2273
f 2551 1312 741
f 741 1515 2551
f 1492 789 742
f 742 789 1627
f 1627 804 742
f 742 804 2170
f 2170 1492 742
f 743 1098 1183
f 1892 1098 743
f 743 1798 1892
f 1820 1256 744
f 744 1256 2461
f 2642 1820 744
f 2461 2351 744
f 744 2351 2642
f 745 783 1131
f 1612 783 745
f 745 1131 2566
f 745 1381 1612
f 2184 755 746
f 746 755 2655
f 746 1594 2184
f 2655 1594 746
f 747 778 2324
f 2484 778 747
f 2324 1699 747
f 747 2133 2484
f 1690 834 749
f 749 834 2723
f 749 1606 1690
f 749 2723 2725
f 1611 874 750
f 750 1017 1611
f 2104 1407 751
f 2086 1844 751
f 751 1844 2498
f 2433 2104 751
f 2498 2433 751
f 752 1306 1740
f 1848 1306 752
f 752 1740 1848
f 753 1340 2107
f 2107 1678 753
f 754 1329 1766
f 2547 1329 754
f 2539 1538 754
f 754 1538 2547
f 754 1766 1830
f 754 1830 2682
f 2682 2539 754
f 2184 911 755
f 755 911 2713
f 756 1296 1863
f 1924 1296 756
f 2650 1924 756
f 1244 827 757
f 2618 1244 757
f 759 1840 1955
f 2391 1840 759
f 759 1955 2540
f 1251 885 760
f 760 885 2660
f 2636 1898 761
f 761 2303 2636
f 2709 1427 762
f 2113 1046 763
f 763 1583 2177
f 2443 2113 763
f 763 2177 2443
f 764 1578 1684
f 2432 1637 764
f 764 1684 2432
f 1241 997 765
f 765 997 1576
f 2613 768 766
f 767 873 1098
f 767 1098 1869
f 767 1110 1824
f 1869 1110 767
f 767 1824 1979
f 768 1663 2495
f 2613 1663 768
f 769 821 1429
f 769 1055 1363
f 1429 1055 769
f 769 1363 2116
f 2736 1800 770
f 770 2624 2736
f 771 1082 1405
f 2152 1082 771
f 771 1405 2202
f 2202 2152 771
f 772 1460 1594
f 2651 1460 772
f 772 1834 2651
f 2474 1484 773
f 774 1264 1513
f 2645 1264 774
f 2306 1371 774
f 774 1371 2645
f 775 968 1653
f 1585 1527 775
f 775 1527 2204
f 1653 1585 775
f 2204 1865 775
f 1752 889 776
f 776 1233 1752
f 777 810 987
f 2199 810 777
f 777 987 1064
f 777 1030 2199
f 2505 1030 777
f 1893 979 778
f 778 979 2324
f 2484 1893 778
f 779 862 1410
f 780 815 830
f 1760 815 780
f 780 830 1184
f 780 1184 1254
f 1897 860 781
f 781 860 2604
f 781 1504 1822
f 2152 1504 781
f 781 1822 1897
f 2607 2383 782
f 2592 1604 783
f 783 1604 2654
f 783 1612 2592
f 1980 1714 784
f 2323 1980 784
f 2395 2323 784
f 2119 1704 785
f 2566 2119 785
f 1375 863 786
f 786 947 1571
f 2159 947 786
f 787 1177 2544
f 2544 2331 787
f 2068 1992 788
f 788 1992 2461
f 789 1492 2022
f 789 1558 1627
f 2360 1558 789
f 1686 1406 791
f 791 1487 1652
f 791 1652 1716
f 1716 1686 791
f 792 1496 2233
f 2591 1533 792
f 792 2401 2591
f 1143 1127 793
f 2220 838 794
f 794 1155 2220
f 2374 1155 794
f 2482 1198 795
f 1899 1238 796
f 796 1679 2543
f 2543 1899 796
f 797 885 929
f 797 929 1985
f 1909 1336 797
f 1985 1909 797
f 798 978 1733
f 798 1733 2693
f 2693 1916 798
f 799 891 2045
f 2250 891 799
f 2045 1087 799
f 799 1087 2375
f 1977 962 800
f 800 962 2668
f 800 1682 1977
f 801 1064 1626
f 1281 881 802
f 1413 920 803
f 803 920 1770
f 2023 1174 803
f 2680 1413 803
f 803 1770 2023
f 804 1522 2170
f 2188 1522 804
f 804 1627 1902
f 804 1902 2188
f 1361 1239 805
f 805 1239 2533
f 2148 1654 805
f 2533 2148 805
f 2251 1458 806
f 806 1823 2251
f 1514 983 807
f 807 1496 1514
f 1394 945 808
f 2378 1394 808
f 808 2366 2582
f 2582 2378 808
f 2304 2123 809
f 809 2123 2509
f 810 2199 2574
f 811 1078 1875
f 811 1875 2161
f 811 2161 2602
f 811 2602 2609
f 2451 1126 812
f 812 1126 2661
f 812 1149 2451
f 1859 850 813
f 2241 1272 815
f 2329 1796 817
f 2335 2329 817
f 1901 981 818
f 1841 1759 818
f 818 1759 1901
f 818 1774 1841
f 819 1849 1987
f 2549 2140 819
f 820 1004 2249
f 2402 1099 820
f 820 2249 2402
f 821 931 1195
f 2396 931 821
f 821 1195 1429
f 821 1854 2396
f 2067 1291 822
f 822 1291 2632
f 822 1335 1686
f 2632 1335 822
f 822 1686 2067
f 1690 1606 823
f 1420 831 824
f 1518 1420 824
f 2094 1188 825
f 825 1188 2452
f 825 1572 1676
f 2452 1572 825
f 825 1676 2094
f 826 1512 2615
f 2615 2508 826
f 827 1244 2006
f 2006 1775 827
f 829 1377 1982
f 2426 1377 829
f 829 1982 2248
f 2496 2426 829
f 1450 1184 830
f 2050 1450 830
f 830 1664 2050
f 1420 865 831
f 831 865 1658
f 1658 1041 831
f 2413 1965 832
f 2118 1252 833
f 2063 1801 833
f 833 1801 2588
f 2588 2118 833
f 834 1816 2723
f 1988 1438 835
f 1364 1038 836
f 836 1038 1907
f 836 1271 1364
f 2375 1271 836
f 837 1165 1209
f 1369 1165 837
f 1564 1369 837
f 838 1106 2207
f 2207 1381 838
f 1305 1122 839
f 839 1122 1783
f 2718 1305 839
f 839 1783 2217
f 839 2217 2718
f 840 892 1403
f 1507 892 840
f 840 1275 1507
f 2526 1275 840
f 840 1403 2059
f 2059 1582 840
f 840 1582 2526
f 841 876 974
f 2166 876 841
f 841 974 2681
f 841 1028 2166
f 2356 868 842
f 1913 1128 842
f 842 1128 2356
f 843 1342 1451
f 2347 1342 843
f 2388 2347 843
f 2339 1604 844
f 844 1604 2592
f 2372 2264 844
f 2517 1204 845
f 845 1306 1848
f 1848 1749 845
f 845 1749 2517
f 1894 1348 846
f 846 1348 2100
f 846 1552 1894
f 2100 1552 846
f 847 1269 1740
f 1740 1306 847
f 1842 1392 847
f 847 1392 2273
f 1539 1148 848
f 848 1340 1539
f 2647 1340 848
f 848 2528 2647
f 1753 1450 849
f 849 1450 2050
f 2427 1753 849
f 849 2088 2427
f 851 1670 2520
f 1825 1230 852
f 852 1230 2158
f 1935 1659 852
f 852 1659 2640
f 2640 1825 852
f 2158 1935 852
f 1136 884 853
f 1301 1136 853
f 2648 1301 853
f 1918 1685 854
f 2277 1918 854
f 855 1368 1412
f 2560 1368 855
f 855 1696 2560
f 2037 1276 856
f 857 1026 1737
f 2008 1026 857
f 857 1737 1908
f 2262 2008 857
f 858 1220 1449
f 2585 1220 858
f 858 1449 1760
f 859 961 1097
f 859 1097 1115
f 860 1319 2031
f 2705 1319 860
f 860 1897 1918
f 860 1918 2705
f 860 2031 2604
f 2657 1259 861
f 861 2654 2657
f 2543 1410 862
f 862 1899 2543
f 1787 1170 863
f 863 1170 2101
f 863 1375 1787
f 863 2101 2313
f 864 1619 2247
f 865 1374 1658
f 866 1347 2387
f 2295 1398 866
f 867 1016 2275
f 2275 1482 867
f 867 1482 2586
f 2586 2216 867
f 868 995 2634
f 869 880 915
f 2510 880 869
f 869 915 2047
f 869 2047 2343
f 869 2343 2510
f 870 1777 1984
f 870 1984 2346
f 972 900 871
f 871 900 1178
f 871 1178 2299
f 2299 1267 871
f 872 1278 2021
f 872 2021 2570
f 2570 2195 872
f 1183 1098 873
f 1886 1183 873
f 2419 1391 874
f 874 1611 2590
f 2590 2419 874
f 1469 897 875
f 1724 1469 875
f 1840 1724 875
f 1173 974 876
f 1268 1058 877
f 877 1058 1316
f 1316 1097 877
f 877 1097 2082
f 878 1714 1980
f 2027 1714 878
f 2633 1023 879
f 1013 891 880
f 880 891 1837
f 1837 915 880
f 2510 1013 880
f 881 1060 2628
f 882 918 2009
f 2339 918 882
f 1874 1259 882
f 882 1259 2657
f 2657 2339 882
f 883 1049 1675
f 1675 1366 883
f 883 1366 2020
f 1136 966 884
f 884 966 1341
f 884 1341 1708
f 1251 929 885
f 885 2146 2164
f 885 2164 2660
f 886 1124 1356
f 2452 1124 886
f 1356 1166 886
f 886 1166 1572
f 886 1572 2452
f 1519 1160 887
f 887 1160 2030
f 1934 1519 887
f 887 1726 1934
f 2371 1726 887
f 887 2030 2652
f 2652 2371 887
f 888 946 1509
f 888 1509 2622
f 2622 2110 888
f 1107 1020 889
f 1752 1576 889
f 2669 1559 890
f 890 1693 2669
f 891 1013 2045
f 2250 1837 891
f 2523 1403 892
f 893 1112 1489
f 2534 1112 893
f 893 1489 2155
f 2155 1699 893
f 893 1699 2534
f 2589 1231 894
f 894 1621 1860
f 894 1860 2589
f 895 2175 2364
f 895 2364 2429
f 1553 1486 896
f 2501 1553 896
f 2500 2222 896
f 896 2222 2501
f 1469 1289 897
f 898 1072 1465
f 898 1465 2503
f 2503 2053 898
f 2355 1460 899
f 899 1953 2355
f 900 972 2588
f 2040 999 901
f 2055 1349 902
f 1971 1520 902
f 2513 1996 903
f 904 1832 2236
f 2605 2042 904
f 904 2236 2605
f 905 1973 2611
f 905 2242 2523
f 906 2051 2075
f 2516 2051 906
f 1432 1226 907
f 907 1226 1652
f 2634 1432 907
f 1652 1487 907
f 908 1227 1974
f 2684 1227 908
f 908 2000 2410
f 908 2547 2684
f 1125 1062 909
f 909 1062 1808
f 909 1086 1201
f 1201 1125 909
f 1401 991 910
f 910 991 2583
f 2532 1401 910
f 910 1505 2569
f 2569 2532 910
f 2259 1225 911
f 911 1225 2713
f 2184 1579 911
f 912 1269 1312
f 1569 1269 912
f 912 1312 1750
f 912 1750 1880
f 1576 997 913
f 913 997 2712
f 1816 1107 913
f 2712 1816 913
f 2537 1943 914
f 916 1135 2206
f 916 2206 2593
f 1713 1113 917
f 917 1113 2458
f 917 1300 1380
f 2458 1300 917
f 918 2541 2614
f 1561 1346 919
f 919 1346 2211
f 919 1821 1847
f 2211 1821 919
f 919 1847 2176
f 1371 1120 920
f 920 1120 2428
f 2106 1371 920
f 920 1413 2645
f 920 1754 1770
f 2428 1754 920
f 2645 2106 920
f 2122 1284 921
f 2423 2122 921
f 2058 1368 922
f 922 1707 2058
f 923 1109 2346
f 924 2289 2365
f 1205 1063 925
f 925 1063 1494
f 925 1494 2556
f 926 1150 1461
f 2621 1166 926
f 926 1166 2715
f 1461 1176 926
f 926 1176 1783
f 926 1783 2621
f 927 1076 1276
f 1791 1076 927
f 927 1276 2037
f 1831 1590 928
f 928 1610 1831
f 1251 942 929
f 929 942 1455
f 929 1455 2385
f 2385 1985 929
f 1216 1195 931
f 932 1261 1689
f 932 1689 2209
f 2209 1845 932
f 2555 2444 932
f 933 1027 2113
f 933 1313 1525
f 2477 1313 933
f 2617 1799 934
f 934 2207 2617
f 2359 948 935
f 2509 2103 935
f 936 1115 1316
f 936 1992 2417
f 2417 2394 936
f 1767 1299 937
f 1660 1435 938
f 938 1435 2139
f 2274 1781 938
f 938 2139 2274
f 2591 1177 939
f 1939 1344 939
f 939 1344 2591
f 2477 1939 939
f 2175 1671 940
f 1611 1017 941
f 941 1051 1611
f 2658 1051 941
f 942 951 1720
f 942 985 1455
f 1720 985 942
f 943 2078 2348
f 943 2348 2483
f 2441 1165 945
f 945 1394 2026
f 945 2026 2441
f 946 992 1360
f 946 1360 1509
f 947 2159 2225
f 948 1692 2080
f 949 1083 1255
f 1732 1083 949
f 1255 1236 949
f 949 1236 1990
f 949 1560 1732
f 1990 1560 949
f 950 1155 2333
f 2353 1155 950
f 2333 1914 950
f 951 1691 1720
f 1923 1691 951
f 2224 1096 953
f 953 1096 2596
f 953 1443 2224
f 2287 1443 953
f 953 1457 2287
f 2165 1302 954
f 954 1302 2323
f 1811 1807 954
f 954 1807 2171
f 2323 1811 954
f 955 967 2702
f 955 1206 2565
f 2702 1206 955
f 955 1563 1931
f 2565 2316 955
f 1905 1322 957
f 957 1322 2197
f 2172 1905 957
f 957 2095 2172
f 958 1348 1439
f 960 1383 1574
f 1574 1524 960
f 2056 1097 961
f 2280 2056 961
f 1977 1682 962
f 962 1682 2576
f 962 2576 2668
f 1733 978 963
f 2638 1733 963
f 963 2485 2638
f 964 1702 1923
f 2141 1702 964
f 2237 2141 964
f 1309 1266 965
f 2013 1978 965
f 966 1002 2496
f 2496 1341 966
f 967 1008 2354
f 967 1008 2706
f 967 2354 2702
f 2706 2354 967
f 968 1385 1962
f 2595 1653 968
f 968 1962 2595
f 969 1088 1793
f 969 1618 2294
f 969 1793 2047
f 2596 2358 971
f 973 1081 1359
f 973 1359 1463
f 973 1463 1792
f 974 1191 2681
f 2198 1681 975
f 975 1681 2268
f 975 1701 2198
f 976 1118 2170
f 2454 1118 976
f 1884 1295 976
f 976 1862 1884
f 2170 1862 976
f 979 1893 2154
f 979 2154 2462
f 2462 2324 979
f 2245 1687 980
f 980 1900 2245
f 981 1253 1763
f 1901 1253 981
f 981 1763 2102
f 982 1137 2274
f 984 1154 2162
f 984 2162 2228
f 2385 1455 985
f 985 1720 2320
f 986 1144 1199
f 2489 1144 986
f 986 1199 2624
f 986 2272 2489
f 988 1650 2135
f 988 2135 2219
f 989 1253 1901
f 2151 1253 989
f 989 1901 2577
f 990 1453 2030
f 2427 1453 990
f 990 1753 2427
f 2166 1360 992
f 1933 1050 993
f 993 1792 1933
f 994 1121 1915
f 1951 1121 994
f 994 1440 1951
f 995 1055 2435
f 2435 2326 995
f 995 2326 2634
f 2336 1285 996
f 2363 2336 996
f 996 2486 2502
f 997 1241 2512
f 998 1065 1424
f 2620 1065 998
f 998 2001 2620
f 1000 1845 2065
f 2431 2138 1001
f 2717 2431 1001
f 1002 2442 2496
f 1004 1034 2249
f 1007 1734 2308
f 2373 1734 1007
f 1007 2308 2550
f 2550 2373 1007
f 1008 1319 1969
f 1008 1969 2706
f 1010 1829 2393
f 2630 1830 1010
f 1010 2393 2630
f 1011 2239 2603
f 1012 1758 2541
f 2541 2255 1012
f 1014 1858 2314
f 1014 2314 2341
f 1016 2245 2275
f 1018 1250 2004
f 2161 1875 1019
f 1019 2053 2161
f 1022 1187 1835
f 1917 1187 1022
f 1022 1616 1637
f 2404 1616 1022
f 1022 1637 1917
f 1022 1835 1851
f 1022 1851 2643
f 2643 2404 1022
f 1023 1180 1351
f 2633 1180 1023
f 1024 1327 2342
f 2342 1939 1024
f 1025 1463 1666
f 1792 1463 1025
f 1666 1642 1025
f 2140 1792 1025
f 2008 1889 1026
f 2483 2113 1027
f 1028 1360 2166
f 1329 1239 1029
f 1029 1239 2639
f 1766 1329 1029
f 1030 1470 1568
f 2505 1470 1030
f 1030 1568 2253
f 2253 2199 1030
f 1031 1117 1927
f 1927 1832 1031
f 2638 2485 1032
f 1957 1866 1033
f 1415 1216 1034
f 2460 1240 1035
f 1035 1240 2591
f 1035 2401 2460
f 2591 2401 1035
f 2177 1583 1036
f 1862 1751 1037
f 1884 1862 1037
f 2145 1884 1037
f 1364 1153 1038
f 1039 1065 1202
f 1424 1065 1039
f 2109 1623 1040
f 1040 1727 2109
f 1658 1200 1041
f 1041 1200 2579
f 1042 1146 2499
f 2530 1146 1042
f 1831 1217 1042
f 1042 1217 2530
f 2499 1831 1042
f 1043 1481 2430
f 2430 2340 1043
f 1044 1931 2283
f 2283 2031 1044
f 1045 1376 1485
f 1529 1376 1045
f 1045 1485 2162
f 2738 1529 1045
f 1045 2162 2302
f 1045 2302 2738
f 1046 1228 1599
f 2483 1228 1046
f 1046 2113 2483
f 1047 1152 1850
f 1047 1850 2048
f 1047 2048 2686
f 1048 2195 2570
f 1746 1675 1049
f 1871 1746 1049
f 2601 2345 1050
f 1051 1567 2590
f 2658 1567 1051
f 2590 1611 1051
f 1052 1502 1617
f 1052 1617 2487
f 2487 2098 1052
f 1906 1129 1053
f 1053 1631 1906
f 2535 1215 1054
f 2443 2177 1054
f 1054 2177 2444
f 1054 2444 2535
f 1429 1195 1055
f 1055 1195 2435
f 1056 1172 1946
f 1056 1317 1476
f 1633 1317 1056
f 1946 1633 1056
f 1057 1495 1965
f 1058 1268 1952
f 2450 1326 1059
f 2102 1763 1059
f 1059 1763 2400
f 1059 2400 2450
f 1946 1172 1060
f 2422 1946 1060
f 1283 1167 1061
f 1061 1167 1355
f 1061 1355 1588
f 1061 1588 1948
f 2345 1596 1061
f 1061 1948 2437
f 2437 2345 1061
f 1062 1125 1885
f 1885 1780 1062
f 1063 1066 2041
f 2178 1066 1063
f 1063 1205 2178
f 2041 1494 1063
f 2214 1626 1064
f 1363 1202 1065
f 2116 1363 1065
f 1066 1171 2256
f 2546 1171 1066
f 2178 1838 1066
f 2256 2041 1066
f 2424 1186 1067
f 1067 1993 2305
f 2325 1993 1067
f 1067 2305 2424
f 1068 1943 2117
f 1069 1386 1695
f 1782 1386 1069
f 1695 1529 1069
f 1069 1529 2738
f 2728 1782 1069
f 2738 2457 1069
f 1070 1129 1906
f 1070 1906 1938
f 2567 1922 1070
f 1070 1938 2291
f 2291 1968 1070
f 1070 1968 2567
f 1071 1768 1876
f 2598 1768 1071
f 1071 2206 2479
f 1071 2479 2502
f 2502 2486 1071
f 1362 1208 1072
f 1072 1208 1465
f 1408 1314 1073
f 1073 1314 1683
f 1683 1324 1073
f 1451 1342 1074
f 1074 1342 1586
f 2524 1419 1074
f 1074 1439 1451
f 1074 1586 2524
f 2576 1276 1076
f 1076 1819 2576
f 2627 1819 1076
f 2671 2627 1076
f 2360 1500 1077
f 1078 1181 1280
f 1079 1229 1358
f 2585 1229 1079
f 1079 1358 2309
f 2309 1540 1079
f 2608 2585 1079
f 1080 1464 1466
f 2575 1405 1082
f 1082 2283 2434
f 1082 2434 2575
f 1083 1130 1255
f 1534 1130 1083
f 1732 1393 1083
f 1084 1441 2257
f 1084 2257 2460
f 1084 2460 2497
f 2722 1201 1086
f 1086 2248 2722
f 2464 1815 1087
f 1896 1852 1089
f 2222 1879 1089
f 1090 1581 2341
f 2341 2314 1090
f 1883 1191 1091
f 1091 1191 2169
f 1091 2169 2571
f 1092 1308 2137
f 2456 1308 1092
f 1092 2076 2456
f 1092 2137 2404
f 1094 1192 2318
f 1094 1526 1674
f 2136 1526 1094
f 2318 2136 1094
f 2174 1865 1096
f 1096 1865 2358
f 2224 2174 1096
f 1096 2358 2596
f 1316 1115 1097
f 1097 2056 2082
f 1892 1869 1098
f 2402 1210 1099
f 1100 1221 1754
f 1100 1754 2428
f 1101 1765 2093
f 2093 1802 1101
f 1101 1802 2160
f 2514 2084 1102
f 1593 1182 1103
f 1103 1398 2033
f 1104 1164 1294
f 2295 1164 1104
f 1104 1294 2150
f 2033 1398 1104
f 1104 1398 2295
f 1104 2003 2033
f 2150 2003 1104
f 1105 1279 1409
f 1775 1279 1105
f 1106 1357 2617
f 2617 2207 1106
f 1108 1211 1667
f 1110 1189 1824
f 1966 1189 1110
f 1110 1869 2362
f 2362 1966 1110
f 1111 1964 2149
f 2189 1964 1111
f 1111 1968 2291
f 2567 1968 1111
f 1111 2149 2567
f 2291 2189 1111
f 2619 1489 1112
f 1113 1713 1746
f 1113 1746 1871
f 1113 1871 2458
f 1114 2216 2305
f 2131 1237 1116
f 1116 1979 2529
f 2599 1979 1116
f 2529 2131 1116
f 1117 2686 2688
f 2688 2687 1117
f 1118 1492 2170
f 2002 1158 1119
f 1119 1994 2726
f 2726 2002 1119
f 2281 1736 1121
f 1121 1736 2554
f 2554 1915 1121
f 1121 1951 2281
f 1122 1305 1941
f 1122 1608 1783
f 2393 1474 1123
f 2352 2124 1123
f 2452 1188 1124
f 1628 1356 1124
f 1125 1201 2722
f 1125 1557 1885
f 2665 2515 1125
f 2722 2665 1125
f 1126 1493 1776
f 2480 1493 1126
f 1126 1776 2661
f 1126 2451 2480
f 2439 1661 1128
f 1128 1661 2542
f 1128 1913 2439
f 2542 2356 1128
f 1997 1255 1130
f 1130 1534 1809
f 1130 1809 1997
f 1131 1350 2119
f 1131 2119 2566
f 1482 1468 1132
f 1132 1468 1515
f 1132 1480 1482
f 1953 1480 1132
f 1132 1515 1624
f 1133 1379 1459
f 1779 1379 1133
f 1133 1459 2476
f 1617 1502 1133
f 1133 1502 1779
f 2476 1617 1133
f 1265 1222 1134
f 1134 2258 2340
f 1134 2340 2430
f 1135 1390 2446
f 2446 2206 1135
f 1136 1301 1812
f 2218 1781 1137
f 1137 1781 2274
f 2659 2218 1137
f 1211 1204 1138
f 1138 1204 2517
f 1667 1211 1138
f 2517 1245 1138
f 1668 1589 1139
f 1139 1589 2735
f 1942 1584 1140
f 1140 1584 2556
f 2191 1942 1140
f 2449 2017 1141
f 1141 2017 2574
f 1141 2199 2253
f 2574 2199 1141
f 1141 2253 2449
f 2606 1199 1144
f 1144 1512 2606
f 2615 1512 1144
f 1145 1167 1598
f 2429 1167 1145
f 1751 1522 1145
f 1145 1522 2188
f 1145 1598 1751
f 1146 2012 2499
f 1146 2530 2538
f 1148 1539 1677
f 1148 1677 2377
f 1649 1461 1150
f 2584 1649 1150
f 2092 1163 1151
f 1151 1190 1782
f 1851 1190 1151
f 1151 1457 2594
f 1151 1782 2092
f 2594 1851 1151
f 2048 1850 1152
f 2688 2048 1152
f 2302 2162 1154
f 2337 2302 1154
f 1155 1640 2220
f 2353 1640 1155
f 2374 2333 1155
f 1778 1309 1156
f 1157 2293 2355
f 2501 2293 1157
f 2187 1263 1158
f 1158 1575 2187
f 2726 1575 1158
f 1158 2002 2726
f 1159 1384 1691
f 2373 1384 1159
f 1159 1691 1923
f 1923 1702 1159
f 1159 1702 2405
f 2405 2373 1159
f 1160 1519 2300
f 1160 1549 2030
f 2300 1549 1160
f 1162 1416 2071
f 2470 1416 1162
f 1162 1768 2598
f 1162 2071 2583
f 2092 1932 1163
f 2441 1209 1165
f 1166 1356 2715
f 1836 1572 1166
f 2621 1836 1166
f 1167 1283 1598
f 2429 1355 1167
f 2007 1488 1168
f 1168 1819 2007
f 2668 1819 1168
f 1912 1333 1169
f 1169 2296 2522
f 2035 1258 1170
f 1170 1258 2101
f 1170 1787 2459
f 2459 2035 1170
f 1171 1352 2256
f 2546 1799 1171
f 1173 2171 2412
f 1174 1435 1660
f 2023 1435 1174
f 1176 1461 1721
f 1176 1721 2217
f 2217 1783 1176
f 1177 1240 2544
f 2591 1240 1177
f 1444 1351 1180
f 2633 2330 1180
f 1182 1298 1548
f 1182 1548 2610
f 2120 1254 1184
f 1184 1450 2120
f 2471 1287 1185
f 1646 1528 1185
f 1185 1528 2471
f 2420 1646 1185
f 2424 1249 1186
f 1695 1386 1187
f 1187 1386 1835
f 1188 1717 1995
f 2094 1717 1188
f 1190 1386 1782
f 1835 1386 1190
f 1851 1835 1190
f 1192 2281 2318
f 1194 1530 2251
f 1698 1544 1194
f 1194 1544 2063
f 2251 1698 1194
f 1195 1216 1839
f 1195 1839 2435
f 2292 1229 1196
f 1196 1229 2585
f 1332 1212 1197
f 2482 1446 1198
f 1199 2606 2736
f 2736 2624 1199
f 1945 1293 1200
f 1200 1293 2579
f 1200 1658 1945
f 1731 1282 1203
f 1203 1282 2674
f 1964 1731 1203
f 2149 1964 1203
f 1650 1577 1205
f 1205 1577 2178
f 2135 1650 1205
f 1206 1950 2015
f 2210 1950 1206
f 1206 2015 2565
f 2301 2210 1206
f 2702 2301 1206
f 1509 1360 1207
f 2622 1509 1207
f 1207 2117 2185
f 1207 2185 2234
f 1207 2234 2622
f 1208 1362 2676
f 2676 2463 1208
f 2402 2378 1210
f 1212 2396 2448
f 1213 1254 2120
f 2292 1254 1213
f 1549 1433 1213
f 1213 1433 1873
f 1213 1873 2292
f 2361 1638 1214
f 2602 1806 1214
f 1214 1806 2675
f 2675 2361 1214
f 1215 1591 2490
f 2535 1591 1215
f 1216 1415 1839
f 1831 1511 1217
f 1217 1511 2476
f 1217 2476 2530
f 1984 1777 1218
f 1218 1908 2269
f 2269 1984 1218
f 1219 1331 1428
f 1219 1428 1471
f 2731 1449 1220
f 1220 2522 2731
f 1220 2585 2608
f 1221 1395 2023
f 1770 1754 1221
f 2023 1770 1221
f 2218 1452 1222
f 2247 1738 1222
f 2413 1575 1223
f 1223 1575 2726
f 1223 1965 2413
f 1225 1378 2713
f 2259 1701 1225
f 1226 1432 1839
f 1826 1652 1226
f 2067 1826 1226
f 1226 1839 2067
f 2016 1974 1227
f 2684 2016 1227
f 2078 1599 1228
f 2348 2078 1228
f 2483 2348 1228
f 2729 1358 1229
f 1229 2292 2729
f 1383 1260 1230
f 1230 1260 2158
f 1574 1383 1230
f 2011 1338 1232
f 1232 1338 2196
f 2196 1672 1232
f 2270 2011 1232
f 2394 2270 1232
f 2157 1361 1234
f 2569 2252 1234
f 1235 1589 1668
f 2018 1589 1235
f 1236 1255 1773
f 2121 1990 1236
f 2453 2121 1236
f 1237 2131 2303
f 1239 1329 2533
f 1239 2322 2639
f 2257 2192 1240
f 1240 2192 2544
f 2460 2257 1240
f 2469 1595 1241
f 1241 1595 2512
f 1241 1959 2398
f 1241 2398 2527
f 2527 2469 1241
f 1739 1474 1242
f 1242 1474 2393
f 2393 1829 1242
f 1243 1914 2521
f 2618 2039 1244
f 2024 1676 1245
f 2517 2380 1245
f 1246 1388 1805
f 2363 1388 1246
f 1246 1545 1745
f 1805 1545 1246
f 1246 1745 2336
f 1246 2336 2363
f 1247 1295 1884
f 2290 1295 1247
f 1247 1345 2066
f 2145 1345 1247
f 1247 1884 2145
f 1247 2066 2290
f 1248 1622 1985
f 2379 1707 1248
f 1984 1647 1250
f 2212 1763 1253
f 1253 2151 2212
f 1920 1773 1255
f 1997 1920 1255
f 1256 1820 2151
f 2291 1938 1257
f 1257 1938 2631
f 1257 2010 2291
f 1258 1880 2101
f 1874 1644 1259
f 1260 1383 1625
f 1260 1625 2051
f 1260 2051 2158
f 2280 1443 1262
f 1262 1443 2287
f 2287 1573 1262
f 1262 2056 2280
f 2563 2056 1262
f 2111 1452 1263
f 2187 1814 1263
f 1263 1814 2473
f 2473 2111 1263
f 2029 1513 1264
f 2254 2029 1264
f 2645 2254 1264
f 1266 1309 1778
f 1268 1270 1952
f 1270 1711 2642
f 2642 1952 1270
f 1373 1364 1271
f 2466 1373 1271
f 2241 1605 1272
f 2494 1531 1273
f 1274 1466 1890
f 1274 1890 2044
f 2298 1507 1275
f 2526 2298 1275
f 1276 1437 1651
f 2576 1437 1276
f 2271 1416 1277
f 2134 1788 1277
f 1277 1788 2691
f 2691 2271 1277
f 1278 1915 2205
f 2548 1915 1278
f 2205 2021 1278
f 1279 1436 2349
f 1282 1641 2656
f 2656 2230 1282
f 1282 2230 2674
f 2167 1598 1283
f 2495 1895 1284
f 1284 2122 2495
f 1745 1630 1285
f 2336 1745 1285
f 1287 2347 2388
f 2471 2347 1287
f 2708 1325 1288
f 1288 1722 2708
f 2707 2203 1288
f 1289 1469 1517
f 1289 1517 2387
f 2719 2716 1290
f 1290 2716 2721
f 2721 2717 1290
f 1292 1644 1912
f 1293 1659 1935
f 1945 1659 1293
f 1293 1935 2545
f 2545 2334 1293
f 2349 1436 1295
f 1295 2290 2349
f 1299 1767 2121
f 1299 2121 2453
f 2267 1380 1300
f 2458 2029 1300
f 2648 1808 1301
f 1998 1812 1301
f 2165 1980 1302
f 1302 1980 2323
f 1303 1447 2368
f 2627 1447 1303
f 2359 1490 1303
f 1303 1490 2627
f 1725 1623 1305
f 1305 1623 2109
f 2718 1725 1305
f 2109 1941 1305
f 2718 2217 1305
f 1305 2217 2719
f 2719 2718 1305
f 1308 2112 2137
f 1310 1794 2473
f 2699 1794 1310
f 2473 1814 1310
f 1310 2015 2699
f 2126 1791 1311
f 2390 1929 1311
f 1311 1929 2672
f 2672 2126 1311
f 2551 1750 1312
f 1314 1408 1755
f 1755 1732 1314
f 2292 1873 1315
f 1315 1873 2730
f 2646 2292 1315
f 2730 2646 1315
f 1735 1369 1317
f 1317 1633 1735
f 1318 1634 1762
f 2504 1969 1319
f 2705 2504 1319
f 1320 1321 1813
f 1320 1813 1940
f 1320 1940 2408
f 1321 1638 2503
f 2286 1813 1321
f 1321 1888 2286
f 2503 1888 1321
f 1322 1905 1919
f 1322 1919 2197
f 1323 1367 2225
f 1324 1552 2100
f 2386 1552 1324
f 1324 1683 2386
f 1325 2237 2311
f 2708 2237 1325
f 1327 1344 2342
f 1822 1504 1328
f 1328 1504 2202
f 1918 1822 1328
f 2531 1918 1328
f 2202 2034 1328
f 1328 2034 2531
f 1748 1718 1330
f 1330 1734 2405
f 2405 1748 1330
f 2697 1428 1331
f 1331 2661 2697
f 1912 1644 1333
f 1334 1646 2420
f 2370 1911 1334
f 2420 2370 1334
f 1335 1406 1686
f 2312 1406 1335
f 1909 1380 1336
f 1336 1380 2267
f 1463 1359 1337
f 1666 1463 1337
f 2561 1666 1337
f 2644 2561 1337
f 1339 1681 2198
f 2647 2107 1340
f 2347 1586 1342
f 1756 1562 1343
f 1343 1562 2414
f 2581 1756 1343
f 1343 2414 2498
f 1343 2498 2581
f 1344 1939 2342
f 2167 1634 1345
f 1345 2145 2167
f 1346 1561 2432
f 1346 1942 2211
f 2432 1942 1346
f 1451 1439 1348
f 1894 1451 1348
f 1349 2055 2076
f 1350 1540 2119
f 2142 1540 1350
f 1352 1800 2736
f 2736 2256 1352
f 1353 1420 1518
f 1353 1518 1665
f 1739 1677 1354
f 1354 1677 1925
f 2367 1739 1354
f 2429 1588 1355
f 1356 1628 1879
f 1356 1879 2664
f 1357 1799 2617
f 1358 1704 2309
f 2729 2190 1358
f 1366 1454 2186
f 2058 1412 1368
f 1951 1440 1370
f 1370 1526 2136
f 2136 1951 1370
f 2472 2321 1370
f 1371 2106 2645
f 2306 2263 1371
f 1974 1771 1372
f 1372 1771 2553
f 2553 1805 1372
f 1374 1510 1658
f 2459 1787 1375
f 1377 1639 1982
f 2431 1639 1377
f 1378 2020 2208
f 2530 1459 1379
f 2231 1703 1379
f 1379 1703 2530
f 1379 1779 2231
f 1909 1622 1380
f 1383 1442 1625
f 1720 1691 1384
f 2550 1720 1384
f 1384 2373 2550
f 2578 1962 1385
f 2192 1441 1387
f 1928 1636 1387
f 1387 1636 2192
f 2685 2559 1388
f 2568 1631 1389
f 2098 1813 1389
f 1389 1813 2286
f 1389 2286 2568
f 1390 2206 2446
f 2479 2206 1390
f 1391 2419 2670
f 1393 1732 1755
f 1393 1755 2464
f 2402 2026 1394
f 1394 2378 2402
f 1395 1435 2023
f 2038 1435 1395
f 1609 1470 1396
f 1396 1470 2505
f 1396 2061 2536
f 2210 1404 1397
f 1397 1930 2699
f 2015 1950 1397
f 1397 1950 2210
f 2699 2015 1397
f 2282 2070 1399
f 1400 1847 2182
f 1400 2182 2734
f 1401 1654 2200
f 2532 1654 1401
f 1402 1881 2694
f 1403 1932 2005
f 2242 1932 1403
f 1403 2005 2059
f 2523 2242 1403
f 1404 2210 2399
f 1597 1456 1405
f 1405 1456 2202
f 2104 1546 1407
f 1407 1546 2230
f 1815 1755 1408
f 2096 1531 1409
f 2543 2329 1410
f 2627 1490 1411
f 1411 1651 2007
f 2180 1651 1411
f 1412 1718 1868
f 2680 2645 1413
f 1665 1558 1414
f 2067 1839 1415
f 2271 2071 1416
f 1471 1428 1417
f 1417 1428 1803
f 2445 1506 1417
f 1417 1803 2445
f 1632 1601 1421
f 1421 1601 2099
f 1422 1991 2690
f 2059 2005 1423
f 2670 2059 1423
f 2593 2519 1425
f 2690 2593 1425
f 1426 1618 2297
f 1536 1454 1427
f 2701 1536 1427
f 2661 1600 1428
f 2697 2661 1428
f 1430 1449 2731
f 2522 1516 1430
f 2731 2522 1430
f 1431 1979 2599
f 2435 1839 1432
f 1432 2326 2435
f 2634 2326 1432
f 1433 1519 1873
f 2300 1519 1433
f 1433 1549 2300
f 1434 1543 1870
f 1434 1566 2338
f 1435 2038 2139
f 1437 1488 1651
f 1682 1488 1437
f 2576 1682 1437
f 1438 1853 2097
f 2097 1956 1438
f 2065 1845 1440
f 1441 2192 2257
f 2603 2224 1443
f 1443 2280 2603
f 2178 1577 1445
f 1445 1577 2612
f 1445 1838 2178
f 1447 1929 2390
f 2671 1929 1447
f 2390 2368 1447
f 1447 2627 2671
f 2589 1860 1448
f 1448 2083 2478
f 1448 2478 2589
f 2652 2030 1453
f 1453 2088 2093
f 2427 2088 1453
f 1454 1536 2186
f 1456 1597 1685
f 1456 1685 2034
f 1456 2034 2202
f 1457 1573 2287
f 2643 2594 1457
f 1458 1503 2057
f 2251 1503 1458
f 2530 2476 1459
f 1460 2355 2727
f 1649 1620 1461
f 1461 1620 1721
f 1462 1663 2613
f 2613 2384 1462
f 1890 1466 1464
f 1464 1532 1890
f 1465 1888 2503
f 2623 1919 1466
f 1466 2511 2623
f 1467 1741 1846
f 1468 1482 1719
f 2551 1515 1468
f 2650 1517 1469
f 1469 1724 1924
f 1469 1924 2650
f 1609 1568 1470
f 1472 1608 1667
f 1783 1608 1472
f 2621 1783 1472
f 1472 1836 2621
f 1473 1484 1802
f 1473 1802 2088
f 1474 1739 2367
f 2128 1774 1475
f 1475 1774 2144
f 1475 2089 2128
f 2049 1904 1476
f 1477 1613 2085
f 2480 1613 1477
f 1477 2028 2480
f 2698 2028 1477
f 1477 2105 2698
f 1479 1761 2382
f 1479 1761 2663
f 2350 1794 1479
f 1479 1794 2662
f 2662 1803 1479
f 2382 2350 1479
f 1479 2662 2700
f 2586 1482 1480
f 2465 1719 1482
f 1482 2275 2313
f 1482 2313 2465
f 1483 1547 2266
f 1483 1812 1998
f 2266 1981 1483
f 2228 2162 1485
f 2266 1547 1486
f 1486 1553 2455
f 1486 1981 2266
f 2455 1981 1486
f 2007 1651 1488
f 1489 1626 2155
f 2229 1626 1489
f 2265 1568 1491
f 1491 1568 2408
f 2382 1776 1493
f 1493 2028 2382
f 2480 2028 1493
f 2238 1514 1496
f 1920 1798 1497
f 1498 2506 2649
f 1500 1646 1937
f 1501 2404 2643
f 1502 1631 1779
f 2251 1530 1503
f 1504 2152 2202
f 2298 2074 1507
f 1945 1658 1510
f 2557 1825 1510
f 1510 1825 2640
f 2640 1945 1510
f 1511 1648 2476
f 1831 1785 1511
f 1513 2029 2458
f 2458 2090 1513
f 2238 2062 1514
f 2522 2296 1516
f 1797 1665 1518
f 2562 1873 1519
f 1519 1934 2562
f 1520 1971 2066
f 1522 1751 2170
f 1523 1562 1756
f 1523 1651 2180
f 1523 1756 2493
f 2733 2328 1524
f 1525 2298 2635
f 2505 1674 1526
f 1527 1926 2349
f 2358 2204 1527
f 2349 2290 1527
f 1528 2022 2168
f 1528 2168 2471
f 2096 1653 1531
f 1531 1653 2595
f 2573 1890 1532
f 1533 1657 2587
f 2591 1657 1533
f 1535 2735 2737
f 2701 1614 1536
f 1536 1614 2704
f 2629 2186 1536
f 2704 2629 1536
f 2574 2017 1537
f 1925 1677 1539
f 2309 2119 1540
f 1541 1551 2418
f 2677 1551 1541
f 1544 1801 2063
f 2215 1801 1544
f 1703 1566 1546
f 1546 1566 2230
f 2538 1703 1546
f 1550 1642 2456
f 2456 2055 1550
f 1551 2062 2418
f 1554 2243 2564
f 1556 1898 2110
f 2721 1885 1557
f 1665 1627 1558
f 1564 1790 2049
f 1565 1706 2317
f 2317 1969 1565
f 1566 1703 2338
f 2674 2230 1566
f 1567 2526 2590
f 2635 2526 1567
f 1568 1609 2408
f 2265 2253 1568
f 2413 2014 1575
f 1577 1650 2612
f 2481 1684 1578
f 2288 1789 1578
f 1578 1789 2481
f 2641 2288 1578
f 2184 1958 1579
f 1580 2179 2653
f 1582 2059 2670
f 1582 2419 2590
f 2670 2419 1582
f 2590 2526 1582
f 1942 1684 1584
f 1584 1684 2481
f 1584 2481 2556
f 1585 1653 2096
f 2147 1948 1588
f 2429 2147 1588
f 1589 2310 2735
f 1590 1831 2499
f 2499 2103 1590
f 1590 2103 2509
f 1590 2123 2332
f 2509 2123 1590
f 1961 1742 1591
f 2535 1961 1591
f 1592 1615 2035
f 2380 1749 1592
f 1592 2035 2459
f 2459 2046 1592
f 2601 1877 1596
f 1596 2345 2601
f 1706 1685 1597
f 1599 2078 2462
f 2462 2154 1599
f 2382 1761 1600
f 1600 1776 2382
f 2661 1776 1600
f 2153 2099 1601
f 1602 2107 2647
f 2647 2252 1602
f 1603 1807 1811
f 2412 1807 1603
f 1604 2339 2657
f 2657 2654 1604
f 2241 1859 1605
f 2117 1943 1607
f 1607 1943 2600
f 2564 2117 1607
f 1610 1700 1785
f 1610 1785 1831
f 2480 2451 1613
f 1614 2070 2282
f 2701 2070 1614
f 1614 2282 2704
f 2137 1637 1616
f 2404 2137 1616
f 1620 1649 1780
f 2447 1689 1621
f 1621 2407 2447
f 1622 1909 1985
f 2075 2051 1625
f 2214 2155 1626
f 1627 1665 1797
f 1627 1797 1902
f 2568 1906 1631
f 1744 1735 1633
f 1946 1744 1633
f 2167 1762 1634
f 2520 2181 1635
f 1635 2181 2685
f 2685 2520 1635
f 1636 1928 2223
f 2544 2192 1636
f 1636 2223 2331
f 1636 2331 2544
f 2432 1917 1637
f 1638 2361 2503
f 2665 1982 1639
f 1639 2431 2717
f 1639 2515 2665
f 2720 2717 1639
f 1639 2717 2721
f 1645 1687 2245
f 1647 1984 2269
f 1826 1716 1652
f 1654 2148 2605
f 2605 2200 1654
f 1655 1715 2506
f 1655 1856 2010
f 2506 1856 1655
f 1656 2091 2403
f 2346 2279 1656
f 1657 1967 2238
f 1657 2238 2587
f 1659 1945 2640
f 1663 1895 2495
f 2125 2115 1668
f 2073 1895 1669
f 1670 2181 2520
f 2559 2181 1670
f 2196 2153 1672
f 1673 2010 2189
f 2291 2010 1673
f 1673 2189 2291
f 1676 2024 2094
f 1677 1739 2377
f 1679 1796 2329
f 1679 2329 2543
f 1680 1852 1896
f 1683 1767 2386
f 1684 1942 2432
f 1685 1918 2531
f 2531 2034 1685
f 1686 1716 2067
f 2447 2209 1689
f 2064 1769 1692
f 1692 1769 2080
f 1693 2468 2669
f 1697 2043 2203
f 2488 2072 1697
f 1697 2203 2488
f 2251 1823 1698
f 1698 1823 2307
f 1699 2155 2214
f 1699 2324 2534
f 2259 2198 1701
f 2025 1748 1702
f 1702 1748 2405
f 2141 2025 1702
f 1703 2231 2338
f 2538 2530 1703
f 1704 2119 2309
f 1705 1726 1947
f 2710 2058 1707
f 1707 2379 2710
f 2597 2243 1709
f 1711 1963 2689
f 2689 2642 1711
f 1712 1811 2395
f 1714 2027 2467
f 1715 1769 2064
f 1715 2064 2649
f 2649 2506 1715
f 1716 1826 2067
f 1717 1944 1995
f 2094 1944 1717
f 1718 1748 1868
f 1880 1750 1719
f 2465 1880 1719
f 2550 2320 1720
f 2716 2217 1721
f 1855 1795 1723
f 1724 1840 2391
f 2391 1924 1724
f 1725 2718 2719
f 2562 1934 1726
f 2227 2109 1727
f 1730 1809 2213
f 1730 2213 2343
f 1734 2373 2405
f 1735 1744 2491
f 2491 2366 1735
f 1741 1844 1846
f 2581 1844 1741
f 1741 2425 2581
f 2130 1981 1743
f 1891 1868 1748
f 2025 1891 1748
f 1749 2380 2517
f 1751 1862 2170
f 1755 1815 2464
f 1756 2425 2493
f 2581 2425 1756
f 1758 1810 1957
f 2614 2541 1758
f 1759 1841 2389
f 1763 2212 2400
f 1913 1903 1764
f 1767 1990 2121
f 2519 1876 1768
f 1769 1960 2080
f 1771 1974 2016
f 1771 2016 2246
f 1771 2246 2553
f 2497 1861 1773
f 2128 1841 1774
f 2728 2092 1782
f 1828 1786 1784
f 1786 1828 1978
f 1786 1978 2013
f 2219 2135 1789
f 2288 2219 1789
f 1791 2126 2671
f 1792 2140 2549
f 1794 2350 2382
f 1794 2382 2698
f 2698 2473 1794
f 2699 2662 1794
f 1795 1855 1872
f 1795 1872 2572
f 2572 2260 1795
f 2052 1902 1797
f 2093 2088 1802
f 2662 2445 1803
f 1804 2129 2261
f 2484 2133 1804
f 2553 1864 1805
f 2161 2053 1806
f 1806 2053 2675
f 2602 2161 1806
f 2412 2171 1807
f 1810 1948 2147
f 2147 1957 1810
f 1811 2323 2395
f 2098 1940 1813
f 1816 2712 2723
f 2501 2222 1817
f 1817 2293 2501
f 2668 2576 1819
f 2212 2151 1820
f 2689 2212 1820
f 1820 2642 2689
f 2182 1847 1821
f 2369 2182 1821
f 2211 2191 1821
f 1821 2191 2369
f 1918 1897 1822
f 1823 2201 2307
f 2529 1979 1824
f 2557 2392 1825
f 1827 1889 2008
f 2630 2156 1830
f 1832 1927 2236
f 2090 1871 1833
f 1958 1955 1840
f 2625 1846 1844
f 1844 2086 2625
f 2581 2498 1844
f 1851 2594 2643
f 2678 2097 1853
f 2448 2396 1854
f 2469 2448 1854
f 1856 1964 2189
f 2189 2010 1856
f 2497 1878 1861
f 1864 2016 2684
f 1865 2174 2239
f 1865 2204 2358
f 1866 1957 2069
f 1869 1892 2362
f 1870 1922 2567
f 1870 2149 2381
f 2567 2149 1870
f 1871 2090 2458
f 1873 2562 2730
f 1876 2519 2593
f 2497 2460 1878
f 1879 2222 2664
f 2465 2101 1880
f 2267 2240 1881
f 2687 2502 1882
f 1891 2025 2141
f 1891 2141 2278
f 1891 2278 2708
f 2275 2245 1900
f 2313 2275 1900
f 2319 2188 1902
f 2631 1938 1906
f 1906 2568 2637
f 2637 2631 1906
f 2554 2205 1915
f 2600 2537 1916
f 1916 2537 2692
f 2693 2600 1916
f 1918 2277 2705
f 2558 1983 1921
f 2671 2126 1929
f 1929 2126 2672
f 2340 2258 1930
f 1930 2258 2696
f 1930 2696 2700
f 2700 2699 1930
f 2434 2283 1931
f 2158 2051 1935
f 1935 2051 2516
f 1935 2516 2545
f 1942 2191 2211
f 1943 2537 2600
f 2440 1995 1944
f 1948 2345 2437
f 1951 2136 2318
f 2318 2281 1951
f 1955 1958 2184
f 1955 2184 2540
f 2097 1972 1956
f 2147 2069 1957
f 2616 2398 1959
f 2631 2463 1960
f 1960 2463 2676
f 2555 2127 1961
f 1961 2535 2555
f 2450 2400 1963
f 1963 2400 2689
f 2626 2238 1967
f 1969 2317 2706
f 1970 1994 2276
f 2726 1994 1970
f 1972 2097 2232
f 1973 2082 2563
f 1973 2563 2611
f 2722 2248 1982
f 1982 2665 2722
f 1986 2074 2223
f 1992 2068 2417
f 1992 2351 2461
f 2669 2468 1999
f 2000 2042 2410
f 2524 2077 2008
f 2012 2103 2499
f 2565 2015 2014
f 2021 2205 2570
f 2402 2249 2026
f 2027 2303 2467
f 2636 2303 2027
f 2698 2382 2028
f 2031 2283 2604
f 2403 2091 2032
f 2128 2089 2036
f 2605 2410 2042
f 2688 2686 2048
f 2053 2503 2675
f 2456 2076 2055
f 2563 2082 2056
f 2062 2238 2626
f 2673 2649 2064
f 2069 2147 2364
f 2691 2132 2071
f 2071 2271 2691
f 2072 2488 2702
f 2072 2702 2706
f 2706 2703 2072
f 2331 2223 2074
f 2415 2172 2095
f 2465 2313 2101
f 2105 2473 2698
f 2112 2561 2641
f 2114 2252 2569
f 2115 2125 2260
f 2115 2260 2572
f 2564 2185 2117
f 2123 2304 2332
f 2124 2352 2525
f 2124 2525 2597
f 2467 2303 2131
f 2132 2383 2607
f 2691 2411 2132
f 2141 2237 2278
f 2289 2270 2143
f 2143 2270 2580
f 2492 2289 2143
f 2580 2417 2143
f 2429 2364 2147
f 2533 2410 2148
f 2148 2410 2605
f 2173 2226 2442
f 2174 2224 2603
f 2603 2239 2174
f 2181 2559 2685
f 2182 2369 2734
f 2564 2234 2185
f 2190 2333 2374
f 2605 2236 2200
f 2689 2400 2212
f 2217 2716 2719
f 2219 2288 2641
f 2222 2500 2664
f 2226 2426 2442
f 2708 2278 2237
f 2243 2525 2564
f 2597 2525 2243
f 2736 2606 2256
f 2258 2445 2696
f 2270 2394 2580
f 2277 2504 2705
f 2282 2711 2714
f 2646 2521 2292
f 2727 2355 2293
f 2298 2526 2635
f 2702 2488 2301
f 2302 2457 2738
f 2308 2320 2550
f 2310 2436 2737
f 2737 2735 2310
f 2317 2514 2703
f 2317 2703 2706
f 2733 2633 2328
f 2733 2397 2330
f 2330 2633 2733
f 2344 2397 2733
f 2706 2702 2354
f 2675 2503 2361
f 2369 2508 2734
f 2394 2417 2580
f 2734 2508 2409
f 2414 2433 2498
f 2415 2735 2737
f 2496 2442 2426
f 2555 2535 2444
f 2445 2662 2700
f 2700 2696 2445
f 2448 2469 2527
f 2463 2631 2637
f 2498 2581 2667
f 2521 2646 2730
f 2662 2699 2700
f 2725 2723 2712
